id,review_id,platform,source,lang,detected_lang,is_hinglish,content,cleaned_content,text_for_model,score,star_bucket,thumbs_up,high_engagement,review_length,at,week,year_month,app_version
0,4efa6d4d-9ed4-4416-b59b-aa1cd8b55711,Myntra,google_play,en,en,False,"Very poor app, please never order from this fraud application.. They charged me money and didn't delivered my order.... They are fake... I request Google to please ban this fake application from Playstore... I wish they have negative stars giving one star because there is no other option less than that...","very poor app, please never order from this fraud application.. they charged me money and didn't delivered my order.. they are fake... i request google to please ban this fake application from playstore... i wish they have negative stars giving one star because there is no other option less than that...","very poor app, please never order from this fraud application.. they charged me money and didn't delivered my order.. they are fake... i request google to please ban this fake application from playstore... i wish they have negative stars giving one star because there is no other option less than that...",1,complaint,0,False,51,2026-04-02 21:50:24+00:00,2026-03-30/2026-04-05,2026-04,
1,d48e2e3f-94aa-4907-8ce6-81ba220db1da,Myntra,google_play,en,en,False,best app for shopping so many offers love it,best app for shopping so many offers love it,best app for shopping so many offers love it,5,positive,0,False,9,2026-04-02 21:49:35+00:00,2026-03-30/2026-04-05,2026-04,4.2603.20
2,1fe17c46-4cf4-4ba8-862a-a5ec903998bf,Myntra,google_play,en,en,False,good products are delivered here,good products are delivered here,good products are delivered here,4,positive,0,False,5,2026-04-02 21:43:57+00:00,2026-03-30/2026-04-05,2026-04,
3,caa31837-c747-41e1-89d0-83da87068c39,Myntra,google_play,en,en,False,refund scam,refund scam,refund scam,1,complaint,0,False,2,2026-04-02 21:43:49+00:00,2026-03-30/2026-04-05,2026-04,4.2603.10
4,206802af-e95d-44f6-b636-f85648935a10,Myntra,google_play,en,en,True,"I had a very bad experience with Myntra. Two of my orders were cancelled in a row, and they didn’t even provide any reason for the cancellations. When I tried to contact the help center, there was no proper support available to address my questions or concerns. There is no proper way to communicate with customer service. This is very disappointing.","i had a very bad experience with myntra. two of my orders were cancelled in a row, and they didn t even provide any reason for the cancellations. when i tried to contact the help center, there was no proper support available to address my questions or concerns. there is no proper way to communicate with customer service. this is very disappointing.","i had a very bad experience with myntra. two of my orders were cancelled in a row, and they didn t even provide any reason for the cancellations. when i tried to contact the help center, there was no proper support available to address my questions or concerns. there is no proper way to communicate with customer service. this is very disappointing.",1,complaint,0,False,62,2026-04-02 21:40:16+00:00,2026-03-30/2026-04-05,2026-04,4.2603.10
5,f0a2307b-74c0-469d-9048-e200b6a3daa8,Myntra,google_play,en,en,False,very good app with discount and myntra cash,very good app with discount and myntra cash,very good app with discount and myntra cash,5,positive,0,False,8,2026-04-02 21:36:50+00:00,2026-03-30/2026-04-05,2026-04,4.2603.10
6,ba308808-1dda-4868-9f50-d6ca186b89a6,Myntra,google_play,en,en,False,products are good and reasonable price especially skincare.,products are good and reasonable price especially skincare.,products are good and reasonable price especially skincare.,4,positive,0,False,8,2026-04-02 21:33:44+00:00,2026-03-30/2026-04-05,2026-04,4.2603.10
7,249926ce-aaff-41d6-b8b0-dd058b95c503,Myntra,google_play,en,en,False,best acc to price,best acc to price,best acc to price,5,positive,0,False,4,2026-04-02 21:31:03+00:00,2026-03-30/2026-04-05,2026-04,
8,ac9ff512-426f-4c21-becd-4d7235297fa9,Myntra,google_play,en,en,False,good quality,good quality,good quality,5,positive,0,False,2,2026-04-02 21:24:38+00:00,2026-03-30/2026-04-05,2026-04,4.2603.10
9,9cb3b3a2-3073-4f66-85a0-11e65d61db21,Myntra,google_play,en,en,False,app with quality products 👍🏻,app with quality products,app with quality products,5,positive,0,False,4,2026-04-02 21:24:30+00:00,2026-03-30/2026-04-05,2026-04,4.2602.11
10,f18e82f0-083f-41ff-ad64-3e6bdbb222ad,Myntra,google_play,en,ro,False,nice prodect,nice prodect,nice prodect,4,positive,0,False,2,2026-04-02 21:24:01+00:00,2026-03-30/2026-04-05,2026-04,4.2603.10
11,8355aa01-5b77-4a17-8bbd-fe5dbd07847d,Myntra,google_play,en,en,True,I dont understand this feature. Firstly they gave an option to use current location. then the delivery agent reached out to me saying that he was 7.5km away from me. Why give features which are not tracked properly. I have rechecked my address and it's exact same but the delivery agent is at diff location. when I try to reach out to customer care. there is no option to talk to a human.. it was the same options again and again. The customer service is too bad.,i dont understand this feature. firstly they gave an option to use current location. then the delivery agent reached out to me saying that he was 7.5km away from me. why give features which are not tracked properly. i have rechecked my address and it's exact same but the delivery agent is at diff location. when i try to reach out to customer care. there is no option to talk to a human.. it was the same options again and again. the customer service is too bad.,i dont understand this feature. firstly they gave an option to use current location. then the delivery agent reached out to me saying that he was 7.5km away from me. why give features which are not tracked properly. i have rechecked my address and it's exact same but the delivery agent is at diff location. when i try to reach out to customer care. there is no option to talk to a human.. it was the same options again and again. the customer service is too bad.,1,complaint,0,False,87,2026-04-02 21:21:20+00:00,2026-03-30/2026-04-05,2026-04,4.2603.10
12,8b4ab126-e808-48f8-9227-f1b90e766a22,Myntra,google_play,en,en,False,very bad choice,very bad choice,very bad choice,1,complaint,0,False,3,2026-04-02 21:11:18+00:00,2026-03-30/2026-04-05,2026-04,
13,ccb364c3-dcf4-4aa2-a89c-e4bbfd62ea8a,Myntra,google_play,en,en,False,product quality is really good.,product quality is really good.,product quality is really good.,5,positive,0,False,5,2026-04-02 21:09:53+00:00,2026-03-30/2026-04-05,2026-04,4.2602.22
14,db6d0d36-4536-45ac-99bb-2e9ad038f2ed,Myntra,google_play,en,en,False,very helpful,very helpful,very helpful,5,positive,0,False,2,2026-04-02 21:04:08+00:00,2026-03-30/2026-04-05,2026-04,
15,a6ec865d-9979-4539-821b-2239e83ffe68,Myntra,google_play,en,en,False,amazing app for best shopping,amazing app for best shopping,amazing app for best shopping,5,positive,0,False,5,2026-04-02 20:43:30+00:00,2026-03-30/2026-04-05,2026-04,
16,d3b9f852-5ace-4149-8093-e5c691811b9b,Myntra,google_play,en,en,False,Never gives original products so irritating application,never gives original products so irritating application,never gives original products so irritating application,1,complaint,0,False,7,2026-04-02 20:41:40+00:00,2026-03-30/2026-04-05,2026-04,
17,5b27c6e9-96e4-468d-a5f5-f3a899c62fcf,Myntra,google_play,en,en,False,Myntra is the best online shopping app,myntra is the best online shopping app,myntra is the best online shopping app,5,positive,0,False,7,2026-04-02 20:30:47+00:00,2026-03-30/2026-04-05,2026-04,4.2603.10
18,828ebe63-13a5-4a81-8dee-6f3a16e308b5,Myntra,google_play,en,id,False,best aap best aap best aap h myntra m sabse aacha kapra milata h m to myntra se online karti hu m bta ni sakti m kitna happy hu myntra se shoping k liye m 10000 k saman kharid chuki hu sb aachha h ak bhi product pr sikayat nhi kr sakti hu itna aacha saman Mila h m photo video bhi post ki hu myntra ka sb kuch aacha hota h aap log bhi is se hi khaired ye mera sara rishtedar bhi isse hi shoping karta h m sabko btai sb thanks myntra,best aap best aap best aap h myntra m sabse aacha kapra milata h m to myntra se online karti hu m bta ni sakti m kitna happy hu myntra se shoping k liye m 100 k saman kharid chuki hu sb aachha h ak bhi product pr sikayat nhi kr sakti hu itna aacha saman mila h m photo video bhi post ki hu myntra ka sb kuch aacha hota h aap log bhi is se hi khaired ye mera sara rishtedar bhi isse hi shoping karta h m sabko btai sb thanks myntra,best aap best aap best aap h myntra m sabse aacha kapra milata h m to myntra se online karti hu m bta ni sakti m kitna happy hu myntra se shoping k liye m 100 k saman kharid chuki hu sb aachha h ak bhi product pr sikayat nhi kr sakti hu itna aacha saman mila h m photo video bhi post ki hu myntra ka sb kuch aacha hota h aap log bhi is se hi khaired ye mera sara rishtedar bhi isse hi shoping karta h m sabko btai sb thanks myntra,5,positive,0,False,95,2026-04-02 20:27:45+00:00,2026-03-30/2026-04-05,2026-04,4.2603.20
19,6737d6f1-8d8c-4d8d-9a6c-33d5aaa27852,Myntra,google_play,en,en,False,"absolute pathetic experience, these guys dont wvwn know how the customer support should function.","absolute pathetic experience, these guys dont wvwn know how the customer support should function.","absolute pathetic experience, these guys dont wvwn know how the customer support should function.",1,complaint,0,False,14,2026-04-02 20:24:20+00:00,2026-03-30/2026-04-05,2026-04,4.2603.10
20,2c3066f1-f924-4d0c-a2f6-540955d583b7,Myntra,google_play,en,en,False,nice service and products.,nice service and products.,nice service and products.,5,positive,91,True,4,2026-04-02 20:22:27+00:00,2026-03-30/2026-04-05,2026-04,4.2603.10
21,5006cbe9-2ff1-4db4-aed7-405251a67b04,Myntra,google_play,en,en,False,superb. this is the best shopping(clothes) app,superb. this is the best shopping clothes app,superb. this is the best shopping clothes app,5,positive,0,False,8,2026-04-02 20:16:54+00:00,2026-03-30/2026-04-05,2026-04,4.2602.11
22,cf593667-3921-468c-8465-9870b9a95151,Myntra,google_play,en,fr,False,excellent app.. my goto,excellent app.. my goto,excellent app.. my goto,5,positive,0,False,4,2026-04-02 20:14:11+00:00,2026-03-30/2026-04-05,2026-04,
23,1b0577be-77b3-4eb2-8bbb-6ced520876a4,Myntra,google_play,en,en,False,Fake delivery promises! Paid in advance for next-day delivery but didn’t receive my order on time. Very unreliable service.,fake delivery promises! paid in advance for next-day delivery but didn t receive my order on time. very unreliable service.,fake delivery promises! paid in advance for next-day delivery but didn t receive my order on time. very unreliable service.,1,complaint,0,False,20,2026-04-02 19:59:06+00:00,2026-03-30/2026-04-05,2026-04,4.2603.10
24,866d5fed-6722-4a61-9ab2-d3fb99a37a9c,Myntra,google_play,en,en,False,delivery is very slow. it is as slow as if turtle is delivering my order,delivery is very slow. it is as slow as if turtle is delivering my order,delivery is very slow. it is as slow as if turtle is delivering my order,1,complaint,0,False,15,2026-04-02 19:56:49+00:00,2026-03-30/2026-04-05,2026-04,
25,fce9f99c-d38b-4d7f-8ad1-b2ff08b2b563,Myntra,google_play,en,en,False,I have been using Myntra from many years the products are geniuine and all kind of fashion is available. Prices are good and affordale i really like Myntra for shopping for me.. Thank you Myntra,i have been using myntra from many years the products are geniuine and all kind of fashion is available. prices are good and affordale i really like myntra for shopping for me.. thank you myntra,i have been using myntra from many years the products are geniuine and all kind of fashion is available. prices are good and affordale i really like myntra for shopping for me.. thank you myntra,5,positive,0,False,35,2026-04-02 19:52:15+00:00,2026-03-30/2026-04-05,2026-04,4.2603.20
26,b02bcf55-9b55-485b-b5ad-5386de166419,Myntra,google_play,en,en,False,"don't buy anything from this portal... its a fraud app... I am ordering one product, they will not delivered completely.. from Sunday I am trying to connect with there team for refund.. Without solving my issue they closed it in app from there end..","don't buy anything from this portal... its a fraud app... i am ordering one product, they will not delivered completely.. from sunday i am trying to connect with there team for refund.. without solving my issue they closed it in app from there end..","don't buy anything from this portal... its a fraud app... i am ordering one product, they will not delivered completely.. from sunday i am trying to connect with there team for refund.. without solving my issue they closed it in app from there end..",1,complaint,0,False,44,2026-04-02 19:50:43+00:00,2026-03-30/2026-04-05,2026-04,4.2603.10
27,3ac28e46-ea17-41d1-8a93-3147ebcf1100,Myntra,google_play,en,en,False,good one for shopping,good one for shopping,good one for shopping,5,positive,0,False,4,2026-04-02 19:42:25+00:00,2026-03-30/2026-04-05,2026-04,4.2603.10
28,32040fed-a75e-4fa7-a36a-36082d2aeff3,Myntra,google_play,en,en,False,very nice product like it,very nice product like it,very nice product like it,5,positive,0,False,5,2026-04-02 19:40:56+00:00,2026-03-30/2026-04-05,2026-04,4.2602.22
29,61a68f01-2601-4b55-8568-2413ce919cb0,Myntra,google_play,en,en,False,good experience,good experience,good experience,5,positive,0,False,2,2026-04-02 19:39:05+00:00,2026-03-30/2026-04-05,2026-04,4.2602.22
30,9c8755da-f194-444a-9831-b34591494e27,Myntra,google_play,en,en,True,can you have a separate section for maternity.its convenient for all because most of the maxi dress and nighty are maternity wear . it takes a lot of scrolling to get a maxi dress in women section . it should be seperately done maternity curves to much time spend on searching to later find it to be maternity dresswear. 🙄🙄,can you have a separate section for maternity.its convenient for all because most of the maxi dress and nighty are maternity wear . it takes a lot of scrolling to get a maxi dress in women section . it should be seperately done maternity curves to much time spend on searching to later find it to be maternity dresswear.,can you have a separate section for maternity.its convenient for all because most of the maxi dress and nighty are maternity wear . it takes a lot of scrolling to get a maxi dress in women section . it should be seperately done maternity curves to much time spend on searching to later find it to be maternity dresswear.,3,mixed,0,False,59,2026-04-02 19:37:10+00:00,2026-03-30/2026-04-05,2026-04,4.2603.10
31,26125571-8d9f-4861-b0f7-eada707b3242,Myntra,google_play,en,ro,False,Great experience,great experience,great experience,5,positive,0,False,2,2026-04-02 19:29:43+00:00,2026-03-30/2026-04-05,2026-04,4.2603.10
32,53c15460-2be4-4d7b-88f2-812f13fadfed,Myntra,google_play,en,en,False,I ordered dress from Myntra the quality is really awesome,i ordered dress from myntra the quality is really awesome,i ordered dress from myntra the quality is really awesome,5,positive,0,False,10,2026-04-02 19:28:28+00:00,2026-03-30/2026-04-05,2026-04,4.2603.10
33,2dd26533-0db6-4d5f-b895-0652e76c1894,Myntra,google_play,en,en,False,Interface is good,interface is good,interface is good,4,positive,0,False,3,2026-04-02 19:27:44+00:00,2026-03-30/2026-04-05,2026-04,
34,8d38c610-eea4-4425-bcc7-b9224bf220f2,Myntra,google_play,en,en,False,You will get here good quality cloths,you will get here good quality cloths,you will get here good quality cloths,5,positive,0,False,7,2026-04-02 19:26:29+00:00,2026-03-30/2026-04-05,2026-04,4.2603.10
35,e9e9a395-d187-4ccc-9cd8-932c70bb14c5,Myntra,google_play,en,en,False,good quality products,good quality products,good quality products,5,positive,0,False,3,2026-04-02 19:24:59+00:00,2026-03-30/2026-04-05,2026-04,4.2603.10
36,c760962b-5d77-4685-b079-dc41fd9d2a0f,Myntra,google_play,en,en,False,excellent shopping experience on myntra...,excellent shopping experience on myntra...,excellent shopping experience on myntra...,5,positive,0,False,5,2026-04-02 19:24:53+00:00,2026-03-30/2026-04-05,2026-04,4.2602.22
37,2de44536-ed6e-4e0c-a7a8-c6e4215360d3,Myntra,google_play,en,en,False,This product is really good,this product is really good,this product is really good,5,positive,0,False,5,2026-04-02 19:23:45+00:00,2026-03-30/2026-04-05,2026-04,4.2603.10
38,a4c7776d-eb15-4262-bb7a-52557fabfbde,Myntra,google_play,en,en,False,good offers and good size,good offers and good size,good offers and good size,5,positive,0,False,5,2026-04-02 19:18:55+00:00,2026-03-30/2026-04-05,2026-04,4.2603.10
39,cf7d22b2-5cfb-4236-9367-cd5485592796,Myntra,google_play,en,en,True,"This shopping app is a complete mess and a fraud. The app itself is not reliable but what makes it worse is the delivery experience. Delivery boys are often rude, misbehave, and give false updates about orders. They’ll mark items as ""coming soon” when they’re nowhere near or come up with excuses that just don’t add up. Overall, it feels dishonest and frustrating to deal with. Definitely not worth using when there are much better and more reliable options out there. Never recommending this.","this shopping app is a complete mess and a fraud. the app itself is not reliable but what makes it worse is the delivery experience. delivery boys are often rude, misbehave, and give false updates about orders. they ll mark items as coming soon when they re nowhere near or come up with excuses that just don t add up. overall, it feels dishonest and frustrating to deal with. definitely not worth using when there are much better and more reliable options out there. never recommending this.","this shopping app is a complete mess and a fraud. the app itself is not reliable but what makes it worse is the delivery experience. delivery boys are often rude, misbehave, and give false updates about orders. they ll mark items as coming soon when they re nowhere near or come up with excuses that just don t add up. overall, it feels dishonest and frustrating to deal with. definitely not worth using when there are much better and more reliable options out there. never recommending this.",1,complaint,0,False,87,2026-04-02 19:10:44+00:00,2026-03-30/2026-04-05,2026-04,4.2603.10
40,ba993170-081b-4403-ad68-9b3c6b768d5c,Myntra,google_play,en,en,False,worthy app,worthy app,worthy app,5,positive,0,False,2,2026-04-02 19:08:38+00:00,2026-03-30/2026-04-05,2026-04,
41,585ce0dc-ce7a-491d-9f4e-3694e20fc2a6,Myntra,google_play,en,en,False,good quality product is not froud like flipkart and amazon,good quality product is not froud like flipkart and amazon,good quality product is not froud like flipkart and amazon,5,positive,0,False,10,2026-04-02 19:02:13+00:00,2026-03-30/2026-04-05,2026-04,4.2602.22
42,0dcec4a2-4966-4c66-902f-6a6522ee8ad0,Myntra,google_play,en,en,False,Super cloths experience as I purchased till now,super cloths experience as i purchased till now,super cloths experience as i purchased till now,5,positive,0,False,8,2026-04-02 18:58:41+00:00,2026-03-30/2026-04-05,2026-04,4.2603.10
43,54d171d5-e042-4882-ad8d-c19bbdc3517f,Myntra,google_play,en,en,False,it's really nice Kurta set,it's really nice kurta set,it's really nice kurta set,5,positive,0,False,5,2026-04-02 18:57:21+00:00,2026-03-30/2026-04-05,2026-04,4.2603.10
44,e96b0df6-ef27-4001-8736-50832c34fcb2,Myntra,google_play,en,en,False,awesome experience...,awesome experience...,awesome experience...,5,positive,0,False,2,2026-04-02 18:51:21+00:00,2026-03-30/2026-04-05,2026-04,4.2602.11
45,bfda14f8-ffca-4749-b4f3-8b249e694f4e,Myntra,google_play,en,ro,False,nice product,nice product,nice product,5,positive,0,False,2,2026-04-02 18:49:27+00:00,2026-03-30/2026-04-05,2026-04,
46,5d99b953-2314-460f-91a9-cf7862c7373a,Myntra,google_play,en,en,False,myntra is best for clothes love yours app buddy,myntra is best for clothes love yours app buddy,myntra is best for clothes love yours app buddy,5,positive,0,False,9,2026-04-02 18:48:26+00:00,2026-03-30/2026-04-05,2026-04,4.2603.10
47,045f4a52-5672-40d0-8418-58b1cca51af1,Myntra,google_play,en,en,True,Excellent shopping experience! 🛍️ Myntra app ka interface bahut smooth hai aur products ki collection bhi top class hai. Original brands milte hain aur discounts bhi kaafi achhe hote hain. Delivery fast hai aur return/exchange process hassle-free hai. Definitely one of the best shopping apps in India!,excellent shopping experience! myntra app ka interface bahut smooth hai aur products ki collection bhi top class hai. original brands milte hain aur discounts bhi kaafi achhe hote hain. delivery fast hai aur return exchange process hassle-free hai. definitely one of the best shopping apps in india!,excellent shopping experience! myntra app ka interface bahut smooth hai aur products ki collection bhi top class hai. original brands milte hain aur discounts bhi kaafi achhe hote hain. delivery fast hai aur return exchange process hassle-free hai. definitely one of the best shopping apps in india!,5,positive,0,False,47,2026-04-02 18:42:31+00:00,2026-03-30/2026-04-05,2026-04,4.2409.11
48,26d0d2a6-89a7-47f0-a17d-687373bc70b0,Myntra,google_play,en,en,False,excellent fashion and brands,excellent fashion and brands,excellent fashion and brands,5,positive,0,False,4,2026-04-02 18:32:31+00:00,2026-03-30/2026-04-05,2026-04,4.2603.10
49,50a614e8-2de8-4f77-b558-55a952616912,Myntra,google_play,en,en,False,such a amazing experience,such a amazing experience,such a amazing experience,5,positive,0,False,4,2026-04-02 18:29:47+00:00,2026-03-30/2026-04-05,2026-04,4.2603.10
50,8172ef7f-90ac-4f2d-842a-ec84c2145d0c,Myntra,google_play,en,en,False,nice app for shopping with looking,nice app for shopping with looking,nice app for shopping with looking,5,positive,0,False,6,2026-04-02 18:25:24+00:00,2026-03-30/2026-04-05,2026-04,
51,4ec83c52-16b1-47b4-a229-577e6b58f965,Myntra,google_play,en,en,False,I enjoyed shopping They gave lots of offers,i enjoyed shopping they gave lots of offers,i enjoyed shopping they gave lots of offers,5,positive,0,False,8,2026-04-02 18:22:23+00:00,2026-03-30/2026-04-05,2026-04,4.2603.10
52,479948f9-9078-481c-8cf4-78717b43af39,Myntra,google_play,en,en,False,authentic brands.,authentic brands.,authentic brands.,5,positive,0,False,2,2026-04-02 18:21:54+00:00,2026-03-30/2026-04-05,2026-04,4.2603.10
53,bf50ae84-306b-4e6a-b9e5-65353a28c66e,Myntra,google_play,en,en,False,very nice app,very nice app,very nice app,5,positive,0,False,3,2026-04-02 18:17:50+00:00,2026-03-30/2026-04-05,2026-04,4.2603.10
54,c8debea4-9d75-4a9b-871f-f68b2d760222,Myntra,google_play,en,sq,False,i like this,i like this,i like this,5,positive,0,False,3,2026-04-02 18:17:33+00:00,2026-03-30/2026-04-05,2026-04,4.2603.10
55,c96c5bcc-8661-4b8a-b4d6-894fc1fe80d3,Myntra,google_play,en,en,False,best with latest,best with latest,best with latest,5,positive,0,False,3,2026-04-02 18:10:13+00:00,2026-03-30/2026-04-05,2026-04,4.2603.10
56,6d95472b-6ee5-4a93-8930-28f31b2abb36,Myntra,google_play,en,en,False,Myntra is one of the shopping platform where all products quality is best.,myntra is one of the shopping platform where all products quality is best.,myntra is one of the shopping platform where all products quality is best.,5,positive,0,False,13,2026-04-02 18:06:13+00:00,2026-03-30/2026-04-05,2026-04,4.2603.10
57,f8008285-079b-4216-93d3-6a3ad2ee6f3f,Myntra,google_play,en,en,False,perfect and economical,perfect and economical,perfect and economical,5,positive,0,False,3,2026-04-02 18:02:46+00:00,2026-03-30/2026-04-05,2026-04,4.2603.20
58,8a6c61bf-07f3-4dfc-9da7-3dd3919a2c07,Myntra,google_play,en,en,False,this myntra shoping site is very fraud site they cannot assure the product guarantee delivery and also fools us the customer so don't buy anything from myntra if customer doesn't want loss money,this myntra shoping site is very fraud site they cannot assure the product guarantee delivery and also fools us the customer so don't buy anything from myntra if customer doesn't want loss money,this myntra shoping site is very fraud site they cannot assure the product guarantee delivery and also fools us the customer so don't buy anything from myntra if customer doesn't want loss money,1,complaint,0,False,33,2026-04-02 18:00:11+00:00,2026-03-30/2026-04-05,2026-04,4.2603.10
59,3ae1d9c2-a6d7-4253-8d79-1b59cc764ce5,Myntra,google_play,en,en,False,very good app for shopping,very good app for shopping,very good app for shopping,5,positive,0,False,5,2026-04-02 17:56:38+00:00,2026-03-30/2026-04-05,2026-04,
60,c94b89a4-6f94-4f06-b365-bd8f2f72e9e7,Myntra,google_play,en,en,False,good service and b product,good service and b product,good service and b product,5,positive,0,False,5,2026-04-02 17:53:53+00:00,2026-03-30/2026-04-05,2026-04,4.2603.10
61,9161a1c5-7703-476b-9cee-7fcbbfdb8085,Myntra,google_play,en,en,False,waste of money i order some dresses and it was only cancelled and not refunded the money of if I call no agents were solved my queries then worst myntra don't order here please,waste of money i order some dresses and it was only cancelled and not refunded the money of if i call no agents were solved my queries then worst myntra don't order here please,waste of money i order some dresses and it was only cancelled and not refunded the money of if i call no agents were solved my queries then worst myntra don't order here please,1,complaint,0,False,34,2026-04-02 17:52:32+00:00,2026-03-30/2026-04-05,2026-04,4.2603.10
62,04ded0e9-77cd-406d-a5e7-531b82a31816,Myntra,google_play,en,en,False,it is very nice,it is very nice,it is very nice,5,positive,0,False,4,2026-04-02 17:47:16+00:00,2026-03-30/2026-04-05,2026-04,4.2602.22
63,73c717d8-d157-4318-b575-2829930c0544,Myntra,google_play,en,en,False,good app 👍 honest review,good app honest review,good app honest review,5,positive,0,False,4,2026-04-02 17:46:05+00:00,2026-03-30/2026-04-05,2026-04,4.2602.22
64,3a44e8b4-78a6-4ad7-b654-aff4657177c5,Myntra,google_play,en,en,False,nice secure and services,nice secure and services,nice secure and services,5,positive,0,False,4,2026-04-02 17:44:37+00:00,2026-03-30/2026-04-05,2026-04,4.2603.10
65,b1166091-c82b-40f8-a931-704fc12e87a9,Myntra,google_play,en,en,False,Most of the good stuff is available on this app.,most of the good stuff is available on this app.,most of the good stuff is available on this app.,4,positive,0,False,10,2026-04-02 17:43:38+00:00,2026-03-30/2026-04-05,2026-04,
66,caf289fa-bee0-4247-a01c-5c0e18da0a7d,Myntra,google_play,en,en,False,good deals compare to others websites,good deals compare to others websites,good deals compare to others websites,4,positive,0,False,6,2026-04-02 17:39:40+00:00,2026-03-30/2026-04-05,2026-04,4.2508.20
67,fedb5fcb-5b5f-4684-90fb-b855172640bf,Myntra,google_play,en,en,False,very beautiful bag 😍,very beautiful bag,very beautiful bag,5,positive,0,False,3,2026-04-02 17:38:58+00:00,2026-03-30/2026-04-05,2026-04,
68,09fc07fd-f3b7-4ab8-9b52-4e157064240c,Myntra,google_play,en,en,False,myntra best for genuine product & service.,myntra best for genuine product service.,myntra best for genuine product service.,5,positive,0,False,6,2026-04-02 17:27:58+00:00,2026-03-30/2026-04-05,2026-04,4.2603.20
69,85f1c028-f92a-4450-9931-f2ed6a1b7371,Myntra,google_play,en,en,False,nice quality product nd vettery life is also gud of my Fastrack watch...if anybody wanna buy quality product go with Myntra,nice quality product nd vettery life is also gud of my fastrack watch...if anybody wanna buy quality product go with myntra,nice quality product nd vettery life is also gud of my fastrack watch...if anybody wanna buy quality product go with myntra,5,positive,0,False,21,2026-04-02 17:21:34+00:00,2026-03-30/2026-04-05,2026-04,4.2603.20
70,693d6ad6-1797-4558-826f-79aac5349754,Myntra,google_play,en,en,False,Not good but I am giving 5 star for my review pining 😂😂😂😂,not good but i am giving 5 star for my review pining,not good but i am giving 5 star for my review pining,5,positive,0,False,12,2026-04-02 17:19:33+00:00,2026-03-30/2026-04-05,2026-04,4.2603.10
71,5fb5a7c2-3bd2-4591-a121-4748500d0d86,Myntra,google_play,en,en,False,2 years experience,2 years experience,2 years experience,5,positive,0,False,3,2026-04-02 17:16:05+00:00,2026-03-30/2026-04-05,2026-04,4.2603.10
72,f2ccda7b-3bf6-4c16-b8c8-80f32c65e0af,Myntra,google_play,en,en,True,Not going to use this app until it changes the logistics from Ekart to something else. Since Ekart is managed through Flipkart and the customer care service is very pathetic and unethical. I had to lose my 1600Rs because of the mistake done by an Ekart delivery person,not going to use this app until it changes the logistics from ekart to something else. since ekart is managed through flipkart and the customer care service is very pathetic and unethical. i had to lose my 1600rs because of the mistake done by an ekart delivery person,not going to use this app until it changes the logistics from ekart to something else. since ekart is managed through flipkart and the customer care service is very pathetic and unethical. i had to lose my 1600rs because of the mistake done by an ekart delivery person,2,complaint,0,False,48,2026-04-02 17:15:05+00:00,2026-03-30/2026-04-05,2026-04,4.2602.22
73,5fe8a4a9-ac2b-42cb-bf27-004913eb9085,Myntra,google_play,en,en,False,I have great experience.its a very good app my favourite as I got quality products from this shoping site ❤️,i have great experience.its a very good app my favourite as i got quality products from this shoping site,i have great experience.its a very good app my favourite as i got quality products from this shoping site,5,positive,0,False,19,2026-04-02 17:14:11+00:00,2026-03-30/2026-04-05,2026-04,4.2603.10
74,ab5f5a02-aace-4af5-9a7f-01ea337379aa,Myntra,google_play,en,en,False,all i know is this app give 1-2 days delay in my case i was waiting for my earbuds and he comes after when i cancel and ordered same thing from Flipkart,all i know is this app give 1-2 days delay in my case i was waiting for my earbuds and he comes after when i cancel and ordered same thing from flipkart,all i know is this app give 1-2 days delay in my case i was waiting for my earbuds and he comes after when i cancel and ordered same thing from flipkart,1,complaint,0,False,32,2026-04-02 17:13:18+00:00,2026-03-30/2026-04-05,2026-04,
75,d5b7f3b0-1d7d-4603-b6e4-a6a80a96ef83,Myntra,google_play,en,hr,False,good one.. amazing,good one.. amazing,good one.. amazing,5,positive,0,False,3,2026-04-02 17:08:26+00:00,2026-03-30/2026-04-05,2026-04,4.2501.20
76,2272dc68-8116-4728-adce-c9675115bc17,Myntra,google_play,en,en,False,over all good experience,over all good experience,over all good experience,4,positive,0,False,4,2026-04-02 17:02:43+00:00,2026-03-30/2026-04-05,2026-04,4.2603.10
77,18e9442b-e9bf-45df-90d5-47e15bb300d8,Myntra,google_play,en,en,True,Myntra app was Worst and fraud app while i purchase a induction stove in this Myntra app it was delivered to me as a damaged condition I raise a ticket with that day only But customer support was worst take time so longer to solve the issue at the time exchange and return period was completed after that they reply to me its not our side problem it's a transit problem there is no exchange and return this product very bad and worst experience I got and it is online scam app,myntra app was worst and fraud app while i purchase a induction stove in this myntra app it was delivered to me as a damaged condition i raise a ticket with that day only but customer support was worst take time so longer to solve the issue at the time exchange and return period was completed after that they reply to me its not our side problem it's a transit problem there is no exchange and return this product very bad and worst experience i got and it is online scam app,myntra app was worst and fraud app while i purchase a induction stove in this myntra app it was delivered to me as a damaged condition i raise a ticket with that day only but customer support was worst take time so longer to solve the issue at the time exchange and return period was completed after that they reply to me its not our side problem it's a transit problem there is no exchange and return this product very bad and worst experience i got and it is online scam app,1,complaint,0,False,92,2026-04-02 16:58:50+00:00,2026-03-30/2026-04-05,2026-04,
78,5e105b3f-362e-4399-a545-52d475cc5937,Myntra,google_play,en,fr,False,excellent app,excellent app,excellent app,5,positive,0,False,2,2026-04-02 16:55:58+00:00,2026-03-30/2026-04-05,2026-04,4.2603.10
79,3cfef2d3-7705-4ae3-bddb-a48d8897b519,Myntra,google_play,en,en,False,best App I'm really happy with this app🥰🥰💖,best app i'm really happy with this app,best app i'm really happy with this app,5,positive,0,False,8,2026-04-02 16:55:36+00:00,2026-03-30/2026-04-05,2026-04,
80,f35eb7bb-4f9a-4836-85db-7415fbbe773e,Myntra,google_play,en,en,False,"Amazing shopping experience on Myntra. The app is smooth, products are stylish, delivery is quick, and return process is also easy. Highly recommended.","amazing shopping experience on myntra. the app is smooth, products are stylish, delivery is quick, and return process is also easy. highly recommended.","amazing shopping experience on myntra. the app is smooth, products are stylish, delivery is quick, and return process is also easy. highly recommended.",5,positive,0,False,23,2026-04-02 16:52:54+00:00,2026-03-30/2026-04-05,2026-04,4.2603.10
81,0ab61b86-918b-4985-96ff-732de4d14c48,Myntra,google_play,en,en,False,wonderful app. loved it,wonderful app. loved it,wonderful app. loved it,5,positive,0,False,4,2026-04-02 16:46:43+00:00,2026-03-30/2026-04-05,2026-04,
82,ee8fdf8c-d953-4238-8330-1c5681d6e91a,Myntra,google_play,en,en,False,"Good app, I got original products every time.","good app, i got original products every time.","good app, i got original products every time.",4,positive,0,False,8,2026-04-02 16:45:04+00:00,2026-03-30/2026-04-05,2026-04,
83,3cf35c5c-54d2-4735-87d6-dd631f9aab86,Myntra,google_play,en,en,False,good offers,good offers,good offers,5,positive,0,False,2,2026-04-02 16:44:33+00:00,2026-03-30/2026-04-05,2026-04,4.2602.22
84,9a3cd46b-5e56-4ada-a42e-f8689bcda7f6,Myntra,google_play,en,en,False,Very good experience,very good experience,very good experience,5,positive,0,False,3,2026-04-02 16:42:32+00:00,2026-03-30/2026-04-05,2026-04,4.2603.20
85,93535047-4c33-4cab-8b85-d4642ad600f3,Myntra,google_play,en,en,False,they are maintaining good quality,they are maintaining good quality,they are maintaining good quality,5,positive,0,False,5,2026-04-02 16:42:13+00:00,2026-03-30/2026-04-05,2026-04,4.2603.10
86,0face18c-a62b-4d1e-9e5a-6657c0fc350c,Myntra,google_play,en,en,False,best wishes,best wishes,best wishes,5,positive,0,False,2,2026-04-02 16:37:34+00:00,2026-03-30/2026-04-05,2026-04,4.2602.22
87,71a5c72a-c6b2-4bd9-8b12-c1f47b10fe79,Myntra,google_play,en,en,False,just amazing always love to do online purchasing in this app,just amazing always love to do online purchasing in this app,just amazing always love to do online purchasing in this app,5,positive,0,False,11,2026-04-02 16:33:28+00:00,2026-03-30/2026-04-05,2026-04,
89,340710fa-83f8-4888-bbf2-bf9b1bb56d63,Myntra,google_play,en,en,True,very bad behaviour of custer care executive cut my call at mid as I me we transfer my call to senior executive. and cut the call waste my time multiple time,very bad behaviour of custer care executive cut my call at mid as i me we transfer my call to senior executive. and cut the call waste my time multiple time,very bad behaviour of custer care executive cut my call at mid as i me we transfer my call to senior executive. and cut the call waste my time multiple time,1,complaint,0,False,31,2026-04-02 16:26:55+00:00,2026-03-30/2026-04-05,2026-04,4.2603.10
90,450500e3-5899-4afc-a638-4a929c4be7c8,Myntra,google_play,en,en,False,"""My delivery is delayed, and I haven't received any communication from the rider. I'm not getting a proper response from your side.""","my delivery is delayed, and i haven't received any communication from the rider. i'm not getting a proper response from your side.","my delivery is delayed, and i haven't received any communication from the rider. i'm not getting a proper response from your side.",2,complaint,0,False,22,2026-04-02 16:15:58+00:00,2026-03-30/2026-04-05,2026-04,4.2603.10
91,706955e9-acf4-4d92-a7bc-714ddeeebd75,Myntra,google_play,en,en,False,fast delivery and good quality products 💖,fast delivery and good quality products,fast delivery and good quality products,5,positive,0,False,6,2026-04-02 16:08:32+00:00,2026-03-30/2026-04-05,2026-04,4.2603.10
92,354dd120-1086-419c-88bc-2c988ddc9dcf,Myntra,google_play,en,en,False,"no customer support, only bots are there which can't do anything and can't contact any delivery agent or support agent to describe any issue to get a resolution","no customer support, only bots are there which can't do anything and can't contact any delivery agent or support agent to describe any issue to get a resolution","no customer support, only bots are there which can't do anything and can't contact any delivery agent or support agent to describe any issue to get a resolution",1,complaint,0,False,28,2026-04-02 16:08:22+00:00,2026-03-30/2026-04-05,2026-04,4.2603.10
93,906c6368-2e5b-4776-a32e-fef36f363f4c,Myntra,google_play,en,en,True,nowadays Myntra is just a fraud I ordered something from this online platform and at the same time I cancelled the order because it was coming late after that day they mention refund initiated but but I did not get my amount credited in my bank account yet when I ask them about this they simply said visit your bank account and amount has initiated from our side... when I did some research on this about Myntra in YouTube I got to know that many people are suffering from this issue..very bad ex👎,nowadays myntra is just a fraud i ordered something from this online platform and at the same time i cancelled the order because it was coming late after that day they mention refund initiated but but i did not get my amount credited in my bank account yet when i ask them about this they simply said visit your bank account and amount has initiated from our side... when i did some research on this about myntra in youtube i got to know that many people are suffering from this issue..very bad ex,nowadays myntra is just a fraud i ordered something from this online platform and at the same time i cancelled the order because it was coming late after that day they mention refund initiated but but i did not get my amount credited in my bank account yet when i ask them about this they simply said visit your bank account and amount has initiated from our side... when i did some research on this about myntra in youtube i got to know that many people are suffering from this issue..very bad ex,1,complaint,0,False,93,2026-04-02 15:58:06+00:00,2026-03-30/2026-04-05,2026-04,4.2603.10
94,cb31ba3d-934d-44d1-9518-c26705276032,Myntra,google_play,en,fr,False,no complaints,no complaints,no complaints,5,positive,0,False,2,2026-04-02 15:57:29+00:00,2026-03-30/2026-04-05,2026-04,
95,5de111b5-6271-46b7-b3cd-fb3b4ac346a0,Myntra,google_play,en,en,False,satisfied with the app,satisfied with the app,satisfied with the app,5,positive,0,False,4,2026-04-02 15:55:44+00:00,2026-03-30/2026-04-05,2026-04,4.2603.10
96,0e70c839-faf8-4e63-a459-087dc0cb627f,Myntra,google_play,en,en,False,best quality,best quality,best quality,4,positive,0,False,2,2026-04-02 15:48:41+00:00,2026-03-30/2026-04-05,2026-04,4.2602.11
97,47605d9c-2e65-4565-93b8-20ee4c1c3716,Myntra,google_play,en,en,False,It is a very bad app i hate it personally as it doesn't give delivery on some city of the item it is the app which should have zero rating,it is a very bad app i hate it personally as it doesn't give delivery on some city of the item it is the app which should have zero rating,it is a very bad app i hate it personally as it doesn't give delivery on some city of the item it is the app which should have zero rating,1,complaint,0,False,30,2026-04-02 15:39:25+00:00,2026-03-30/2026-04-05,2026-04,
98,c52174cc-9771-4eb8-b8a8-d8deb037ef7a,Myntra,google_play,en,en,False,Worst customer support ever. They just know how to take money. Many times I am not able to return products just because their customer support staff is not helpful at all.,worst customer support ever. they just know how to take money. many times i am not able to return products just because their customer support staff is not helpful at all.,worst customer support ever. they just know how to take money. many times i am not able to return products just because their customer support staff is not helpful at all.,1,complaint,0,False,31,2026-04-02 15:34:59+00:00,2026-03-30/2026-04-05,2026-04,4.2603.10
99,13ca065e-ed50-474b-9a9e-1938e059b5ca,Myntra,google_play,en,cy,False,good work myntra,good work myntra,good work myntra,5,positive,0,False,3,2026-04-02 15:33:40+00:00,2026-03-30/2026-04-05,2026-04,4.2603.10
100,0007d75e-901d-4741-ae60-bdc51d968d8b,Myntra,google_play,en,en,False,very nice app genuinely product a little bit costly otherwise good experience,very nice app genuinely product a little bit costly otherwise good experience,very nice app genuinely product a little bit costly otherwise good experience,5,positive,0,False,12,2026-04-02 15:32:06+00:00,2026-03-30/2026-04-05,2026-04,4.2603.20
101,cd5e5668-2f89-47ef-a6eb-eb9d86df3646,Myntra,google_play,en,en,False,one of the best shopping app 👌,one of the best shopping app,one of the best shopping app,4,positive,0,False,6,2026-04-02 15:29:59+00:00,2026-03-30/2026-04-05,2026-04,4.2603.10
102,62e36d13-fa23-4cf5-a6ce-3e4803b03b4f,Myntra,google_play,en,en,False,good products,good products,good products,5,positive,0,False,2,2026-04-02 15:27:51+00:00,2026-03-30/2026-04-05,2026-04,4.2603.10
103,e10e1310-8920-4fe7-9859-667357ae0c8d,Myntra,google_play,en,en,False,I just love the product I get thanks myntra😌,i just love the product i get thanks myntra,i just love the product i get thanks myntra,5,positive,0,False,9,2026-04-02 15:26:42+00:00,2026-03-30/2026-04-05,2026-04,4.2602.11
104,b63c99ec-eecb-4163-b925-0433728243d3,Myntra,google_play,en,en,False,I've so far had issues only with sizes but the app itself works great,i've so far had issues only with sizes but the app itself works great,i've so far had issues only with sizes but the app itself works great,4,positive,0,False,14,2026-04-02 15:26:13+00:00,2026-03-30/2026-04-05,2026-04,4.2602.22
105,7efeb127-4238-4fae-a5d7-061f2115ea24,Myntra,google_play,en,en,False,this is very great,this is very great,this is very great,5,positive,0,False,4,2026-04-02 15:22:39+00:00,2026-03-30/2026-04-05,2026-04,4.2603.10
106,1367445c-3824-4ebf-981a-0ccb90b10a68,Myntra,google_play,en,en,False,best shopping platform and good and best quality all products,best shopping platform and good and best quality all products,best shopping platform and good and best quality all products,5,positive,0,False,10,2026-04-02 15:18:23+00:00,2026-03-30/2026-04-05,2026-04,4.2602.11
107,92506278-f06f-47b6-acfd-f612838bf209,Myntra,google_play,en,fr,False,super Exlent App,super exlent app,super exlent app,5,positive,0,False,3,2026-04-02 15:18:17+00:00,2026-03-30/2026-04-05,2026-04,4.2603.10
108,ea2bb0c9-3bf7-415a-9d32-50ab95dd224e,Myntra,google_play,en,en,False,The product is very good and delivered on time.good service,the product is very good and delivered on time.good service,the product is very good and delivered on time.good service,5,positive,0,False,10,2026-04-02 15:17:06+00:00,2026-03-30/2026-04-05,2026-04,4.2603.10
109,79c14257-3e24-4e45-ae02-c4194725cc77,Myntra,google_play,en,en,False,Myntra fashion is best n pocket frndly..,myntra fashion is best n pocket frndly..,myntra fashion is best n pocket frndly..,5,positive,0,False,7,2026-04-02 15:16:07+00:00,2026-03-30/2026-04-05,2026-04,4.2603.10
110,a2d5d047-dddd-4c3d-bfb2-dc0fa3b919d3,Myntra,google_play,en,tl,False,good shopping aap,good shopping aap,good shopping aap,5,positive,0,False,3,2026-04-02 15:06:08+00:00,2026-03-30/2026-04-05,2026-04,4.2603.10
111,94d350a4-97ad-4da2-8c45-ca2597d4a01d,Myntra,google_play,en,en,False,zero % costumer care help worest app,zero costumer care help worest app,zero costumer care help worest app,1,complaint,0,False,6,2026-04-02 15:03:55+00:00,2026-03-30/2026-04-05,2026-04,4.2512.21
112,19d8f51c-ecce-4851-9316-8522a68929d3,Myntra,google_play,en,en,False,won't even pay back refunds,won't even pay back refunds,won't even pay back refunds,1,complaint,0,False,5,2026-04-02 14:58:32+00:00,2026-03-30/2026-04-05,2026-04,4.2602.11
113,101b134c-b917-4961-b21a-b58334625af9,Myntra,google_play,en,en,False,good fabric quality but a little delay in delivery timing,good fabric quality but a little delay in delivery timing,good fabric quality but a little delay in delivery timing,4,positive,0,False,10,2026-04-02 14:57:18+00:00,2026-03-30/2026-04-05,2026-04,4.2603.10
114,e7be7e8d-1662-4d50-a274-88c2254da7fb,Myntra,google_play,en,en,True,"I ordered sneakers, but the order is marked as delivered even though I did not receive it. I contacted Myntra customer support multiple times, and they kept asking me to wait 2–3 days. After a long delay, my complaint was declined. I have neither received the product nor a refund. My money has been wasted.”😡😡😡","i ordered sneakers, but the order is marked as delivered even though i did not receive it. i contacted myntra customer support multiple times, and they kept asking me to wait 2 3 days. after a long delay, my complaint was declined. i have neither received the product nor a refund. my money has been wasted.","i ordered sneakers, but the order is marked as delivered even though i did not receive it. i contacted myntra customer support multiple times, and they kept asking me to wait 2 3 days. after a long delay, my complaint was declined. i have neither received the product nor a refund. my money has been wasted.",1,complaint,0,False,56,2026-04-02 14:53:10+00:00,2026-03-30/2026-04-05,2026-04,4.2601.20
115,52a1184f-9858-4a16-a954-06c909687c9f,Myntra,google_play,en,en,False,great collection,great collection,great collection,5,positive,0,False,2,2026-04-02 14:51:31+00:00,2026-03-30/2026-04-05,2026-04,4.2603.10
116,c4967d08-ea11-4e7a-adeb-d6557e350d19,Myntra,google_play,en,en,False,mind-blowing,mind-blowing,mind-blowing,4,positive,0,False,1,2026-04-02 14:47:29+00:00,2026-03-30/2026-04-05,2026-04,4.2603.10
117,612b95a4-19e4-4dc8-b39d-f5ccc53285b3,Myntra,google_play,en,sl,False,I loved it 😻,i loved it,i loved it,5,positive,0,False,3,2026-04-02 14:36:55+00:00,2026-03-30/2026-04-05,2026-04,4.2603.10
118,315eb6bc-9029-43bf-8c92-e3c03222b5ee,Myntra,google_play,en,en,False,excellent quality and delivery,excellent quality and delivery,excellent quality and delivery,5,positive,0,False,4,2026-04-02 14:33:12+00:00,2026-03-30/2026-04-05,2026-04,
119,f5076ffd-e4cc-41c5-a288-f135e5e6b5c8,Myntra,google_play,en,id,False,kya do kaudi ka ghatiya app Hai Maine cal hi Vaseline aloe body lotion 400ml ki teen botal order ki thi 618 bil ke sath lekin Aaj ine logon ne apni Marji Se Hi Mera order cancel kar diya Meri permission Ke Bina puche Bina bataye Bina jabki yah order out of stock nahin tha lekin mujhe out of stock Bata Ke inn logon Ne Mera hisse ka product Kisi aur ko de diya hai ek number ke chor lutere do kaudi ki ghatiya service wala app Hai yah main apna account delete kar rahi hun nahi karni hair shopping 🤬,kya do kaudi ka ghatiya app hai maine cal hi vaseline aloe body lotion 400ml ki teen botal order ki thi 618 bil ke sath lekin aaj ine logon ne apni marji se hi mera order cancel kar diya meri permission ke bina puche bina bataye bina jabki yah order out of stock nahin tha lekin mujhe out of stock bata ke inn logon ne mera hisse ka product kisi aur ko de diya hai ek number ke chor lutere do kaudi ki ghatiya service wala app hai yah main apna account delete kar rahi hun nahi karni hair shopping,kya do kaudi ka ghatiya app hai maine cal hi vaseline aloe body lotion 400ml ki teen botal order ki thi 618 bil ke sath lekin aaj ine logon ne apni marji se hi mera order cancel kar diya meri permission ke bina puche bina bataye bina jabki yah order out of stock nahin tha lekin mujhe out of stock bata ke inn logon ne mera hisse ka product kisi aur ko de diya hai ek number ke chor lutere do kaudi ki ghatiya service wala app hai yah main apna account delete kar rahi hun nahi karni hair shopping,1,complaint,0,False,100,2026-04-02 14:31:27+00:00,2026-03-30/2026-04-05,2026-04,4.2603.10
120,076317f8-f019-405f-90a5-1235daa8cf67,Myntra,google_play,en,en,False,very good material and quality of clothes,very good material and quality of clothes,very good material and quality of clothes,5,positive,0,False,7,2026-04-02 14:29:33+00:00,2026-03-30/2026-04-05,2026-04,4.2603.10
121,cfbe5b9f-5584-433b-8c59-46de139ebab0,Myntra,google_play,en,nl,False,just wonderful,just wonderful,just wonderful,5,positive,0,False,2,2026-04-02 14:29:24+00:00,2026-03-30/2026-04-05,2026-04,4.2602.11
122,aa99fe56-c8c0-41cd-b509-860c306ec557,Myntra,google_play,en,en,False,best thing are sold in it,best thing are sold in it,best thing are sold in it,5,positive,0,False,6,2026-04-02 14:25:28+00:00,2026-03-30/2026-04-05,2026-04,4.2603.10
123,683c0982-36aa-4a69-be11-4fdbb7b6984f,Myntra,google_play,en,en,False,the best app,the best app,the best app,5,positive,0,False,3,2026-04-02 14:19:56+00:00,2026-03-30/2026-04-05,2026-04,4.2603.10
124,703ee6ce-aefe-4649-aefb-7d2773318dad,Myntra,google_play,en,en,False,myntra is my all time favorite,myntra is my all time favorite,myntra is my all time favorite,4,positive,0,False,6,2026-04-02 14:06:16+00:00,2026-03-30/2026-04-05,2026-04,4.2602.22
125,628891c3-4a02-4feb-b279-58ddc8dcacb9,Myntra,google_play,en,en,False,it is a good app for shopping of best quality,it is a good app for shopping of best quality,it is a good app for shopping of best quality,5,positive,0,False,10,2026-04-02 13:56:57+00:00,2026-03-30/2026-04-05,2026-04,4.2603.10
126,7b749ea8-c781-4285-b004-816885b14c43,Myntra,google_play,en,en,True,It was going to deliver on 29 th but it was showed delivery item was failed without any information to me . The last date of delivery was 1 April but it was not delivered and I called company twice. First time when I called it said it was going to deliver around 4 or 5 hours but it was not delivered so I called again and they told me that it was going to deliver around 3 to next day it still the delivery did not come and it says delivery is failed. When I called company again today there were no,it was going to deliver on 29 th but it was showed delivery item was failed without any information to me . the last date of delivery was 1 april but it was not delivered and i called company twice. first time when i called it said it was going to deliver around 4 or 5 hours but it was not delivered so i called again and they told me that it was going to deliver around 3 to next day it still the delivery did not come and it says delivery is failed. when i called company again today there were no,it was going to deliver on 29 th but it was showed delivery item was failed without any information to me . the last date of delivery was 1 april but it was not delivered and i called company twice. first time when i called it said it was going to deliver around 4 or 5 hours but it was not delivered so i called again and they told me that it was going to deliver around 3 to next day it still the delivery did not come and it says delivery is failed. when i called company again today there were no,1,complaint,0,False,103,2026-04-02 13:56:52+00:00,2026-03-30/2026-04-05,2026-04,4.2603.10
127,eb573f9c-cc08-4a78-8956-9139ff877189,Myntra,google_play,en,en,False,material is too good 👍,material is too good,material is too good,4,positive,0,False,4,2026-04-02 13:55:23+00:00,2026-03-30/2026-04-05,2026-04,4.2603.10
128,cffc5463-dc33-45ab-b851-735b583a5a01,Myntra,google_play,en,it,False,Absolutely So Amazing 😍😍🤩🤩😍😍🤩🤩,absolutely so amazing,absolutely so amazing,5,positive,0,False,3,2026-04-02 13:51:02+00:00,2026-03-30/2026-04-05,2026-04,4.2603.10
129,efe63504-35f9-4228-95c1-b82969ffa62c,Myntra,google_play,en,hr,False,good product,good product,good product,5,positive,0,False,2,2026-04-02 13:47:55+00:00,2026-03-30/2026-04-05,2026-04,4.2603.10
130,8479301e-cf17-490e-bed0-1767412822e3,Myntra,google_play,en,en,False,Great shopping with a wide fashion range. Had a really good experience with this app,great shopping with a wide fashion range. had a really good experience with this app,great shopping with a wide fashion range. had a really good experience with this app,5,positive,0,False,15,2026-04-02 13:46:34+00:00,2026-03-30/2026-04-05,2026-04,4.2602.22
131,08f3ac52-e4b8-493f-910a-8c40aa19a9ac,Myntra,google_play,en,en,False,Best shopping app so far,best shopping app so far,best shopping app so far,5,positive,0,False,5,2026-04-02 13:46:24+00:00,2026-03-30/2026-04-05,2026-04,4.2603.10
133,88fe2b88-65b9-45f0-bd8a-f3362f05740b,Myntra,google_play,en,en,False,"i am very happy with this app, the clothes and other things shown in that apps are such quality. it will not disappoint you at all. I have been frequently purchasing it from here and I really glad and happy with all the things.","i am very happy with this app, the clothes and other things shown in that apps are such quality. it will not disappoint you at all. i have been frequently purchasing it from here and i really glad and happy with all the things.","i am very happy with this app, the clothes and other things shown in that apps are such quality. it will not disappoint you at all. i have been frequently purchasing it from here and i really glad and happy with all the things.",5,positive,0,False,44,2026-04-02 13:42:53+00:00,2026-03-30/2026-04-05,2026-04,4.2603.10
134,8b42383f-b0d2-49ae-a0cc-d0389ec7ec5f,Myntra,google_play,en,en,True,Luxury delivered right on time! 💯🛍️ Myntra par hamesha authentic luxury items milte hain aur delivery speed ka toh koi jawab hi nahi. Highly recommended! 🔥 ​#MyntraApp #LuxuryStyle #FastDelivery,luxury delivered right on time! myntra par hamesha authentic luxury items milte hain aur delivery speed ka toh koi jawab hi nahi. highly recommended! myntraapp luxurystyle fastdelivery,luxury delivered right on time! myntra par hamesha authentic luxury items milte hain aur delivery speed ka toh koi jawab hi nahi. highly recommended! myntraapp luxurystyle fastdelivery,5,positive,0,False,27,2026-04-02 13:42:10+00:00,2026-03-30/2026-04-05,2026-04,4.2603.20
135,84252410-c14a-48dc-ba6a-6aebde07c52d,Myntra,google_play,en,en,False,very happy and content with Myntra. I get all the desired products here at an amazing price.,very happy and content with myntra. i get all the desired products here at an amazing price.,very happy and content with myntra. i get all the desired products here at an amazing price.,4,positive,0,False,17,2026-04-02 13:40:26+00:00,2026-03-30/2026-04-05,2026-04,4.2603.10
136,c070abd2-ca62-44c6-a481-cdd28827309d,Myntra,google_play,en,en,False,I love myntra and when they give myncash,i love myntra and when they give myncash,i love myntra and when they give myncash,5,positive,0,False,8,2026-04-02 13:35:04+00:00,2026-03-30/2026-04-05,2026-04,4.2603.10
137,3f31af77-f684-4d8d-8edd-eb0b4e089041,Myntra,google_play,en,en,True,"The app is super easy to use, and I love the personalized recommendationsand I always find amazing deals and stay updated on the latest fashion trends","the app is super easy to use, and i love the personalized recommendationsand i always find amazing deals and stay updated on the latest fashion trends","the app is super easy to use, and i love the personalized recommendationsand i always find amazing deals and stay updated on the latest fashion trends",5,positive,0,False,26,2026-04-02 13:30:19+00:00,2026-03-30/2026-04-05,2026-04,
138,e92c44c5-e507-4d42-92c5-1b4e5b4dcb2d,Myntra,google_play,en,en,False,"please stop the share load with flipkart,","please stop the share load with flipkart,","please stop the share load with flipkart,",2,complaint,0,False,7,2026-04-02 13:28:37+00:00,2026-03-30/2026-04-05,2026-04,3.37.3
140,7022c3ea-1101-4b32-bf84-64bbca6f407a,Myntra,google_play,en,af,False,it was good,it was good,it was good,5,positive,0,False,3,2026-04-02 13:20:56+00:00,2026-03-30/2026-04-05,2026-04,4.2603.10
141,c867592c-e228-4c77-a9fd-66947228c2f8,Myntra,google_play,en,no,False,Bestest app ever,bestest app ever,bestest app ever,5,positive,0,False,3,2026-04-02 13:17:11+00:00,2026-03-30/2026-04-05,2026-04,4.2603.10
142,0063e95b-e944-4be0-b544-495f468e2ca3,Myntra,google_play,en,en,False,quality of product is so good,quality of product is so good,quality of product is so good,5,positive,0,False,6,2026-04-02 13:06:43+00:00,2026-03-30/2026-04-05,2026-04,4.2603.10
144,3e5d015d-f144-4e04-a29d-dda2c4338938,Myntra,google_play,en,en,False,"Best for Plus size buyer ,big range of plus size apparels ,orignal and genuine price .","best for plus size buyer ,big range of plus size apparels ,orignal and genuine price .","best for plus size buyer ,big range of plus size apparels ,orignal and genuine price .",5,positive,0,False,16,2026-04-02 12:55:12+00:00,2026-03-30/2026-04-05,2026-04,4.2603.10
145,882d98de-35c0-4c5f-903e-a26b0ecb3a71,Myntra,google_play,en,en,False,the best shopping app for clothes till date in every single way.,the best shopping app for clothes till date in every single way.,the best shopping app for clothes till date in every single way.,5,positive,0,False,12,2026-04-02 12:53:28+00:00,2026-03-30/2026-04-05,2026-04,4.2602.11
146,e517c840-fda6-4f63-8623-1204aa00f6dd,Myntra,google_play,en,en,False,Love this shopping app!,love this shopping app!,love this shopping app!,5,positive,0,False,4,2026-04-02 12:49:09+00:00,2026-03-30/2026-04-05,2026-04,4.2603.10
147,6bf778ff-503a-4b99-8961-349451a53a25,Myntra,google_play,en,en,False,"nice experience, fast delivery without any inconvenience","nice experience, fast delivery without any inconvenience","nice experience, fast delivery without any inconvenience",4,positive,0,False,7,2026-04-02 12:45:05+00:00,2026-03-30/2026-04-05,2026-04,4.2602.22
148,62ddd621-bbea-4fd4-b930-95a03eaab7cd,Myntra,google_play,en,en,False,Deliever Quality products with competitive price and without any delay like other apps,deliever quality products with competitive price and without any delay like other apps,deliever quality products with competitive price and without any delay like other apps,5,positive,0,False,13,2026-04-02 12:44:52+00:00,2026-03-30/2026-04-05,2026-04,
149,4bd9fcc9-021c-407d-8307-4c3ad0d2ece4,Myntra,google_play,en,en,False,good app for fashionable outfits,good app for fashionable outfits,good app for fashionable outfits,5,positive,0,False,5,2026-04-02 12:41:27+00:00,2026-03-30/2026-04-05,2026-04,4.2603.20
150,8012b3c1-1c60-4678-8ea6-93dcfe1ab667,Myntra,google_play,en,en,False,good quality products. trustful app,good quality products. trustful app,good quality products. trustful app,4,positive,0,False,5,2026-04-02 12:41:06+00:00,2026-03-30/2026-04-05,2026-04,4.2603.10
151,77364799-0c68-4be6-8e84-0e75c915e06b,Myntra,google_play,en,en,False,I love this AAP,i love this aap,i love this aap,4,positive,0,False,4,2026-04-02 12:35:58+00:00,2026-03-30/2026-04-05,2026-04,4.2508.20
152,800da249-a22e-4600-aab9-d6d9721db683,Myntra,google_play,en,af,False,Vaseline's moisturizer is very good,vaseline's moisturizer is very good,vaseline's moisturizer is very good,5,positive,0,False,5,2026-04-02 12:34:39+00:00,2026-03-30/2026-04-05,2026-04,4.2602.22
153,05e148b6-31cc-4127-974e-90fcabdd5d8b,Myntra,google_play,en,en,False,awesome products at great prices,awesome products at great prices,awesome products at great prices,5,positive,0,False,5,2026-04-02 12:30:55+00:00,2026-03-30/2026-04-05,2026-04,4.2603.10
154,bda9ebe1-3f6c-4b97-aa31-ed2ccb0e77ef,Myntra,google_play,en,en,False,"Horrible Service, Dont use today is the 5th time my return has been cancelled product worth more than 11,000/-🤨 5th March delivery 6th March Return request 9th didn't pick, Cancelled then Rescheduled 12th Cancelled Return 18th Cancelled Return 23rd Cancelled Return 26th Cancelled Return 5th time same Return Cancelled, is it inefficiency or cheating? Dont use Myntra","horrible service, dont use today is the 5th time my return has been cancelled product worth more than 11,000 - 5th march delivery 6th march return request 9th didn't pick, cancelled then rescheduled 12th cancelled return 18th cancelled return 23rd cancelled return 26th cancelled return 5th time same return cancelled, is it inefficiency or cheating? dont use myntra","horrible service, dont use today is the 5th time my return has been cancelled product worth more than 11,000 - 5th march delivery 6th march return request 9th didn't pick, cancelled then rescheduled 12th cancelled return 18th cancelled return 23rd cancelled return 26th cancelled return 5th time same return cancelled, is it inefficiency or cheating? dont use myntra",1,complaint,0,False,58,2026-04-02 12:28:26+00:00,2026-03-30/2026-04-05,2026-04,
155,1fadfa9d-c06d-4059-a6d8-98bfb45fdf57,Myntra,google_play,en,fr,False,best experience,best experience,best experience,5,positive,0,False,2,2026-04-02 12:26:47+00:00,2026-03-30/2026-04-05,2026-04,4.2603.10
156,41eb487e-51c8-44d9-b69d-0dfd7a331dc0,Myntra,google_play,en,en,False,best product &cheap,best product cheap,best product cheap,5,positive,0,False,3,2026-04-02 12:26:22+00:00,2026-03-30/2026-04-05,2026-04,4.2603.10
157,fb1eef7d-b7cb-438b-946b-7c2623cdf404,Myntra,google_play,en,en,False,"The delaying of there delivery is top notch, after one month also i didn't get my order","the delaying of there delivery is top notch, after one month also i didn't get my order","the delaying of there delivery is top notch, after one month also i didn't get my order",1,complaint,0,False,17,2026-04-02 12:23:22+00:00,2026-03-30/2026-04-05,2026-04,4.2508.20
158,2c06e293-676f-4086-a079-d8453023473d,Myntra,google_play,en,en,False,Works as per expectations,works as per expectations,works as per expectations,4,positive,0,False,4,2026-04-02 12:23:06+00:00,2026-03-30/2026-04-05,2026-04,4.2603.10
159,3c1c208c-f6a1-4fbc-ab3f-bc0e5cb43e62,Myntra,google_play,en,en,False,it's ok to shop on myntra,it's ok to shop on myntra,it's ok to shop on myntra,4,positive,0,False,6,2026-04-02 12:13:02+00:00,2026-03-30/2026-04-05,2026-04,4.2603.10
160,74f14f6e-6c1c-4d8a-aa33-b84e86055c1b,Myntra,google_play,en,en,False,"i have always receive best quality love myntra,","i have always receive best quality love myntra,","i have always receive best quality love myntra,",5,positive,0,False,8,2026-04-02 12:12:25+00:00,2026-03-30/2026-04-05,2026-04,4.2603.10
162,f362d0ab-23bd-4478-b00c-62614ec4e99c,Myntra,google_play,en,en,False,best app for shopping anything you want ❤️,best app for shopping anything you want,best app for shopping anything you want,5,positive,0,False,7,2026-04-02 12:09:57+00:00,2026-03-30/2026-04-05,2026-04,4.2603.10
163,fd267e4d-ffad-44e3-b326-7aea19d1d1e2,Myntra,google_play,en,en,True,"The products I received from Myntra are genuine. The platform is very user-friendly and easy to use, and I didn’t face any issues with item exchange or refunds","the products i received from myntra are genuine. the platform is very user-friendly and easy to use, and i didn t face any issues with item exchange or refunds","the products i received from myntra are genuine. the platform is very user-friendly and easy to use, and i didn t face any issues with item exchange or refunds",5,positive,0,False,29,2026-04-02 12:04:43+00:00,2026-03-30/2026-04-05,2026-04,4.2603.10
164,1c0ea8d3-bb6b-4f98-bb5d-8ee011c71586,Myntra,google_play,en,en,False,branded and superb quality products are the most useful App for daily life,branded and superb quality products are the most useful app for daily life,branded and superb quality products are the most useful app for daily life,5,positive,0,False,13,2026-04-02 12:02:38+00:00,2026-03-30/2026-04-05,2026-04,4.2511.13
166,bc2c3615-942a-4864-ae62-6c5148f14ff9,Myntra,google_play,en,af,False,it is best 😊😊,it is best,it is best,5,positive,0,False,3,2026-04-02 11:57:43+00:00,2026-03-30/2026-04-05,2026-04,4.2603.10
167,74d5166c-18ef-4978-993f-7b251a613677,Myntra,google_play,en,af,False,it is very good,it is very good,it is very good,5,positive,0,False,4,2026-04-02 11:56:53+00:00,2026-03-30/2026-04-05,2026-04,
168,25260615-d6e8-42d9-908e-6484cdd6b569,Myntra,google_play,en,en,True,"worst delivery, and no proper customer support. My item has reached a hub very near to me, I believe it's literally walkable distance from my location but they're delaying the delivery. I asked the customer care to please share the address of the facility so I could collect it myself but they're acting as if it's a secret mission hidden location and they couldn't reveal it.","worst delivery, and no proper customer support. my item has reached a hub very near to me, i believe it's literally walkable distance from my location but they're delaying the delivery. i asked the customer care to please share the address of the facility so i could collect it myself but they're acting as if it's a secret mission hidden location and they couldn't reveal it.","worst delivery, and no proper customer support. my item has reached a hub very near to me, i believe it's literally walkable distance from my location but they're delaying the delivery. i asked the customer care to please share the address of the facility so i could collect it myself but they're acting as if it's a secret mission hidden location and they couldn't reveal it.",1,complaint,0,False,66,2026-04-02 11:54:10+00:00,2026-03-30/2026-04-05,2026-04,
169,f2d71991-e4c1-40a0-9326-68c4cc4be2f9,Myntra,google_play,en,en,True,"Very misleading pricing! The product shows 86% off at ₹181 on the main page, but when you open it, the discount drops to 62% and price jumps to ₹489. This feels like a bait-and-switch tactic.😐🤨 Extremely disappointing and breaks trust. Please show accurate pricing upfront instead of confusing customers.😒","very misleading pricing! the product shows 86 off at 181 on the main page, but when you open it, the discount drops to 62 and price jumps to 489. this feels like a bait-and-switch tactic. extremely disappointing and breaks trust. please show accurate pricing upfront instead of confusing customers.","very misleading pricing! the product shows 86 off at 181 on the main page, but when you open it, the discount drops to 62 and price jumps to 489. this feels like a bait-and-switch tactic. extremely disappointing and breaks trust. please show accurate pricing upfront instead of confusing customers.",2,complaint,0,False,49,2026-04-02 11:53:11+00:00,2026-03-30/2026-04-05,2026-04,
170,866d9410-234c-4b75-a5a7-314a7197c8e5,Myntra,google_play,en,en,False,mid rage clothes,mid rage clothes,mid rage clothes,1,complaint,0,False,3,2026-04-02 11:48:43+00:00,2026-03-30/2026-04-05,2026-04,4.2603.10
171,9d522f24-0b22-4048-a964-6643e64c08e6,Myntra,google_play,en,en,False,very convincing brands and prices,very convincing brands and prices,very convincing brands and prices,5,positive,0,False,5,2026-04-02 11:48:40+00:00,2026-03-30/2026-04-05,2026-04,
172,e831fbaf-e350-4549-8f41-35db9ebf98f0,Myntra,google_play,en,ro,False,nice platform,nice platform,nice platform,5,positive,0,False,2,2026-04-02 11:45:05+00:00,2026-03-30/2026-04-05,2026-04,4.2603.10
173,0c7a1083-0a96-41b0-b751-316f40a1afbf,Myntra,google_play,en,en,False,delivery time pr nhinn hoti h ...too much let,delivery time pr nhinn hoti h ...too much let,delivery time pr nhinn hoti h ...too much let,1,complaint,0,False,9,2026-04-02 11:40:07+00:00,2026-03-30/2026-04-05,2026-04,4.2603.10
174,cb2ecad9-056d-482e-9201-49e5154537b0,Myntra,google_play,en,en,False,Good interface and genuine products.,good interface and genuine products.,good interface and genuine products.,5,positive,0,False,5,2026-04-02 11:27:47+00:00,2026-03-30/2026-04-05,2026-04,
177,df3fb1a9-ea5e-4f1d-a653-3eb386e7e4bb,Myntra,google_play,en,en,False,"If looking for qood quality, budget friendly style, there's MYNTRA for you!","if looking for qood quality, budget friendly style, there's myntra for you!","if looking for qood quality, budget friendly style, there's myntra for you!",5,positive,0,False,12,2026-04-02 11:15:13+00:00,2026-03-30/2026-04-05,2026-04,4.2603.10
178,5190a055-8ecb-4ca6-8b9b-486d1465d85b,Myntra,google_play,en,en,False,very good app,very good app,very good app,5,positive,0,False,3,2026-04-02 11:02:21+00:00,2026-03-30/2026-04-05,2026-04,
179,5c29ea63-e7e6-4595-8bd7-e10d104b5673,Myntra,google_play,en,en,False,Not refunding money for cancelled order. very bad costumer service,not refunding money for cancelled order. very bad costumer service,not refunding money for cancelled order. very bad costumer service,1,complaint,0,False,10,2026-04-02 11:02:05+00:00,2026-03-30/2026-04-05,2026-04,4.2603.10
180,63c72115-10b4-4b68-bbe0-564166647c98,Myntra,google_play,en,en,False,excellent app I love so much from shopping on this app,excellent app i love so much from shopping on this app,excellent app i love so much from shopping on this app,5,positive,0,False,11,2026-04-02 11:01:22+00:00,2026-03-30/2026-04-05,2026-04,4.2603.10
181,c3a9fa4a-71c9-4148-9bd2-fae6cba58d43,Myntra,google_play,en,en,False,app be write but something any problem and solve that call myntra service 👍,app be write but something any problem and solve that call myntra service,app be write but something any problem and solve that call myntra service,5,positive,0,False,13,2026-04-02 10:56:33+00:00,2026-03-30/2026-04-05,2026-04,4.2603.10
182,8cac1fdc-5e21-4ffa-8adc-49049d1cb62b,Myntra,google_play,en,en,True,refund and return issue itna ziyada hai es myntra app mai ek to customer care naam k hai koi call nhi receive karta hai sirf recording chalte hai sab bar bar wahi repeat one press 2 kare or kuch nhi bar bar return request cancelled ho raha koi solution nhi hai es app mai faltu app hai yeh es Bhaut acha meesho hai customer care k naam pe recording to nhi use Karta hai,refund and return issue itna ziyada hai es myntra app mai ek to customer care naam k hai koi call nhi receive karta hai sirf recording chalte hai sab bar bar wahi repeat one press 2 kare or kuch nhi bar bar return request cancelled ho raha koi solution nhi hai es app mai faltu app hai yeh es bhaut acha meesho hai customer care k naam pe recording to nhi use karta hai,refund and return issue itna ziyada hai es myntra app mai ek to customer care naam k hai koi call nhi receive karta hai sirf recording chalte hai sab bar bar wahi repeat one press 2 kare or kuch nhi bar bar return request cancelled ho raha koi solution nhi hai es app mai faltu app hai yeh es bhaut acha meesho hai customer care k naam pe recording to nhi use karta hai,1,complaint,0,False,74,2026-04-02 10:55:41+00:00,2026-03-30/2026-04-05,2026-04,4.2508.20
184,33a302ff-a149-4cd2-b321-bce3d430dfab,Myntra,google_play,en,en,False,never delivers on time no customer support worst ecommerce shopping application,never delivers on time no customer support worst ecommerce shopping application,never delivers on time no customer support worst ecommerce shopping application,1,complaint,0,False,11,2026-04-02 10:44:08+00:00,2026-03-30/2026-04-05,2026-04,4.2603.10
185,e6004d10-f965-4c9c-ae7a-05b5763cc00a,Myntra,google_play,en,en,False,i love the great deals on this ... and the product quality definitely recommend,i love the great deals on this ... and the product quality definitely recommend,i love the great deals on this ... and the product quality definitely recommend,5,positive,0,False,14,2026-04-02 10:43:40+00:00,2026-03-30/2026-04-05,2026-04,4.2603.10
186,8ceb81c1-2840-4762-b511-75c2c03cbe67,Myntra,google_play,en,en,False,very good products nd very helpful,very good products nd very helpful,very good products nd very helpful,5,positive,0,False,6,2026-04-02 10:39:05+00:00,2026-03-30/2026-04-05,2026-04,4.2602.22
187,a3dcfb1f-0291-4dac-aeae-c42b1737e2c7,Myntra,google_play,en,en,False,Great experience loved shopping and purchasing online,great experience loved shopping and purchasing online,great experience loved shopping and purchasing online,5,positive,0,False,7,2026-04-02 10:28:21+00:00,2026-03-30/2026-04-05,2026-04,4.2603.10
188,d5b9edd2-6a87-432b-b701-fd664877d6b0,Myntra,google_play,en,en,False,very nice order,very nice order,very nice order,5,positive,0,False,3,2026-04-02 10:26:06+00:00,2026-03-30/2026-04-05,2026-04,4.2602.11
189,d50dfe16-91c8-4e0d-9803-06b869f79294,Myntra,google_play,en,en,False,I have ordered first time in online and it was the best quality products and all branded,i have ordered first time in online and it was the best quality products and all branded,i have ordered first time in online and it was the best quality products and all branded,5,positive,0,False,17,2026-04-02 10:25:24+00:00,2026-03-30/2026-04-05,2026-04,4.2603.10
190,980a855e-891a-468c-ac73-da95651c5b09,Myntra,google_play,en,fr,False,nice app ausome product,nice app ausome product,nice app ausome product,5,positive,0,False,4,2026-04-02 10:21:26+00:00,2026-03-30/2026-04-05,2026-04,4.2603.20
191,7086d9ba-0104-420b-9984-86b3a63ad098,Myntra,google_play,en,en,False,it is the best online shopping app. product is nice and on time delivery.,it is the best online shopping app. product is nice and on time delivery.,it is the best online shopping app. product is nice and on time delivery.,5,positive,0,False,14,2026-04-02 10:08:53+00:00,2026-03-30/2026-04-05,2026-04,4.2603.20
192,ff804181-cea0-485b-9f88-9f18beeaf8b4,Myntra,google_play,en,en,False,no problem is a best app,no problem is a best app,no problem is a best app,5,positive,0,False,6,2026-04-02 10:03:23+00:00,2026-03-30/2026-04-05,2026-04,4.2602.11
193,680b5653-ee4c-41c8-9b52-c34937c4285e,Myntra,google_play,en,en,False,very nice experience,very nice experience,very nice experience,5,positive,0,False,3,2026-04-02 09:53:52+00:00,2026-03-30/2026-04-05,2026-04,4.2603.10
194,db29a8e1-412f-4abc-a869-a7e5eb36e05a,Myntra,google_play,en,en,False,My experience with this app has been wonderful. Shopping has sorted with this one,my experience with this app has been wonderful. shopping has sorted with this one,my experience with this app has been wonderful. shopping has sorted with this one,5,positive,0,False,14,2026-04-02 09:45:57+00:00,2026-03-30/2026-04-05,2026-04,
195,a4936399-8a4a-49c3-8004-d3b4243b1a66,Myntra,google_play,en,en,False,Best Shopping App,best shopping app,best shopping app,5,positive,0,False,3,2026-04-02 09:42:16+00:00,2026-03-30/2026-04-05,2026-04,
196,4a3e6aed-e517-498f-b496-59293fde1c95,Myntra,google_play,en,en,True,Bought 2 shirts. Only received 1. I kept contacting customer care for 3 days 8 calls. and still nobody wants to give me my product or refund me. Everyone is afraid of taking responsibility and only cares abt good reviews and promotions. Talked to Staff and Managers but they are reluctant to take decisions. 👎👎 Myntra has degraded. the Service is not what it used to be anymore. I lost my money and my product. A customer care that doesnt even care for customers. What a joke. 👎,bought 2 shirts. only received 1. i kept contacting customer care for 3 days 8 calls. and still nobody wants to give me my product or refund me. everyone is afraid of taking responsibility and only cares abt good reviews and promotions. talked to staff and managers but they are reluctant to take decisions. myntra has degraded. the service is not what it used to be anymore. i lost my money and my product. a customer care that doesnt even care for customers. what a joke.,bought 2 shirts. only received 1. i kept contacting customer care for 3 days 8 calls. and still nobody wants to give me my product or refund me. everyone is afraid of taking responsibility and only cares abt good reviews and promotions. talked to staff and managers but they are reluctant to take decisions. myntra has degraded. the service is not what it used to be anymore. i lost my money and my product. a customer care that doesnt even care for customers. what a joke.,1,complaint,0,False,86,2026-04-02 09:32:41+00:00,2026-03-30/2026-04-05,2026-04,4.2603.10
197,9ccd034f-817e-4c65-87c4-f43b776c0a35,Myntra,google_play,en,en,False,great products,great products,great products,5,positive,0,False,2,2026-04-02 09:31:16+00:00,2026-03-30/2026-04-05,2026-04,4.2508.20
198,ce90e67a-b0d6-4819-b995-1c5ff5daa50b,Myntra,google_play,en,en,False,very good application,very good application,very good application,5,positive,0,False,3,2026-04-02 09:30:14+00:00,2026-03-30/2026-04-05,2026-04,
199,b376f053-86fd-4f89-beed-23d0b6f80104,Myntra,google_play,en,en,False,good application,good application,good application,5,positive,0,False,2,2026-04-02 09:22:09+00:00,2026-03-30/2026-04-05,2026-04,4.2603.10
200,7f7531e0-8c65-43dd-99ad-c129e31613cb,Myntra,google_play,en,fr,False,exceptional,exceptional,exceptional,5,positive,0,False,1,2026-04-02 09:19:16+00:00,2026-03-30/2026-04-05,2026-04,4.2603.10
201,be3d2955-fec6-4457-a291-3a18c59cdd94,Myntra,google_play,en,en,False,very nice this app,very nice this app,very nice this app,5,positive,0,False,4,2026-04-02 09:16:28+00:00,2026-03-30/2026-04-05,2026-04,4.2603.10
202,75d082f2-ff88-4fec-874c-d9977f78f70c,Myntra,google_play,en,en,False,love this app,love this app,love this app,5,positive,0,False,3,2026-04-02 09:14:20+00:00,2026-03-30/2026-04-05,2026-04,4.2603.10
204,3a416d16-17b4-4a72-8b4c-2cd56b5c6a49,Myntra,google_play,en,en,False,mytra sending wrong product. ordered top and Received different colour. I ordered sea green and received different colour. Wrong product received. Still pickup agent not collecting wrong product while I shared photos with product tags to myntra.,mytra sending wrong product. ordered top and received different colour. i ordered sea green and received different colour. wrong product received. still pickup agent not collecting wrong product while i shared photos with product tags to myntra.,mytra sending wrong product. ordered top and received different colour. i ordered sea green and received different colour. wrong product received. still pickup agent not collecting wrong product while i shared photos with product tags to myntra.,1,complaint,0,False,37,2026-04-02 09:01:28+00:00,2026-03-30/2026-04-05,2026-04,4.2603.10
205,acacb178-9243-4e22-a461-c8ec78342eb4,Myntra,google_play,en,en,False,awsome app product quelity and everything is good,awsome app product quelity and everything is good,awsome app product quelity and everything is good,5,positive,0,False,8,2026-04-02 08:57:29+00:00,2026-03-30/2026-04-05,2026-04,
207,0b16c1c8-bd73-47b8-bb1b-7fec7d5b8aac,Myntra,google_play,en,en,False,Best quality with vast variety of options..nice app,best quality with vast variety of options..nice app,best quality with vast variety of options..nice app,5,positive,0,False,8,2026-04-02 08:53:56+00:00,2026-03-30/2026-04-05,2026-04,4.2603.10
208,393367c5-5d7e-4215-b195-46dc99687465,Myntra,google_play,en,en,False,nice products with good quality,nice products with good quality,nice products with good quality,5,positive,0,False,5,2026-04-02 08:50:18+00:00,2026-03-30/2026-04-05,2026-04,4.2602.11
209,25fb031f-752d-493d-a32d-df1c349f5245,Myntra,google_play,en,en,False,best for online shopping,best for online shopping,best for online shopping,4,positive,0,False,4,2026-04-02 08:49:26+00:00,2026-03-30/2026-04-05,2026-04,4.2603.10
210,e642d101-882e-45dd-8b1d-13f454ed96e0,Myntra,google_play,en,en,False,"Myntra's clothes are always best,Class quality","myntra's clothes are always best,class quality","myntra's clothes are always best,class quality",5,positive,0,False,6,2026-04-02 08:48:30+00:00,2026-03-30/2026-04-05,2026-04,4.2603.10
211,8ba35b02-8221-4cc2-9a81-626d2bdd6cf2,Myntra,google_play,en,en,False,this app is amazing they're providing very good quality products,this app is amazing they're providing very good quality products,this app is amazing they're providing very good quality products,5,positive,0,False,10,2026-04-02 08:42:41+00:00,2026-03-30/2026-04-05,2026-04,4.2603.10
212,121d3ebf-6a59-4e04-b2b5-ae9e8611cdad,Myntra,google_play,en,en,False,Excellant clothes shoping app,excellant clothes shoping app,excellant clothes shoping app,5,positive,0,False,4,2026-04-02 08:29:43+00:00,2026-03-30/2026-04-05,2026-04,4.2603.10
213,59c63fac-22e1-4725-8008-6e82ac0b7d85,Myntra,google_play,en,en,False,Great quality stuff and good service,great quality stuff and good service,great quality stuff and good service,5,positive,0,False,6,2026-04-02 08:23:39+00:00,2026-03-30/2026-04-05,2026-04,4.2603.10
214,0e3b0a26-8f1b-4d55-acf8-06d90277b19e,Myntra,google_play,en,en,False,"good app , recieved fast and beat quality products","good app , recieved fast and beat quality products","good app , recieved fast and beat quality products",4,positive,0,False,9,2026-04-02 08:23:02+00:00,2026-03-30/2026-04-05,2026-04,
215,1b2a0286-4783-4a3f-a83d-6b67d4738a23,Myntra,google_play,en,en,False,The shopping experience was awesome.. The quality is so good.,the shopping experience was awesome.. the quality is so good.,the shopping experience was awesome.. the quality is so good.,5,positive,0,False,10,2026-04-02 08:17:12+00:00,2026-03-30/2026-04-05,2026-04,4.2508.20
216,1b422fc0-1e2b-4f02-98ac-814b4f0b8b14,Myntra,google_play,en,en,False,I like the app and shopping here,i like the app and shopping here,i like the app and shopping here,5,positive,0,False,7,2026-04-02 08:14:00+00:00,2026-03-30/2026-04-05,2026-04,4.2603.10
217,2d9def7c-685e-4f0d-9f78-a4946381a4c6,Myntra,google_play,en,en,False,amazing app must visit app clothes are good quality,amazing app must visit app clothes are good quality,amazing app must visit app clothes are good quality,5,positive,0,False,9,2026-04-02 08:07:14+00:00,2026-03-30/2026-04-05,2026-04,4.2603.10
218,b39dbd41-58ed-475a-a78f-4752ba519f4e,Myntra,google_play,en,cy,False,happy with myntra,happy with myntra,happy with myntra,5,positive,0,False,3,2026-04-02 07:55:35+00:00,2026-03-30/2026-04-05,2026-04,4.2603.10
219,0e11c75f-e343-440f-9fa1-8bc78bb571ec,Myntra,google_play,en,cs,False,nice products,nice products,nice products,5,positive,0,False,2,2026-04-02 07:46:32+00:00,2026-03-30/2026-04-05,2026-04,
220,5f1e6eec-0d9e-4259-9422-70d7d02e9b27,Myntra,google_play,en,en,True,"PLEASE BRING BACK MODEL IMAGES...IT SHOWS THE ACTUAL IMAGE OF THE PRODUCT...THESE AI GENERATED IMAGES ARE MISLEADING AND CREATS MORE RETURNS, SOME IMAGES HAVE THE DESIGN SOME DOESN'T..HOW ARE WE SUPPOSE TO KNOW WHETHER THE DETAILING ARE ACTUALLY PRESENT OR NOT.","please bring back model images...it shows the actual image of the product...these ai generated images are misleading and creats more returns, some images have the design some doesn't..how are we suppose to know whether the detailing are actually present or not.","please bring back model images...it shows the actual image of the product...these ai generated images are misleading and creats more returns, some images have the design some doesn't..how are we suppose to know whether the detailing are actually present or not.",5,positive,0,False,41,2026-04-02 07:43:06+00:00,2026-03-30/2026-04-05,2026-04,4.2603.10
221,0ea28a1d-fa8e-40d3-9cb1-451874117b5c,Myntra,google_play,en,sl,False,v Good super service,v good super service,v good super service,5,positive,0,False,4,2026-04-02 07:36:29+00:00,2026-03-30/2026-04-05,2026-04,
222,88551ef5-473d-41a9-975e-4e551e954806,Myntra,google_play,en,fr,False,excellent product,excellent product,excellent product,5,positive,0,False,2,2026-04-02 07:18:54+00:00,2026-03-30/2026-04-05,2026-04,4.2603.10
223,39fd9351-7e63-4db5-850a-596a9a6497a0,Myntra,google_play,en,en,False,good app shopping,good app shopping,good app shopping,5,positive,0,False,3,2026-04-02 07:14:37+00:00,2026-03-30/2026-04-05,2026-04,4.2603.10
224,85e661f4-eae9-4585-977a-9f6e98821774,Myntra,google_play,en,en,False,"I love to shop from Myntra. this app is absolutely top notch. Also they now introduce 60 mins delivery for fashion, love it.","i love to shop from myntra. this app is absolutely top notch. also they now introduce 60 mins delivery for fashion, love it.","i love to shop from myntra. this app is absolutely top notch. also they now introduce 60 mins delivery for fashion, love it.",5,positive,0,False,23,2026-04-02 07:03:58+00:00,2026-03-30/2026-04-05,2026-04,4.2603.10
225,ca696e49-d04f-4770-9492-f8f8ea6e5df3,Myntra,google_play,en,en,False,worst all my order from other phone got cancelled,worst all my order from other phone got cancelled,worst all my order from other phone got cancelled,1,complaint,0,False,9,2026-04-02 07:03:05+00:00,2026-03-30/2026-04-05,2026-04,4.2512.10
226,0119f753-eda5-4465-a120-4a85f1cbcfec,Myntra,google_play,en,en,True,"Day by day their services are going worst😡😡. I ordered a Monjolika Saree and despite the product reached to the city, they cancelled the delivery on the expected delivery date stating ""because of some unforeseen reasons and as per my request"" which I haven't requested. This happened twice with the same product and they have the audacity to tell that they don't have any authority to connect with the logistics team. Worst experience 😡😡. They will sing a song of ""Sorry Sorry"" every time.","day by day their services are going worst . i ordered a monjolika saree and despite the product reached to the city, they cancelled the delivery on the expected delivery date stating because of some unforeseen reasons and as per my request which i haven't requested. this happened twice with the same product and they have the audacity to tell that they don't have any authority to connect with the logistics team. worst experience . they will sing a song of sorry sorry every time.","day by day their services are going worst . i ordered a monjolika saree and despite the product reached to the city, they cancelled the delivery on the expected delivery date stating because of some unforeseen reasons and as per my request which i haven't requested. this happened twice with the same product and they have the audacity to tell that they don't have any authority to connect with the logistics team. worst experience . they will sing a song of sorry sorry every time.",1,complaint,0,False,85,2026-04-02 06:47:46+00:00,2026-03-30/2026-04-05,2026-04,
228,5ecda1f7-9899-45d3-86b2-48428b120f8c,Myntra,google_play,en,en,False,Great experience so far,great experience so far,great experience so far,4,positive,0,False,4,2026-04-02 06:26:34+00:00,2026-03-30/2026-04-05,2026-04,4.2603.10
229,d3a297da-24e4-4f6e-a383-5e567672e674,Myntra,google_play,en,da,False,fast delivery,fast delivery,fast delivery,5,positive,0,False,2,2026-04-02 06:23:20+00:00,2026-03-30/2026-04-05,2026-04,4.2603.10
230,902d3b14-6645-4086-bcb3-c5ee164ec35b,Myntra,google_play,en,no,False,Very very very good app for shopping.I love Myntra and I love shopping on Myntra best aap,very very very good app for shopping.i love myntra and i love shopping on myntra best aap,very very very good app for shopping.i love myntra and i love shopping on myntra best aap,5,positive,0,False,17,2026-04-02 06:20:25+00:00,2026-03-30/2026-04-05,2026-04,4.2603.10
231,3f0d401a-5125-4427-915c-20bf551583d9,Myntra,google_play,en,en,False,always received good products for it,always received good products for it,always received good products for it,5,positive,0,False,6,2026-04-02 04:26:16+00:00,2026-03-30/2026-04-05,2026-04,4.2602.11
232,e6ddd33f-a562-48a5-b5ae-73d4f63f7954,Myntra,google_play,en,en,False,It's a worthy shopping experience.,it's a worthy shopping experience.,it's a worthy shopping experience.,5,positive,0,False,5,2026-04-02 03:29:05+00:00,2026-03-30/2026-04-05,2026-04,
233,eceb5376-45a0-43d5-b0fb-4328e8b7d34b,Myntra,google_play,en,en,False,Well Well Well. Heavy App For Shoppers,well well well. heavy app for shoppers,well well well. heavy app for shoppers,5,positive,0,False,7,2026-04-02 02:29:43+00:00,2026-03-30/2026-04-05,2026-04,4.2603.10
234,e3c02e03-d873-40b9-ba5f-ed7e33a7aad3,Myntra,google_play,en,ca,False,fabulous fabric...,fabulous fabric...,fabulous fabric...,5,positive,0,False,2,2026-04-02 02:25:43+00:00,2026-03-30/2026-04-05,2026-04,4.2603.10
235,eb75ef56-734d-4e0f-be20-b099a6d5960c,Myntra,google_play,en,en,False,Good place for shopping quality products. but platform fee is very high,good place for shopping quality products. but platform fee is very high,good place for shopping quality products. but platform fee is very high,5,positive,0,False,12,2026-04-02 02:22:24+00:00,2026-03-30/2026-04-05,2026-04,4.2405.10
236,ffee47fc-82dd-43bd-b173-3db46696d2d4,Myntra,google_play,en,en,False,myntra app is one of the best online shopping with good quality,myntra app is one of the best online shopping with good quality,myntra app is one of the best online shopping with good quality,5,positive,0,False,12,2026-04-02 01:49:38+00:00,2026-03-30/2026-04-05,2026-04,4.2603.10
237,787f8598-fd01-4983-a33a-a4498131725c,Myntra,google_play,en,en,False,very helpful to avoid crowed and rubbing area,very helpful to avoid crowed and rubbing area,very helpful to avoid crowed and rubbing area,5,positive,0,False,8,2026-04-02 01:13:15+00:00,2026-03-30/2026-04-05,2026-04,4.2603.10
238,83f7075e-a5a0-4bb7-a68a-0e6a7791d4a6,Myntra,google_play,en,en,False,"Best Fashion Shopping app,","best fashion shopping app,","best fashion shopping app,",5,positive,0,False,4,2026-04-02 01:06:18+00:00,2026-03-30/2026-04-05,2026-04,
239,010436e3-2dcf-48c2-9d96-1989b96dbd06,Myntra,google_play,en,en,False,well maintained app,well maintained app,well maintained app,5,positive,0,False,3,2026-04-02 00:59:58+00:00,2026-03-30/2026-04-05,2026-04,
240,da240edb-2f5f-4766-8af6-ada70578270e,Myntra,google_play,en,en,False,"Best brands, quality and prices","best brands, quality and prices","best brands, quality and prices",5,positive,0,False,5,2026-04-02 00:53:23+00:00,2026-03-30/2026-04-05,2026-04,4.2603.10
241,0ccdd0f3-770a-4134-92f1-43b9d94c21f6,Myntra,google_play,en,no,False,best platform for shopping,best platform for shopping,best platform for shopping,4,positive,0,False,4,2026-04-02 00:37:19+00:00,2026-03-30/2026-04-05,2026-04,4.2603.10
242,2397d804-3c13-43f4-873c-0d2543b02914,Myntra,google_play,en,en,False,i just love this app,i just love this app,i just love this app,5,positive,0,False,5,2026-04-02 00:35:53+00:00,2026-03-30/2026-04-05,2026-04,4.2603.10
243,c32df8c6-fe08-4225-8793-c45d41dc7350,Myntra,google_play,en,en,False,"Absolutely pathetic service from Myntra. My order was cancelled after making me wait for days, with no proper reason given. This is completely unacceptable and shows how careless and unprofessional the company is. Why list products if you can’t even fulfill orders? This is nothing but misleading customers and wasting their time. I trusted Myntra based on its reputation, but this experience has been frustrating and disappointing. no proper communication, and zero respect for customers.","absolutely pathetic service from myntra. my order was cancelled after making me wait for days, with no proper reason given. this is completely unacceptable and shows how careless and unprofessional the company is. why list products if you can t even fulfill orders? this is nothing but misleading customers and wasting their time. i trusted myntra based on its reputation, but this experience has been frustrating and disappointing. no proper communication, and zero respect for customers.","absolutely pathetic service from myntra. my order was cancelled after making me wait for days, with no proper reason given. this is completely unacceptable and shows how careless and unprofessional the company is. why list products if you can t even fulfill orders? this is nothing but misleading customers and wasting their time. i trusted myntra based on its reputation, but this experience has been frustrating and disappointing. no proper communication, and zero respect for customers.",1,complaint,0,False,76,2026-04-02 00:25:34+00:00,2026-03-30/2026-04-05,2026-04,4.2603.10
244,972e6b66-34d3-482d-9a0d-39e9af34b461,Myntra,google_play,en,en,False,good I believe then,good i believe then,good i believe then,5,positive,0,False,4,2026-04-02 00:19:34+00:00,2026-03-30/2026-04-05,2026-04,4.2602.22
245,0e45264a-217d-4960-97b1-22b9ee4716b9,Myntra,google_play,en,en,False,Authentic&true product..packaging good.love to shop myntra in such decent price.discount available occassionally.so pocket friendly also.delivery speed is also good.,authentic true product..packaging good.love to shop myntra in such decent price.discount available occassionally.so pocket friendly also.delivery speed is also good.,authentic true product..packaging good.love to shop myntra in such decent price.discount available occassionally.so pocket friendly also.delivery speed is also good.,5,positive,0,False,20,2026-04-02 00:17:20+00:00,2026-03-30/2026-04-05,2026-04,4.2603.10
246,36a64c65-5cf1-4550-91da-585289f2f10f,Myntra,google_play,en,sw,False,faltu app ahee ky kama che kapde nyy nusta half kapde akal ny kaa,faltu app ahee ky kama che kapde nyy nusta half kapde akal ny kaa,faltu app ahee ky kama che kapde nyy nusta half kapde akal ny kaa,1,complaint,1,False,14,2026-04-02 00:15:24+00:00,2026-03-30/2026-04-05,2026-04,
247,6a4779f9-def5-4015-98c7-e8902e7023ec,Myntra,google_play,en,en,False,fabulous things in affordable prices,fabulous things in affordable prices,fabulous things in affordable prices,5,positive,0,False,5,2026-04-02 00:12:15+00:00,2026-03-30/2026-04-05,2026-04,4.2603.10
248,587136ce-6a0b-4643-8e39-7a4b85bbeaae,Myntra,google_play,en,ro,False,superb product,superb product,superb product,5,positive,0,False,2,2026-04-02 00:04:35+00:00,2026-03-30/2026-04-05,2026-04,4.2603.10
249,bbe65fc0-058c-435c-8bc2-28ebd9d86dfb,Myntra,google_play,en,en,False,"I have return my 2 parcel and delivery person pickup from my side, but still there is no update status and I didn't get my refund... what is this myntra... I am requesting you to kindly fix my problems... I want my refund any how... either I'll take next step for this thank you...!","i have return my 2 parcel and delivery person pickup from my side, but still there is no update status and i didn't get my refund... what is this myntra... i am requesting you to kindly fix my problems... i want my refund any how... either i'll take next step for this thank you...!","i have return my 2 parcel and delivery person pickup from my side, but still there is no update status and i didn't get my refund... what is this myntra... i am requesting you to kindly fix my problems... i want my refund any how... either i'll take next step for this thank you...!",1,complaint,0,False,54,2026-04-02 00:01:03+00:00,2026-03-30/2026-04-05,2026-04,4.2603.10
250,1940cd4f-cc49-4444-bb3d-495d9ac2a928,Myntra,google_play,en,en,False,"The quality of action brand running shoes were super awesome 🥰.. I have ordered other dresses as well from myntra, the price and quality is unbeatable.. 🥳","the quality of action brand running shoes were super awesome .. i have ordered other dresses as well from myntra, the price and quality is unbeatable..","the quality of action brand running shoes were super awesome .. i have ordered other dresses as well from myntra, the price and quality is unbeatable..",5,positive,0,False,26,2026-04-01 23:51:11+00:00,2026-03-30/2026-04-05,2026-04,
251,521fd343-2b07-4a9f-b48b-dce4a3f6344c,Myntra,google_play,en,pl,False,nyc choice,nyc choice,nyc choice,5,positive,0,False,2,2026-04-01 23:51:04+00:00,2026-03-30/2026-04-05,2026-04,4.2602.22
252,b8e05928-986c-4b2b-9773-619a9e88377e,Myntra,google_play,en,en,False,"I’ve been shopping on Myntra for a while now, and honestly, it never disappoints. The variety, quality, and smooth delivery always make the experience so easy and satisfying. I really appreciate how reliable everything feels it makes me come back again and again.","i ve been shopping on myntra for a while now, and honestly, it never disappoints. the variety, quality, and smooth delivery always make the experience so easy and satisfying. i really appreciate how reliable everything feels it makes me come back again and again.","i ve been shopping on myntra for a while now, and honestly, it never disappoints. the variety, quality, and smooth delivery always make the experience so easy and satisfying. i really appreciate how reliable everything feels it makes me come back again and again.",4,positive,0,False,44,2026-04-01 23:40:09+00:00,2026-03-30/2026-04-05,2026-04,4.2602.11
253,3f8c4344-79d8-42c1-9a51-23e552a03510,Myntra,google_play,en,en,False,Myntra has come a long way and you deserve 5 star keep up the game 👍👍👍,myntra has come a long way and you deserve 5 star keep up the game,myntra has come a long way and you deserve 5 star keep up the game,5,positive,0,False,15,2026-04-01 23:39:21+00:00,2026-03-30/2026-04-05,2026-04,4.2603.10
254,4930058b-46c8-4971-9c4d-f6e0f4c0073c,Myntra,google_play,en,kn,False,ಸೂಪರ್ ಅಪ್ಲಿಕೇಶನ್ ತುಂಬಾ ಚನ್ನಾಗಿ ಇದೆ ಮತ್ತೆ ಉಪಯೋಗ ಮಾಡುವಾಗ ತುಂಬಾ ಈಜಿ ಅನ್ಸುತ್ತೆ ಉಪಯುಕ್ತ ಮಾಹಿತಿ ಮತ್ತು ತುಂಬಾ ಚನ್ನಾಗಿ ಇರೋ ಪ್ರಾಡಕ್ಟ್ಗಳು ಕಡಿಮೆ ದುಡ್ಡಿನಲ್ಲಿ ಸಿಗುತ್ತೆ,ಸ ಪರ ಅಪ ಲ ಕ ಶನ ತ ಬ ಚನ ನ ಗ ಇದ ಮತ ತ ಉಪಯ ಗ ಮ ಡ ವ ಗ ತ ಬ ಈಜ ಅನ ಸ ತ ತ ಉಪಯ ಕ ತ ಮ ಹ ತ ಮತ ತ ತ ಬ ಚನ ನ ಗ ಇರ ಪ ರ ಡಕ ಟ ಗಳ ಕಡ ಮ ದ ಡ ಡ ನಲ ಲ ಸ ಗ ತ ತ,ಸ ಪರ ಅಪ ಲ ಕ ಶನ ತ ಬ ಚನ ನ ಗ ಇದ ಮತ ತ ಉಪಯ ಗ ಮ ಡ ವ ಗ ತ ಬ ಈಜ ಅನ ಸ ತ ತ ಉಪಯ ಕ ತ ಮ ಹ ತ ಮತ ತ ತ ಬ ಚನ ನ ಗ ಇರ ಪ ರ ಡಕ ಟ ಗಳ ಕಡ ಮ ದ ಡ ಡ ನಲ ಲ ಸ ಗ ತ ತ,5,positive,0,False,57,2026-04-01 23:24:08+00:00,2026-03-30/2026-04-05,2026-04,4.2603.10
255,167ccacc-69d8-4a0f-8e53-f8ea506f8c64,Myntra,google_play,en,en,False,I would say myntra is a most trusted shopping portal nd loyal to their customers. I love myntra...,i would say myntra is a most trusted shopping portal nd loyal to their customers. i love myntra...,i would say myntra is a most trusted shopping portal nd loyal to their customers. i love myntra...,5,positive,0,False,18,2026-04-01 23:22:12+00:00,2026-03-30/2026-04-05,2026-04,4.2603.10
256,ae8917c9-c54a-46de-acf5-66266454bd95,Myntra,google_play,en,no,False,user Friendly app,user friendly app,user friendly app,5,positive,0,False,3,2026-04-01 23:21:36+00:00,2026-03-30/2026-04-05,2026-04,4.2603.10
257,9586ea29-ecfa-4a05-be4c-607e6a80a246,Myntra,google_play,en,en,True,bhut acha app hai,bhut acha app hai,bhut acha app hai,5,positive,0,False,4,2026-04-01 23:17:16+00:00,2026-03-30/2026-04-05,2026-04,4.2603.10
258,4d0a0292-47ea-4ef9-8c12-d0800a55d8cd,Myntra,google_play,en,en,False,"I really liked this app because of the quality, and i love myntra because of the log discount prices. It still quality also good...😁👍🏻","i really liked this app because of the quality, and i love myntra because of the log discount prices. it still quality also good...","i really liked this app because of the quality, and i love myntra because of the log discount prices. it still quality also good...",5,positive,0,False,24,2026-04-01 23:14:41+00:00,2026-03-30/2026-04-05,2026-04,4.2603.10
259,4bc88ae1-4c70-4f5d-99fc-012052d196a8,Myntra,google_play,en,en,False,"superb service, either in terms of exchange or return and the quality of everything is too good 👍🏻👍🏻","superb service, either in terms of exchange or return and the quality of everything is too good","superb service, either in terms of exchange or return and the quality of everything is too good",5,positive,0,False,17,2026-04-01 23:06:50+00:00,2026-03-30/2026-04-05,2026-04,4.2602.22
261,e5f60a13-9d93-42ce-ac57-a9f8e5740f7e,Myntra,google_play,en,en,False,I got latest design kurti on Myntra. it's little costly but fabric or designs are really gud. you can get every type dress in Myntra. I really like this shopping app,i got latest design kurti on myntra. it's little costly but fabric or designs are really gud. you can get every type dress in myntra. i really like this shopping app,i got latest design kurti on myntra. it's little costly but fabric or designs are really gud. you can get every type dress in myntra. i really like this shopping app,5,positive,0,False,31,2026-04-01 22:56:41+00:00,2026-03-30/2026-04-05,2026-04,4.2603.10
262,430ea1d4-ea30-4dab-9890-519ed36007d6,Myntra,google_play,en,en,False,"Worst app! Delayed orders, nonsense delivery guy. You will not only get your order they will give you anger and impatience also","worst app! delayed orders, nonsense delivery guy. you will not only get your order they will give you anger and impatience also","worst app! delayed orders, nonsense delivery guy. you will not only get your order they will give you anger and impatience also",1,complaint,1,False,22,2026-04-01 22:54:05+00:00,2026-03-30/2026-04-05,2026-04,
264,67090b4a-ea35-4d85-9802-7dde2c7a3b45,Myntra,google_play,en,en,False,"totaly 3rd class service,ordered delivery person reached nearest my location,then call me and confirm exact location,then cancel the order without any information.","totaly 3rd class service,ordered delivery person reached nearest my location,then call me and confirm exact location,then cancel the order without any information.","totaly 3rd class service,ordered delivery person reached nearest my location,then call me and confirm exact location,then cancel the order without any information.",1,complaint,0,False,22,2026-04-01 22:53:23+00:00,2026-03-30/2026-04-05,2026-04,4.2603.10
265,f05fd3f1-f6d1-4cac-bf3f-9f3c6aeaa7df,Myntra,google_play,en,en,False,Myntra aap best fashion hai,myntra aap best fashion hai,myntra aap best fashion hai,5,positive,0,False,5,2026-04-01 22:52:12+00:00,2026-03-30/2026-04-05,2026-04,
266,c4a9543e-0dcc-4367-bb30-acc1dc6ae1f4,Myntra,google_play,en,en,False,"Had a great shopping experience on Myntra! The collection is amazing, delivery was super fast, and the product quality is top-notch. Loved the easy returns and discounts too. Definitely my go-to app for fashion!","had a great shopping experience on myntra! the collection is amazing, delivery was super fast, and the product quality is top-notch. loved the easy returns and discounts too. definitely my go-to app for fashion!","had a great shopping experience on myntra! the collection is amazing, delivery was super fast, and the product quality is top-notch. loved the easy returns and discounts too. definitely my go-to app for fashion!",5,positive,0,False,34,2026-04-01 22:51:25+00:00,2026-03-30/2026-04-05,2026-04,
267,2ad56dbf-c692-4b3f-9d39-5774f88d9a4f,Myntra,google_play,en,en,False,it's nice and amazing app and product quality also very nice all over experience very good,it's nice and amazing app and product quality also very nice all over experience very good,it's nice and amazing app and product quality also very nice all over experience very good,5,positive,0,False,16,2026-04-01 22:51:20+00:00,2026-03-30/2026-04-05,2026-04,4.2603.10
268,6416f922-bce9-476e-9265-5d61ba4fb4bd,Myntra,google_play,en,en,False,always timely delivered,always timely delivered,always timely delivered,5,positive,0,False,3,2026-04-01 22:50:38+00:00,2026-03-30/2026-04-05,2026-04,4.2602.22
269,a29e659b-35ce-47e7-ba05-55820d5b9ca6,Myntra,google_play,en,en,True,"worst ui and broken workflows. no body spoke to me I requested for a call back and they asking feedback in message. that popup of recent experience of customer interaction not sure which product manager developed. if u give negative experience, it wouldn't take the feedback itself.","worst ui and broken workflows. no body spoke to me i requested for a call back and they asking feedback in message. that popup of recent experience of customer interaction not sure which product manager developed. if u give negative experience, it wouldn't take the feedback itself.","worst ui and broken workflows. no body spoke to me i requested for a call back and they asking feedback in message. that popup of recent experience of customer interaction not sure which product manager developed. if u give negative experience, it wouldn't take the feedback itself.",1,complaint,0,False,47,2026-04-01 22:42:28+00:00,2026-03-30/2026-04-05,2026-04,
270,0ef88f69-8b87-44b0-bc79-2d8daab5a76c,Myntra,google_play,en,et,False,v Hloo aa bb mm hmm k hmm mm. mmkk ll ki,v hloo aa bb mm hmm k hmm mm. mmkk ll ki,v hloo aa bb mm hmm k hmm mm. mmkk ll ki,1,complaint,0,False,12,2026-04-01 22:41:33+00:00,2026-03-30/2026-04-05,2026-04,4.2603.10
271,db8e1d8a-f3c2-4128-b47c-bf15e54b77b2,Myntra,google_play,en,en,False,really good and authentic app,really good and authentic app,really good and authentic app,5,positive,0,False,5,2026-04-01 22:35:50+00:00,2026-03-30/2026-04-05,2026-04,4.2603.10
273,6807c630-bf01-406b-b39c-c5006122b450,Myntra,google_play,en,cy,False,good 👍🏻 apps myntra,good apps myntra,good apps myntra,5,positive,0,False,3,2026-04-01 22:27:05+00:00,2026-03-30/2026-04-05,2026-04,4.2603.10
274,e8563c48-4acc-41a7-ae14-2a6fc31c10f1,Myntra,google_play,en,en,False,nice shopping app,nice shopping app,nice shopping app,5,positive,0,False,3,2026-04-01 22:24:53+00:00,2026-03-30/2026-04-05,2026-04,4.2603.10
275,cc2779bc-84e7-4a07-a141-83f06e7ad2ce,Myntra,google_play,en,sw,False,it was amazing,it was amazing,it was amazing,5,positive,0,False,3,2026-04-01 22:24:02+00:00,2026-03-30/2026-04-05,2026-04,4.2603.10
276,1a15caef-853f-4e9d-ba82-870578af4a6f,Myntra,google_play,en,en,False,my experience is good for this app,my experience is good for this app,my experience is good for this app,5,positive,0,False,7,2026-04-01 22:19:25+00:00,2026-03-30/2026-04-05,2026-04,4.2603.10
277,9b94c6a0-7072-44d9-8f8a-cbd8a3a752cb,Myntra,google_play,en,en,False,myntra is the best app for shopping in best prize,myntra is the best app for shopping in best prize,myntra is the best app for shopping in best prize,5,positive,0,False,10,2026-04-01 22:14:22+00:00,2026-03-30/2026-04-05,2026-04,4.2603.10
278,de2152f1-ea53-4053-aa65-8c0e8d4a2c7f,Myntra,google_play,en,it,False,all time favorite app,all time favorite app,all time favorite app,5,positive,0,False,4,2026-04-01 22:13:50+00:00,2026-03-30/2026-04-05,2026-04,4.2603.10
279,b5969308-7322-43f1-ae16-6d8c390eb775,Myntra,google_play,en,en,False,delivery is too fast and the product quality is amazing and moisturiser gel is totally oil free and good for skin,delivery is too fast and the product quality is amazing and moisturiser gel is totally oil free and good for skin,delivery is too fast and the product quality is amazing and moisturiser gel is totally oil free and good for skin,5,positive,0,False,21,2026-04-01 22:13:17+00:00,2026-03-30/2026-04-05,2026-04,4.2603.10
280,6223f5d3-07ba-4962-84ef-b817c4906a09,Myntra,google_play,en,en,False,fast and trusted app,fast and trusted app,fast and trusted app,5,positive,0,False,4,2026-04-01 22:03:53+00:00,2026-03-30/2026-04-05,2026-04,4.2603.10
281,c48cc313-7bf8-4d54-a34d-9bb1ee17d757,Myntra,google_play,en,af,False,looks great.,looks great.,looks great.,5,positive,0,False,2,2026-04-01 21:56:01+00:00,2026-03-30/2026-04-05,2026-04,
282,86e344d3-c491-4022-864a-7be5bd853677,Myntra,google_play,en,en,True,It’s cheaper to buy from the local market than to pay a ₹23 platform fee for each product...,it s cheaper to buy from the local market than to pay a 23 platform fee for each product...,it s cheaper to buy from the local market than to pay a 23 platform fee for each product...,1,complaint,0,False,19,2026-04-01 21:55:23+00:00,2026-03-30/2026-04-05,2026-04,4.2603.10
283,581fbcd8-22ab-43dc-9f90-770a9f6d2ec5,Myntra,google_play,en,en,False,Very good products,very good products,very good products,5,positive,0,False,3,2026-04-01 21:53:10+00:00,2026-03-30/2026-04-05,2026-04,4.2603.10
284,f062bda9-c7c7-4921-bbe1-59da08f093a3,Myntra,google_play,en,en,True,i bought a sandal from myntra however the brand tag was missing while the product was delivered now first i raised the complaint regarding the product but the customer care team denied it saying that the product was delivered in a good condition now i wanted to return it then the barcode of the yellow seal tag is mismatched so delivery boy put the product on hold for the approval of that mismatched seal tag i have called several times to the customer care team but no action has taken. worst app.,i bought a sandal from myntra however the brand tag was missing while the product was delivered now first i raised the complaint regarding the product but the customer care team denied it saying that the product was delivered in a good condition now i wanted to return it then the barcode of the yellow seal tag is mismatched so delivery boy put the product on hold for the approval of that mismatched seal tag i have called several times to the customer care team but no action has taken. worst app.,i bought a sandal from myntra however the brand tag was missing while the product was delivered now first i raised the complaint regarding the product but the customer care team denied it saying that the product was delivered in a good condition now i wanted to return it then the barcode of the yellow seal tag is mismatched so delivery boy put the product on hold for the approval of that mismatched seal tag i have called several times to the customer care team but no action has taken. worst app.,1,complaint,0,False,92,2026-04-01 21:51:11+00:00,2026-03-30/2026-04-05,2026-04,4.2508.20
285,628d0633-d95f-4a13-9292-5f2b6ea38484,Myntra,google_play,en,en,False,This is really good app.,this is really good app.,this is really good app.,5,positive,0,False,5,2026-04-01 21:46:23+00:00,2026-03-30/2026-04-05,2026-04,4.2603.10
286,3dbafdcc-e99a-4940-b397-6e9986da0705,Myntra,google_play,en,en,False,All major brands with quality and wide range of collection... Also great discount offers. Highly recommend ❤️,all major brands with quality and wide range of collection... also great discount offers. highly recommend,all major brands with quality and wide range of collection... also great discount offers. highly recommend,5,positive,0,False,16,2026-04-01 21:45:55+00:00,2026-03-30/2026-04-05,2026-04,
287,925eb8d2-6200-4452-ab0d-8e7401ec65a4,Myntra,google_play,en,id,False,"ek baar batao, myntra ke icon me birthday cap pura saal bhar lga kr scam krte ho kya? kyuki offer to kuch badhiya hota nahi. koi coupon code nahi, saal bhar wahi ghisa pita price hi rehta hai. Eid me bhi koi offer nahi, socha tha kuch badhiya lene ka lekin coupon hi available nahi. befaltu ka birthday icon lga rakha hai pura saal bhar. ek din ka birthday hota to kuch alag baat, tum to saal bhar wahi topi lga kr rakha hai. lgta hai logo ko topi pehnane ka ninja technique hai","ek baar batao, myntra ke icon me birthday cap pura saal bhar lga kr scam krte ho kya? kyuki offer to kuch badhiya hota nahi. koi coupon code nahi, saal bhar wahi ghisa pita price hi rehta hai. eid me bhi koi offer nahi, socha tha kuch badhiya lene ka lekin coupon hi available nahi. befaltu ka birthday icon lga rakha hai pura saal bhar. ek din ka birthday hota to kuch alag baat, tum to saal bhar wahi topi lga kr rakha hai. lgta hai logo ko topi pehnane ka ninja technique hai","ek baar batao, myntra ke icon me birthday cap pura saal bhar lga kr scam krte ho kya? kyuki offer to kuch badhiya hota nahi. koi coupon code nahi, saal bhar wahi ghisa pita price hi rehta hai. eid me bhi koi offer nahi, socha tha kuch badhiya lene ka lekin coupon hi available nahi. befaltu ka birthday icon lga rakha hai pura saal bhar. ek din ka birthday hota to kuch alag baat, tum to saal bhar wahi topi lga kr rakha hai. lgta hai logo ko topi pehnane ka ninja technique hai",2,complaint,0,False,94,2026-04-01 21:44:30+00:00,2026-03-30/2026-04-05,2026-04,4.2602.11
288,aafd838c-784a-4365-bd6d-768c1ff34425,Myntra,google_play,en,tl,False,Good shoping app,good shoping app,good shoping app,5,positive,0,False,3,2026-04-01 21:41:08+00:00,2026-03-30/2026-04-05,2026-04,4.2602.11
289,17b28c40-9616-464b-9f00-9333dfc1a149,Myntra,google_play,en,en,False,one of the most satisfying experiences with quality products ...,one of the most satisfying experiences with quality products ...,one of the most satisfying experiences with quality products ...,5,positive,0,False,10,2026-04-01 21:33:04+00:00,2026-03-30/2026-04-05,2026-04,4.2603.10
291,0054830b-04f9-4c0f-9af1-59c3f619d962,Myntra,google_play,en,en,False,good but in some areas delivery is not अवेलेबल this is main problem,good but in some areas delivery is not अवेलेबल this is main problem,good but in some areas delivery is not अवेलेबल this is main problem,3,mixed,0,False,13,2026-04-01 21:27:43+00:00,2026-03-30/2026-04-05,2026-04,4.2603.10
292,4f697f10-d5a4-461a-b2fd-25e2b49f92b6,Myntra,google_play,en,da,False,Best store ever,best store ever,best store ever,5,positive,0,False,3,2026-04-01 21:26:56+00:00,2026-03-30/2026-04-05,2026-04,4.2602.22
293,35e661a9-6e27-454a-9673-437f02c096e2,Myntra,google_play,en,en,False,very nice all items,very nice all items,very nice all items,5,positive,0,False,4,2026-04-01 21:24:34+00:00,2026-03-30/2026-04-05,2026-04,4.2603.10
294,f5b21a8b-4f4e-4106-90d0-50cf397580f9,Myntra,google_play,en,en,False,Third Class service after 5 days no parcel delivery no any update Only show 1 day delivery but no any update third class service,third class service after 5 days no parcel delivery no any update only show 1 day delivery but no any update third class service,third class service after 5 days no parcel delivery no any update only show 1 day delivery but no any update third class service,1,complaint,0,False,24,2026-04-01 21:24:00+00:00,2026-03-30/2026-04-05,2026-04,4.2603.10
295,6d7ddd50-8697-4666-ad19-393b6fafd1d0,Myntra,google_play,en,en,False,good product I liked very much,good product i liked very much,good product i liked very much,5,positive,0,False,6,2026-04-01 21:19:33+00:00,2026-03-30/2026-04-05,2026-04,
296,82e4b2a0-33b7-4ea5-9371-11f76d96319a,Myntra,google_play,en,en,False,Platform fees is too High,platform fees is too high,platform fees is too high,1,complaint,0,False,5,2026-04-01 21:19:21+00:00,2026-03-30/2026-04-05,2026-04,
298,f8c34738-7c8c-40c6-91f2-22a6a7e71bf7,Myntra,google_play,en,en,False,Nice app giving people a way to get quality clothes just sitting at home,nice app giving people a way to get quality clothes just sitting at home,nice app giving people a way to get quality clothes just sitting at home,5,positive,0,False,14,2026-04-01 21:13:33+00:00,2026-03-30/2026-04-05,2026-04,4.2603.10
299,6baf4316-1fcc-4fad-b1df-b66aa34c4393,Myntra,google_play,en,en,False,one of the most trusted platform for fashion,one of the most trusted platform for fashion,one of the most trusted platform for fashion,5,positive,0,False,8,2026-04-01 21:12:13+00:00,2026-03-30/2026-04-05,2026-04,4.2603.10
300,14bdcce5-0ced-4ade-9a7a-f8a093941db1,Myntra,google_play,en,ro,False,products are genuine,products are genuine,products are genuine,5,positive,0,False,3,2026-04-01 21:12:02+00:00,2026-03-30/2026-04-05,2026-04,4.2602.11
301,e6813e33-9e77-4f60-b6e0-4a2541331e53,Myntra,google_play,en,en,True,"This is one of the worst e-commerce platforms I have ever used. They cancelled my order, delayed my replacement, and I have been trying to contact them since my first order, but I never got connected. Every time I tried, the call got disconnected automatically.","this is one of the worst e-commerce platforms i have ever used. they cancelled my order, delayed my replacement, and i have been trying to contact them since my first order, but i never got connected. every time i tried, the call got disconnected automatically.","this is one of the worst e-commerce platforms i have ever used. they cancelled my order, delayed my replacement, and i have been trying to contact them since my first order, but i never got connected. every time i tried, the call got disconnected automatically.",1,complaint,0,False,45,2026-04-01 21:07:07+00:00,2026-03-30/2026-04-05,2026-04,4.2603.10
302,c52059bf-f718-4765-90ec-8517ee41c2c5,Myntra,google_play,en,en,False,beautifull color...good price...must buy,beautifull color...good price...must buy,beautifull color...good price...must buy,5,positive,0,False,4,2026-04-01 21:03:50+00:00,2026-03-30/2026-04-05,2026-04,4.2603.10
303,612f5f00-3d5d-4a2e-9a19-94294da015f3,Myntra,google_play,en,en,False,"very nice app, the material quality is always superb","very nice app, the material quality is always superb","very nice app, the material quality is always superb",5,positive,0,False,9,2026-04-01 20:59:22+00:00,2026-03-30/2026-04-05,2026-04,4.2602.22
304,cdd7c43e-a615-4e72-82d5-8b6e0c2df364,Myntra,google_play,en,en,False,"i recently had a very bad experience with Myntra executive and customer care support. they are delivering cheap brand products and after we place return, we are not getting any response. They are simply playing game on us and taking money.","i recently had a very bad experience with myntra executive and customer care support. they are delivering cheap brand products and after we place return, we are not getting any response. they are simply playing game on us and taking money.","i recently had a very bad experience with myntra executive and customer care support. they are delivering cheap brand products and after we place return, we are not getting any response. they are simply playing game on us and taking money.",1,complaint,0,False,41,2026-04-01 20:54:37+00:00,2026-03-30/2026-04-05,2026-04,4.2603.10
305,23673acb-263d-4c15-9fd3-acabcdebfb84,Myntra,google_play,en,en,False,very good experience. Good brands and products.,very good experience. good brands and products.,very good experience. good brands and products.,5,positive,0,False,7,2026-04-01 20:53:04+00:00,2026-03-30/2026-04-05,2026-04,4.2602.22
307,f59e4e45-021a-4435-8e59-72a05c51cdd1,Myntra,google_play,en,en,False,happy to use,happy to use,happy to use,5,positive,0,False,3,2026-04-01 20:50:34+00:00,2026-03-30/2026-04-05,2026-04,4.2602.22
308,97012a7b-c692-485e-9761-778466869586,Myntra,google_play,en,en,False,why charging 23 plateform even flipkart charging only 7 rs you bhikhmange Myntra,why charging 23 plateform even flipkart charging only 7 rs you bhikhmange myntra,why charging 23 plateform even flipkart charging only 7 rs you bhikhmange myntra,1,complaint,0,False,13,2026-04-01 20:50:06+00:00,2026-03-30/2026-04-05,2026-04,
309,473bd34b-17c7-450e-96f1-63674a4f21aa,Myntra,google_play,en,en,False,easy to buy n use,easy to buy n use,easy to buy n use,5,positive,0,False,5,2026-04-01 20:43:40+00:00,2026-03-30/2026-04-05,2026-04,
310,d9d0a063-5219-4ae3-b9f1-ba87dfc55c2d,Myntra,google_play,en,en,True,"I am extremely disappointed with this experience. I did not receive my order, yet it was marked as “delivered.” It appears that the delivery boy has kept the product himself instead of delivering it to me. This is completely unacceptable and raises serious concerns about the service and trust. I request an immediate investigation into this matter and a full refund or re-delivery of my order as soon as possible. Kindly take strict action and ensure such incidents do not happen again.","i am extremely disappointed with this experience. i did not receive my order, yet it was marked as delivered. it appears that the delivery boy has kept the product himself instead of delivering it to me. this is completely unacceptable and raises serious concerns about the service and trust. i request an immediate investigation into this matter and a full refund or re-delivery of my order as soon as possible. kindly take strict action and ensure such incidents do not happen again.","i am extremely disappointed with this experience. i did not receive my order, yet it was marked as delivered. it appears that the delivery boy has kept the product himself instead of delivering it to me. this is completely unacceptable and raises serious concerns about the service and trust. i request an immediate investigation into this matter and a full refund or re-delivery of my order as soon as possible. kindly take strict action and ensure such incidents do not happen again.",2,complaint,0,False,82,2026-04-01 20:35:37+00:00,2026-03-30/2026-04-05,2026-04,4.2603.10
311,2877bbe5-6a98-413e-89f4-02f985d208f1,Myntra,google_play,en,af,False,very good.,very good.,very good.,5,positive,0,False,2,2026-04-01 20:30:52+00:00,2026-03-30/2026-04-05,2026-04,4.2602.22
312,50daab43-3b7e-47d3-a906-5c0d2e197e10,Myntra,google_play,en,fr,False,super app genuine products,super app genuine products,super app genuine products,5,positive,0,False,4,2026-04-01 20:30:28+00:00,2026-03-30/2026-04-05,2026-04,
313,fa730d85-a6fd-42bf-bdcd-9d134c69b8d1,Myntra,google_play,hi,hi,False,बहुत बेकार ऐप है,बहुत बेकार ऐप है,बहुत बेकार ऐप है,1,complaint,0,False,4,2026-03-30 11:37:40+00:00,2026-03-30/2026-04-05,2026-03,4.2603.10
314,778bb31d-3ce8-4c99-96de-a9837a9686b0,Myntra,google_play,hi,so,False,bahut badhiya,bahut badhiya,bahut badhiya,5,positive,0,False,2,2026-03-29 10:34:04+00:00,2026-03-23/2026-03-29,2026-03,4.2603.10
315,77a20207-f710-4706-844e-8c5d5a963bd1,Myntra,google_play,hi,ro,False,nice product not pirc,nice product not pirc,nice product not pirc,5,positive,0,False,4,2026-03-24 19:01:55+00:00,2026-03-23/2026-03-29,2026-03,4.2602.22
316,68ba8137-1e7f-45ec-bdaa-e718b608bcf9,Myntra,google_play,hi,hi,False,बढ़िया सर्विस है,बढ़िया सर्विस है,बढ़िया सर्विस है,5,positive,0,False,3,2026-03-24 16:05:14+00:00,2026-03-23/2026-03-29,2026-03,4.2602.22
317,0b95eedb-3052-4738-9179-0e659b9f7153,Myntra,google_play,hi,en,True,sach me bahut accha app hai sabse sasti chij milti hai,sach me bahut accha app hai sabse sasti chij milti hai,sach me bahut accha app hai sabse sasti chij milti hai,5,positive,0,False,11,2026-03-24 11:36:48+00:00,2026-03-23/2026-03-29,2026-03,
318,ee1f7c31-3488-4859-bbb7-7ed029cc1b81,Myntra,google_play,hi,en,False,very good sarvice,very good sarvice,very good sarvice,5,positive,0,False,3,2026-03-20 17:54:22+00:00,2026-03-16/2026-03-22,2026-03,4.2602.11
319,0c830fec-4581-4e43-8ec0-ada244e582f4,Myntra,google_play,hi,en,False,it's very good for shopping online. Thank you Myntra,it's very good for shopping online. thank you myntra,it's very good for shopping online. thank you myntra,4,positive,0,False,9,2026-03-19 13:22:24+00:00,2026-03-16/2026-03-22,2026-03,4.2602.11
321,06fbd59b-5d78-442f-913e-bddaebb03396,Myntra,google_play,hi,en,False,best online shopping app,best online shopping app,best online shopping app,5,positive,0,False,4,2026-03-16 22:00:22+00:00,2026-03-16/2026-03-22,2026-03,4.2511.13
322,2263036e-9cb2-4c0b-8a0f-aaf3dbc16580,Myntra,google_play,hi,hi,False,बहुत अच्छा ऐप है महंगा जरूर है पर कपड़े ब्रांडेड मिलते है,बहुत अच्छा ऐप है महंगा जरूर है पर कपड़े ब्रांडेड मिलते है,बहुत अच्छा ऐप है महंगा जरूर है पर कपड़े ब्रांडेड मिलते है,5,positive,2,False,12,2026-03-15 13:14:42+00:00,2026-03-09/2026-03-15,2026-03,4.2602.11
323,ddcfcde2-19e8-43ab-86c2-fdd900ea6120,Myntra,google_play,hi,en,True,bahut achcha hai aur fast delivery,bahut achcha hai aur fast delivery,bahut achcha hai aur fast delivery,5,positive,0,False,6,2026-03-15 01:20:36+00:00,2026-03-09/2026-03-15,2026-03,
324,2fce612c-072a-4f49-bdac-ffe61cab0aad,Myntra,google_play,hi,en,False,good product & good service 👍,good product good service,good product good service,5,positive,0,False,4,2026-03-14 14:01:08+00:00,2026-03-09/2026-03-15,2026-03,
325,ac4b0035-7fa7-4a19-80d5-79bd9db55338,Myntra,google_play,hi,id,False,baap re itna mahga hai yeha pe medal log kaise lenge har ek chija bhota mahnga hai 😮😮😮😮,baap re itna mahga hai yeha pe medal log kaise lenge har ek chija bhota mahnga hai,baap re itna mahga hai yeha pe medal log kaise lenge har ek chija bhota mahnga hai,1,complaint,0,False,17,2026-03-13 10:17:00+00:00,2026-03-09/2026-03-15,2026-03,4.2602.11
326,759bf105-002e-4578-9e9b-563ebcf932d6,Myntra,google_play,hi,en,False,I did not receive my refund,i did not receive my refund,i did not receive my refund,1,complaint,0,False,6,2026-03-11 17:50:44+00:00,2026-03-09/2026-03-15,2026-03,
327,8d154c0c-2aae-4d7e-a2f7-40bc373d94d6,Myntra,google_play,hi,en,False,nice sarvice and Good product,nice sarvice and good product,nice sarvice and good product,5,positive,0,False,5,2026-03-10 20:11:28+00:00,2026-03-09/2026-03-15,2026-03,4.2602.11
328,462bff30-bd72-4511-bbd3-543f129e3f63,Myntra,google_play,hi,so,False,hoo nicely,hoo nicely,hoo nicely,4,positive,0,False,2,2026-03-09 23:18:16+00:00,2026-03-09/2026-03-15,2026-03,4.2602.11
329,806f6dcc-63e8-4fe1-be49-24b15932ccc3,Myntra,google_play,hi,sw,False,yhe aAp shi nhi j,yhe aap shi nhi j,yhe aap shi nhi j,1,complaint,0,False,5,2026-03-08 11:36:26+00:00,2026-03-02/2026-03-08,2026-03,
330,0b841e19-2f71-4985-8727-8e9db6b87c66,Myntra,google_play,hi,en,False,mind blowing,mind blowing,mind blowing,5,positive,0,False,2,2026-03-07 13:21:47+00:00,2026-03-02/2026-03-08,2026-03,4.2602.11
331,ee469a80-58d5-47ef-82c5-9cf395c2a903,Myntra,google_play,hi,hi,False,बहुत सुंदर,बहुत सुंदर,बहुत सुंदर,5,positive,0,False,2,2026-03-06 21:23:37+00:00,2026-03-02/2026-03-08,2026-03,4.2602.11
332,d1793be0-6027-49ba-9b0d-3af03158ad26,Myntra,google_play,hi,en,False,fashion cloth very nice,fashion cloth very nice,fashion cloth very nice,5,positive,0,False,4,2026-03-05 20:32:49+00:00,2026-03-02/2026-03-08,2026-03,4.2601.20
334,8a02103d-1ce5-4dd2-9086-efc81bca47d1,Myntra,google_play,hi,hi,False,बोहोत ही अच्छा ऐप है ओनलाइन सोपिग के लिए जैसा दिखाते वैसा ही आता है मुझे तो अच्छा लगा,बोहोत ही अच्छा ऐप है ओनलाइन सोपिग के लिए जैसा दिखाते वैसा ही आता है मुझे तो अच्छा लगा,बोहोत ही अच्छा ऐप है ओनलाइन सोपिग के लिए जैसा दिखाते वैसा ही आता है मुझे तो अच्छा लगा,5,positive,6,False,19,2026-03-01 16:24:17+00:00,2026-02-23/2026-03-01,2026-03,4.2602.11
335,ef9fce28-1eef-4ebd-9338-e3ce0dfee9f8,Myntra,google_play,hi,sw,False,bakwas hai,bakwas hai,bakwas hai,1,complaint,0,False,2,2026-03-01 08:19:05+00:00,2026-02-23/2026-03-01,2026-03,
336,a653a793-ba62-4482-9d6d-33abe0e4a06e,Myntra,google_play,hi,hi,False,बहुत ही अच्छा ऐप है मैं बहुत खुश हूं,बहुत ही अच्छा ऐप है मैं बहुत खुश हूं,बहुत ही अच्छा ऐप है मैं बहुत खुश हूं,5,positive,4,False,9,2026-02-25 14:34:32+00:00,2026-02-23/2026-03-01,2026-02,4.2601.20
337,3b55605f-2394-4712-b3d9-503e010df214,Myntra,google_play,hi,en,False,best product 👌 ✨️,best product,best product,5,positive,0,False,2,2026-02-20 21:23:06+00:00,2026-02-16/2026-02-22,2026-02,4.2602.11
338,66547b19-eed2-4871-9f5f-c93874a101aa,Myntra,google_play,hi,hi,False,ये app instoll mat करना गेम के प्रोडक्ट लिए isme nahi ff our pubg se game के लिए ना इसमें से फिंगर स्लीव्स है ही नही ऑर्डर करने के लिए या गेम की बोर्ड वगैरा,ये app instoll mat करना गेम के प्रोडक्ट लिए isme nahi ff our pubg se game के लिए ना इसमें से फिंगर स्लीव्स है ही नही ऑर्डर करने के लिए या गेम की बोर्ड वगैरा,ये app instoll mat करना गेम के प्रोडक्ट लिए isme nahi ff our pubg se game के लिए ना इसमें से फिंगर स्लीव्स है ही नही ऑर्डर करने के लिए या गेम की बोर्ड वगैरा,1,complaint,14,True,35,2026-02-19 22:28:22+00:00,2026-02-16/2026-02-22,2026-02,4.2602.11
339,ea202ea5-5886-47ff-98a5-46eeaf9bae2a,Myntra,google_play,hi,en,False,Very easy service,very easy service,very easy service,5,positive,0,False,3,2026-02-18 19:28:56+00:00,2026-02-16/2026-02-22,2026-02,4.2601.20
340,b9d40465-c400-480e-954c-6ae3a5b431db,Myntra,google_play,hi,hi,False,बहुत ही बेकार aap है मैने जूते मंगाए थे 12 को डिलेवरी होनी थी 16 को की वो भी पुराने अलग अलग तरीके के आए रिटर्न किया अभी तक पैसे वापस नहीं आए बेकार है कोई भी सामान मत मंगाओ,बहुत ही बेकार aap है मैने जूते मंगाए थे 12 को डिलेवरी होनी थी 16 को की वो भी पुराने अलग अलग तरीके के आए रिटर्न किया अभी तक पैसे वापस नहीं आए बेकार है कोई भी सामान मत मंगाओ,बहुत ही बेकार aap है मैने जूते मंगाए थे 12 को डिलेवरी होनी थी 16 को की वो भी पुराने अलग अलग तरीके के आए रिटर्न किया अभी तक पैसे वापस नहीं आए बेकार है कोई भी सामान मत मंगाओ,1,complaint,13,True,40,2026-02-18 18:28:41+00:00,2026-02-16/2026-02-22,2026-02,4.2601.20
341,f3de4a65-6e1e-4b21-a1af-6d52d97693aa,Myntra,google_play,hi,hi,False,यह ऑनलाइन शॉपिंग के लिए बहुत ही अच्छा ऐप है।,यह ऑनलाइन शॉपिंग के लिए बहुत ही अच्छा ऐप है।,यह ऑनलाइन शॉपिंग के लिए बहुत ही अच्छा ऐप है।,5,positive,39,True,10,2026-02-16 23:00:10+00:00,2026-02-16/2026-02-22,2026-02,4.2601.20
342,789cdb3b-caaf-4522-9152-702ae9aee1c2,Myntra,google_play,hi,id,False,yah app bahut accha hai,yah app bahut accha hai,yah app bahut accha hai,5,positive,1,False,5,2026-02-15 20:09:46+00:00,2026-02-09/2026-02-15,2026-02,4.2602.11
343,45e5b13b-640d-4e03-8c47-760942dce41e,Myntra,google_play,hi,en,False,really happy 😊😊😊,really happy,really happy,5,positive,0,False,2,2026-02-15 08:41:19+00:00,2026-02-09/2026-02-15,2026-02,4.2601.20
344,918b454f-617f-493b-b016-40902af8a446,Myntra,google_play,hi,en,True,bhut hi kharab experience mangao kux aayega kux aur return dalo to khud hi decline kr denge bina hme btaye worst experience I will never ship on myntra,bhut hi kharab experience mangao kux aayega kux aur return dalo to khud hi decline kr denge bina hme btaye worst experience i will never ship on myntra,bhut hi kharab experience mangao kux aayega kux aur return dalo to khud hi decline kr denge bina hme btaye worst experience i will never ship on myntra,1,complaint,1,False,28,2026-02-14 21:23:50+00:00,2026-02-09/2026-02-15,2026-02,4.2601.20
345,f7b48b60-0fdf-4301-a670-0972a0ba77a4,Myntra,google_play,hi,hi,False,इस पर सभी चीज महंगी मिलती है अरे कुछ काम करना नहीं है यह कुछ काम नहीं है इस पर मिडिल क्लास आदमी कुछ भी नहीं खरीदसकता,इस पर सभी चीज महंगी मिलती है अरे कुछ काम करना नहीं है यह कुछ काम नहीं है इस पर मिडिल क्लास आदमी कुछ भी नहीं खरीदसकता,इस पर सभी चीज महंगी मिलती है अरे कुछ काम करना नहीं है यह कुछ काम नहीं है इस पर मिडिल क्लास आदमी कुछ भी नहीं खरीदसकता,1,complaint,9,False,27,2026-02-14 10:39:15+00:00,2026-02-09/2026-02-15,2026-02,4.2601.20
346,2c8640fb-e595-4480-bc13-63d4af4b9fab,Myntra,google_play,hi,hi,False,saman achha वा सस्ता है,saman achha वा सस्ता है,saman achha वा सस्ता है,5,positive,2,False,5,2026-02-11 08:51:33+00:00,2026-02-09/2026-02-15,2026-02,
347,56d72983-b6a0-4547-9de6-9263c4e97b42,Myntra,google_play,hi,en,False,quality product is most likely you,quality product is most likely you,quality product is most likely you,5,positive,0,False,6,2026-02-09 11:52:56+00:00,2026-02-09/2026-02-15,2026-02,4.2601.20
348,e10f33aa-ee7d-4246-8d9e-2544409149d3,Myntra,google_play,hi,en,False,best offers mayntra,best offers mayntra,best offers mayntra,5,positive,0,False,3,2026-02-08 21:54:17+00:00,2026-02-02/2026-02-08,2026-02,4.2512.21
349,5f90747d-4a83-45d3-bbd1-a1c4461d76f6,Myntra,google_play,hi,id,False,bahut jayda acha,bahut jayda acha,bahut jayda acha,5,positive,1,False,3,2026-02-08 13:17:36+00:00,2026-02-02/2026-02-08,2026-02,4.2512.21
350,0b68fe99-ab82-4685-bdd3-8f81426c28b0,Myntra,google_play,hi,en,False,Best quality products spotted app,best quality products spotted app,best quality products spotted app,5,positive,0,False,5,2026-02-08 11:19:00+00:00,2026-02-02/2026-02-08,2026-02,4.2512.21
351,8e6ff0e3-12d2-43c3-a7c4-bb1c56f48fa2,Myntra,google_play,hi,hi,False,कीमत जादा है इसमे,कीमत जादा है इसमे,कीमत जादा है इसमे,1,complaint,2,False,4,2026-02-08 09:44:59+00:00,2026-02-02/2026-02-08,2026-02,4.2601.20
353,fe27941e-cc97-466f-9f48-6d6fc5c12b15,Myntra,google_play,hi,hi,False,"उत्तम और विश्वसनीय,🎁👏","उत्तम और विश्वसनीय,","उत्तम और विश्वसनीय,",5,positive,2,False,3,2026-02-03 23:22:02+00:00,2026-02-02/2026-02-08,2026-02,4.2512.21
354,8257e90d-cc06-43b5-8d5c-6977753d5410,Myntra,google_play,hi,af,False,very good work Myntra,very good work myntra,very good work myntra,5,positive,0,False,4,2026-02-02 19:42:47+00:00,2026-02-02/2026-02-08,2026-02,4.2508.20
355,2effe0a9-69e5-4b6a-8ae0-d8a4520787d5,Myntra,google_play,hi,mr,False,प्रमोद यादवफॉलोअर ❤️,प्रमोद यादवफॉलोअर,प्रमोद यादवफॉलोअर,5,positive,0,False,2,2026-02-01 15:15:18+00:00,2026-01-26/2026-02-01,2026-02,
356,ca2bb5ed-21cb-4fe8-8c84-21e06c986a7c,Myntra,google_play,hi,et,False,काफी अच्छा है ouar bhi jaldhi aajata he,काफी अच्छा है ouar bhi jaldhi aajata he,काफी अच्छा है ouar bhi jaldhi aajata he,5,positive,0,False,8,2026-01-29 15:13:54+00:00,2026-01-26/2026-02-01,2026-01,4.2512.21
357,5ebae024-fb57-4cf4-ba15-cc2f2636cd87,Myntra,google_play,hi,hi,False,"पहली बार मिंत्रा ऐप पर 2 पेंट मंगवाई थी उसमें से एक गायब थी और एक साइज में बड़ी भेज दी, समस्या ये है कि कस्टमर केयर वाले या इसका सिस्टम इस बात को मानने के लिए भी तैयार नहीं हैं कि ऐसा हो गया है, शिकायत करने पर उन्होंने कहा कि में उनकी उम्मीदों पर खरा नहीं उतरा, मेरे तो पैसे भी बर्बाद हो गए और टाइम भी।","पहली बार मिंत्रा ऐप पर 2 पेंट मंगवाई थी उसमें से एक गायब थी और एक साइज में बड़ी भेज दी, समस्या ये है कि कस्टमर केयर वाले या इसका सिस्टम इस बात को मानने के लिए भी तैयार नहीं हैं कि ऐसा हो गया है, शिकायत करने पर उन्होंने कहा कि में उनकी उम्मीदों पर खरा नहीं उतरा, मेरे तो पैसे भी बर्बाद हो गए और टाइम भी।","पहली बार मिंत्रा ऐप पर 2 पेंट मंगवाई थी उसमें से एक गायब थी और एक साइज में बड़ी भेज दी, समस्या ये है कि कस्टमर केयर वाले या इसका सिस्टम इस बात को मानने के लिए भी तैयार नहीं हैं कि ऐसा हो गया है, शिकायत करने पर उन्होंने कहा कि में उनकी उम्मीदों पर खरा नहीं उतरा, मेरे तो पैसे भी बर्बाद हो गए और टाइम भी।",1,complaint,14,True,69,2026-01-23 15:33:08+00:00,2026-01-19/2026-01-25,2026-01,4.2512.21
358,caf84c85-cbd1-47e4-bee5-695048fdcda9,Myntra,google_play,hi,id,False,bahut kharab hai yah is per Jo ladkon ke Samman nahin milte Maine selfish team dhundha to mere ko nahin mila 🤮🤮,bahut kharab hai yah is per jo ladkon ke samman nahin milte maine selfish team dhundha to mere ko nahin mila,bahut kharab hai yah is per jo ladkon ke samman nahin milte maine selfish team dhundha to mere ko nahin mila,1,complaint,0,False,21,2026-01-21 08:21:24+00:00,2026-01-19/2026-01-25,2026-01,
359,abf0f43f-9ed6-4c60-9676-13210d48142d,Myntra,google_play,hi,id,False,myntra ek bakvas aap hai bar bar ऑडर कैसल kar देता है,myntra ek bakvas aap hai bar bar ऑडर कैसल kar देता है,myntra ek bakvas aap hai bar bar ऑडर कैसल kar देता है,1,complaint,9,False,12,2026-01-20 08:40:21+00:00,2026-01-19/2026-01-25,2026-01,4.2511.10
360,51c233ad-2f0a-4a11-8f03-60559b3f5b26,Myntra,google_play,hi,sw,False,ye samajh me nahi payi thi,ye samajh me nahi payi thi,ye samajh me nahi payi thi,5,positive,0,False,6,2026-01-20 05:32:24+00:00,2026-01-19/2026-01-25,2026-01,
361,de33b7e3-5289-4eb4-b412-e640ff98bc57,Myntra,google_play,hi,en,True,bahut achha hai excellent,bahut achha hai excellent,bahut achha hai excellent,5,positive,0,False,4,2026-01-19 11:29:56+00:00,2026-01-19/2026-01-25,2026-01,4.2508.20
362,21f5461e-70cf-4396-8b71-d31eb6ef4d55,Myntra,google_play,hi,en,False,quality product available all time on myntra,quality product available all time on myntra,quality product available all time on myntra,5,positive,0,False,7,2026-01-17 19:48:41+00:00,2026-01-12/2026-01-18,2026-01,4.2508.20
363,9806859a-df54-40fb-8a02-2ec1fcc0fe56,Myntra,google_play,hi,hi,False,बहुत अच्छा है,बहुत अच्छा है,बहुत अच्छा है,5,positive,0,False,3,2026-01-16 14:40:33+00:00,2026-01-12/2026-01-18,2026-01,4.2508.20
364,0670c87a-83e1-41b0-bed9-4db3fd6d663d,Myntra,google_play,hi,so,False,bdhiya hai aap,bdhiya hai aap,bdhiya hai aap,5,positive,0,False,3,2026-01-13 19:16:07+00:00,2026-01-12/2026-01-18,2026-01,4.2508.20
365,85e243ef-61f0-4948-bb66-53b9c3759f75,Myntra,google_play,hi,en,False,so good for all generations,so good for all generations,so good for all generations,5,positive,0,False,5,2026-01-12 19:53:45+00:00,2026-01-12/2026-01-18,2026-01,
366,2ca63e18-1ba0-4598-9358-cbcb23d0c4b9,Myntra,google_play,hi,fr,False,Plus size Best outfits available ❤️,plus size best outfits available,plus size best outfits available,5,positive,0,False,5,2026-01-10 21:19:29+00:00,2026-01-05/2026-01-11,2026-01,4.2508.20
367,fb7f0334-8e98-4563-8441-74de9cfc501e,Myntra,google_play,hi,en,False,bahut achcha very good,bahut achcha very good,bahut achcha very good,5,positive,0,False,4,2026-01-09 11:43:41+00:00,2026-01-05/2026-01-11,2026-01,4.2512.10
368,676557f8-63ac-4211-8650-660bff19f402,Myntra,google_play,hi,en,True,bahut hi achcha app hai,bahut hi achcha app hai,bahut hi achcha app hai,5,positive,4,False,5,2026-01-08 09:38:26+00:00,2026-01-05/2026-01-11,2026-01,4.2510.13
369,df2689a9-8637-497b-8a32-71de9e9e7f69,Myntra,google_play,hi,hi,False,बहुत अच्छा ऐप हैं,बहुत अच्छा ऐप हैं,बहुत अच्छा ऐप हैं,5,positive,0,False,4,2026-01-06 12:43:17+00:00,2026-01-05/2026-01-11,2026-01,
370,1e52daf5-a6b1-41fb-b15e-93032fd9b27a,Myntra,google_play,hi,ro,False,duplicate product,duplicate product,duplicate product,1,complaint,1,False,2,2026-01-03 09:31:46+00:00,2025-12-29/2026-01-04,2026-01,4.2508.20
371,9b63015a-9230-4658-ad08-45d1e4a361d2,Myntra,google_play,hi,hi,False,"आप अपनी Myntra कम्पनी के Myntra एप्प में ऑनलाइन और ऑफलाइन बेचने वाले हर प्रोडक्ट/आइटम बेचने के लिए बहुत ही ज्यादा जल्दी हर ऑनलाइन और ऑफलाइन दूसरी कंपनियों से बहुत ही ज्यादा कम प्राइज में, बहुत ही ज्यादा सस्ता,अच्छा और मजबूत और वहीं दूसरे ऐप्स से बहुत ही ज्यादा सस्ता भी लेकर आएं और हर प्रोडक्ट/आइटम बहुत ही ज्यादा सस्ता, अच्छा, मजबूत और कम प्राइज में बेचें ताकि आपके सभी कस्टमर को इन सभी प्रोडक्ट का लाभ या फायदा बहुत ही ज्यादा जल्दी सभी कस्टमर को मिल सकें ।","आप अपनी myntra कम्पनी के myntra एप्प में ऑनलाइन और ऑफलाइन बेचने वाले हर प्रोडक्ट आइटम बेचने के लिए बहुत ही ज्यादा जल्दी हर ऑनलाइन और ऑफलाइन दूसरी कंपनियों से बहुत ही ज्यादा कम प्राइज में, बहुत ही ज्यादा सस्ता,अच्छा और मजबूत और वहीं दूसरे ऐप्स से बहुत ही ज्यादा सस्ता भी लेकर आएं और हर प्रोडक्ट आइटम बहुत ही ज्यादा सस्ता, अच्छा, मजबूत और कम प्राइज में बेचें ताकि आपके सभी कस्टमर को इन सभी प्रोडक्ट का लाभ या फायदा बहुत ही ज्यादा जल्दी सभी कस्टमर को मिल सकें ।","आप अपनी myntra कम्पनी के myntra एप्प में ऑनलाइन और ऑफलाइन बेचने वाले हर प्रोडक्ट आइटम बेचने के लिए बहुत ही ज्यादा जल्दी हर ऑनलाइन और ऑफलाइन दूसरी कंपनियों से बहुत ही ज्यादा कम प्राइज में, बहुत ही ज्यादा सस्ता,अच्छा और मजबूत और वहीं दूसरे ऐप्स से बहुत ही ज्यादा सस्ता भी लेकर आएं और हर प्रोडक्ट आइटम बहुत ही ज्यादा सस्ता, अच्छा, मजबूत और कम प्राइज में बेचें ताकि आपके सभी कस्टमर को इन सभी प्रोडक्ट का लाभ या फायदा बहुत ही ज्यादा जल्दी सभी कस्टमर को मिल सकें ।",5,positive,177,True,91,2025-12-29 08:18:53+00:00,2025-12-29/2026-01-04,2025-12,4.2512.10
372,cef4ced9-5743-441b-bf7b-accfc17bb519,Myntra,google_play,hi,en,False,pay later option best hai,pay later option best hai,pay later option best hai,5,positive,0,False,5,2025-12-28 07:36:36+00:00,2025-12-22/2025-12-28,2025-12,4.2508.20
373,548f72ce-2bce-4d18-b794-992ffeae4ed4,Myntra,google_play,hi,hi,False,अब इसकी जरूरत नहीं है,अब इसकी जरूरत नहीं है,अब इसकी जरूरत नहीं है,1,complaint,0,False,5,2025-12-26 11:03:04+00:00,2025-12-22/2025-12-28,2025-12,
374,ddb2878d-7f4c-4cfd-a9ac-346b74cb282a,Myntra,google_play,hi,en,False,Good Quality quality me myntra sbse best hai,good quality quality me myntra sbse best hai,good quality quality me myntra sbse best hai,5,positive,0,False,8,2025-12-26 07:44:33+00:00,2025-12-22/2025-12-28,2025-12,4.2510.13
375,db7ea29a-c710-4ad0-87cd-0cb8d1f8414d,Myntra,google_play,hi,hi,False,यह बहुत बुरा है दोस्तों इसको मत डाउनलोड करो इसमें बहुत महंगा सामान आता है और इसमें बहुत बुरा समान जाता है,यह बहुत बुरा है दोस्तों इसको मत डाउनलोड करो इसमें बहुत महंगा सामान आता है और इसमें बहुत बुरा समान जाता है,यह बहुत बुरा है दोस्तों इसको मत डाउनलोड करो इसमें बहुत महंगा सामान आता है और इसमें बहुत बुरा समान जाता है,1,complaint,0,False,22,2025-12-25 10:33:16+00:00,2025-12-22/2025-12-28,2025-12,
376,7a96800c-701a-4307-a888-e3083a49f759,Myntra,google_play,hi,en,True,"myntra The app is really a very good app, you can get everything here at a cheap price, I would request you to buy products from Myntra and support it, thank you 🙏","myntra the app is really a very good app, you can get everything here at a cheap price, i would request you to buy products from myntra and support it, thank you","myntra the app is really a very good app, you can get everything here at a cheap price, i would request you to buy products from myntra and support it, thank you",5,positive,0,False,32,2025-12-23 18:45:19+00:00,2025-12-22/2025-12-28,2025-12,4.2512.10
377,f0c089bc-47d0-4510-8ab5-3ad012606dc9,Myntra,google_play,hi,id,False,bahut hi achcha hai sab kharide Maine mangvaya hai bahut hi achcha aaya Hai Myntra per suit bhi bahut milti hai aur item bhi ek se ek badhkar aata Hai main chahti Hun ki sab khariden Main Meri Puri shopping Myntra Se Hi Karti hun maine apne bhai ke liye Adidas shoes mangwaya tha bahut hi achcha aaya Hai please thank you Myntra thank you thank you thank you delivery bhi bahut hi jaldi aati Hai Maine 3 din pahle order kiya tha aur 3 din nahin Mera order a Gaya maine apne liye sandal mangvae the y,bahut hi achcha hai sab kharide maine mangvaya hai bahut hi achcha aaya hai myntra per suit bhi bahut milti hai aur item bhi ek se ek badhkar aata hai main chahti hun ki sab khariden main meri puri shopping myntra se hi karti hun maine apne bhai ke liye adidas shoes mangwaya tha bahut hi achcha aaya hai please thank you myntra thank you thank you thank you delivery bhi bahut hi jaldi aati hai maine 3 din pahle order kiya tha aur 3 din nahin mera order a gaya maine apne liye sandal mangvae the y,bahut hi achcha hai sab kharide maine mangvaya hai bahut hi achcha aaya hai myntra per suit bhi bahut milti hai aur item bhi ek se ek badhkar aata hai main chahti hun ki sab khariden main meri puri shopping myntra se hi karti hun maine apne bhai ke liye adidas shoes mangwaya tha bahut hi achcha aaya hai please thank you myntra thank you thank you thank you delivery bhi bahut hi jaldi aati hai maine 3 din pahle order kiya tha aur 3 din nahin mera order a gaya maine apne liye sandal mangvae the y,5,positive,0,False,98,2025-12-22 13:04:29+00:00,2025-12-22/2025-12-28,2025-12,4.2508.20
378,e639e60b-6e49-41c0-8b80-e2adcfb19996,Myntra,google_play,hi,hi,False,😡😡मिंत्रा बहुत लुटता है मेने पावर बैंक देखा पेट्रोनस का महंगा दे रहा है 649रुपए का वही वाला मुझे 365 रुपए में मिला वह कंपनी वही रेट माल कितना डिफरेंट है 1 साल कीवारंटी 14 दिन की रिप्लेसमेंट इतना रेट क्यों लिया जा रहा है,मिंत्रा बहुत लुटता है मेने पावर बैंक देखा पेट्रोनस का महंगा दे रहा है 649रुपए का वही वाला मुझे 365 रुपए में मिला वह कंपनी वही रेट माल कितना डिफरेंट है 1 साल कीवारंटी 14 दिन की रिप्लेसमेंट इतना रेट क्यों लिया जा रहा है,मिंत्रा बहुत लुटता है मेने पावर बैंक देखा पेट्रोनस का महंगा दे रहा है 649रुपए का वही वाला मुझे 365 रुपए में मिला वह कंपनी वही रेट माल कितना डिफरेंट है 1 साल कीवारंटी 14 दिन की रिप्लेसमेंट इतना रेट क्यों लिया जा रहा है,1,complaint,0,False,45,2025-12-19 14:54:45+00:00,2025-12-15/2025-12-21,2025-12,
379,a419acdd-07b2-4645-9e3d-53090b9297cb,Myntra,google_play,hi,en,False,good deal this,good deal this,good deal this,5,positive,1,False,3,2025-12-16 20:01:04+00:00,2025-12-15/2025-12-21,2025-12,4.2511.13
380,f519f74f-888f-452a-a5e2-e2e9c0a2d316,Myntra,google_play,hi,en,False,very much good,very much good,very much good,5,positive,0,False,3,2025-12-16 17:49:51+00:00,2025-12-15/2025-12-21,2025-12,4.2508.20
381,84959d6c-893f-4432-acde-6f6b13efddda,Myntra,google_play,hi,id,False,ye app bahut achha hai,ye app bahut achha hai,ye app bahut achha hai,5,positive,1,False,5,2025-12-15 15:52:29+00:00,2025-12-15/2025-12-21,2025-12,
382,578729ca-fa40-4482-b2d3-33918931321b,Myntra,google_play,hi,mr,False,ऑनलाइनशॉपिंग,ऑनलाइनशॉपिंग,ऑनलाइनशॉपिंग,5,positive,0,False,1,2025-12-13 19:26:53+00:00,2025-12-08/2025-12-14,2025-12,4.2508.20
384,edef72c9-e1b7-4e0d-b79d-173618d5cda3,Myntra,google_play,hi,en,True,froad aap hai damage product milta hai or esme return bhi accept nahi krte ye sab froad hai hamare sath froad krte hai ye,froad aap hai damage product milta hai or esme return bhi accept nahi krte ye sab froad hai hamare sath froad krte hai ye,froad aap hai damage product milta hai or esme return bhi accept nahi krte ye sab froad hai hamare sath froad krte hai ye,1,complaint,5,False,24,2025-12-10 17:33:55+00:00,2025-12-08/2025-12-14,2025-12,4.2508.20
385,f19ebdca-7182-40c8-b5d5-8b0e19c22684,Myntra,google_play,hi,tl,False,sabse bdiya app hai,sabse bdiya app hai,sabse bdiya app hai,5,positive,9,False,4,2025-12-10 15:45:38+00:00,2025-12-08/2025-12-14,2025-12,4.2511.13
386,31ac102f-1f74-4974-b069-d605178b7479,Myntra,google_play,hi,id,False,sabse kharab delivery 15 din ho chuka hai abhi tak mera order kitne hua ab hum dobara iske order hi kyon karunga Ekta ghatiya hai ki delivery Abhi Tak nahin Ho Paya aur online cash bhi le lete Hain 😔😔😓😓,sabse kharab delivery 15 din ho chuka hai abhi tak mera order kitne hua ab hum dobara iske order hi kyon karunga ekta ghatiya hai ki delivery abhi tak nahin ho paya aur online cash bhi le lete hain,sabse kharab delivery 15 din ho chuka hai abhi tak mera order kitne hua ab hum dobara iske order hi kyon karunga ekta ghatiya hai ki delivery abhi tak nahin ho paya aur online cash bhi le lete hain,1,complaint,14,True,39,2025-12-07 11:10:26+00:00,2025-12-01/2025-12-07,2025-12,4.2511.13
387,55bd53b7-02e9-47ed-926a-2c39badcaa97,Myntra,google_play,hi,cy,False,bhot acha hai,bhot acha hai,bhot acha hai,5,positive,1,False,3,2025-12-06 21:53:38+00:00,2025-12-01/2025-12-07,2025-12,4.2508.20
388,08d61b92-ca80-4e1c-b82b-9f33b37d1189,Myntra,google_play,hi,en,False,only fabricks,only fabricks,only fabricks,1,complaint,0,False,2,2025-12-06 16:01:07+00:00,2025-12-01/2025-12-07,2025-12,
389,e8428bdd-7487-4af9-8f30-f58d1e4ef1e6,Myntra,google_play,hi,hi,False,"अच्छा है, वापस करने पर पैसा तुरन्त मिल जाता है इसलिए हम मिन्त्रा को पसंद करते है....","अच्छा है, वापस करने पर पैसा तुरन्त मिल जाता है इसलिए हम मिन्त्रा को पसंद करते है..","अच्छा है, वापस करने पर पैसा तुरन्त मिल जाता है इसलिए हम मिन्त्रा को पसंद करते है..",5,positive,735,True,17,2025-12-06 09:36:01+00:00,2025-12-01/2025-12-07,2025-12,4.2511.13
390,417b2093-16b5-46a1-b85b-25a218c3866d,Myntra,google_play,hi,sw,False,wapasi ki samsya badi jatil hai,wapasi ki samsya badi jatil hai,wapasi ki samsya badi jatil hai,4,positive,228,True,6,2025-12-06 07:40:04+00:00,2025-12-01/2025-12-07,2025-12,4.2508.20
391,977f310f-489b-46f5-8816-53eff0cabbec,Myntra,google_play,hi,en,False,Very good services of Myntra.,very good services of myntra.,very good services of myntra.,5,positive,0,False,5,2025-12-05 14:43:11+00:00,2025-12-01/2025-12-07,2025-12,4.2511.13
392,1e0774d8-c69f-496d-bd7d-6fcc667f0f1b,Myntra,google_play,hi,hi,False,बहुत शानदार शॉपिंग अप है,बहुत शानदार शॉपिंग अप है,बहुत शानदार शॉपिंग अप है,5,positive,55,True,5,2025-12-05 14:01:22+00:00,2025-12-01/2025-12-07,2025-12,4.2511.13
393,80aec88e-aaf1-4a5c-9c31-2c1b58c25824,Myntra,google_play,hi,en,True,super bhoth hi accha hai,super bhoth hi accha hai,super bhoth hi accha hai,5,positive,2,False,5,2025-12-04 22:27:23+00:00,2025-12-01/2025-12-07,2025-12,4.2508.20
394,4aa40707-e17d-4570-a86b-6a16c0ba62ae,Myntra,google_play,hi,en,False,bekar price high,bekar price high,bekar price high,1,complaint,0,False,3,2025-12-03 05:28:21+00:00,2025-12-01/2025-12-07,2025-12,4.2508.20
395,402f285d-0c2a-45e6-bb84-d401c06c6358,Myntra,google_play,hi,hi,False,मंत्र से मुझे एक समस्या है कि इनका प्रोडक्ट जैसे बीकानेर कोलायत जो डिस्ट्रीब्यूशन करता है जो यहां लेकर कोरियर वाला आता है वह जो मेरी लोकेशन है उसे लोकेशन पर एग्जिट नहीं आता उसके आस पास के 10 किलोमीटर के दायरे में आ था है,मंत्र से मुझे एक समस्या है कि इनका प्रोडक्ट जैसे बीकानेर कोलायत जो डिस्ट्रीब्यूशन करता है जो यहां लेकर कोरियर वाला आता है वह जो मेरी लोकेशन है उसे लोकेशन पर एग्जिट नहीं आता उसके आस पास के 10 किलोमीटर के दायरे में आ था है,मंत्र से मुझे एक समस्या है कि इनका प्रोडक्ट जैसे बीकानेर कोलायत जो डिस्ट्रीब्यूशन करता है जो यहां लेकर कोरियर वाला आता है वह जो मेरी लोकेशन है उसे लोकेशन पर एग्जिट नहीं आता उसके आस पास के 10 किलोमीटर के दायरे में आ था है,5,positive,23,True,46,2025-11-29 13:59:51+00:00,2025-11-24/2025-11-30,2025-11,4.2508.20
396,efd6ab0b-909c-4adc-8e00-3c43e3b13674,Myntra,google_play,hi,en,False,poor service,poor service,poor service,1,complaint,0,False,2,2025-11-27 17:05:13+00:00,2025-11-24/2025-11-30,2025-11,4.2508.20
397,69436b87-519e-4bb5-b933-737f01ab3553,Myntra,google_play,hi,en,False,Great Deals and pocket friendly,great deals and pocket friendly,great deals and pocket friendly,5,positive,0,False,5,2025-11-27 13:46:10+00:00,2025-11-24/2025-11-30,2025-11,4.2508.20
398,39e91be7-c669-4fed-ae17-23c3195b02aa,Myntra,google_play,hi,en,True,"kuch khas nahi if they delyed your product delivery then don't aspect from them that they give exact same product, they give you wrong product and if you return they also delayed the return ,by this you have to call customer care on daily basis for returning the product.","kuch khas nahi if they delyed your product delivery then don't aspect from them that they give exact same product, they give you wrong product and if you return they also delayed the return ,by this you have to call customer care on daily basis for returning the product.","kuch khas nahi if they delyed your product delivery then don't aspect from them that they give exact same product, they give you wrong product and if you return they also delayed the return ,by this you have to call customer care on daily basis for returning the product.",1,complaint,0,False,49,2025-11-26 19:37:36+00:00,2025-11-24/2025-11-30,2025-11,4.2304.21
399,1eb025f4-2c7c-4c3f-a37d-5e6fb2415f7d,Myntra,google_play,hi,id,False,bahut khrab aap he ritarn nhi leta he,bahut khrab aap he ritarn nhi leta he,bahut khrab aap he ritarn nhi leta he,1,complaint,2,False,8,2025-11-26 07:01:10+00:00,2025-11-24/2025-11-30,2025-11,4.2508.20
400,759eb74c-a233-4578-9d42-7979d5ec22f8,Myntra,google_play,hi,hi,False,बहुत अच्छा प्रोडक्ट था,बहुत अच्छा प्रोडक्ट था,बहुत अच्छा प्रोडक्ट था,5,positive,0,False,4,2025-11-21 04:30:27+00:00,2025-11-17/2025-11-23,2025-11,
401,278811cd-a1e5-44ea-ade2-2469b185b4fd,Myntra,google_play,hi,id,False,abhi to dhek rahe hai agar order jaldi aayega to 5 start dunga,abhi to dhek rahe hai agar order jaldi aayega to 5 start dunga,abhi to dhek rahe hai agar order jaldi aayega to 5 start dunga,1,complaint,6,False,13,2025-11-20 20:40:15+00:00,2025-11-17/2025-11-23,2025-11,4.2508.20
402,6ece723d-2c24-4351-a38c-2d4794aee045,Myntra,google_play,hi,en,False,super shoping app,super shoping app,super shoping app,5,positive,0,False,3,2025-11-19 08:06:56+00:00,2025-11-17/2025-11-23,2025-11,4.2508.20
403,4f06eb9c-5365-49d4-beb2-0fc43ed76fef,Myntra,google_play,hi,en,False,sabse achha,sabse achha,sabse achha,5,positive,0,False,2,2025-11-13 08:26:20+00:00,2025-11-10/2025-11-16,2025-11,4.2510.13
404,197de33f-d083-486f-be37-d104d12046fc,Myntra,google_play,hi,id,False,bahutt sundar,bahutt sundar,bahutt sundar,5,positive,0,False,2,2025-11-12 18:52:56+00:00,2025-11-10/2025-11-16,2025-11,4.2508.20
405,cf8c0cec-489d-4d00-a2df-e0e3f65492f2,Myntra,google_play,hi,en,False,it's amazing app for shopping,it's amazing app for shopping,it's amazing app for shopping,5,positive,0,False,5,2025-11-11 18:57:03+00:00,2025-11-10/2025-11-16,2025-11,4.2508.20
406,fdde6521-6b30-42a8-9cb8-35dad25c99b6,Myntra,google_play,hi,en,False,its good for shopping 🛒 here is all high brands available ..........,its good for shopping here is all high brands available ..,its good for shopping here is all high brands available ..,5,positive,0,False,11,2025-11-11 10:04:11+00:00,2025-11-10/2025-11-16,2025-11,4.2508.20
407,9250dbc1-f79c-48dd-b8fb-dfe62fe7253e,Myntra,google_play,hi,en,False,my second ordar is best but first order is very poor quality,my second ordar is best but first order is very poor quality,my second ordar is best but first order is very poor quality,5,positive,0,False,12,2025-11-10 20:38:49+00:00,2025-11-10/2025-11-16,2025-11,4.2508.20
408,378813e6-42b8-4289-9633-06164c6cd180,Myntra,google_play,hi,hi,False,जैसा ऑफर्स दिखाते हैं वैसा देते नहीं,जैसा ऑफर्स दिखाते हैं वैसा देते नहीं,जैसा ऑफर्स दिखाते हैं वैसा देते नहीं,1,complaint,3,False,7,2025-11-10 08:40:46+00:00,2025-11-10/2025-11-16,2025-11,4.2508.20
409,4de5cd1f-a047-4644-8779-1940aebbc1a2,Myntra,google_play,hi,id,False,Myntra bahut hi achcha aur first hai delivery bhi fast aur time per milati hai bahut Hi Suraksha ke sath mein kripya karke jyada Se jyada Myntra se kharide,myntra bahut hi achcha aur first hai delivery bhi fast aur time per milati hai bahut hi suraksha ke sath mein kripya karke jyada se jyada myntra se kharide,myntra bahut hi achcha aur first hai delivery bhi fast aur time per milati hai bahut hi suraksha ke sath mein kripya karke jyada se jyada myntra se kharide,5,positive,1,False,29,2025-11-09 13:20:07+00:00,2025-11-03/2025-11-09,2025-11,
410,6d2e7eb7-a827-49c0-bd54-635f3448d439,Myntra,google_play,hi,cy,False,bohot hi achha h systam bhi qailty bhi,bohot hi achha h systam bhi qailty bhi,bohot hi achha h systam bhi qailty bhi,5,positive,2,False,8,2025-11-09 12:14:36+00:00,2025-11-03/2025-11-09,2025-11,4.2508.20
411,45d12616-8653-42de-abb0-8c096d281c55,Myntra,google_play,hi,so,False,me badiya tum btao,me badiya tum btao,me badiya tum btao,5,positive,2,False,4,2025-11-08 18:40:34+00:00,2025-11-03/2025-11-09,2025-11,4.2508.20
412,fa461f3b-cff9-4962-bed6-9f6a88407c6d,Myntra,google_play,hi,en,False,Good service and Quality Products,good service and quality products,good service and quality products,5,positive,0,False,5,2025-11-06 13:24:53+00:00,2025-11-03/2025-11-09,2025-11,4.2508.20
413,db10274e-11b9-4768-9596-7eebdc1ce713,Myntra,google_play,hi,so,False,Myntra bhorsa ka dusra Name,myntra bhorsa ka dusra name,myntra bhorsa ka dusra name,5,positive,6,False,5,2025-10-29 10:42:12+00:00,2025-10-27/2025-11-02,2025-10,4.2508.20
414,81658226-e655-4ecd-b017-4cc1ea88d76a,Myntra,google_play,hi,en,False,~This is wonderful guys.....🤗,this is wonderful guys..,this is wonderful guys..,5,positive,0,False,4,2025-10-28 07:54:28+00:00,2025-10-27/2025-11-02,2025-10,4.2508.20
415,12fed14a-063b-4cb0-8de9-ace281b93a70,Myntra,google_play,hi,hi,False,बहुत बढ़िया aap है और इसका प्रॉडक्ट बहुत अच्छा है,बहुत बढ़िया aap है और इसका प्रॉडक्ट बहुत अच्छा है,बहुत बढ़िया aap है और इसका प्रॉडक्ट बहुत अच्छा है,5,positive,78,True,10,2025-10-24 12:30:14+00:00,2025-10-20/2025-10-26,2025-10,4.2508.20
416,61c16238-44f1-4703-b48d-0e5504c900f1,Myntra,google_play,hi,hi,False,सबसे खराब हैं में 14 दिन तक इंतजार किया लास्ट में कैंसल कर दिया अपने आप ही पहले डिलीवरी तारीख भी 22 थी बाद में 25 बता रहे 23को कैल्सिल हो गया,सबसे खराब हैं में 14 दिन तक इंतजार किया लास्ट में कैंसल कर दिया अपने आप ही पहले डिलीवरी तारीख भी 22 थी बाद में 25 बता रहे 23को कैल्सिल हो गया,सबसे खराब हैं में 14 दिन तक इंतजार किया लास्ट में कैंसल कर दिया अपने आप ही पहले डिलीवरी तारीख भी 22 थी बाद में 25 बता रहे 23को कैल्सिल हो गया,1,complaint,37,True,32,2025-10-23 20:44:00+00:00,2025-10-20/2025-10-26,2025-10,4.2508.20
417,8d17009d-c159-4c83-a8df-227732f70b23,Myntra,google_play,hi,hi,False,इस एप्लीकेशन से कुछ चीज खरीदना मेरे लिए बहुत ही बढ़िया अनुभव रहा है और मुझको वह सस्ती दारू में मिल गई इसलिए मैं बहुत ही प्रसन्न और प्रफुल्लित हो इस एप्लीकेशन का उपयोग करके,इस एप्लीकेशन से कुछ चीज खरीदना मेरे लिए बहुत ही बढ़िया अनुभव रहा है और मुझको वह सस्ती दारू में मिल गई इसलिए मैं बहुत ही प्रसन्न और प्रफुल्लित हो इस एप्लीकेशन का उपयोग करके,इस एप्लीकेशन से कुछ चीज खरीदना मेरे लिए बहुत ही बढ़िया अनुभव रहा है और मुझको वह सस्ती दारू में मिल गई इसलिए मैं बहुत ही प्रसन्न और प्रफुल्लित हो इस एप्लीकेशन का उपयोग करके,5,positive,1,False,35,2025-10-22 12:02:37+00:00,2025-10-20/2025-10-26,2025-10,
418,c164c9af-45b3-4dfd-b7f2-9a93a0e76310,Myntra,google_play,hi,id,False,isse acha to mesho he is pe pese bahut jada batate he pe mesho par kam ret me sahi saman milta he myntra aap se jaydha rupay lagye he aap aek bar mesho se mangava ke dekho,isse acha to mesho he is pe pese bahut jada batate he pe mesho par kam ret me sahi saman milta he myntra aap se jaydha rupay lagye he aap aek bar mesho se mangava ke dekho,isse acha to mesho he is pe pese bahut jada batate he pe mesho par kam ret me sahi saman milta he myntra aap se jaydha rupay lagye he aap aek bar mesho se mangava ke dekho,1,complaint,2,False,37,2025-10-17 16:33:22+00:00,2025-10-13/2025-10-19,2025-10,
420,dd484eb5-e20d-417c-b144-469cbdf678be,Myntra,google_play,hi,en,False,very good app really like it,very good app really like it,very good app really like it,5,positive,0,False,6,2025-10-13 22:30:30+00:00,2025-10-13/2025-10-19,2025-10,4.2508.20
421,35e3483e-af5e-4e06-9390-850ad1d22039,Myntra,google_play,hi,hi,False,बहुत ही बढ़िया!!,बहुत ही बढ़िया!!,बहुत ही बढ़िया!!,5,positive,1,False,3,2025-10-13 16:56:01+00:00,2025-10-13/2025-10-19,2025-10,4.2508.20
422,edebb43c-ae9e-44c5-8ecf-81590280bc2b,Myntra,google_play,hi,af,False,good working,good working,good working,5,positive,0,False,2,2025-10-12 10:14:17+00:00,2025-10-06/2025-10-12,2025-10,4.2508.20
423,562d07c1-9806-42c3-8306-13c485ec9d56,Myntra,google_play,hi,hi,False,सार्विश अच्छी है,सार्विश अच्छी है,सार्विश अच्छी है,5,positive,3,False,3,2025-10-11 15:17:52+00:00,2025-10-06/2025-10-12,2025-10,4.2508.20
424,4b9b9c6a-6726-421e-b8c8-f3cda84f40b3,Myntra,google_play,hi,en,False,nice app time se pahale dilevery ho jati hai,nice app time se pahale dilevery ho jati hai,nice app time se pahale dilevery ho jati hai,5,positive,3,False,9,2025-10-10 17:19:07+00:00,2025-10-06/2025-10-12,2025-10,4.2508.20
425,500e86dc-a92a-4451-9518-a06d2fa9df78,Myntra,google_play,hi,id,False,kapda me thik hai,kapda me thik hai,kapda me thik hai,5,positive,0,False,4,2025-10-10 15:33:11+00:00,2025-10-06/2025-10-12,2025-10,
426,ffe49bc3-681b-4268-a6a8-3d9c8cee6f41,Myntra,google_play,hi,hi,False,बहुत अचछा ऐप है,बहुत अचछा ऐप है,बहुत अचछा ऐप है,5,positive,0,False,4,2025-10-07 22:42:47+00:00,2025-10-06/2025-10-12,2025-10,
427,f9e8327f-a8ff-46c1-ad2a-56f78f709e00,Myntra,google_play,hi,ro,False,original product,original product,original product,4,positive,0,False,2,2025-10-06 16:21:12+00:00,2025-10-06/2025-10-12,2025-10,4.2508.20
428,ad9eb93c-aea4-477f-813b-7d9fdf2bbe32,Myntra,google_play,hi,en,False,cash on delivery please support me,cash on delivery please support me,cash on delivery please support me,5,positive,0,False,6,2025-10-06 08:44:01+00:00,2025-10-06/2025-10-12,2025-10,
429,4d1bf6d2-5aa8-4522-b214-44f74ed0018a,Myntra,google_play,hi,hi,False,इनकी पैसा रिटर्न करने की पॉलिसी बहुत ही घटियाहै,इनकी पैसा रिटर्न करने की पॉलिसी बहुत ही घटियाहै,इनकी पैसा रिटर्न करने की पॉलिसी बहुत ही घटियाहै,1,complaint,14,True,9,2025-10-01 10:41:15+00:00,2025-09-29/2025-10-05,2025-10,4.2508.20
430,827144c6-0621-45d9-acb8-5c351c49f544,Myntra,google_play,hi,en,False,"This is very good, I did not know that online shopping can be so safe.","this is very good, i did not know that online shopping can be so safe.","this is very good, i did not know that online shopping can be so safe.",5,positive,0,False,15,2025-09-30 22:59:41+00:00,2025-09-29/2025-10-05,2025-09,4.2508.20
431,bf8d9b22-e9e5-49d4-805a-c616820a42fe,Myntra,google_play,hi,hi,False,सामान ठीक था केवल साईज छोटा है,सामान ठीक था केवल साईज छोटा है,सामान ठीक था केवल साईज छोटा है,5,positive,70,True,7,2025-09-30 16:56:11+00:00,2025-09-29/2025-10-05,2025-09,4.2508.20
432,5c42069e-8ee0-4e2e-b33e-79566abbe3cf,Myntra,google_play,hi,en,False,l love myntra because cheap price and good quality.,l love myntra because cheap price and good quality.,l love myntra because cheap price and good quality.,5,positive,0,False,9,2025-09-29 12:15:49+00:00,2025-09-29/2025-10-05,2025-09,4.2508.20
433,b9452223-9232-46bc-a917-b8d832002f92,Myntra,google_play,hi,it,False,acchi application,acchi application,acchi application,5,positive,0,False,2,2025-09-26 17:10:36+00:00,2025-09-22/2025-09-28,2025-09,
434,0dfcb7ed-efa8-4a60-b743-494e5b8f4937,Myntra,google_play,hi,id,False,cheap kharab bekar,cheap kharab bekar,cheap kharab bekar,1,complaint,6,False,3,2025-09-25 21:00:19+00:00,2025-09-22/2025-09-28,2025-09,4.2508.20
435,331c6e03-9df7-4b7c-ab45-b4692a820425,Myntra,google_play,hi,en,False,very nice and,very nice and,very nice and,5,positive,0,False,3,2025-09-25 06:34:53+00:00,2025-09-22/2025-09-28,2025-09,4.2508.20
436,d01aaaa4-6e60-41c0-96a5-34765e48e7eb,Myntra,google_play,hi,en,False,My favourite Myntra,my favourite myntra,my favourite myntra,5,positive,0,False,3,2025-09-24 21:48:29+00:00,2025-09-22/2025-09-28,2025-09,4.2508.20
437,5aa0d10a-8788-4be3-956f-d9d63c530e95,Myntra,google_play,hi,ro,False,ispe se cuoopan milte hai,ispe se cuoopan milte hai,ispe se cuoopan milte hai,5,positive,5,False,5,2025-09-24 19:44:48+00:00,2025-09-22/2025-09-28,2025-09,4.2508.20
438,9cc1644d-8660-4352-b461-10b7a1b9937d,Myntra,google_play,hi,en,False,best shoping app,best shoping app,best shoping app,5,positive,0,False,3,2025-09-24 12:37:16+00:00,2025-09-22/2025-09-28,2025-09,4.2508.20
439,a19ee5c1-347a-4cea-ac34-675e40511ed2,Myntra,google_play,hi,hi,False,बोहोत महेगे है है मीसो अछा है ईतना तो महेगा नहीं मीलता,बोहोत महेगे है है मीसो अछा है ईतना तो महेगा नहीं मीलता,बोहोत महेगे है है मीसो अछा है ईतना तो महेगा नहीं मीलता,5,positive,11,True,12,2025-09-23 22:19:18+00:00,2025-09-22/2025-09-28,2025-09,4.2508.20
440,8f4a6f8d-c80f-4549-8f78-472e85bd6df7,Myntra,google_play,hi,en,False,THANKS FOR MYNTRA,thanks for myntra,thanks for myntra,5,positive,0,False,3,2025-09-23 19:53:44+00:00,2025-09-22/2025-09-28,2025-09,4.2508.20
441,30b6be9c-65b1-41ce-ac2d-3cc09d501d1d,Myntra,google_play,hi,en,False,best skipping rope good price with discount 👍👍,best skipping rope good price with discount,best skipping rope good price with discount,5,positive,0,False,7,2025-09-23 18:47:00+00:00,2025-09-22/2025-09-28,2025-09,4.2508.20
442,0ae7dec0-c6cf-48f9-92a3-d5e7d543d4cb,Myntra,google_play,hi,mr,False,कमलेश चौहान,कमलेश चौहान,कमलेश चौहान,5,positive,0,False,2,2025-09-23 16:57:00+00:00,2025-09-22/2025-09-28,2025-09,4.2411.21
443,c5f1834f-009f-4849-a412-cb35bb2fe080,Myntra,google_play,hi,af,False,disgusting,disgusting,disgusting,1,complaint,0,False,1,2025-09-19 11:11:09+00:00,2025-09-15/2025-09-21,2025-09,
444,f8b2316a-1db2-4e72-9721-a10ad4e983a4,Myntra,google_play,hi,hi,False,बहुत सुंदर बहुत लाजवाब बढ़िया है,बहुत सुंदर बहुत लाजवाब बढ़िया है,बहुत सुंदर बहुत लाजवाब बढ़िया है,5,positive,97,True,6,2025-09-17 16:17:21+00:00,2025-09-15/2025-09-21,2025-09,4.2508.20
445,81b56dd9-c128-4fbf-97d0-647a393436b8,Myntra,google_play,hi,en,True,Rs. bahut high hai,rs. bahut high hai,rs. bahut high hai,1,complaint,6,False,4,2025-09-16 20:59:31+00:00,2025-09-15/2025-09-21,2025-09,4.2508.20
447,cadd6c49-a0a1-4ddb-8470-0151deb1c7e5,Myntra,google_play,hi,hi,False,अमेजॉन फ्लिपकार्ट पर 23को सेल लगने वाली है में खरीदारी वह से ही करूंगा दो ही एप्स से करूंगा 🙂 मिंत्रा बेकार है पैसे बहुत ज्यादा खाता है तुम बहुत ज्यादा पैसे खाते हो हर चीज का ज्यादा रेट लगा रखा है तुम अगर सेल चालू भी करोगे तो सेल में पैसे ही खाओगे तुम लोग बहुत थकते हो इसलिए मैं इस एब्सेस शॉपिंग नहीं करता हूं कोई भी सपना करें यह ठेकेदारी चल रही सरेआम,अमेजॉन फ्लिपकार्ट पर 23को सेल लगने वाली है में खरीदारी वह से ही करूंगा दो ही एप्स से करूंगा मिंत्रा बेकार है पैसे बहुत ज्यादा खाता है तुम बहुत ज्यादा पैसे खाते हो हर चीज का ज्यादा रेट लगा रखा है तुम अगर सेल चालू भी करोगे तो सेल में पैसे ही खाओगे तुम लोग बहुत थकते हो इसलिए मैं इस एब्सेस शॉपिंग नहीं करता हूं कोई भी सपना करें यह ठेकेदारी चल रही सरेआम,अमेजॉन फ्लिपकार्ट पर 23को सेल लगने वाली है में खरीदारी वह से ही करूंगा दो ही एप्स से करूंगा मिंत्रा बेकार है पैसे बहुत ज्यादा खाता है तुम बहुत ज्यादा पैसे खाते हो हर चीज का ज्यादा रेट लगा रखा है तुम अगर सेल चालू भी करोगे तो सेल में पैसे ही खाओगे तुम लोग बहुत थकते हो इसलिए मैं इस एब्सेस शॉपिंग नहीं करता हूं कोई भी सपना करें यह ठेकेदारी चल रही सरेआम,1,complaint,2,False,75,2025-09-12 18:10:04+00:00,2025-09-08/2025-09-14,2025-09,
449,fc387925-1def-4815-bfe1-93e55790bf86,Myntra,google_play,hi,hi,False,अच्छा है लेकिन शायद सबसे कम,अच्छा है लेकिन शायद सबसे कम,अच्छा है लेकिन शायद सबसे कम,3,mixed,2,False,6,2025-09-11 19:56:57+00:00,2025-09-08/2025-09-14,2025-09,
450,055c3f37-dbd9-42a7-b1c1-17d31a39fa6a,Myntra,google_play,hi,mr,False,मालगुडी अंकुश करलेचालान,मालगुडी अंकुश करलेचालान,मालगुडी अंकुश करलेचालान,4,positive,0,False,3,2025-08-25 22:12:44+00:00,2025-08-25/2025-08-31,2025-08,4.2508.11
452,0a38ad18-4c8a-44e1-91a4-9c5dd754208c,Myntra,google_play,hi,en,False,india's best all brands here it,india's best all brands here it,india's best all brands here it,5,positive,0,False,6,2025-08-15 22:24:29+00:00,2025-08-11/2025-08-17,2025-08,4.2507.10
453,4dffcc59-4a49-49c7-ac70-cc0ccaf75699,Myntra,google_play,hi,hi,False,"बहुत महंगे हैं कपड़े,,, हमारी ओकात से बाहर है भाई,,, अगर थोड़े सस्ते होते तो शायद मैं कुछ कपड़े ऑडर कर सकता था 🙏🙏👍👍","बहुत महंगे हैं कपड़े,,, हमारी ओकात से बाहर है भाई,,, अगर थोड़े सस्ते होते तो शायद मैं कुछ कपड़े ऑडर कर सकता था","बहुत महंगे हैं कपड़े,,, हमारी ओकात से बाहर है भाई,,, अगर थोड़े सस्ते होते तो शायद मैं कुछ कपड़े ऑडर कर सकता था",1,complaint,40,True,23,2025-08-09 16:22:55+00:00,2025-08-04/2025-08-10,2025-08,4.2507.20
454,d065c3d8-e3e1-46cb-99f7-7d4a6c116835,Myntra,google_play,hi,en,True,order har bar cancel automatically ho jata hai,order har bar cancel automatically ho jata hai,order har bar cancel automatically ho jata hai,1,complaint,14,True,8,2025-08-06 05:41:06+00:00,2025-08-04/2025-08-10,2025-08,4.2507.20
455,45f47c7e-5a6b-46c3-b0f8-9bfa58744232,Myntra,google_play,hi,fr,False,Product best Quality,product best quality,product best quality,4,positive,0,False,3,2025-07-28 18:50:17+00:00,2025-07-28/2025-08-03,2025-07,4.2507.10
456,31fe80f1-a59d-491f-8ad2-96af9e65a502,Myntra,google_play,hi,hi,False,मैं तो इस एप्लीकेशन का पहली बार इस्तेमाल कर रहा हूं ठीक लग रहा है,मैं तो इस एप्लीकेशन का पहली बार इस्तेमाल कर रहा हूं ठीक लग रहा है,मैं तो इस एप्लीकेशन का पहली बार इस्तेमाल कर रहा हूं ठीक लग रहा है,5,positive,171,True,15,2025-07-22 10:29:19+00:00,2025-07-21/2025-07-27,2025-07,4.2506.21
457,02afee23-2fc7-4110-8882-bf28b2584f2e,Myntra,google_play,hi,hi,False,बहूत बडीया हे इसके लीए मे इसको 5इसटार दुगा,बहूत बडीया हे इसके लीए मे इसको 5इसटार दुगा,बहूत बडीया हे इसके लीए मे इसको 5इसटार दुगा,5,positive,13,True,9,2025-07-21 11:19:24+00:00,2025-07-21/2025-07-27,2025-07,4.2505.12
458,fbe235cb-09e6-4ff9-8c53-5d52cf3ede43,Myntra,google_play,hi,hi,False,यह ऐप बहोत ही शुपर है और बीलकुल सही है,यह ऐप बहोत ही शुपर है और बीलकुल सही है,यह ऐप बहोत ही शुपर है और बीलकुल सही है,5,positive,8,False,10,2025-07-18 20:35:01+00:00,2025-07-14/2025-07-20,2025-07,
459,8e89a5e8-e448-43b3-8491-9c38136d48e6,Myntra,google_play,hi,en,False,This is a one of the best shopping platform products are really of good quality,this is a one of the best shopping platform products are really of good quality,this is a one of the best shopping platform products are really of good quality,5,positive,0,False,15,2025-07-11 06:49:32+00:00,2025-07-07/2025-07-13,2025-07,4.2506.10
460,0c0fed48-f345-4caa-8bd6-eba56190023e,Myntra,google_play,hi,hi,False,बहुत अच्छा,बहुत अच्छा,बहुत अच्छा,5,positive,0,False,2,2025-07-10 15:42:48+00:00,2025-07-07/2025-07-13,2025-07,4.2506.21
461,8f1ed455-82e1-4677-b705-466aa1f661d7,Myntra,google_play,hi,hi,False,बहुत खूबसूरत है यह ऐप बहुत सुंदर लगा है,बहुत खूबसूरत है यह ऐप बहुत सुंदर लगा है,बहुत खूबसूरत है यह ऐप बहुत सुंदर लगा है,5,positive,151,True,9,2025-07-07 07:13:07+00:00,2025-07-07/2025-07-13,2025-07,4.2506.10
462,015829c3-2b83-45d4-9296-85ecb374b751,Myntra,google_play,hi,hi,False,बहुत खूब बहुत अच्छा 😍😍😍😍,बहुत खूब बहुत अच्छा,बहुत खूब बहुत अच्छा,5,positive,29,True,4,2025-07-06 18:02:07+00:00,2025-06-30/2025-07-06,2025-07,4.2506.10
463,c905eacc-3a03-46f5-833e-914a48ac6985,Myntra,google_play,hi,so,False,bahut achcha good,bahut achcha good,bahut achcha good,5,positive,1,False,3,2025-06-29 22:15:31+00:00,2025-06-23/2025-06-29,2025-06,
464,36c095e1-fe69-497f-a0a3-af3930351ad1,Myntra,google_play,hi,en,False,best purchases with best quality.,best purchases with best quality.,best purchases with best quality.,5,positive,0,False,5,2025-06-17 23:26:03+00:00,2025-06-16/2025-06-22,2025-06,4.2505.12
465,e8c85cbf-0f31-4ba3-9571-f174c1520c39,Myntra,google_play,hi,fi,False,इस app se koi item mat mgvana ritun nhi hota hai,इस app se koi item mat mgvana ritun nhi hota hai,इस app se koi item mat mgvana ritun nhi hota hai,1,complaint,4,False,11,2025-06-16 10:28:50+00:00,2025-06-16/2025-06-22,2025-06,4.2505.12
466,2d4fd5cf-5294-45ef-a6f3-970ae8b6aac8,Myntra,google_play,hi,id,False,38 Manga tha lekin 42 ke lagbhag car size de Diya,38 manga tha lekin 42 ke lagbhag car size de diya,38 manga tha lekin 42 ke lagbhag car size de diya,5,positive,8,False,11,2025-06-14 15:34:56+00:00,2025-06-09/2025-06-15,2025-06,4.2505.12
467,37f0399a-2fe3-4583-9988-33c4d60b5954,Myntra,google_play,hi,hi,False,बहुत बढ़िया है,बहुत बढ़िया है,बहुत बढ़िया है,5,positive,29,True,3,2025-06-13 09:05:44+00:00,2025-06-09/2025-06-15,2025-06,4.2505.12
468,19b76497-3821-4cce-8bbc-c08797a9bed3,Myntra,google_play,hi,sw,False,kya bat hai mjo hi karniyo maintra to,kya bat hai mjo hi karniyo maintra to,kya bat hai mjo hi karniyo maintra to,5,positive,26,True,8,2025-06-06 16:47:19+00:00,2025-06-02/2025-06-08,2025-06,4.2505.12
470,49ed6719-79b3-43be-8e6d-f99e23fb750c,Myntra,google_play,hi,hi,False,हर सामान की प्राइस 1000+ ही है,हर सामान की प्राइस 1000 ही है,हर सामान की प्राइस 1000 ही है,1,complaint,112,True,7,2025-06-02 19:08:19+00:00,2025-06-02/2025-06-08,2025-06,4.2505.12
471,f420bb37-8fda-4625-bb7d-e383de92d33c,Myntra,google_play,hi,id,False,abhi mera oddar aay tab pata chalega,abhi mera oddar aay tab pata chalega,abhi mera oddar aay tab pata chalega,5,positive,49,True,7,2025-06-01 05:52:51+00:00,2025-05-26/2025-06-01,2025-06,4.2505.12
472,81e8e4d5-083c-4253-9a75-c899a6f3dd87,Myntra,google_play,hi,id,False,mera ab tak ka experience bahut achha hai,mera ab tak ka experience bahut achha hai,mera ab tak ka experience bahut achha hai,4,positive,328,True,8,2025-06-01 00:48:08+00:00,2025-05-26/2025-06-01,2025-06,4.2505.12
473,a127a762-6ce4-4350-9309-1ac085e38056,Myntra,google_play,hi,hi,False,बहुत ही अच्छा ऐपहै,बहुत ही अच्छा ऐपहै,बहुत ही अच्छा ऐपहै,5,positive,25,True,4,2025-05-28 17:18:54+00:00,2025-05-26/2025-06-01,2025-05,4.2504.21
474,3e508a5d-2810-4ec0-a692-2dc9992f9703,Myntra,google_play,hi,hi,False,मंत्रmyntra से भी बहुत अच्छा समान मांगते हैं स्नेहा ब्यूटी पार्लर नागौर में,मंत्रmyntra से भी बहुत अच्छा समान मांगते हैं स्नेहा ब्यूटी पार्लर नागौर में,मंत्रmyntra से भी बहुत अच्छा समान मांगते हैं स्नेहा ब्यूटी पार्लर नागौर में,5,positive,0,False,13,2025-05-25 21:53:31+00:00,2025-05-19/2025-05-25,2025-05,
475,4b965690-8449-4099-bfbf-8a56a0985ee8,Myntra,google_play,hi,en,False,order hi nhi hota he play now butten debeta hi nhi he 🤔🤔🤔,order hi nhi hota he play now butten debeta hi nhi he,order hi nhi hota he play now butten debeta hi nhi he,1,complaint,12,True,12,2025-05-17 16:31:46+00:00,2025-05-12/2025-05-18,2025-05,4.2504.10
476,bc72acc7-3749-4410-ae7c-12025cd28b01,Myntra,google_play,hi,sv,False,I am happy,i am happy,i am happy,5,positive,0,False,3,2025-05-17 14:54:38+00:00,2025-05-12/2025-05-18,2025-05,
477,61209215-8d62-4e62-a538-77590d68a744,Myntra,google_play,hi,tl,False,is aap me kapde bahot mahange aate hai😔,is aap me kapde bahot mahange aate hai,is aap me kapde bahot mahange aate hai,1,complaint,12,True,8,2025-05-15 21:24:10+00:00,2025-05-12/2025-05-18,2025-05,4.2504.21
478,49d10241-459e-4e13-93fa-28e2c39cfd77,Myntra,google_play,hi,en,False,fashion ke liye best app 👍😊❣️,fashion ke liye best app,fashion ke liye best app,5,positive,0,False,5,2025-05-13 19:23:14+00:00,2025-05-12/2025-05-18,2025-05,
479,bcde364b-4ac0-4a28-b4da-43393912f9fb,Myntra,google_play,hi,tl,False,sabse ghateya,sabse ghateya,sabse ghateya,1,complaint,0,False,2,2025-05-11 17:15:08+00:00,2025-05-05/2025-05-11,2025-05,4.2504.21
480,71778ee4-4cae-43ff-b9e7-b7ef880cc38b,Myntra,google_play,hi,id,False,bahut bahut achcha,bahut bahut achcha,bahut bahut achcha,5,positive,19,True,3,2025-05-11 10:58:54+00:00,2025-05-05/2025-05-11,2025-05,4.2504.10
481,243a2465-7e7a-405e-a140-b464ca46bea2,Myntra,google_play,hi,id,False,bahut kharab hai,bahut kharab hai,bahut kharab hai,4,positive,50,True,3,2025-05-05 11:50:50+00:00,2025-05-05/2025-05-11,2025-05,4.2504.10
482,f9dc7631-3feb-4633-996f-ec9a6baf3d38,Myntra,google_play,hi,hi,False,बहुत खूबसूरत मैंने सोचा था उससे कई ऊपर ब्रांडेड ब्रांड,बहुत खूबसूरत मैंने सोचा था उससे कई ऊपर ब्रांडेड ब्रांड,बहुत खूबसूरत मैंने सोचा था उससे कई ऊपर ब्रांडेड ब्रांड,5,positive,96,True,10,2025-05-01 07:48:39+00:00,2025-04-28/2025-05-04,2025-05,4.2504.10
483,6408098a-8f97-45a4-beed-d423b1618bdb,Myntra,google_play,hi,tl,False,Saman bahut mahanga hai mujhe bilkul pasand nahin aaya 🤢🤢🤢🤢🤢🤢🤢🤢🤮🤮🤮🤮🤮🤮🤮🤮🤮🤮🤮🤮🤮🤮🤮🤮🤮🤮🤮🤮🥵🥵🥵🥵🥵🥵🤬🤬🤬🤬🤬🥺🥺🥺🥺🥺😩😩😩😩😩😩😩,saman bahut mahanga hai mujhe bilkul pasand nahin aaya,saman bahut mahanga hai mujhe bilkul pasand nahin aaya,1,complaint,0,False,9,2025-04-28 22:16:21+00:00,2025-04-28/2025-05-04,2025-04,
484,3d105e23-20c8-4a0e-a317-99360d04352e,Myntra,google_play,hi,tl,False,abhi mai 1 star de rhi hu agr achha shoping hua to mai aa kr aap logo ko btaungi,abhi mai 1 star de rhi hu agr achha shoping hua to mai aa kr aap logo ko btaungi,abhi mai 1 star de rhi hu agr achha shoping hua to mai aa kr aap logo ko btaungi,1,complaint,0,False,19,2025-04-28 18:33:56+00:00,2025-04-28/2025-05-04,2025-04,
485,4cf6793d-90ff-4739-9a6a-adda98990fad,Myntra,google_play,hi,fr,False,excellent one,excellent one,excellent one,5,positive,0,False,2,2025-04-28 16:33:57+00:00,2025-04-28/2025-05-04,2025-04,4.2504.10
486,9a3e2aa9-7f54-4608-b34c-5cb0a376b6ff,Myntra,google_play,hi,en,False,price is very high,price is very high,price is very high,2,complaint,0,False,4,2025-04-26 16:29:55+00:00,2025-04-21/2025-04-27,2025-04,4.2504.10
487,5299fbb8-3886-4d22-a73c-0b278b342bb7,Myntra,google_play,hi,hi,False,इस पर बहुत महंगी शॉपिंग है,इस पर बहुत महंगी शॉपिंग है,इस पर बहुत महंगी शॉपिंग है,1,complaint,0,False,6,2025-04-22 09:23:24+00:00,2025-04-21/2025-04-27,2025-04,
488,4c602dbd-f622-4212-b4da-5c5adb3a0e36,Myntra,google_play,hi,en,False,"I purchased many products from Myntra. But it is not delivering any items in my pincode for the last 2 weeks. So, It's now completely useless just like Flipkart.","i purchased many products from myntra. but it is not delivering any items in my pincode for the last 2 weeks. so, it's now completely useless just like flipkart.","i purchased many products from myntra. but it is not delivering any items in my pincode for the last 2 weeks. so, it's now completely useless just like flipkart.",1,complaint,0,False,29,2025-04-20 11:38:20+00:00,2025-04-14/2025-04-20,2025-04,4.2503.21
489,2a1a1886-007c-46a1-8564-65639b43f3f2,Myntra,google_play,hi,id,False,bekar hai Bhai,bekar hai bhai,bekar hai bhai,1,complaint,0,False,3,2025-04-16 19:57:05+00:00,2025-04-14/2025-04-20,2025-04,
490,869e8d10-f63b-40fd-a04d-a8f9f0077175,Myntra,google_play,hi,hi,False,पहली बार खरीदारी की थी बेहतरीन रही,पहली बार खरीदारी की थी बेहतरीन रही,पहली बार खरीदारी की थी बेहतरीन रही,5,positive,79,True,7,2025-04-12 20:34:04+00:00,2025-04-07/2025-04-13,2025-04,4.2503.21
491,970c8f25-f206-4856-bfc7-41103ddfd16f,Myntra,google_play,hi,cy,False,pehli bar app dawlod kar rha hu,pehli bar app dawlod kar rha hu,pehli bar app dawlod kar rha hu,5,positive,0,False,7,2025-04-12 01:19:15+00:00,2025-04-07/2025-04-13,2025-04,
492,37771710-cf18-46c7-8101-e0ff3dd1edd2,Myntra,google_play,hi,hi,False,बढ़िया है लेकिन बहुत महंगाहै,बढ़िया है लेकिन बहुत महंगाहै,बढ़िया है लेकिन बहुत महंगाहै,5,positive,42,True,5,2025-03-28 00:26:48+00:00,2025-03-24/2025-03-30,2025-03,4.2503.10
493,0100a381-2744-4723-8c8d-b2cf5d8cf0a7,Myntra,google_play,hi,hi,False,अब दौर आपका है लेकिन अफ़सोस की आपके ऐप में हिन्दी के लिए कोई जगह नहीं? 😌,अब दौर आपका है लेकिन अफ़सोस की आपके ऐप में हिन्दी के लिए कोई जगह नहीं?,अब दौर आपका है लेकिन अफ़सोस की आपके ऐप में हिन्दी के लिए कोई जगह नहीं?,4,positive,133,True,16,2025-03-25 19:26:58+00:00,2025-03-24/2025-03-30,2025-03,4.2502.11
494,4574b510-3fa7-432f-b6ae-444e5adf588d,Myntra,google_play,hi,hi,False,बहुत ही सुन्दर है,बहुत ही सुन्दर है,बहुत ही सुन्दर है,5,positive,28,True,4,2025-03-22 20:45:47+00:00,2025-03-17/2025-03-23,2025-03,4.2502.11
495,84bafb93-a7fc-4ed5-9ef4-66c910450af0,Myntra,google_play,hi,hi,False,यह ऐप पैसे तो ज्यादा लेता ही हैं लेकिन रिटर्न पॉलिसी भी नही देता मेने boat rockerz 255+ मंगवाया था 3990 हैं लेकिन प्रोडक्ट डेमेज एक साइड काम नही करता और रिटर्न का तो कोई ऑप्शन भी नही है स्टाफ से बात करो तो बोलते ही बोट कंपनी से बात करो कोई भी इस झमेले में न फसे very bad exprince,यह ऐप पैसे तो ज्यादा लेता ही हैं लेकिन रिटर्न पॉलिसी भी नही देता मेने boat rockerz 255 मंगवाया था 3990 हैं लेकिन प्रोडक्ट डेमेज एक साइड काम नही करता और रिटर्न का तो कोई ऑप्शन भी नही है स्टाफ से बात करो तो बोलते ही बोट कंपनी से बात करो कोई भी इस झमेले में न फसे very bad exprince,यह ऐप पैसे तो ज्यादा लेता ही हैं लेकिन रिटर्न पॉलिसी भी नही देता मेने boat rockerz 255 मंगवाया था 3990 हैं लेकिन प्रोडक्ट डेमेज एक साइड काम नही करता और रिटर्न का तो कोई ऑप्शन भी नही है स्टाफ से बात करो तो बोलते ही बोट कंपनी से बात करो कोई भी इस झमेले में न फसे very bad exprince,1,complaint,39,True,61,2025-03-21 21:11:15+00:00,2025-03-17/2025-03-23,2025-03,4.2502.11
496,a38e51dc-3f5e-4821-a18b-9fe3cdd7e55f,Myntra,google_play,hi,hi,False,यह घटिया है,यह घटिया है,यह घटिया है,1,complaint,0,False,3,2025-03-18 11:28:09+00:00,2025-03-17/2025-03-23,2025-03,
497,aa7fcb15-a4af-42f0-a6f1-78d29e191bd6,Myntra,google_play,hi,hi,False,यह एप्लिकेशन जनहितेशि हैं,यह एप्लिकेशन जनहितेशि हैं,यह एप्लिकेशन जनहितेशि हैं,5,positive,1,False,4,2025-03-11 20:39:58+00:00,2025-03-10/2025-03-16,2025-03,
498,440dc429-d091-473c-9982-dc8e3004ebd0,Myntra,google_play,hi,it,False,Fantastic app,fantastic app,fantastic app,5,positive,1,False,2,2025-03-09 10:57:37+00:00,2025-03-03/2025-03-09,2025-03,4.2502.11
499,d417d91b-d8e4-4ecd-990d-2fe2f5f32766,Myntra,google_play,hi,hi,False,यह बहुत ही बढ़िया है इसे डाउनलोड करें ज्यादा से ज्यादाकरें,यह बहुत ही बढ़िया है इसे डाउनलोड करें ज्यादा से ज्यादाकरें,यह बहुत ही बढ़िया है इसे डाउनलोड करें ज्यादा से ज्यादाकरें,5,positive,3,False,11,2025-03-07 20:21:39+00:00,2025-03-03/2025-03-09,2025-03,
500,66fb2e44-3ea0-48ed-96ad-2aecf984aafb,Myntra,google_play,hi,en,True,Acha app hai,acha app hai,acha app hai,5,positive,4,False,3,2025-03-07 16:30:41+00:00,2025-03-03/2025-03-09,2025-03,4.2502.11
501,0b737d22-f8a9-4cf6-84c9-1ea061a3b619,Myntra,google_play,hi,hi,False,कस्टमर सपोर्ट के डिलेवरी ११ मार्च२०२५ कन्फर्म करने बदल आभार,कस्टमर सपोर्ट के डिलेवरी ११ मार्च२०२५ कन्फर्म करने बदल आभार,कस्टमर सपोर्ट के डिलेवरी ११ मार्च२०२५ कन्फर्म करने बदल आभार,5,positive,49,True,10,2025-03-07 13:32:56+00:00,2025-03-03/2025-03-09,2025-03,4.2501.10
502,c3601d76-712d-4b5e-b34b-ea1adde768c6,Myntra,google_play,hi,en,False,Very Very Good App For Clothes Shopping And Also For Branded Products.,very very good app for clothes shopping and also for branded products.,very very good app for clothes shopping and also for branded products.,5,positive,0,False,12,2025-03-07 12:41:56+00:00,2025-03-03/2025-03-09,2025-03,
503,9d773a56-3676-4e07-a4fe-c72f6d1fa4ef,Myntra,google_play,hi,hi,False,मेरा अनुभव बहुत रहा है प्रोडक्ट बहुत अच्छाहै,मेरा अनुभव बहुत रहा है प्रोडक्ट बहुत अच्छाहै,मेरा अनुभव बहुत रहा है प्रोडक्ट बहुत अच्छाहै,5,positive,41,True,8,2025-03-06 17:04:12+00:00,2025-03-03/2025-03-09,2025-03,4.2502.11
504,fca88550-50c3-4d19-92b5-5a4416ac7da8,Myntra,google_play,hi,et,False,Koi return lene ke liye bhi nhi aa rhe,koi return lene ke liye bhi nhi aa rhe,koi return lene ke liye bhi nhi aa rhe,1,complaint,2,False,9,2025-03-03 21:00:07+00:00,2025-03-03/2025-03-09,2025-03,
505,f0cb5d49-2f2a-4727-ad6d-15e50b20cc7c,Myntra,google_play,hi,en,False,Best Online platform for authentic products,best online platform for authentic products,best online platform for authentic products,5,positive,1,False,6,2025-02-27 23:30:17+00:00,2025-02-24/2025-03-02,2025-02,4.2501.20
506,e5b4ab59-65b9-44e4-8d14-8d7981e25f18,Myntra,google_play,hi,en,False,"Me myntra aap I had a lot of fun shopping, I got really nice clothes 😍👍","me myntra aap i had a lot of fun shopping, i got really nice clothes","me myntra aap i had a lot of fun shopping, i got really nice clothes",5,positive,1,False,15,2025-02-19 16:32:49+00:00,2025-02-17/2025-02-23,2025-02,4.2501.20
507,9196be25-0cda-4705-a684-912f898e6891,Myntra,google_play,hi,tl,False,A1 shopping aap,a1 shopping aap,a1 shopping aap,5,positive,1,False,3,2025-02-09 20:39:05+00:00,2025-02-03/2025-02-09,2025-02,4.2501.20
508,b42f3f88-89b4-4574-aeb4-00fd55b8680c,Myntra,google_play,hi,sw,False,Vigyapan nahin aana chahie Na koi Ada na chhe na bhaiya banana chahie,vigyapan nahin aana chahie na koi ada na chhe na bhaiya banana chahie,vigyapan nahin aana chahie na koi ada na chhe na bhaiya banana chahie,5,positive,0,False,13,2025-02-08 20:25:24+00:00,2025-02-03/2025-02-09,2025-02,
509,78a67efc-da76-4c01-8e06-07f90648f4fc,Myntra,google_play,hi,af,False,Best sovpik aap myntra,best sovpik aap myntra,best sovpik aap myntra,5,positive,5,False,4,2025-02-06 18:17:53+00:00,2025-02-03/2025-02-09,2025-02,4.2501.10
510,8add8ba1-5f1c-482a-8653-0ed28bc7a588,Myntra,google_play,hi,en,False,Nice application shoping,nice application shoping,nice application shoping,5,positive,1,False,3,2025-02-05 13:05:20+00:00,2025-02-03/2025-02-09,2025-02,4.2501.20
511,a1ebea84-cf06-4032-bfa4-4f5cc07f0bca,Myntra,google_play,hi,hi,False,बहुत सुन्दर रिटर्निंग भी बढ़िया फास्ट सर्विस करियर का,बहुत सुन्दर रिटर्निंग भी बढ़िया फास्ट सर्विस करियर का,बहुत सुन्दर रिटर्निंग भी बढ़िया फास्ट सर्विस करियर का,5,positive,49,True,9,2025-01-31 12:48:31+00:00,2025-01-27/2025-02-02,2025-01,4.2501.10
512,5f6884f6-dc51-4ca8-b435-ed67bc1cbbbb,Myntra,google_play,hi,id,False,Bahut hi Bura app Hai Doston ise download Mat kijye,bahut hi bura app hai doston ise download mat kijye,bahut hi bura app hai doston ise download mat kijye,1,complaint,0,False,10,2025-01-19 14:45:28+00:00,2025-01-13/2025-01-19,2025-01,
513,5db3bbd4-76a6-4061-91a6-e977789a7134,Myntra,google_play,hi,hi,False,Ghatiya services भरोसे के लायक नही किसी भी टाइम अपने आप पार्सल कैंसिल कर देते हैं,ghatiya services भरोसे के लायक नही किसी भी टाइम अपने आप पार्सल कैंसिल कर देते हैं,ghatiya services भरोसे के लायक नही किसी भी टाइम अपने आप पार्सल कैंसिल कर देते हैं,1,complaint,107,True,16,2025-01-19 05:34:12+00:00,2025-01-13/2025-01-19,2025-01,4.2412.21
514,cd565313-ddda-4635-9e01-c14a4fe7df15,Myntra,google_play,hi,cy,False,Very godd apppp,very godd app,very godd app,5,positive,1,False,3,2025-01-16 07:40:39+00:00,2025-01-13/2025-01-19,2025-01,4.2412.21
515,3479fd96-cb05-4699-b7e3-e6d118f4305b,Myntra,google_play,hi,en,False,Very good in everything,very good in everything,very good in everything,5,positive,1,False,4,2025-01-14 19:37:31+00:00,2025-01-13/2025-01-19,2025-01,4.2412.21
516,25d54660-a4c0-495a-87c9-aa63d6c89425,Myntra,google_play,hi,pl,False,Nice rooms,nice rooms,nice rooms,5,positive,1,False,2,2025-01-12 20:30:13+00:00,2025-01-06/2025-01-12,2025-01,4.2412.21
517,97975d83-2042-48ac-8cf7-813eb868bee1,Myntra,google_play,hi,af,False,Very very very very very very very very very very very very very very very Good app 😘😘,very very very very very very very very very very very very very very very good app,very very very very very very very very very very very very very very very good app,5,positive,1,False,17,2025-01-05 08:41:52+00:00,2024-12-30/2025-01-05,2025-01,4.2411.21
518,a2f10cab-7a1d-41dc-82d4-359e6ce84fb0,Myntra,google_play,hi,en,False,Excellent service but return system n policy is not satisfactory,excellent service but return system n policy is not satisfactory,excellent service but return system n policy is not satisfactory,5,positive,1,False,10,2024-12-24 09:06:44+00:00,2024-12-23/2024-12-29,2024-12,4.2410.20
519,8a421469-32ed-477b-a27a-27a31e7d0a31,Myntra,google_play,hi,en,False,Maruf Misha Collins Ave NE me hi hai,maruf misha collins ave ne me hi hai,maruf misha collins ave ne me hi hai,5,positive,8,False,8,2024-12-17 23:07:15+00:00,2024-12-16/2024-12-22,2024-12,4.2411.21
520,91a8b3c4-9ce4-4b44-8875-cb73746d7ecb,Myntra,google_play,hi,hi,False,बहुत ही अच्छा,बहुत ही अच्छा,बहुत ही अच्छा,1,complaint,7,False,3,2024-12-15 09:09:26+00:00,2024-12-09/2024-12-15,2024-12,4.2411.21
521,70872212-8eb2-494c-9985-29afdb64fc87,Myntra,google_play,hi,en,False,God bless you,god bless you,god bless you,5,positive,1,False,3,2024-12-12 20:51:14+00:00,2024-12-09/2024-12-15,2024-12,4.2411.21
522,246d04dd-3eaa-41de-b8c6-cfb92fd2e13a,Myntra,google_play,hi,hi,False,महा घटिया अप्लिकेशन है ये अपना ऑर्डर ट्रैस करने का नही देता है नाही डेलिवरी टाइम जल्दी देता है,महा घटिया अप्लिकेशन है ये अपना ऑर्डर ट्रैस करने का नही देता है नाही डेलिवरी टाइम जल्दी देता है,महा घटिया अप्लिकेशन है ये अपना ऑर्डर ट्रैस करने का नही देता है नाही डेलिवरी टाइम जल्दी देता है,1,complaint,5,False,19,2024-12-10 16:26:25+00:00,2024-12-09/2024-12-15,2024-12,
523,c753f25d-44c5-4cd5-961b-74090bd7ce9b,Myntra,google_play,hi,tl,False,Good shopping app,good shopping app,good shopping app,3,mixed,0,False,3,2024-12-10 01:01:02+00:00,2024-12-09/2024-12-15,2024-12,4.2411.21
524,11579a79-29a7-48c4-b46e-c959eea579d8,Myntra,google_play,hi,hi,False,"मेरे पहले ऑर्डर पर मुझे अच्छा डिस्काउंट दिया ,धन्यवाद Myntra ।","मेरे पहले ऑर्डर पर मुझे अच्छा डिस्काउंट दिया ,धन्यवाद myntra ।","मेरे पहले ऑर्डर पर मुझे अच्छा डिस्काउंट दिया ,धन्यवाद myntra ।",5,positive,125,True,11,2024-12-09 22:35:05+00:00,2024-12-09/2024-12-15,2024-12,4.2411.21
525,4456da7b-afcb-48ac-94dd-bc06f96f3dd5,Myntra,google_play,hi,hi,False,हमें 9000 की साड़ी नहीं चाहिए भाई,हमें 9000 की साड़ी नहीं चाहिए भाई,हमें 9000 की साड़ी नहीं चाहिए भाई,1,complaint,0,False,7,2024-12-08 07:16:46+00:00,2024-12-02/2024-12-08,2024-12,
526,e01a283d-ed44-4c79-86aa-4f346b368960,Myntra,google_play,hi,hi,False,इतना ज्यादा घटिया शॉपिंग ऐप अभी तक मैंने कभी नही देखा मैंने अपने शूज का आर्डर किया और उसका पेमेंट पहले कर दिया उसकी डिलीवरी अभी तक नहीं हुई है और ऑर्डर 8 दिन तक डीलहे हो चुका है । . और अभी तक मुझे मेरा पेमेंट नहीं मिला ॥ कस्टमर की कोई care नहीं है । और order कैंसिल भी नही हो रहा है। 👎👎👎👎👎👎👎👎🥹🥹🥹,इतना ज्यादा घटिया शॉपिंग ऐप अभी तक मैंने कभी नही देखा मैंने अपने शूज का आर्डर किया और उसका पेमेंट पहले कर दिया उसकी डिलीवरी अभी तक नहीं हुई है और ऑर्डर 8 दिन तक डीलहे हो चुका है । . और अभी तक मुझे मेरा पेमेंट नहीं मिला ॥ कस्टमर की कोई care नहीं है । और order कैंसिल भी नही हो रहा है।,इतना ज्यादा घटिया शॉपिंग ऐप अभी तक मैंने कभी नही देखा मैंने अपने शूज का आर्डर किया और उसका पेमेंट पहले कर दिया उसकी डिलीवरी अभी तक नहीं हुई है और ऑर्डर 8 दिन तक डीलहे हो चुका है । . और अभी तक मुझे मेरा पेमेंट नहीं मिला ॥ कस्टमर की कोई care नहीं है । और order कैंसिल भी नही हो रहा है।,1,complaint,3,False,65,2024-12-03 15:25:00+00:00,2024-12-02/2024-12-08,2024-12,4.2411.21
527,a852b56c-c82e-4e3c-b59b-9e3778db9870,Myntra,google_play,hi,hi,False,"Very good 😊😊😊💯 मै myntra पर लगातार 4 साल से खरीदारी कर रहा हूं, समान अच्छा देता है,","very good मै myntra पर लगातार 4 साल से खरीदारी कर रहा हूं, समान अच्छा देता है,","very good मै myntra पर लगातार 4 साल से खरीदारी कर रहा हूं, समान अच्छा देता है,",5,positive,95,True,17,2024-11-15 19:50:04+00:00,2024-11-11/2024-11-17,2024-11,4.2410.20
528,1e95454c-2a4f-4dcd-8cb3-29353bee3b7d,Myntra,google_play,hi,hi,False,यह बहुत बुरा है जैसे कुछ आर्डर भी नहीं हो रहा है और बहुत महंगा भी है प्लीज दोस्तों ऐप डाउनलोड मत कीजिए नहीं कुछ और कीजिए क्योंकि बहुत महंगा है इसीलिए हमें से एक भी स्टार्ट नहीं देनाचाहेंगे 😡😡😡👎👎,यह बहुत बुरा है जैसे कुछ आर्डर भी नहीं हो रहा है और बहुत महंगा भी है प्लीज दोस्तों ऐप डाउनलोड मत कीजिए नहीं कुछ और कीजिए क्योंकि बहुत महंगा है इसीलिए हमें से एक भी स्टार्ट नहीं देनाचाहेंगे,यह बहुत बुरा है जैसे कुछ आर्डर भी नहीं हो रहा है और बहुत महंगा भी है प्लीज दोस्तों ऐप डाउनलोड मत कीजिए नहीं कुछ और कीजिए क्योंकि बहुत महंगा है इसीलिए हमें से एक भी स्टार्ट नहीं देनाचाहेंगे,1,complaint,92,True,39,2024-11-15 11:11:31+00:00,2024-11-11/2024-11-17,2024-11,4.2410.20
529,24e0b2a9-b977-4951-8a3b-d0efe80fe8ea,Myntra,google_play,hi,cs,False,verry nice,verry nice,verry nice,5,positive,1,False,2,2024-11-14 17:51:00+00:00,2024-11-11/2024-11-17,2024-11,4.2410.20
530,b269f800-7945-4841-b7d2-9664152c54e4,Myntra,google_play,hi,en,False,Best app for shooping,best app for shooping,best app for shooping,5,positive,0,False,4,2024-11-08 13:15:13+00:00,2024-11-04/2024-11-10,2024-11,
531,bf986331-79a0-4431-8da7-5e88b71a741e,Myntra,google_play,hi,hi,False,बहुत ही अच्छी खरीदो चित कीमत पर वेरी नाइस मंत्र,बहुत ही अच्छी खरीदो चित कीमत पर वेरी नाइस मंत्र,बहुत ही अच्छी खरीदो चित कीमत पर वेरी नाइस मंत्र,5,positive,22,True,10,2024-11-05 14:22:51+00:00,2024-11-04/2024-11-10,2024-11,4.2410.10
532,f2914de8-19d5-4ba6-994b-b08e1b86fda1,Myntra,google_play,hi,id,False,Mera bhai magaya nice shert,mera bhai magaya nice shert,mera bhai magaya nice shert,5,positive,6,False,5,2024-10-30 10:27:11+00:00,2024-10-28/2024-11-03,2024-10,4.2409.11
534,c8960199-218d-4751-9cf6-567fe3c6b096,Myntra,google_play,hi,id,False,Bahut bahut achcha product,bahut bahut achcha product,bahut bahut achcha product,5,positive,6,False,4,2024-10-25 22:54:50+00:00,2024-10-21/2024-10-27,2024-10,4.2409.11
535,cde71573-0caf-43a4-a215-7c3101adc3cc,Myntra,google_play,hi,fr,False,Best products quility,best products quility,best products quility,5,positive,1,False,3,2024-10-23 14:13:54+00:00,2024-10-21/2024-10-27,2024-10,4.2409.11
537,6cb08b7d-f648-4936-9660-c57ca5ac157c,Myntra,google_play,hi,id,False,Mitra ki chij bahut hi acchi hoti hai yahan se order se Kabhi nirasha Nahin milati aur samay per parcel bhi pahunch jaate Hain bahut badhiya Saman Aata Hai ise hamen jyada se jyada shopping karni chahie Mera anubhav yah Hai Ki Har Kisi ko yahan se shopping karni chahie brand quality bahut acchi hoti hai Mitra app bahut mast Hai download Karen aur shopping Karen happy 😊😁 item per right per badhiya chhut badhiya offer quality jyada share Karen usse jyada shopping Karen dhanyvad Mitra god bless y,mitra ki chij bahut hi acchi hoti hai yahan se order se kabhi nirasha nahin milati aur samay per parcel bhi pahunch jaate hain bahut badhiya saman aata hai ise hamen jyada se jyada shopping karni chahie mera anubhav yah hai ki har kisi ko yahan se shopping karni chahie brand quality bahut acchi hoti hai mitra app bahut mast hai download karen aur shopping karen happy item per right per badhiya chhut badhiya offer quality jyada share karen usse jyada shopping karen dhanyvad mitra god bless y,mitra ki chij bahut hi acchi hoti hai yahan se order se kabhi nirasha nahin milati aur samay per parcel bhi pahunch jaate hain bahut badhiya saman aata hai ise hamen jyada se jyada shopping karni chahie mera anubhav yah hai ki har kisi ko yahan se shopping karni chahie brand quality bahut acchi hoti hai mitra app bahut mast hai download karen aur shopping karen happy item per right per badhiya chhut badhiya offer quality jyada share karen usse jyada shopping karen dhanyvad mitra god bless y,5,positive,23,True,88,2024-10-19 15:27:47+00:00,2024-10-14/2024-10-20,2024-10,4.2408.10
538,a2d74b88-656a-4e7b-bf79-d8c34fb33ba8,Myntra,google_play,hi,id,False,Barot barnyard,barot barnyard,barot barnyard,5,positive,1,False,2,2024-10-17 11:25:32+00:00,2024-10-14/2024-10-20,2024-10,4.2409.11
539,09033554-f648-417e-9051-8fe237e0fa0f,Myntra,google_play,hi,en,False,Good for shopping clothes online,good for shopping clothes online,good for shopping clothes online,5,positive,1,False,5,2024-10-11 16:07:24+00:00,2024-10-07/2024-10-13,2024-10,4.2409.11
540,828a4dac-8dc0-497a-b4b5-809aef633d1b,Myntra,google_play,hi,en,False,Super shoping complex,super shoping complex,super shoping complex,5,positive,1,False,3,2024-10-10 20:23:47+00:00,2024-10-07/2024-10-13,2024-10,4.2409.11
541,f7845816-a21e-4c2c-80de-912d6ecddc81,Myntra,google_play,hi,hi,False,महंगा है बहुत,महंगा है बहुत,महंगा है बहुत,4,positive,83,True,3,2024-10-04 20:50:58+00:00,2024-09-30/2024-10-06,2024-10,4.2402.10
542,8209b360-b8d6-4e7f-8fa1-fac13a5e9f0c,Myntra,google_play,hi,hi,False,बहुत ही कम दाम में और बहुत ही जबरदस्त क्वालिटी के लिए हम 5 स्टार रेटिंग देते हैं,बहुत ही कम दाम में और बहुत ही जबरदस्त क्वालिटी के लिए हम 5 स्टार रेटिंग देते हैं,बहुत ही कम दाम में और बहुत ही जबरदस्त क्वालिटी के लिए हम 5 स्टार रेटिंग देते हैं,5,positive,136,True,18,2024-10-03 11:05:59+00:00,2024-09-30/2024-10-06,2024-10,4.2409.11
543,37d4a76b-0b93-4b2b-8e64-03ff9796e6e0,Myntra,google_play,hi,tl,False,Amazing app,amazing app,amazing app,5,positive,0,False,2,2024-10-03 06:35:33+00:00,2024-09-30/2024-10-06,2024-10,
546,01379175-f807-4583-956b-9dad11c67f28,Myntra,google_play,hi,en,False,Good work for shopping experience,good work for shopping experience,good work for shopping experience,5,positive,1,False,5,2024-09-27 19:13:05+00:00,2024-09-23/2024-09-29,2024-09,4.2409.11
547,baf86112-b215-415d-a791-eb3621466d5b,Myntra,google_play,hi,en,False,thats a good shopping application,thats a good shopping application,thats a good shopping application,5,positive,1,False,5,2024-09-27 10:49:14+00:00,2024-09-23/2024-09-29,2024-09,4.2409.11
548,ca850785-1130-48de-84e2-808207fbcc9b,Myntra,google_play,hi,hi,False,दिलासा देते हैं मगर कोई नहीं करता,दिलासा देते हैं मगर कोई नहीं करता,दिलासा देते हैं मगर कोई नहीं करता,3,mixed,27,True,7,2024-09-27 00:29:04+00:00,2024-09-23/2024-09-29,2024-09,4.2408.10
549,46ed56d8-c5a4-412d-bd22-c62c4b18ad79,Myntra,google_play,hi,hi,False,डाउनलोड होने के बाद ही पता चलेगा| 🤔🤔,डाउनलोड होने के बाद ही पता चलेगा,डाउनलोड होने के बाद ही पता चलेगा,3,mixed,2,False,7,2024-09-22 12:01:44+00:00,2024-09-16/2024-09-22,2024-09,
550,dbf8ce86-5781-4715-8010-e73664d38bdf,Myntra,google_play,hi,en,False,Very good product 👍,very good product,very good product,5,positive,1,False,3,2024-09-21 20:14:07+00:00,2024-09-16/2024-09-22,2024-09,4.2409.11
551,b9ea5db6-b0f8-4769-a76d-4f3ace8485e0,Myntra,google_play,hi,en,False,Very beautiful,very beautiful,very beautiful,5,positive,2,False,2,2024-09-21 12:19:23+00:00,2024-09-16/2024-09-22,2024-09,4.2409.11
553,f9fb57f0-034d-4b7f-82d7-f8fdaf86fe13,Myntra,google_play,hi,af,False,wow good keep it up,wow good keep it up,wow good keep it up,5,positive,1,False,5,2024-09-19 18:49:52+00:00,2024-09-16/2024-09-22,2024-09,4.2408.20
554,e1bc7dde-a72b-47ba-ae80-4e493a2d55d4,Myntra,google_play,hi,af,False,Very very happy,very very happy,very very happy,5,positive,2,False,3,2024-09-14 07:57:48+00:00,2024-09-09/2024-09-15,2024-09,4.2408.20
555,59c0c413-822a-40fd-87ab-d317d700513d,Myntra,google_play,hi,sv,False,Bhaiyo bahut hi kharab app h order kuch or hi karte h Or dilevered kuch or hi karta h hamare sath frode karta h please dowroad mat karna,bhaiyo bahut hi kharab app h order kuch or hi karte h or dilevered kuch or hi karta h hamare sath frode karta h please dowroad mat karna,bhaiyo bahut hi kharab app h order kuch or hi karte h or dilevered kuch or hi karta h hamare sath frode karta h please dowroad mat karna,1,complaint,22,True,28,2024-09-03 21:58:00+00:00,2024-09-02/2024-09-08,2024-09,4.2408.10
556,d0c02275-ffb1-4a22-ae79-428dfcab3066,Myntra,google_play,hi,en,False,Easy to use and affordable prices,easy to use and affordable prices,easy to use and affordable prices,5,positive,1,False,6,2024-09-03 08:21:11+00:00,2024-09-02/2024-09-08,2024-09,4.2408.10
557,6b92bdf6-ee77-4312-9e03-f7d5260bf310,Myntra,google_play,hi,mr,False,अभिषेक मद्धेशिया,अभिषेक मद्धेशिया,अभिषेक मद्धेशिया,5,positive,0,False,2,2024-09-03 05:22:25+00:00,2024-09-02/2024-09-08,2024-09,
558,fab58fd5-0f02-4b0b-93d6-5262b0f56d7a,Myntra,google_play,hi,en,False,Good Quality Product,good quality product,good quality product,5,positive,1,False,3,2024-08-31 18:32:45+00:00,2024-08-26/2024-09-01,2024-08,4.2407.20
559,56b8cf0f-69e6-4bfb-8940-ed77e731fbd3,Myntra,google_play,hi,en,True,Plz hum सभी coustmer ko batana चाहते hain ki saree order kiye the but quality color nhi pasand aaya 666 only return kiye h three saree tha one packed m tha amount 2000payment cash in hand myntra unfaithful h am from pratapgarh up hum instenly acction lenge with proof Bed responcse myntra,plz hum सभी coustmer ko batana चाहते hain ki saree order kiye the but quality color nhi pasand aaya 666 only return kiye h three saree tha one packed m tha amount 2000payment cash in hand myntra unfaithful h am from pratapgarh up hum instenly acction lenge with proof bed responcse myntra,plz hum सभी coustmer ko batana चाहते hain ki saree order kiye the but quality color nhi pasand aaya 666 only return kiye h three saree tha one packed m tha amount 2000payment cash in hand myntra unfaithful h am from pratapgarh up hum instenly acction lenge with proof bed responcse myntra,1,complaint,0,False,52,2024-08-29 21:49:42+00:00,2024-08-26/2024-09-01,2024-08,
560,200696a9-56db-4c66-9dba-879623f18eda,Myntra,google_play,hi,hi,False,यह बहुत बढ़िया एप्सहै डाउनलोडकर लेते धन्यवाद,यह बहुत बढ़िया एप्सहै डाउनलोडकर लेते धन्यवाद,यह बहुत बढ़िया एप्सहै डाउनलोडकर लेते धन्यवाद,5,positive,2,False,7,2024-08-16 15:59:49+00:00,2024-08-12/2024-08-18,2024-08,
561,762f4b7a-dead-4d53-98e6-9e7ce641a785,Myntra,google_play,hi,en,False,India's Best Online shopping app in afrodable price.,india's best online shopping app in afrodable price.,india's best online shopping app in afrodable price.,5,positive,2,False,8,2024-08-14 09:19:57+00:00,2024-08-12/2024-08-18,2024-08,4.2407.20
562,dc192e13-6f0b-4b62-bbf4-23b0ddad88d2,Myntra,google_play,hi,en,False,Myntra makes our life easier and stylish i really appreciate and thank to those delivery agent who always try to coperate with us and do their hard work with patience 😊😊 thank you Myntra staff for always being there for us 🙏🤗,myntra makes our life easier and stylish i really appreciate and thank to those delivery agent who always try to coperate with us and do their hard work with patience thank you myntra staff for always being there for us,myntra makes our life easier and stylish i really appreciate and thank to those delivery agent who always try to coperate with us and do their hard work with patience thank you myntra staff for always being there for us,5,positive,0,False,40,2024-08-11 19:05:08+00:00,2024-08-05/2024-08-11,2024-08,4.2312.22
563,fb4ec2e0-580d-4088-97a4-daebd7a059ed,Myntra,google_play,hi,en,False,Worst online shopping app I have seen,worst online shopping app i have seen,worst online shopping app i have seen,1,complaint,0,False,7,2024-08-04 13:02:38+00:00,2024-07-29/2024-08-04,2024-08,4.2403.10
564,a87052af-02fb-42a9-84fb-ae5cb4c88d5b,Myntra,google_play,hi,id,False,Great bank balance,great bank balance,great bank balance,5,positive,1,False,3,2024-07-31 12:43:39+00:00,2024-07-29/2024-08-04,2024-07,4.2406.20
565,a29671eb-b846-4256-a4a1-c80a021fcdda,Myntra,google_play,hi,id,False,Bahut acha hai,bahut acha hai,bahut acha hai,5,positive,2,False,3,2024-07-22 20:52:52+00:00,2024-07-22/2024-07-28,2024-07,
566,3b1dd65c-b2f6-46aa-ba2f-aa9b16bd531e,Myntra,google_play,hi,en,True,Bohot aatcha app hai Lakin bohot High price bhi hai kapdo par to please thoda price Kam Kar diziye,bohot aatcha app hai lakin bohot high price bhi hai kapdo par to please thoda price kam kar diziye,bohot aatcha app hai lakin bohot high price bhi hai kapdo par to please thoda price kam kar diziye,5,positive,121,True,19,2024-07-21 19:11:47+00:00,2024-07-15/2024-07-21,2024-07,4.2406.20
567,b6d9613e-787e-4f74-a70f-fbdb9c87f604,Myntra,google_play,hi,so,False,Bohot khoob,bohot khoob,bohot khoob,5,positive,0,False,2,2024-07-21 09:50:11+00:00,2024-07-15/2024-07-21,2024-07,
568,fd3ae18e-a211-4143-8d59-ea6ae1e031a3,Myntra,google_play,hi,id,False,magaram prajapat,magaram prajapat,magaram prajapat,5,positive,0,False,2,2024-07-16 21:40:27+00:00,2024-07-15/2024-07-21,2024-07,
569,f61b39b6-dcd9-4d22-bf65-dfb173a59227,Myntra,google_play,hi,en,False,Very nice shopping app,very nice shopping app,very nice shopping app,5,positive,1,False,4,2024-07-07 23:14:17+00:00,2024-07-01/2024-07-07,2024-07,4.2406.10
570,52480d42-fe38-460e-87b9-e0ea4c3ca92e,Myntra,google_play,hi,id,False,Bahut acche bahut achcha hai per sari chijen bahut mahangi milati Hain Jo kisi Garib ke budget mein nahin agar yah sasta saman mile to isase achcha ek dusra nahin 🥰🙏🥰,bahut acche bahut achcha hai per sari chijen bahut mahangi milati hain jo kisi garib ke budget mein nahin agar yah sasta saman mile to isase achcha ek dusra nahin,bahut acche bahut achcha hai per sari chijen bahut mahangi milati hain jo kisi garib ke budget mein nahin agar yah sasta saman mile to isase achcha ek dusra nahin,3,mixed,16,True,30,2024-07-06 22:27:22+00:00,2024-07-01/2024-07-07,2024-07,4.2405.10
571,def4da67-925b-4125-a0f1-cd38973e9f60,Myntra,google_play,hi,hi,False,बहुत महंगा सामान मिलता है,बहुत महंगा सामान मिलता है,बहुत महंगा सामान मिलता है,1,complaint,33,True,5,2024-07-01 14:09:50+00:00,2024-07-01/2024-07-07,2024-07,4.2406.10
572,98bcae0a-5a0e-4341-9915-ecb4286fe84c,Myntra,google_play,hi,id,False,Bahut kharab,bahut kharab,bahut kharab,1,complaint,0,False,2,2024-06-17 21:52:40+00:00,2024-06-17/2024-06-23,2024-06,
573,35cfe5ee-62ce-4da9-ba02-e5e412aa4f14,Myntra,google_play,hi,hi,False,बहुत घटिया है कृपया कर ना डाउनलोड करें 200 का सामान ₹600 में बेच रहा है डाउनलोड कोई ना करे धन्यवाद,बहुत घटिया है कृपया कर ना डाउनलोड करें 200 का सामान 600 में बेच रहा है डाउनलोड कोई ना करे धन्यवाद,बहुत घटिया है कृपया कर ना डाउनलोड करें 200 का सामान 600 में बेच रहा है डाउनलोड कोई ना करे धन्यवाद,1,complaint,137,True,21,2024-06-17 11:26:10+00:00,2024-06-17/2024-06-23,2024-06,4.2405.10
574,677441cb-92ce-476f-9a08-68971a78fd03,Myntra,google_play,hi,en,False,Very worst app. Products quality very bad.,very worst app. products quality very bad.,very worst app. products quality very bad.,1,complaint,0,False,7,2024-06-15 10:08:38+00:00,2024-06-10/2024-06-16,2024-06,4.2405.10
575,bb462e93-02b0-4cbb-930c-bf11b741d15c,Meesho,google_play,en,en,True,abhi meri ek return request h order ki plz pickup my return because 1mhina ho gya hai🙄🙄,abhi meri ek return request h order ki plz pickup my return because 1mhina ho gya hai,abhi meri ek return request h order ki plz pickup my return because 1mhina ho gya hai,2,complaint,0,False,17,2026-04-02 21:45:40+00:00,2026-03-30/2026-04-05,2026-04,
576,c04dda4f-1b0f-46f2-9ddf-0f003ec2b6da,Meesho,google_play,en,nl,False,meesho: is best,meesho is best,meesho is best,5,positive,0,False,3,2026-04-02 21:39:55+00:00,2026-03-30/2026-04-05,2026-04,27.4
577,779cc075-01d5-42c2-b87e-f94fadc2896c,Meesho,google_play,en,en,False,meesho very bad,meesho very bad,meesho very bad,1,complaint,0,False,3,2026-04-02 21:39:19+00:00,2026-03-30/2026-04-05,2026-04,27.4
578,a790fb3f-c8ff-4d36-9952-fb301db77155,Meesho,google_play,en,en,False,My experience was good. Product quality is almost good.,my experience was good. product quality is almost good.,my experience was good. product quality is almost good.,4,positive,0,False,9,2026-04-02 21:37:36+00:00,2026-03-30/2026-04-05,2026-04,27.4
579,2d458265-b042-4f29-9294-5d0c95d7a1a1,Meesho,google_play,en,en,False,scam 1st order please delete it as soon as possible,scam 1st order please delete it as soon as possible,scam 1st order please delete it as soon as possible,1,complaint,0,False,10,2026-04-02 21:33:30+00:00,2026-03-30/2026-04-05,2026-04,27.4
580,fba931e4-8fdb-4efc-9ca1-98519015970a,Meesho,google_play,en,id,False,"Ye bahut, achha or product ko jaldi deliver kar deta hai.Ek","ye bahut, achha or product ko jaldi deliver kar deta hai.ek","ye bahut, achha or product ko jaldi deliver kar deta hai.ek",5,positive,0,False,11,2026-04-02 21:31:53+00:00,2026-03-30/2026-04-05,2026-04,27.2
581,0abcbad3-d71d-476a-bd52-97151cf71d3a,Meesho,google_play,en,en,False,nive appp price thumba changi ide,nive appp price thumba changi ide,nive appp price thumba changi ide,5,positive,0,False,6,2026-04-02 21:29:51+00:00,2026-03-30/2026-04-05,2026-04,27.4
582,487c20bb-abb7-49cf-81fe-272d64a29271,Meesho,google_play,en,it,False,Amazing application 😁😁,amazing application,amazing application,5,positive,0,False,2,2026-04-02 21:26:10+00:00,2026-03-30/2026-04-05,2026-04,27.4
583,0d284780-5e27-4aeb-9cac-14ab56ab7406,Meesho,google_play,en,en,False,worst worst experience they always sending messages about pay later of meesho it is harassment so it is the worst worst worst worst worst worst app for ever,worst worst experience they always sending messages about pay later of meesho it is harassment so it is the worst worst worst worst worst worst app for ever,worst worst experience they always sending messages about pay later of meesho it is harassment so it is the worst worst worst worst worst worst app for ever,1,complaint,0,False,28,2026-04-02 21:22:44+00:00,2026-03-30/2026-04-05,2026-04,
584,bd8f5af5-317f-4feb-b54f-a66dbeeb7074,Meesho,google_play,en,en,False,very good And low Budget but quality good,very good and low budget but quality good,very good and low budget but quality good,3,mixed,0,False,8,2026-04-02 21:22:07+00:00,2026-03-30/2026-04-05,2026-04,27.4
585,a763fe00-7974-4e5e-b3df-08054fd21917,Meesho,google_play,en,en,False,very nice and khushi vala aap hai,very nice and khushi vala aap hai,very nice and khushi vala aap hai,5,positive,0,False,7,2026-04-02 21:19:36+00:00,2026-03-30/2026-04-05,2026-04,27.4
586,17492b51-2eed-4854-bd77-60fe1337d2fc,Meesho,google_play,en,en,False,This is 👌 app,this is app,this is app,5,positive,0,False,3,2026-04-02 21:18:00+00:00,2026-03-30/2026-04-05,2026-04,
587,20503c72-7f4f-48b0-922e-d91379dcc16c,Meesho,google_play,en,en,True,nice apps acha hai aap bhi download Karo,nice apps acha hai aap bhi download karo,nice apps acha hai aap bhi download karo,5,positive,0,False,8,2026-04-02 21:16:46+00:00,2026-03-30/2026-04-05,2026-04,
588,e5837621-5f44-4f77-bb43-710332f80da6,Meesho,google_play,en,no,False,do kaudi ka platform hai sellers ke liye sirf loss hi loss hai,do kaudi ka platform hai sellers ke liye sirf loss hi loss hai,do kaudi ka platform hai sellers ke liye sirf loss hi loss hai,1,complaint,0,False,13,2026-04-02 21:15:59+00:00,2026-03-30/2026-04-05,2026-04,27.3
589,660de0c9-4480-42a1-9881-c96d8e4adfef,Meesho,google_play,en,en,False,this is good off,this is good off,this is good off,5,positive,0,False,4,2026-04-02 21:15:36+00:00,2026-03-30/2026-04-05,2026-04,27.4
590,0704d430-6803-4db4-949e-ccc7c663040c,Meesho,google_play,en,en,True,pls don't buy here the delivery executive missed my product called and requested once he get he deliver I waited 3 days n called he scolded me then i try to give complaint when I was over the phone he came to home and fought with me when I alone meesho didn't care even it is 2 weeks he is coming to apartment for another parcel and threatening I'm going to give complaint in police station His name is Siva Sushanth when he comes for delivery please becareful ladies. meesho not at all helping,pls don't buy here the delivery executive missed my product called and requested once he get he deliver i waited 3 days n called he scolded me then i try to give complaint when i was over the phone he came to home and fought with me when i alone meesho didn't care even it is 2 weeks he is coming to apartment for another parcel and threatening i'm going to give complaint in police station his name is siva sushanth when he comes for delivery please becareful ladies. meesho not at all helping,pls don't buy here the delivery executive missed my product called and requested once he get he deliver i waited 3 days n called he scolded me then i try to give complaint when i was over the phone he came to home and fought with me when i alone meesho didn't care even it is 2 weeks he is coming to apartment for another parcel and threatening i'm going to give complaint in police station his name is siva sushanth when he comes for delivery please becareful ladies. meesho not at all helping,1,complaint,2,False,94,2026-04-02 21:13:19+00:00,2026-03-30/2026-04-05,2026-04,27.3
591,e92e8f32-d2da-4f1c-acc9-e6811775a0c9,Meesho,google_play,en,it,False,verification problem,verification problem,verification problem,5,positive,0,False,2,2026-04-02 21:09:08+00:00,2026-03-30/2026-04-05,2026-04,27.4
592,240353f3-ea1b-427d-9624-66b8e66afec5,Meesho,google_play,en,en,False,useful app very nice!,useful app very nice!,useful app very nice!,5,positive,0,False,4,2026-04-02 21:08:43+00:00,2026-03-30/2026-04-05,2026-04,27.4
593,d8857f23-27d2-4651-8e1d-a9af774cd6e3,Meesho,google_play,en,en,False,Best application for shopping,best application for shopping,best application for shopping,5,positive,0,False,4,2026-04-02 21:06:52+00:00,2026-03-30/2026-04-05,2026-04,
594,16797e8e-cce3-4674-a7fc-694234b817c9,Meesho,google_play,en,tl,False,lalita. pal,lalita. pal,lalita. pal,5,positive,0,False,2,2026-04-02 21:05:58+00:00,2026-03-30/2026-04-05,2026-04,27.4
595,3e79918c-0571-4b3a-8af8-312a48e8c542,Meesho,google_play,en,en,False,I ordered many types of product from meesho and I am very glad all items are very impressive and very good condition....I always shoping from meesho......,i ordered many types of product from meesho and i am very glad all items are very impressive and very good condition..i always shoping from meesho..,i ordered many types of product from meesho and i am very glad all items are very impressive and very good condition..i always shoping from meesho..,5,positive,0,False,26,2026-04-02 20:59:34+00:00,2026-03-30/2026-04-05,2026-04,27.4
596,05952ed2-59d6-4147-9268-439e10bd92cd,Meesho,google_play,en,so,False,rajsahsahoo,rajsahsahoo,rajsahsahoo,5,positive,0,False,1,2026-04-02 20:58:37+00:00,2026-03-30/2026-04-05,2026-04,
597,f520720d-584f-429a-b039-5aded508e368,Meesho,google_play,en,tl,False,Beat shopping apk 😍,beat shopping apk,beat shopping apk,5,positive,0,False,3,2026-04-02 20:58:26+00:00,2026-03-30/2026-04-05,2026-04,27.4
598,431436ad-3517-403b-ae3d-f37425e62a6f,Meesho,google_play,en,af,False,very very waste app,very very waste app,very very waste app,1,complaint,0,False,4,2026-04-02 20:52:17+00:00,2026-03-30/2026-04-05,2026-04,27.4
599,46d2d43a-2a0f-4ba1-b31b-103693609995,Meesho,google_play,en,en,False,best services and superb deals,best services and superb deals,best services and superb deals,5,positive,0,False,5,2026-04-02 20:47:59+00:00,2026-03-30/2026-04-05,2026-04,27.3
600,4efc64db-0e0b-4dd5-963e-8df54e445c00,Meesho,google_play,en,en,True,"I had a very disappointing experience with Meesho. I ordered two quantities of a product, but received only one—the other item was missing. Despite paying for both items, my return request was rejected with a vague “fair usage policy” reason, which makes no sense in this situation. This feels like a scam and a complete failure of customer service. The return policy seems unreliable and not customer-friendly at all. I would not recommend this app to anyone—very poor experience.","i had a very disappointing experience with meesho. i ordered two quantities of a product, but received only one the other item was missing. despite paying for both items, my return request was rejected with a vague fair usage policy reason, which makes no sense in this situation. this feels like a scam and a complete failure of customer service. the return policy seems unreliable and not customer-friendly at all. i would not recommend this app to anyone very poor experience.","i had a very disappointing experience with meesho. i ordered two quantities of a product, but received only one the other item was missing. despite paying for both items, my return request was rejected with a vague fair usage policy reason, which makes no sense in this situation. this feels like a scam and a complete failure of customer service. the return policy seems unreliable and not customer-friendly at all. i would not recommend this app to anyone very poor experience.",1,complaint,0,False,81,2026-04-02 20:43:46+00:00,2026-03-30/2026-04-05,2026-04,27.3
601,6788a17e-ac34-4295-927e-4e0321719469,Meesho,google_play,en,en,False,Good App. Very Helpful.,good app. very helpful.,good app. very helpful.,5,positive,0,False,4,2026-04-02 20:42:59+00:00,2026-03-30/2026-04-05,2026-04,27.4
602,30594938-d688-4430-8377-07169bd9bf31,Meesho,google_play,en,en,False,"Well...being honest, this is the best marketting app,with no problems. 100% real,even offers amazing features like cash on delivery or return! . I really appreciate this app.","well...being honest, this is the best marketting app,with no problems. 100 real,even offers amazing features like cash on delivery or return! . i really appreciate this app.","well...being honest, this is the best marketting app,with no problems. 100 real,even offers amazing features like cash on delivery or return! . i really appreciate this app.",5,positive,0,False,27,2026-04-02 20:33:33+00:00,2026-03-30/2026-04-05,2026-04,27.2
603,c164b075-6276-4e98-a8cf-80fe420781c5,Meesho,google_play,en,en,False,low price but good products nice app,low price but good products nice app,low price but good products nice app,5,positive,0,False,7,2026-04-02 20:32:42+00:00,2026-03-30/2026-04-05,2026-04,27.1
605,7babb873-5acb-4086-a6ba-97472fce186d,Meesho,google_play,en,en,True,absolutely pathetic customer service and equally pathetic delivery service. The delivery executive called and said 'sir samaan bhaari hai kal aata hoon' then he never called and never showed up. I contacted customer service multiple times each time they raised a ticket just to close it the next day stating that my address is incorrect. Which is absolutely wrong. Every time I explained my address was correct but it was of no use. Eventually I never received the product. Below LINK DOES NOT WORK,absolutely pathetic customer service and equally pathetic delivery service. the delivery executive called and said 'sir samaan bhaari hai kal aata hoon' then he never called and never showed up. i contacted customer service multiple times each time they raised a ticket just to close it the next day stating that my address is incorrect. which is absolutely wrong. every time i explained my address was correct but it was of no use. eventually i never received the product. below link does not work,absolutely pathetic customer service and equally pathetic delivery service. the delivery executive called and said 'sir samaan bhaari hai kal aata hoon' then he never called and never showed up. i contacted customer service multiple times each time they raised a ticket just to close it the next day stating that my address is incorrect. which is absolutely wrong. every time i explained my address was correct but it was of no use. eventually i never received the product. below link does not work,1,complaint,0,False,84,2026-04-02 20:25:06+00:00,2026-03-30/2026-04-05,2026-04,27.4
606,dd92d7f6-059d-48a3-b332-36106d19377a,Meesho,google_play,en,en,False,the app is very good and nice. other apps is not nice this app is very good . this colity is very nice . thanks masho I hope you grow in past,the app is very good and nice. other apps is not nice this app is very good . this colity is very nice . thanks masho i hope you grow in past,the app is very good and nice. other apps is not nice this app is very good . this colity is very nice . thanks masho i hope you grow in past,5,positive,0,False,32,2026-04-02 20:21:59+00:00,2026-03-30/2026-04-05,2026-04,27.1
607,41b604ee-866d-469f-a6a6-6ec37a5380f7,Meesho,google_play,en,it,False,nice app I am happy 😊,nice app i am happy,nice app i am happy,5,positive,0,False,5,2026-04-02 20:17:17+00:00,2026-03-30/2026-04-05,2026-04,27.4
608,33505ca0-eeb8-4a1e-b059-4843bcea214d,Meesho,google_play,en,en,True,"Pathetic REFER & EARN PROGRAM [Total SCAM]. I successfully referred a user but never received the promised ₹75 reward. I’ve contacted customer support multiple times via chat and phone, but all I get are repeated “Please Wait 72 Hours” responses with no actual resolution. Customer Support (Chat & Call) filled with full of DUMB & USELESS persons. No proper EMAIL SUPPORT to escalate the issue. Horrific Experience!","pathetic refer earn program total scam . i successfully referred a user but never received the promised 75 reward. i ve contacted customer support multiple times via chat and phone, but all i get are repeated please wait 72 hours responses with no actual resolution. customer support chat call filled with full of dumb useless persons. no proper email support to escalate the issue. horrific experience!","pathetic refer earn program total scam . i successfully referred a user but never received the promised 75 reward. i ve contacted customer support multiple times via chat and phone, but all i get are repeated please wait 72 hours responses with no actual resolution. customer support chat call filled with full of dumb useless persons. no proper email support to escalate the issue. horrific experience!",1,complaint,0,False,66,2026-04-02 20:14:11+00:00,2026-03-30/2026-04-05,2026-04,27.4
609,eb9e16b0-6a6e-4181-bbfd-53b570b1c74e,Meesho,google_play,en,tr,False,bhot vdiya,bhot vdiya,bhot vdiya,5,positive,0,False,2,2026-04-02 20:10:14+00:00,2026-03-30/2026-04-05,2026-04,27.4
610,0f43ddc4-e9be-4172-b917-6f11d43ee9a2,Meesho,google_play,en,hr,False,good service,good service,good service,5,positive,0,False,2,2026-04-02 20:08:49+00:00,2026-03-30/2026-04-05,2026-04,27.4
611,9ef9ccc8-9cbd-4f17-9f21-30946f4e8c23,Meesho,google_play,en,sq,False,I love Meesho,i love meesho,i love meesho,5,positive,0,False,3,2026-04-02 20:06:12+00:00,2026-03-30/2026-04-05,2026-04,27.4
612,8d0e13b7-c442-45cf-a980-f0375288a003,Meesho,google_play,en,en,False,very good quality and less price,very good quality and less price,very good quality and less price,5,positive,0,False,6,2026-04-02 20:04:02+00:00,2026-03-30/2026-04-05,2026-04,27.3
613,1ea6405e-730a-4e65-a0af-f22f2eb03483,Meesho,google_play,en,en,False,this is a bad app cheat everone😡😡😡😡😡😡😡😡😡😡😡😡,this is a bad app cheat everone,this is a bad app cheat everone,1,complaint,0,False,7,2026-04-02 20:02:16+00:00,2026-03-30/2026-04-05,2026-04,27.0
614,02a1bf83-0ddd-43ac-80b9-3347892cbd23,Meesho,google_play,en,en,False,best more than flipkart,best more than flipkart,best more than flipkart,5,positive,0,False,4,2026-04-02 20:02:01+00:00,2026-03-30/2026-04-05,2026-04,27.4
615,9e991b6b-21cf-4f91-bc9d-c9ca77e9e548,Meesho,google_play,en,en,False,It's have good products,it's have good products,it's have good products,5,positive,0,False,4,2026-04-02 20:00:51+00:00,2026-03-30/2026-04-05,2026-04,27.3
616,af5ee2b0-8887-4b64-91a7-564e1711f09b,Meesho,google_play,en,en,False,this is the best app,this is the best app,this is the best app,5,positive,0,False,5,2026-04-02 19:59:42+00:00,2026-03-30/2026-04-05,2026-04,27.3
617,097083c9-6664-4e24-8e01-5c2a1f998432,Meesho,google_play,en,hi,False,मीशो ऐप शापिंग करने के लिए बहुत अच्छा ऐप है । यह कम कीमत में बढिया सामान उपलब्ध करवाते है। ताकि हर कोई खरीदारी कर सके। प्रोडक्ट की क्वालिटी भी बढिया रहती है। इतना अच्छा ऐप बनाने के लिए आपका बहुत-बहुत धन्यवाद।,मीशो ऐप शापिंग करने के लिए बहुत अच्छा ऐप है । यह कम कीमत में बढिया सामान उपलब्ध करवाते है। ताकि हर कोई खरीदारी कर सके। प्रोडक्ट की क्वालिटी भी बढिया रहती है। इतना अच्छा ऐप बनाने के लिए आपका बहुत-बहुत धन्यवाद।,मीशो ऐप शापिंग करने के लिए बहुत अच्छा ऐप है । यह कम कीमत में बढिया सामान उपलब्ध करवाते है। ताकि हर कोई खरीदारी कर सके। प्रोडक्ट की क्वालिटी भी बढिया रहती है। इतना अच्छा ऐप बनाने के लिए आपका बहुत-बहुत धन्यवाद।,5,positive,0,False,42,2026-04-02 19:57:50+00:00,2026-03-30/2026-04-05,2026-04,27.4
618,aba3bed9-6808-4d47-ab66-74236c3d23e7,Meesho,google_play,en,en,False,nice I just love this app,nice i just love this app,nice i just love this app,5,positive,0,False,6,2026-04-02 19:55:19+00:00,2026-03-30/2026-04-05,2026-04,27.2
620,a448c904-1e96-4c31-beef-baf0536e7b81,Meesho,google_play,en,en,False,very good perfume ❤️👌,very good perfume,very good perfume,5,positive,0,False,3,2026-04-02 19:38:41+00:00,2026-03-30/2026-04-05,2026-04,27.4
621,18193d3f-4362-4446-93ab-09c04a7fbb3b,Meesho,google_play,en,en,False,good and low cost and middle class budget frnd this app and products,good and low cost and middle class budget frnd this app and products,good and low cost and middle class budget frnd this app and products,5,positive,0,False,13,2026-04-02 19:36:05+00:00,2026-03-30/2026-04-05,2026-04,
622,4ff5ce85-ed14-481a-8903-232faf113957,Meesho,google_play,en,en,False,very delayed delivery to improving delivery fast,very delayed delivery to improving delivery fast,very delayed delivery to improving delivery fast,1,complaint,0,False,7,2026-04-02 19:34:45+00:00,2026-03-30/2026-04-05,2026-04,
623,b2613b38-ee5a-4545-8c57-23e9c4864512,Meesho,google_play,en,en,False,the money got debited from my account but the order did not placed if I call the costumer care they are not taking any action upon it,the money got debited from my account but the order did not placed if i call the costumer care they are not taking any action upon it,the money got debited from my account but the order did not placed if i call the costumer care they are not taking any action upon it,1,complaint,0,False,27,2026-04-02 19:34:24+00:00,2026-03-30/2026-04-05,2026-04,27.4
624,4e3b6461-753a-403c-952c-11fefaeb3c0b,Meesho,google_play,en,en,False,very good app because he gave very good and gentle products,very good app because he gave very good and gentle products,very good app because he gave very good and gentle products,5,positive,0,False,11,2026-04-02 19:33:34+00:00,2026-03-30/2026-04-05,2026-04,25.3.1
625,c8339a2e-92e4-4dbe-b12f-ab1a602e6f10,Meesho,google_play,en,sw,False,anamaika mirsa,anamaika mirsa,anamaika mirsa,1,complaint,0,False,2,2026-04-02 19:31:39+00:00,2026-03-30/2026-04-05,2026-04,27.3
626,4c6cef39-7012-43b0-ac71-fd6f27172e85,Meesho,google_play,en,nl,False,koii b order time pe nahi deta hai. aur cancel ho jaata hee. not interested,koii b order time pe nahi deta hai. aur cancel ho jaata hee. not interested,koii b order time pe nahi deta hai. aur cancel ho jaata hee. not interested,1,complaint,0,False,15,2026-04-02 19:29:07+00:00,2026-03-30/2026-04-05,2026-04,27.4
627,5ae06c8c-6b5f-45af-b382-c9c6143221e0,Meesho,google_play,en,en,False,it's a good app for purchasing and that product quality it's good,it's a good app for purchasing and that product quality it's good,it's a good app for purchasing and that product quality it's good,5,positive,0,False,12,2026-04-02 19:27:19+00:00,2026-03-30/2026-04-05,2026-04,27.4
628,29823bf6-0a56-4553-adbb-d87e53cb146d,Meesho,google_play,en,da,False,best saller,best saller,best saller,4,positive,0,False,2,2026-04-02 19:25:15+00:00,2026-03-30/2026-04-05,2026-04,27.4
629,5b624d16-b963-4429-9b2f-7d26dac14b16,Meesho,google_play,en,en,False,I am very surprised and satisfied with the quality and responsiveness of the platform. products are also good. my entire online shopping experience has been revolutionized by meesho. thank you Meesho for making the difference.,i am very surprised and satisfied with the quality and responsiveness of the platform. products are also good. my entire online shopping experience has been revolutionized by meesho. thank you meesho for making the difference.,i am very surprised and satisfied with the quality and responsiveness of the platform. products are also good. my entire online shopping experience has been revolutionized by meesho. thank you meesho for making the difference.,5,positive,0,False,35,2026-04-02 19:15:14+00:00,2026-03-30/2026-04-05,2026-04,27.4
630,4163a1c7-b751-4f42-b37c-2c337676f389,Meesho,google_play,en,en,True,very bad app . firstly 12 product ordered which wasn't ordered by me not even I have seen the product and delivered to me . and 2nd thing is that when I said this that I didn't ordered All this products delivery boy is so rude behaviour and vulgar. delivery boy didn't know how to talk to female. he abuse if you denied to accept it.,very bad app . firstly 12 product ordered which wasn't ordered by me not even i have seen the product and delivered to me . and 2nd thing is that when i said this that i didn't ordered all this products delivery boy is so rude behaviour and vulgar. delivery boy didn't know how to talk to female. he abuse if you denied to accept it.,very bad app . firstly 12 product ordered which wasn't ordered by me not even i have seen the product and delivered to me . and 2nd thing is that when i said this that i didn't ordered all this products delivery boy is so rude behaviour and vulgar. delivery boy didn't know how to talk to female. he abuse if you denied to accept it.,1,complaint,1,False,66,2026-04-02 19:10:39+00:00,2026-03-30/2026-04-05,2026-04,27.3
631,a99613e5-9ec6-46f5-ae32-72d4e1822215,Meesho,google_play,en,en,False,not working failure issues,not working failure issues,not working failure issues,1,complaint,0,False,4,2026-04-02 19:06:18+00:00,2026-03-30/2026-04-05,2026-04,27.4
632,85cdb010-78c6-4b24-90b4-ac9563b00dea,Meesho,google_play,en,it,False,50000 discount give me,500 discount give me,500 discount give me,5,positive,0,False,4,2026-04-02 19:04:17+00:00,2026-03-30/2026-04-05,2026-04,27.4
633,d747cb3e-38ed-4229-9322-54f5f6d391be,Meesho,google_play,en,en,False,I'm oder 2 z plant but. meesho sand me only 1 plant. but I'm online payment. 2 plants.,i'm oder 2 z plant but. meesho sand me only 1 plant. but i'm online payment. 2 plants.,i'm oder 2 z plant but. meesho sand me only 1 plant. but i'm online payment. 2 plants.,1,complaint,0,False,18,2026-04-02 19:01:58+00:00,2026-03-30/2026-04-05,2026-04,27.4
634,571bf277-5370-4985-9499-b91789bbcf91,Meesho,google_play,en,ro,False,nice useful app good experience,nice useful app good experience,nice useful app good experience,5,positive,0,False,5,2026-04-02 19:00:24+00:00,2026-03-30/2026-04-05,2026-04,27.4
635,1a5a0791-c05e-4ad7-928b-5c16d16aacc7,Meesho,google_play,en,en,False,best company',best company',best company',5,positive,0,False,2,2026-04-02 18:55:41+00:00,2026-03-30/2026-04-05,2026-04,
636,7cc2b175-664a-4c82-8c3d-bbe7fdf9ba45,Meesho,google_play,en,en,False,Best prices so far,best prices so far,best prices so far,5,positive,0,False,4,2026-04-02 18:52:12+00:00,2026-03-30/2026-04-05,2026-04,27.3
637,64200f95-1e99-4e7f-8cb2-d28120ecee49,Meesho,google_play,en,fr,False,my favourite app,my favourite app,my favourite app,5,positive,0,False,3,2026-04-02 18:51:25+00:00,2026-03-30/2026-04-05,2026-04,27.4
638,d8dc4e06-8b34-4322-ad0d-bc97a547c07f,Meesho,google_play,en,en,False,Worst app not picking up product from last 10 days just extending the dates don't buy any thing from this app worst CX service,worst app not picking up product from last 10 days just extending the dates don't buy any thing from this app worst cx service,worst app not picking up product from last 10 days just extending the dates don't buy any thing from this app worst cx service,1,complaint,0,False,24,2026-04-02 18:47:28+00:00,2026-03-30/2026-04-05,2026-04,
639,c83e0979-24b4-4f47-a880-848701a61cba,Meesho,google_play,en,af,False,very bad 😞😞😞😔 looser,very bad looser,very bad looser,1,complaint,0,False,3,2026-04-02 18:40:34+00:00,2026-03-30/2026-04-05,2026-04,27.0
640,8feac903-e67c-46bc-b832-ea4f31527dfd,Meesho,google_play,en,en,False,awesome quality with pictures price and rate,awesome quality with pictures price and rate,awesome quality with pictures price and rate,5,positive,0,False,7,2026-04-02 18:38:04+00:00,2026-03-30/2026-04-05,2026-04,27.4
641,dd65979c-15f7-4b0c-a907-3936efa611f8,Meesho,google_play,en,fi,False,शिवा jatav,शिवा jatav,शिवा jatav,5,positive,0,False,2,2026-04-02 18:37:41+00:00,2026-03-30/2026-04-05,2026-04,27.0
642,51aa2f7e-aedc-4068-b6aa-1e9dcc736085,Meesho,google_play,en,en,True,"Dear Meesho Support Team, ​I am writing to report a serious issue regarding my Meesho Paylater account. ​I attempted to clear my outstanding balance of ₹240, but despite the amount being deducted from my bank account, the app still shows the balance as ""Outstanding."" Due to this error, I tried again, and the payment was deducted a second time. ​Currently, a total of ₹480 (₹240 x 2) has been debited from my SBI account, but my Paylater limit has not been updated and the status remains ""Unpaid."" v","dear meesho support team, i am writing to report a serious issue regarding my meesho paylater account. i attempted to clear my outstanding balance of 240, but despite the amount being deducted from my bank account, the app still shows the balance as outstanding. due to this error, i tried again, and the payment was deducted a second time. currently, a total of 480 240 x 2 has been debited from my sbi account, but my paylater limit has not been updated and the status remains unpaid. v","dear meesho support team, i am writing to report a serious issue regarding my meesho paylater account. i attempted to clear my outstanding balance of 240, but despite the amount being deducted from my bank account, the app still shows the balance as outstanding. due to this error, i tried again, and the payment was deducted a second time. currently, a total of 480 240 x 2 has been debited from my sbi account, but my paylater limit has not been updated and the status remains unpaid. v",1,complaint,0,False,88,2026-04-02 18:32:33+00:00,2026-03-30/2026-04-05,2026-04,27.4
643,74db9dd4-7b1b-4c81-affa-5535a15804bc,Meesho,google_play,en,en,False,very usefull shoping good products,very usefull shoping good products,very usefull shoping good products,5,positive,0,False,5,2026-04-02 18:32:10+00:00,2026-03-30/2026-04-05,2026-04,
644,48d23f34-5e7a-485f-83f9-04dd1782a6a6,Meesho,google_play,en,en,False,mesho sellar account very bad third clas sarvice don't use everyone,mesho sellar account very bad third clas sarvice don't use everyone,mesho sellar account very bad third clas sarvice don't use everyone,1,complaint,0,False,11,2026-04-02 18:28:26+00:00,2026-03-30/2026-04-05,2026-04,27.3
645,bb38d7ff-529e-482e-8bb0-f01fe1c5f582,Meesho,google_play,en,en,False,This app is very useless. The price of the same product is high in my phone and the price of the same product is low in another phone. Before logging in the price of the product is low and after logging in it is high. Most useless app.,this app is very useless. the price of the same product is high in my phone and the price of the same product is low in another phone. before logging in the price of the product is low and after logging in it is high. most useless app.,this app is very useless. the price of the same product is high in my phone and the price of the same product is low in another phone. before logging in the price of the product is low and after logging in it is high. most useless app.,1,complaint,0,False,48,2026-04-02 18:23:49+00:00,2026-03-30/2026-04-05,2026-04,27.4
646,35edf93b-c4ab-40b5-a4e4-ddcf2e295ff8,Meesho,google_play,en,en,False,best affordable price products have its,best affordable price products have its,best affordable price products have its,5,positive,0,False,6,2026-04-02 18:23:26+00:00,2026-03-30/2026-04-05,2026-04,
647,4851e13c-aa33-4a91-8a97-e3d78fac88dd,Meesho,google_play,en,en,False,very useful low budget for the products,very useful low budget for the products,very useful low budget for the products,5,positive,0,False,7,2026-04-02 18:17:59+00:00,2026-03-30/2026-04-05,2026-04,27.3
648,7ad0395c-9977-417f-8303-57c8f6233a84,Meesho,google_play,en,en,False,Amazing discounts and offers.,amazing discounts and offers.,amazing discounts and offers.,5,positive,0,False,4,2026-04-02 18:13:44+00:00,2026-03-30/2026-04-05,2026-04,
649,d1c0f8e2-80f5-4f5d-968c-6a81656cba5d,Meesho,google_play,en,id,False,best app Kam Nahin kar raha hai,best app kam nahin kar raha hai,best app kam nahin kar raha hai,1,complaint,0,False,7,2026-04-02 18:11:35+00:00,2026-03-30/2026-04-05,2026-04,27.4
650,aac1998e-ce43-48a0-b078-8f94ee8abf21,Meesho,google_play,en,en,False,meesho pay later is bast 🥰🥰🥰🥰🥰,meesho pay later is bast,meesho pay later is bast,5,positive,0,False,5,2026-04-02 18:08:57+00:00,2026-03-30/2026-04-05,2026-04,16.6
651,a340f0eb-16fd-46cc-8ddf-05d52c8096e7,Meesho,google_play,en,en,False,the meesho balance is the best where you can get refund in the app,the meesho balance is the best where you can get refund in the app,the meesho balance is the best where you can get refund in the app,5,positive,0,False,14,2026-04-02 18:08:22+00:00,2026-03-30/2026-04-05,2026-04,27.3
653,8efcfe54-b603-474b-8011-38b2e61dae86,Meesho,google_play,en,hi,False,यह ऐप अच्छा काम करता है पर इसमें एक feature yah bhi ho sakta tha ki ek tarah ke product ek hi jagah list karke dikhaya Ja sakta tha balki ismein Aisa nahin Hai उनको अलग अलग करके दिखाया गया है जिससे प्रोडक्ट को सेलेक्ट करने में टाइम लगता है बाकी इसके अलावा यह बहुत ही अच्छा है और डिलीवरी फीचर बहुत ही मस्त है,यह ऐप अच्छा काम करता है पर इसमें एक feature yah bhi ho sakta tha ki ek tarah ke product ek hi jagah list karke dikhaya ja sakta tha balki ismein aisa nahin hai उनको अलग अलग करके दिखाया गया है जिससे प्रोडक्ट को सेलेक्ट करने में टाइम लगता है बाकी इसके अलावा यह बहुत ही अच्छा है और डिलीवरी फीचर बहुत ही मस्त है,यह ऐप अच्छा काम करता है पर इसमें एक feature yah bhi ho sakta tha ki ek tarah ke product ek hi jagah list karke dikhaya ja sakta tha balki ismein aisa nahin hai उनको अलग अलग करके दिखाया गया है जिससे प्रोडक्ट को सेलेक्ट करने में टाइम लगता है बाकी इसके अलावा यह बहुत ही अच्छा है और डिलीवरी फीचर बहुत ही मस्त है,5,positive,0,False,65,2026-04-02 17:59:37+00:00,2026-03-30/2026-04-05,2026-04,
654,1fbda0de-4c1c-47dc-948b-96f2726dccb4,Meesho,google_play,en,en,False,it's good not bad,it's good not bad,it's good not bad,4,positive,0,False,4,2026-04-02 17:53:07+00:00,2026-03-30/2026-04-05,2026-04,24.4.1
655,966b158e-85c8-432a-95f7-c1f85101932d,Meesho,google_play,en,id,False,Meesho ak gatiya app hai .. pehele to use product bejhta hai phir maine return kiya agent ake return le bhi gya ...abhi tak refund nehi mila .... agent ko call kiya bol raha hai product kho diya humne ...kaisa agent hai meesho ka chi ...,meesho ak gatiya app hai .. pehele to use product bejhta hai phir maine return kiya agent ake return le bhi gya ...abhi tak refund nehi mila .. agent ko call kiya bol raha hai product kho diya humne ...kaisa agent hai meesho ka chi ...,meesho ak gatiya app hai .. pehele to use product bejhta hai phir maine return kiya agent ake return le bhi gya ...abhi tak refund nehi mila .. agent ko call kiya bol raha hai product kho diya humne ...kaisa agent hai meesho ka chi ...,1,complaint,0,False,46,2026-04-02 17:50:15+00:00,2026-03-30/2026-04-05,2026-04,27.1
656,11b50918-fa1f-49d6-9957-0141f1941e92,Meesho,google_play,en,cy,False,bhat acha app hai . budget bhi acha hai,bhat acha app hai . budget bhi acha hai,bhat acha app hai . budget bhi acha hai,5,positive,0,False,9,2026-04-02 17:46:30+00:00,2026-03-30/2026-04-05,2026-04,27.4
657,40945dcd-7566-41de-8c7c-cecb7f4c2a8d,Meesho,google_play,en,en,False,best app as well as you will get thes best items at affordable price . great app every pho e must have this app,best app as well as you will get thes best items at affordable price . great app every pho e must have this app,best app as well as you will get thes best items at affordable price . great app every pho e must have this app,5,positive,0,False,24,2026-04-02 17:45:23+00:00,2026-03-30/2026-04-05,2026-04,27.3
658,ef443416-39dd-4e55-9ba7-78a23e1543ae,Meesho,google_play,en,en,False,"CC s Zzw,es w0498 ee c wkb301=/+me know 1 sey www a sa re","cc s zzw,es w0498 ee c wkb301 me know 1 sey www a sa re","cc s zzw,es w0498 ee c wkb301 me know 1 sey www a sa re",3,mixed,0,False,15,2026-04-02 17:45:14+00:00,2026-03-30/2026-04-05,2026-04,27.1
659,338ba88a-d9d8-494e-9d20-2ce3ae02a949,Meesho,google_play,en,id,False,me sabse zyada yahi app use krti hu best app h.......but aise kyu kiya free ship kyu hta di....😦😦😦😔😔😔,me sabse zyada yahi app use krti hu best app h..but aise kyu kiya free ship kyu hta di..,me sabse zyada yahi app use krti hu best app h..but aise kyu kiya free ship kyu hta di..,5,positive,0,False,19,2026-04-02 17:37:35+00:00,2026-03-30/2026-04-05,2026-04,27.4
660,d02daef9-2bfb-4fa2-80e7-e396b768843d,Meesho,google_play,en,en,False,"App interface, variety of products, prices are all good except one main thing, which is courier partners. Meesho courier partners do not pick up the product from seller on time and do not deliver the product even when it has reached the nearest hub,and it stays at their centre for days as the expected delivery date has still not come. And while ordering, meesho shows customer a long delivery time, after shipping, it reaches the nearest hub in 4–5 days but gets delivered on the last expected date","app interface, variety of products, prices are all good except one main thing, which is courier partners. meesho courier partners do not pick up the product from seller on time and do not deliver the product even when it has reached the nearest hub,and it stays at their centre for days as the expected delivery date has still not come. and while ordering, meesho shows customer a long delivery time, after shipping, it reaches the nearest hub in 4 5 days but gets delivered on the last expected date","app interface, variety of products, prices are all good except one main thing, which is courier partners. meesho courier partners do not pick up the product from seller on time and do not deliver the product even when it has reached the nearest hub,and it stays at their centre for days as the expected delivery date has still not come. and while ordering, meesho shows customer a long delivery time, after shipping, it reaches the nearest hub in 4 5 days but gets delivered on the last expected date",1,complaint,0,False,89,2026-04-02 17:34:57+00:00,2026-03-30/2026-04-05,2026-04,27.3
661,833c728f-e2c6-4b74-816e-cc5dd096b759,Meesho,google_play,en,en,False,online Best app,online best app,online best app,5,positive,0,False,3,2026-04-02 17:34:23+00:00,2026-03-30/2026-04-05,2026-04,
662,5e994cf8-64f7-4bf7-9598-5f0fc6129530,Meesho,google_play,en,en,True,isme Oder ceseled ho raha hai,isme oder ceseled ho raha hai,isme oder ceseled ho raha hai,5,positive,0,False,6,2026-04-02 17:30:36+00:00,2026-03-30/2026-04-05,2026-04,27.2
663,af3f043d-7c3a-4169-9438-65f57980e787,Meesho,google_play,en,en,False,very very useful and budget items. please don't change,very very useful and budget items. please don't change,very very useful and budget items. please don't change,5,positive,0,False,9,2026-04-02 17:26:11+00:00,2026-03-30/2026-04-05,2026-04,27.2
664,73058b1e-aa78-4bab-abea-cc8637390d99,Meesho,google_play,en,no,False,Best amongst Alllllllll,best amongst all,best amongst all,5,positive,0,False,3,2026-04-02 17:22:57+00:00,2026-03-30/2026-04-05,2026-04,27.4
665,8f192ea3-de13-4762-b82c-b18baeff12b5,Meesho,google_play,en,en,False,"sometime I received a wrong product, but sometimes received very good items in reasonable rate,Meesho always quickly resolve my queries and respond instantly. Thankyou Messho","sometime i received a wrong product, but sometimes received very good items in reasonable rate,meesho always quickly resolve my queries and respond instantly. thankyou messho","sometime i received a wrong product, but sometimes received very good items in reasonable rate,meesho always quickly resolve my queries and respond instantly. thankyou messho",5,positive,0,False,25,2026-04-02 17:21:12+00:00,2026-03-30/2026-04-05,2026-04,27.1
666,49ef1d93-f492-455a-8ff1-2f338f8be615,Meesho,google_play,en,en,False,always my favourite app,always my favourite app,always my favourite app,5,positive,0,False,4,2026-04-02 17:17:39+00:00,2026-03-30/2026-04-05,2026-04,27.4
667,18100127-534e-4709-8928-495cfa1df70b,Meesho,google_play,en,en,True,"Meesho, why have you added such high charges for Cash on Delivery? Do you think people who choose Cash on Delivery are very rich? You should think about this—if a product is being sold for ₹50, it becomes ₹70–₹80 with Cash on Delivery, which is not fair. Also, the two options you provide are the worst and very disappointing. The “Pay Later” option is not useful because if a product is arriving late, then the customer doesn’t even need it anymore. I would like to request you not to do this 🙏💕","meesho, why have you added such high charges for cash on delivery? do you think people who choose cash on delivery are very rich? you should think about this if a product is being sold for 50, it becomes 70 80 with cash on delivery, which is not fair. also, the two options you provide are the worst and very disappointing. the pay later option is not useful because if a product is arriving late, then the customer doesn t even need it anymore. i would like to request you not to do this","meesho, why have you added such high charges for cash on delivery? do you think people who choose cash on delivery are very rich? you should think about this if a product is being sold for 50, it becomes 70 80 with cash on delivery, which is not fair. also, the two options you provide are the worst and very disappointing. the pay later option is not useful because if a product is arriving late, then the customer doesn t even need it anymore. i would like to request you not to do this",2,complaint,0,False,94,2026-04-02 17:17:23+00:00,2026-03-30/2026-04-05,2026-04,26.4
668,e8ed3d33-19e7-4772-bc2a-df11dea01d5b,Meesho,google_play,en,en,False,meesho is very good aap and all things are in discount in this aap,meesho is very good aap and all things are in discount in this aap,meesho is very good aap and all things are in discount in this aap,4,positive,0,False,14,2026-04-02 17:14:56+00:00,2026-03-30/2026-04-05,2026-04,
669,9fc11bb3-bd29-4a4c-9e97-21b4a9ef6809,Meesho,google_play,en,en,False,"love this app,,, luv u meesho team 🥰😍🤩😘😘😘😘","love this app,,, luv u meesho team","love this app,,, luv u meesho team",5,positive,0,False,7,2026-04-02 17:12:27+00:00,2026-03-30/2026-04-05,2026-04,
670,023f8b2d-74f4-4ee2-afda-d0bcc12eee79,Meesho,google_play,en,en,False,delivery too late,delivery too late,delivery too late,1,complaint,0,False,3,2026-04-02 17:00:38+00:00,2026-03-30/2026-04-05,2026-04,
671,865369a5-2ab2-4aa3-83fa-fb029616fd70,Meesho,google_play,en,en,False,"never got my cashback,i applied 3 times cashback offer but ever received.","never got my cashback,i applied 3 times cashback offer but ever received.","never got my cashback,i applied 3 times cashback offer but ever received.",3,mixed,0,False,12,2026-04-02 16:59:24+00:00,2026-03-30/2026-04-05,2026-04,27.4
672,933bbf8a-73e2-407e-8a38-4ba107a74fc4,Meesho,google_play,en,no,False,ek bar mene ek ordaer mnagaya tha vo acha nhi aaya mene return krr diya or return krne ke bad mere pese nhi aaye,ek bar mene ek ordaer mnagaya tha vo acha nhi aaya mene return krr diya or return krne ke bad mere pese nhi aaye,ek bar mene ek ordaer mnagaya tha vo acha nhi aaya mene return krr diya or return krne ke bad mere pese nhi aaye,4,positive,0,False,24,2026-04-02 16:55:12+00:00,2026-03-30/2026-04-05,2026-04,27.4
673,9eb02e8c-cd48-453f-9eef-4f6e29c489ac,Meesho,google_play,en,en,False,very bad app,very bad app,very bad app,1,complaint,0,False,3,2026-04-02 16:48:52+00:00,2026-03-30/2026-04-05,2026-04,
675,3f8cd784-638f-41ac-b2ab-0507ca5dd08b,Meesho,google_play,en,en,False,super app amazing work,super app amazing work,super app amazing work,5,positive,0,False,4,2026-04-02 16:39:20+00:00,2026-03-30/2026-04-05,2026-04,27.3
676,e9f7c063-953b-4f5e-be24-c1b137731b45,Meesho,google_play,en,en,False,bahut achcha expensive,bahut achcha expensive,bahut achcha expensive,5,positive,1,False,3,2026-04-02 16:38:56+00:00,2026-03-30/2026-04-05,2026-04,27.2
677,e602e0dd-5fd2-42c4-aac5-3718cf844fd3,Meesho,google_play,en,en,False,The best reasonable online store app,the best reasonable online store app,the best reasonable online store app,5,positive,0,False,6,2026-04-02 16:37:54+00:00,2026-03-30/2026-04-05,2026-04,
678,c05e9948-af59-490a-91c7-3e4a3a6e604f,Meesho,google_play,en,en,False,meesho product chala bagunai,meesho product chala bagunai,meesho product chala bagunai,5,positive,0,False,4,2026-04-02 16:36:59+00:00,2026-03-30/2026-04-05,2026-04,27.4
679,2537533a-d862-4032-b829-a02ecf990319,Meesho,google_play,en,en,False,reasonable prices n free delivery option Good,reasonable prices n free delivery option good,reasonable prices n free delivery option good,5,positive,0,False,7,2026-04-02 16:35:07+00:00,2026-03-30/2026-04-05,2026-04,27.4
680,251ad3f3-05cb-4469-be6b-c35489813dae,Meesho,google_play,en,en,False,"i am extremely frustrated that my order from February 26th was cancelled, yet you have kept my advance payment and refuse to issue a refund. My repeated attempts to resolve this through your poor customer service have been completely ignored. This experience feels like a scam, and I strongly urge others to avoid your service. I demand an immediate refund of my money without further delay.","i am extremely frustrated that my order from february 26th was cancelled, yet you have kept my advance payment and refuse to issue a refund. my repeated attempts to resolve this through your poor customer service have been completely ignored. this experience feels like a scam, and i strongly urge others to avoid your service. i demand an immediate refund of my money without further delay.","i am extremely frustrated that my order from february 26th was cancelled, yet you have kept my advance payment and refuse to issue a refund. my repeated attempts to resolve this through your poor customer service have been completely ignored. this experience feels like a scam, and i strongly urge others to avoid your service. i demand an immediate refund of my money without further delay.",1,complaint,1,False,66,2026-04-02 16:25:48+00:00,2026-03-30/2026-04-05,2026-04,27.4
681,038b8a5e-845b-4115-89a7-3d277eae2e73,Meesho,google_play,en,af,False,verry good,verry good,verry good,5,positive,0,False,2,2026-04-02 16:23:07+00:00,2026-03-30/2026-04-05,2026-04,27.3
682,4388c85d-cb80-450e-8065-d7ace1c885ac,Meesho,google_play,en,sq,False,Anjali vishesh Dhandekar q,anjali vishesh dhandekar q,anjali vishesh dhandekar q,5,positive,0,False,4,2026-04-02 16:21:01+00:00,2026-03-30/2026-04-05,2026-04,27.4
685,d745f558-e46e-4c74-bf16-f3a80cb900a6,Meesho,google_play,en,en,False,worst app in the world,worst app in the world,worst app in the world,1,complaint,0,False,5,2026-04-02 16:20:19+00:00,2026-03-30/2026-04-05,2026-04,27.3
686,eaed8626-78a8-48a9-98f5-5dde5d64dc33,Meesho,google_play,en,it,False,nice app supporting,nice app supporting,nice app supporting,5,positive,0,False,3,2026-04-02 16:17:37+00:00,2026-03-30/2026-04-05,2026-04,
687,48bc0eaf-a64c-4846-a36c-88484a3f74b0,Meesho,google_play,en,en,False,ths mesho is very good and i wnt to order more n more tq so much mesho company ....👍👍👍,ths mesho is very good and i wnt to order more n more tq so much mesho company ..,ths mesho is very good and i wnt to order more n more tq so much mesho company ..,5,positive,0,False,19,2026-04-02 16:15:23+00:00,2026-03-30/2026-04-05,2026-04,27.3
688,b0648286-c0ff-4acf-aa25-d4b47cf09dea,Meesho,google_play,en,en,False,I CAN'T OPEN THIS APP THEY FLAGGED MY ACCOUNT FOR ABSOLUTELY NO REASON UNACCEPTABLE,i can't open this app they flagged my account for absolutely no reason unacceptable,i can't open this app they flagged my account for absolutely no reason unacceptable,1,complaint,0,False,14,2026-04-02 16:15:09+00:00,2026-03-30/2026-04-05,2026-04,27.4
689,2756d5ea-77b6-4e8c-895a-e25426a3aa8d,Meesho,google_play,en,en,True,"in messho all is going well,once i uses pay later service in meesho after that it's not working,n even app is also not starting,n due payment message are continuously coming,but the app is not opening in my phone so I am unable to pay my dues","in messho all is going well,once i uses pay later service in meesho after that it's not working,n even app is also not starting,n due payment message are continuously coming,but the app is not opening in my phone so i am unable to pay my dues","in messho all is going well,once i uses pay later service in meesho after that it's not working,n even app is also not starting,n due payment message are continuously coming,but the app is not opening in my phone so i am unable to pay my dues",1,complaint,0,False,46,2026-04-02 16:13:58+00:00,2026-03-30/2026-04-05,2026-04,27.4
690,bfebc232-e1bf-4354-8587-b3c88ff109ef,Meesho,google_play,en,en,False,awesome and great,awesome and great,awesome and great,5,positive,0,False,3,2026-04-02 16:12:56+00:00,2026-03-30/2026-04-05,2026-04,27.4
691,f86fc956-f4b0-4a3f-8162-29b23bcd0796,Meesho,google_play,en,en,False,"Pathetic. I ordered floor mats of 2 combo with 10 pieces mats with 5 piece in each combo pack but i received only 1 combo of 5 mats. Now i'm stuck. Neither i can return nor i can initiate a partial refund as Meesho shows ""request failed as per fair policy"". The irony is that i choosed ""all issues easy return"" option though facing issue. 🥲",pathetic. i ordered floor mats of 2 combo with 10 pieces mats with 5 piece in each combo pack but i received only 1 combo of 5 mats. now i'm stuck. neither i can return nor i can initiate a partial refund as meesho shows request failed as per fair policy . the irony is that i choosed all issues easy return option though facing issue.,pathetic. i ordered floor mats of 2 combo with 10 pieces mats with 5 piece in each combo pack but i received only 1 combo of 5 mats. now i'm stuck. neither i can return nor i can initiate a partial refund as meesho shows request failed as per fair policy . the irony is that i choosed all issues easy return option though facing issue.,1,complaint,0,False,66,2026-04-02 16:12:27+00:00,2026-03-30/2026-04-05,2026-04,27.4
692,8552fb97-c2d1-46a4-8dde-e8944d3ef98d,Meesho,google_play,en,en,False,it's very helpful and easy way of shopping and the clothes quality is best the clothes is colour and designs very gorgeous 🥰🥰,it's very helpful and easy way of shopping and the clothes quality is best the clothes is colour and designs very gorgeous,it's very helpful and easy way of shopping and the clothes quality is best the clothes is colour and designs very gorgeous,5,positive,0,False,22,2026-04-02 16:11:08+00:00,2026-03-30/2026-04-05,2026-04,27.4
693,80484c6a-aedb-4dfe-9c16-cd377fc89391,Meesho,google_play,en,en,False,mesho provide better experience and better price then Flipkart and shopsy,mesho provide better experience and better price then flipkart and shopsy,mesho provide better experience and better price then flipkart and shopsy,5,positive,0,False,11,2026-04-02 16:09:50+00:00,2026-03-30/2026-04-05,2026-04,27.4
695,c449a623-393b-4585-8e14-99381bb7030a,Meesho,google_play,en,en,False,it's more useful for us,it's more useful for us,it's more useful for us,5,positive,0,False,5,2026-04-02 16:07:53+00:00,2026-03-30/2026-04-05,2026-04,27.3
696,65a36a80-a18e-4de2-af3c-60dd2016dc78,Meesho,google_play,en,en,False,it is best shopping app. it's products are very good in quality with lower price,it is best shopping app. it's products are very good in quality with lower price,it is best shopping app. it's products are very good in quality with lower price,5,positive,0,False,15,2026-04-02 16:07:49+00:00,2026-03-30/2026-04-05,2026-04,27.2
697,d6f236b8-062c-48be-ae6f-c3f11e8bb92c,Meesho,google_play,en,en,False,product is very good 😊👍,product is very good,product is very good,5,positive,0,False,4,2026-04-02 16:07:00+00:00,2026-03-30/2026-04-05,2026-04,27.3
698,ed21a8f1-88f0-4d77-9f57-f773702adfa7,Meesho,google_play,en,es,False,bad product,bad product,bad product,1,complaint,0,False,2,2026-04-02 16:06:58+00:00,2026-03-30/2026-04-05,2026-04,27.4
699,f64f94cc-242b-4255-bd9f-641bcb80f15e,Meesho,google_play,en,nl,False,best experience ever,best experience ever,best experience ever,5,positive,0,False,3,2026-04-02 16:06:18+00:00,2026-03-30/2026-04-05,2026-04,27.4
700,1248f1e8-e82d-4a2a-b30b-1536ee36f086,Meesho,google_play,en,it,False,useful application,useful application,useful application,5,positive,0,False,2,2026-04-02 16:05:31+00:00,2026-03-30/2026-04-05,2026-04,27.4
701,87b8704c-274d-40c0-9add-46d6b59ec3ad,Meesho,google_play,en,en,False,viratrathor,viratrathor,viratrathor,5,positive,0,False,1,2026-04-02 16:04:42+00:00,2026-03-30/2026-04-05,2026-04,
702,968c3164-eddd-4485-83c0-d0c3be04632c,Meesho,google_play,en,cs,False,Very nice Products✅️,very nice products,very nice products,5,positive,0,False,3,2026-04-02 16:02:28+00:00,2026-03-30/2026-04-05,2026-04,27.4
703,06b2e17f-3197-4c0a-b39f-75fa0178e9c2,Meesho,google_play,en,en,True,Meesho as per their convince they can cancel your prepaid order I have experience many time so I want to say SASTA BHI GHATIYA BHI MEESHO,meesho as per their convince they can cancel your prepaid order i have experience many time so i want to say sasta bhi ghatiya bhi meesho,meesho as per their convince they can cancel your prepaid order i have experience many time so i want to say sasta bhi ghatiya bhi meesho,1,complaint,0,False,26,2026-04-02 15:58:39+00:00,2026-03-30/2026-04-05,2026-04,
704,0b9a8d09-bfc7-4bd8-bcd2-38bb3a40bd48,Meesho,google_play,en,tr,False,cash on delivery Bina matlab ke band kar diya,cash on delivery bina matlab ke band kar diya,cash on delivery bina matlab ke band kar diya,1,complaint,0,False,9,2026-04-02 15:57:50+00:00,2026-03-30/2026-04-05,2026-04,27.4
705,713be242-ffe3-4087-bf48-d948857dbf5e,Meesho,google_play,en,hr,False,Amazing app i love meesho.,amazing app i love meesho.,amazing app i love meesho.,5,positive,0,False,5,2026-04-02 15:56:18+00:00,2026-03-30/2026-04-05,2026-04,
706,fd42dd9e-884e-4721-a1aa-0fa4528388f8,Meesho,google_play,en,en,True,"Not trust worthy. Choose the products carefully, lot of cheep products with fake information. And courior partners are new to this and not coustomer friendly. Really disappointed.","not trust worthy. choose the products carefully, lot of cheep products with fake information. and courior partners are new to this and not coustomer friendly. really disappointed.","not trust worthy. choose the products carefully, lot of cheep products with fake information. and courior partners are new to this and not coustomer friendly. really disappointed.",1,complaint,0,False,27,2026-04-02 15:53:39+00:00,2026-03-30/2026-04-05,2026-04,
707,47fe458d-38c1-4b26-8147-3306aefdcfce,Meesho,google_play,en,en,False,best platform to earn as teenager I love mesho,best platform to earn as teenager i love mesho,best platform to earn as teenager i love mesho,5,positive,0,False,9,2026-04-02 15:49:17+00:00,2026-03-30/2026-04-05,2026-04,
708,dc1ce758-4660-4771-8a03-0b447b76f08f,Meesho,google_play,en,en,False,waste app 😕 why do you cancel the orders. when you can't deliver don't do,waste app why do you cancel the orders. when you can't deliver don't do,waste app why do you cancel the orders. when you can't deliver don't do,1,complaint,0,False,14,2026-04-02 15:47:16+00:00,2026-03-30/2026-04-05,2026-04,
709,ed12ff1b-8a82-47d4-9e5a-f42570d60f6b,Meesho,google_play,en,en,False,meesho very helpful for shopping this spp become my primary,meesho very helpful for shopping this spp become my primary,meesho very helpful for shopping this spp become my primary,5,positive,0,False,10,2026-04-02 15:41:15+00:00,2026-03-30/2026-04-05,2026-04,27.4
710,0e69b0b6-601a-4257-8e5f-6787c1f09579,Meesho,google_play,en,so,False,achha laga,achha laga,achha laga,5,positive,0,False,2,2026-04-02 15:39:46+00:00,2026-03-30/2026-04-05,2026-04,27.3
711,af0e10c0-3adf-47eb-8fcf-efb8c59c7674,Meesho,google_play,en,en,False,nice app very good,nice app very good,nice app very good,5,positive,0,False,4,2026-04-02 15:38:15+00:00,2026-03-30/2026-04-05,2026-04,
712,f8aa3666-86b1-44ce-a4dd-3c36c78802f7,Meesho,google_play,en,en,False,This is the best online shopping centre especially the return services It is very fast and simple....thank you meesho 😊😊😊😊,this is the best online shopping centre especially the return services it is very fast and simple..thank you meesho,this is the best online shopping centre especially the return services it is very fast and simple..thank you meesho,5,positive,0,False,19,2026-04-02 15:38:05+00:00,2026-03-30/2026-04-05,2026-04,27.4
714,5ecb0aab-4ff9-434f-88ad-24a3230bc678,Meesho,google_play,en,en,False,Should be door stop delevery partner is calling outside for delevery. please improve delevery process. Thanks,should be door stop delevery partner is calling outside for delevery. please improve delevery process. thanks,should be door stop delevery partner is calling outside for delevery. please improve delevery process. thanks,2,complaint,0,False,16,2026-04-02 15:33:00+00:00,2026-03-30/2026-04-05,2026-04,27.4
715,ba43b28f-eaa0-4ef2-84e2-52ca0a194ef1,Meesho,google_play,en,en,True,"This app are very interesting , useful and beneficial app . I am using to 1 years . I am very things to purchase . This app are taking the low amount of money 🤑 . And giving best to best quality .","this app are very interesting , useful and beneficial app . i am using to 1 years . i am very things to purchase . this app are taking the low amount of money . and giving best to best quality .","this app are very interesting , useful and beneficial app . i am using to 1 years . i am very things to purchase . this app are taking the low amount of money . and giving best to best quality .",5,positive,0,False,42,2026-04-02 15:32:37+00:00,2026-03-30/2026-04-05,2026-04,27.2
716,fc31f495-e48f-4219-ac66-94eef1bc77c5,Meesho,google_play,en,cs,False,VERY NICE PRODUCT,very nice product,very nice product,5,positive,0,False,3,2026-04-02 15:31:30+00:00,2026-03-30/2026-04-05,2026-04,
717,bacb9b89-8d7f-4722-b32f-f49085f571d3,Meesho,google_play,en,en,False,Good shopping,good shopping,good shopping,4,positive,0,False,2,2026-04-02 15:26:34+00:00,2026-03-30/2026-04-05,2026-04,27.4
718,f9a7c146-9ddc-44ed-bda1-5b665e091d06,Meesho,google_play,en,en,False,"good app , rate affordable any others online shopping apps","good app , rate affordable any others online shopping apps","good app , rate affordable any others online shopping apps",4,positive,0,False,10,2026-04-02 15:21:12+00:00,2026-03-30/2026-04-05,2026-04,27.4
719,6f6d8db1-513b-4764-9c46-758d5569cf4f,Meesho,google_play,en,en,False,best app to use,best app to use,best app to use,5,positive,0,False,4,2026-04-02 15:19:29+00:00,2026-03-30/2026-04-05,2026-04,23.2
720,b09953b4-f257-4322-83fd-0267aeda3078,Meesho,google_play,en,en,False,cheap and best,cheap and best,cheap and best,5,positive,0,False,3,2026-04-02 15:18:58+00:00,2026-03-30/2026-04-05,2026-04,27.3
721,eed4329b-cf33-4026-a06c-f630a51bfcbc,Meesho,google_play,en,en,False,An easy budgetable shoping 🥰,an easy budgetable shoping,an easy budgetable shoping,5,positive,0,False,4,2026-04-02 15:18:29+00:00,2026-03-30/2026-04-05,2026-04,27.4
722,c9ddea05-7ef4-4ed4-b408-c737814abc32,Meesho,google_play,en,en,False,bhut asha h ye app,bhut asha h ye app,bhut asha h ye app,5,positive,0,False,5,2026-04-02 15:17:53+00:00,2026-03-30/2026-04-05,2026-04,27.3
723,52b36532-4131-4d24-aed0-0f58580c3c8a,Meesho,google_play,en,en,False,Better than Very Costly App like Flipkart and Amezon. Amezon and Flipkart Provides very low quality products on high Rates.,better than very costly app like flipkart and amezon. amezon and flipkart provides very low quality products on high rates.,better than very costly app like flipkart and amezon. amezon and flipkart provides very low quality products on high rates.,5,positive,0,False,20,2026-04-02 15:14:46+00:00,2026-03-30/2026-04-05,2026-04,27.4
724,e1884037-1af9-490f-b1e4-089bad724e50,Meesho,google_play,en,en,False,this app give very bad quality of products and the image shown is different and if you order something they will give something different.,this app give very bad quality of products and the image shown is different and if you order something they will give something different.,this app give very bad quality of products and the image shown is different and if you order something they will give something different.,1,complaint,0,False,24,2026-04-02 15:12:27+00:00,2026-03-30/2026-04-05,2026-04,27.0
725,61a884c6-cbb9-4564-8c41-f02d9e26b92d,Meesho,google_play,en,en,False,best shopping app meesho,best shopping app meesho,best shopping app meesho,5,positive,0,False,4,2026-04-02 15:11:51+00:00,2026-03-30/2026-04-05,2026-04,27.3
726,9cf5c607-4b03-4c83-9645-1aec80ebf907,Meesho,google_play,en,en,False,facing problem in opening the app,facing problem in opening the app,facing problem in opening the app,1,complaint,0,False,6,2026-04-02 15:11:06+00:00,2026-03-30/2026-04-05,2026-04,27.4
727,57d0693c-2674-4d15-82d7-3b15f2be9105,Meesho,google_play,en,en,False,this is the nice app in Play store quick delivery Brand new collection and amezing costumers service nice app,this is the nice app in play store quick delivery brand new collection and amezing costumers service nice app,this is the nice app in play store quick delivery brand new collection and amezing costumers service nice app,5,positive,0,False,19,2026-04-02 15:07:37+00:00,2026-03-30/2026-04-05,2026-04,27.2
728,5be35f69-ba81-4cc2-82f7-6d67c560fdcf,Meesho,google_play,en,id,False,bahut sasti chijen milati hai,bahut sasti chijen milati hai,bahut sasti chijen milati hai,5,positive,0,False,5,2026-04-02 15:05:32+00:00,2026-03-30/2026-04-05,2026-04,
729,96b3d645-f7b2-4b41-a5df-b4cf458a0fb6,Meesho,google_play,en,en,False,very bad service from meesho not sending the correct product and not returning the wrong product and not refunded 😡. very bad service 😔😔😔😔😔😔😔,very bad service from meesho not sending the correct product and not returning the wrong product and not refunded . very bad service,very bad service from meesho not sending the correct product and not returning the wrong product and not refunded . very bad service,1,complaint,0,False,23,2026-04-02 15:01:54+00:00,2026-03-30/2026-04-05,2026-04,27.3
730,470eaf14-3ee0-4e26-bc25-8e027ab09fd2,Meesho,google_play,en,en,False,nice product and delivery system,nice product and delivery system,nice product and delivery system,5,positive,0,False,5,2026-04-02 14:52:40+00:00,2026-03-30/2026-04-05,2026-04,27.2
731,3ff01ca8-2de9-4033-89d5-5847b259dd7d,Meesho,google_play,en,en,False,best price,best price,best price,5,positive,0,False,2,2026-04-02 14:51:23+00:00,2026-03-30/2026-04-05,2026-04,27.4
732,f482bc1c-71b9-4110-adeb-d3e906e3d9c8,Meesho,google_play,en,hi,False,इस ऐप को मत यूज ये लोग professional ठग है exchange return refund भी नहीं दिए है मुझे मैंने online pay किया था पर product return करने के बाद बदले में मुझे मेरे पैसे नहीं दिए शिकायत 8 बार की सारे फोटो विडियो भी दिए पर इन लोगो ने बोला कि हमने तो दे दिए है पैसे और जो working days होते हैं उसके अगले दिन मिल जाते हैं पैसे पर नही मिले मत करो इस ऐप पर खरीदारी खासकर online pay तो बिलकुल मत करो ये पैसे वापस नहीं करते हैं और product भी defective देते है मैंने consumer help line पर इन लोगों की शिकायत कर दी,इस ऐप को मत यूज ये लोग professional ठग है exchange return refund भी नहीं दिए है मुझे मैंने online pay किया था पर product return करने के बाद बदले में मुझे मेरे पैसे नहीं दिए शिकायत 8 बार की सारे फोटो विडियो भी दिए पर इन लोगो ने बोला कि हमने तो दे दिए है पैसे और जो working days होते हैं उसके अगले दिन मिल जाते हैं पैसे पर नही मिले मत करो इस ऐप पर खरीदारी खासकर online pay तो बिलकुल मत करो ये पैसे वापस नहीं करते हैं और product भी defective देते है मैंने consumer help line पर इन लोगों की शिकायत कर दी,इस ऐप को मत यूज ये लोग professional ठग है exchange return refund भी नहीं दिए है मुझे मैंने online pay किया था पर product return करने के बाद बदले में मुझे मेरे पैसे नहीं दिए शिकायत 8 बार की सारे फोटो विडियो भी दिए पर इन लोगो ने बोला कि हमने तो दे दिए है पैसे और जो working days होते हैं उसके अगले दिन मिल जाते हैं पैसे पर नही मिले मत करो इस ऐप पर खरीदारी खासकर online pay तो बिलकुल मत करो ये पैसे वापस नहीं करते हैं और product भी defective देते है मैंने consumer help line पर इन लोगों की शिकायत कर दी,1,complaint,0,False,109,2026-04-02 14:50:35+00:00,2026-03-30/2026-04-05,2026-04,27.4
733,d1eb3199-bb7b-4372-8493-faa5f04cee49,Meesho,google_play,en,id,False,maine online payment kar diya order shipped dikhane laga aur ab user verification fail dikha raha hai?,maine online payment kar diya order shipped dikhane laga aur ab user verification fail dikha raha hai?,maine online payment kar diya order shipped dikhane laga aur ab user verification fail dikha raha hai?,1,complaint,0,False,17,2026-04-02 14:50:07+00:00,2026-03-30/2026-04-05,2026-04,27.4
734,4ad8f87e-fa5f-4873-959a-b185ec50f6a7,Meesho,google_play,en,en,False,thankyou misso,thankyou misso,thankyou misso,5,positive,0,False,2,2026-04-02 14:44:06+00:00,2026-03-30/2026-04-05,2026-04,27.4
736,ab917837-07d7-4df6-8634-79dcb0f664a7,Meesho,google_play,en,en,False,all the best,all the best,all the best,5,positive,0,False,3,2026-04-02 14:42:32+00:00,2026-03-30/2026-04-05,2026-04,27.4
737,fdccc4a3-7a09-40eb-a9b0-0d34d4e2c231,Meesho,google_play,en,en,True,this is the very very bad app or it's services is very worst I humbly requested to all you that please save your money and time and keep distance to the misho app... order cancelled many times on the time of delivery..... and no any update shown before the date....,this is the very very bad app or it's services is very worst i humbly requested to all you that please save your money and time and keep distance to the misho app... order cancelled many times on the time of delivery.. and no any update shown before the date..,this is the very very bad app or it's services is very worst i humbly requested to all you that please save your money and time and keep distance to the misho app... order cancelled many times on the time of delivery.. and no any update shown before the date..,1,complaint,0,False,50,2026-04-02 14:37:09+00:00,2026-03-30/2026-04-05,2026-04,
738,ae0aa631-8b61-4166-8a85-7c740090293a,Meesho,google_play,en,en,True,well personally I wouldn't it is ficially fine for the consumers who want to buy products on low prices l.,well personally i wouldn't it is ficially fine for the consumers who want to buy products on low prices l.,well personally i wouldn't it is ficially fine for the consumers who want to buy products on low prices l.,5,positive,0,False,20,2026-04-02 14:34:33+00:00,2026-03-30/2026-04-05,2026-04,27.0
739,f098f86d-6b84-40a4-a278-cc3313b4ee95,Meesho,google_play,en,da,False,best for middle class,best for middle class,best for middle class,5,positive,0,False,4,2026-04-02 14:31:00+00:00,2026-03-30/2026-04-05,2026-04,27.4
740,ee350192-d37f-4cba-b693-bdba3341974d,Meesho,google_play,en,en,False,I was not instered this app,i was not instered this app,i was not instered this app,1,complaint,0,False,6,2026-04-02 14:23:05+00:00,2026-03-30/2026-04-05,2026-04,27.3
741,baa71438-f154-4d39-b80e-fad8db842f2b,Meesho,google_play,en,en,False,good expreince,good expreince,good expreince,5,positive,0,False,2,2026-04-02 14:21:59+00:00,2026-03-30/2026-04-05,2026-04,27.4
743,a974b1a9-7e35-463c-902e-1f708165af29,Meesho,google_play,en,en,False,bad quality product,bad quality product,bad quality product,1,complaint,0,False,3,2026-04-02 14:18:08+00:00,2026-03-30/2026-04-05,2026-04,11.7.1
744,778eeb64-8bf3-4a1b-b8bd-f36ecd2fef4c,Meesho,google_play,en,en,False,"when I try to open his app , it do not open and a message pops on screen that your verification failed ,you can't access this app so contact us ....I have tried multiple time to contact it's team but every time call said they all are busy attending other calls .....I fed up trying it again again. it's team is also not solving my problem it been several months I have trying it again but doesn't work so it's my last option to put a review regarding this app.","when i try to open his app , it do not open and a message pops on screen that your verification failed ,you can't access this app so contact us ..i have tried multiple time to contact it's team but every time call said they all are busy attending other calls ..i fed up trying it again again. it's team is also not solving my problem it been several months i have trying it again but doesn't work so it's my last option to put a review regarding this app.","when i try to open his app , it do not open and a message pops on screen that your verification failed ,you can't access this app so contact us ..i have tried multiple time to contact it's team but every time call said they all are busy attending other calls ..i fed up trying it again again. it's team is also not solving my problem it been several months i have trying it again but doesn't work so it's my last option to put a review regarding this app.",1,complaint,0,False,90,2026-04-02 14:17:09+00:00,2026-03-30/2026-04-05,2026-04,27.4
745,8dbc0e59-6091-4fa7-a179-40e65d0202b4,Meesho,google_play,en,cs,False,very nice aap,very nice aap,very nice aap,5,positive,0,False,3,2026-04-02 14:15:56+00:00,2026-03-30/2026-04-05,2026-04,27.4
746,75ce00f2-b538-46b4-b12e-74987e254c00,Meesho,google_play,en,ro,False,vefj ucl oib,vefj ucl oib,vefj ucl oib,5,positive,0,False,3,2026-04-02 14:14:34+00:00,2026-03-30/2026-04-05,2026-04,27.4
747,7f5817c0-e023-4b8c-aec7-578631746476,Meesho,google_play,en,en,False,Amazing Products include here,amazing products include here,amazing products include here,5,positive,0,False,4,2026-04-02 14:10:33+00:00,2026-03-30/2026-04-05,2026-04,27.3
748,4844b05e-e885-45bb-b2ef-bc43272a2619,Meesho,google_play,en,en,False,very bad service 😡😡😡,very bad service,very bad service,1,complaint,0,False,3,2026-04-02 14:09:12+00:00,2026-03-30/2026-04-05,2026-04,27.4
749,50feff67-161b-42e8-92f6-0ff5cea1b3ba,Meesho,google_play,en,en,True,I had purchased Coconut oil from Meesho but it is not pure. When I reached to Meesho customer care they refused to provide help saying that the return period of 7 days is over. Since I had used the oil after one month how could I file a complaint earlier. I am too much disappointed as all money paid has gone wasted. Though I am a regular customer of Meesho but having this type of experience I will not recommend anyone to purchase anything from meesho.,i had purchased coconut oil from meesho but it is not pure. when i reached to meesho customer care they refused to provide help saying that the return period of 7 days is over. since i had used the oil after one month how could i file a complaint earlier. i am too much disappointed as all money paid has gone wasted. though i am a regular customer of meesho but having this type of experience i will not recommend anyone to purchase anything from meesho.,i had purchased coconut oil from meesho but it is not pure. when i reached to meesho customer care they refused to provide help saying that the return period of 7 days is over. since i had used the oil after one month how could i file a complaint earlier. i am too much disappointed as all money paid has gone wasted. though i am a regular customer of meesho but having this type of experience i will not recommend anyone to purchase anything from meesho.,1,complaint,6,False,86,2026-04-02 14:05:53+00:00,2026-03-30/2026-04-05,2026-04,27.4
750,63a82947-40d3-4018-99e8-4e44bebb7dd1,Meesho,google_play,en,so,False,mare channel ka naam ballebaaz-diary hai,mare channel ka naam ballebaaz-diary hai,mare channel ka naam ballebaaz-diary hai,4,positive,0,False,6,2026-04-02 14:01:44+00:00,2026-03-30/2026-04-05,2026-04,
751,c55688df-407e-438a-b335-0b29ce470442,Meesho,google_play,en,ro,False,nice plateform 💖,nice plateform,nice plateform,5,positive,0,False,2,2026-04-02 14:01:39+00:00,2026-03-30/2026-04-05,2026-04,27.4
752,47ad31f4-118e-4a49-9e7b-e4cdfdf0327d,Meesho,google_play,en,en,False,Don't Install this app.🤬🤬🤬🤬🤬🤬🤬,don't install this app.,don't install this app.,1,complaint,0,False,4,2026-04-02 13:59:34+00:00,2026-03-30/2026-04-05,2026-04,25.0
753,35eef575-af31-4a04-a481-6293972262d2,Meesho,google_play,en,en,False,very very bad it is a fraud app don't order anything from this app it's fraud,very very bad it is a fraud app don't order anything from this app it's fraud,very very bad it is a fraud app don't order anything from this app it's fraud,1,complaint,0,False,16,2026-04-02 13:57:40+00:00,2026-03-30/2026-04-05,2026-04,
754,258fab4e-35dd-4aa4-b237-ceac112ef304,Meesho,google_play,en,so,False,amazing app hai yar jitni bhi tarif karo kam h yah mujhe har tarah se madad karta h chahe meesho pay leter ho ya loans ya product ho thanku so much meesho,amazing app hai yar jitni bhi tarif karo kam h yah mujhe har tarah se madad karta h chahe meesho pay leter ho ya loans ya product ho thanku so much meesho,amazing app hai yar jitni bhi tarif karo kam h yah mujhe har tarah se madad karta h chahe meesho pay leter ho ya loans ya product ho thanku so much meesho,5,positive,0,False,32,2026-04-02 13:55:59+00:00,2026-03-30/2026-04-05,2026-04,
756,b2b9062d-d11f-4019-9c7e-b42e958cdeaf,Meesho,google_play,en,en,False,overcharging,overcharging,overcharging,1,complaint,0,False,1,2026-04-02 13:53:15+00:00,2026-03-30/2026-04-05,2026-04,27.2
757,9d5dd4c2-7a2c-405b-b620-9335cef2fdd5,Meesho,google_play,en,en,False,The worst feeling created on this app,the worst feeling created on this app,the worst feeling created on this app,1,complaint,0,False,7,2026-04-02 13:51:59+00:00,2026-03-30/2026-04-05,2026-04,
759,8ffd8815-ec53-43b9-bc80-a772329d9a66,Meesho,google_play,en,en,False,App super... Products also nice ✨... Meesho for ordinary people 🥰... superb always,app super... products also nice ... meesho for ordinary people ... superb always,app super... products also nice ... meesho for ordinary people ... superb always,5,positive,0,False,13,2026-04-02 13:46:10+00:00,2026-03-30/2026-04-05,2026-04,27.4
760,03058d73-c3f8-4af8-b986-96713cda5918,Meesho,google_play,en,en,False,best apps for low price,best apps for low price,best apps for low price,5,positive,0,False,5,2026-04-02 13:44:16+00:00,2026-03-30/2026-04-05,2026-04,27.3
761,7be785ea-8251-4425-91dd-f85d7fba66e6,Meesho,google_play,en,sv,False,app install nahi hota ha,app install nahi hota ha,app install nahi hota ha,5,positive,0,False,5,2026-04-02 13:38:44+00:00,2026-03-30/2026-04-05,2026-04,
762,d8023072-67e5-4f0c-8d3e-85bd3bc9d148,Meesho,google_play,en,nl,False,Nice Aap meesho,nice aap meesho,nice aap meesho,5,positive,0,False,3,2026-04-02 13:38:43+00:00,2026-03-30/2026-04-05,2026-04,27.4
763,faebc53a-d007-4aa4-998c-f9ecd33a21d2,Meesho,google_play,en,en,False,this app is so good 👍,this app is so good,this app is so good,5,positive,0,False,5,2026-04-02 13:38:16+00:00,2026-03-30/2026-04-05,2026-04,27.3
764,b4ccf804-b10e-4726-adba-5d6dad13e241,Meesho,google_play,en,en,False,I returned a product 8 days ago. I supposed to get a refund of Rs.1068/- in return which i haven't received yet. Spoke to Customer agent multiple times but no resolution. Is this some kind of fraud meesho is doing with customers. pls refund my money ASAP or i will write to consumer court....,i returned a product 8 days ago. i supposed to get a refund of rs.1068 - in return which i haven't received yet. spoke to customer agent multiple times but no resolution. is this some kind of fraud meesho is doing with customers. pls refund my money asap or i will write to consumer court..,i returned a product 8 days ago. i supposed to get a refund of rs.1068 - in return which i haven't received yet. spoke to customer agent multiple times but no resolution. is this some kind of fraud meesho is doing with customers. pls refund my money asap or i will write to consumer court..,1,complaint,0,False,55,2026-04-02 13:37:18+00:00,2026-03-30/2026-04-05,2026-04,27.4
765,54714dcc-a898-40f5-9e27-b44924ffbf1f,Meesho,google_play,en,et,False,just awesome 👍,just awesome,just awesome,4,positive,0,False,2,2026-04-02 13:31:08+00:00,2026-03-30/2026-04-05,2026-04,
766,1378b06c-144f-4a98-9125-fef0e8e02777,Meesho,google_play,en,en,False,very good for shopping,very good for shopping,very good for shopping,5,positive,0,False,4,2026-04-02 13:30:17+00:00,2026-03-30/2026-04-05,2026-04,
767,08392a10-155b-4c73-94f8-0a8f24f79754,Meesho,google_play,en,so,False,ek option QR pay ka bhi add karo...,ek option qr pay ka bhi add karo...,ek option qr pay ka bhi add karo...,4,positive,0,False,8,2026-04-02 13:26:20+00:00,2026-03-30/2026-04-05,2026-04,27.4
768,4e094c1e-bccf-442c-8016-d85338e3f1dd,Meesho,google_play,en,en,False,nice product at lowest price,nice product at lowest price,nice product at lowest price,5,positive,0,False,5,2026-04-02 13:24:57+00:00,2026-03-30/2026-04-05,2026-04,27.2
769,2fc625b5-2823-4ed3-bcbc-e66b26526bf0,Meesho,google_play,en,tl,False,bhut acha app hai duniya ka no 1 sabse acha ap h,bhut acha app hai duniya ka no 1 sabse acha ap h,bhut acha app hai duniya ka no 1 sabse acha ap h,5,positive,0,False,12,2026-04-02 13:21:16+00:00,2026-03-30/2026-04-05,2026-04,27.4
770,c56c3f54-dd4f-40ae-a664-ec43660965a0,Meesho,google_play,en,sw,False,nipa kisku,nipa kisku,nipa kisku,5,positive,0,False,2,2026-04-02 13:17:25+00:00,2026-03-30/2026-04-05,2026-04,27.4
771,7f400c7d-81c6-4af0-b4e0-10eb71c2c01c,Meesho,google_play,en,sk,False,Everybody sabake sab chor hai saale,everybody sabake sab chor hai saale,everybody sabake sab chor hai saale,5,positive,0,False,6,2026-04-02 13:17:09+00:00,2026-03-30/2026-04-05,2026-04,27.3
772,ed30ef3d-3697-43a2-8bb8-7e3104ba316f,Meesho,google_play,en,id,False,Mera ab tak Jitna Bhi order Aaya sab theek thaak tha lekin Jab Mera order Ek Din galat aayega to main star Le Lunga 😁,mera ab tak jitna bhi order aaya sab theek thaak tha lekin jab mera order ek din galat aayega to main star le lunga,mera ab tak jitna bhi order aaya sab theek thaak tha lekin jab mera order ek din galat aayega to main star le lunga,3,mixed,0,False,24,2026-04-02 13:13:30+00:00,2026-03-30/2026-04-05,2026-04,
773,df9082a5-b0f1-44dd-8022-1fce4c90f84d,Meesho,google_play,en,af,False,very very bad shopping aap,very very bad shopping aap,very very bad shopping aap,1,complaint,0,False,5,2026-04-02 13:13:22+00:00,2026-03-30/2026-04-05,2026-04,27.4
774,dfbaf4c8-f428-4a3b-a4df-27628c3f8bf7,Meesho,google_play,en,en,False,"Honestly, Ring app is very useful and I got me loan. My loan approved within 5 minutes. This app is very secure I used it as a Personal Loan and got a 50k Loan for Loan for Shopping. The process is simple and the UI is clean.","honestly, ring app is very useful and i got me loan. my loan approved within 5 minutes. this app is very secure i used it as a personal loan and got a 50k loan for loan for shopping. the process is simple and the ui is clean.","honestly, ring app is very useful and i got me loan. my loan approved within 5 minutes. this app is very secure i used it as a personal loan and got a 50k loan for loan for shopping. the process is simple and the ui is clean.",2,complaint,0,False,47,2026-04-02 13:11:47+00:00,2026-03-30/2026-04-05,2026-04,27.1
775,529502e1-46b9-4a4f-83c5-cd1dc47da348,Meesho,google_play,en,en,True,"Easy to Purchase the product, and overall amount is very budget friendly 😃","easy to purchase the product, and overall amount is very budget friendly","easy to purchase the product, and overall amount is very budget friendly",5,positive,0,False,12,2026-04-02 13:09:40+00:00,2026-03-30/2026-04-05,2026-04,
776,57b2cc1c-9e55-4d7f-9b01-0ae2357a117f,Meesho,google_play,en,en,False,please allow us the cash on delivery option 🙏,please allow us the cash on delivery option,please allow us the cash on delivery option,3,mixed,0,False,8,2026-04-02 13:07:13+00:00,2026-03-30/2026-04-05,2026-04,27.4
777,2706cb70-1ae1-409b-96c6-6ffd5f9ade9a,Meesho,google_play,en,en,False,"thank you meesho for pay later option, and timely service quality products 💯 I noticed that meesho shows the same item but different price 👍 the aap is praised for good quality product","thank you meesho for pay later option, and timely service quality products i noticed that meesho shows the same item but different price the aap is praised for good quality product","thank you meesho for pay later option, and timely service quality products i noticed that meesho shows the same item but different price the aap is praised for good quality product",5,positive,0,False,31,2026-04-02 13:07:02+00:00,2026-03-30/2026-04-05,2026-04,27.4
778,27ab65ce-d915-4638-85cc-dd3afbecc65c,Meesho,google_play,en,en,False,I love meesho am a great fan,i love meesho am a great fan,i love meesho am a great fan,5,positive,0,False,7,2026-04-02 12:58:05+00:00,2026-03-30/2026-04-05,2026-04,27.4
779,6b8b110d-2d93-4550-846f-70c6aad2a193,Meesho,google_play,en,en,False,very good shoping market,very good shoping market,very good shoping market,5,positive,0,False,4,2026-04-02 12:57:36+00:00,2026-03-30/2026-04-05,2026-04,27.4
780,c80b2c59-5114-435b-b10e-7da5f155e20d,Meesho,google_play,en,en,False,Actually my experience with meesho is good but my account got blocked because of the bad courier experience.... I don't have my courier and the reason they are saying I'm not accepting the parcel ....... i am uninstalling this app ! still I don't receive any calls or my orders,actually my experience with meesho is good but my account got blocked because of the bad courier experience.. i don't have my courier and the reason they are saying i'm not accepting the parcel .. i am uninstalling this app ! still i don't receive any calls or my orders,actually my experience with meesho is good but my account got blocked because of the bad courier experience.. i don't have my courier and the reason they are saying i'm not accepting the parcel .. i am uninstalling this app ! still i don't receive any calls or my orders,1,complaint,0,False,50,2026-04-02 12:57:33+00:00,2026-03-30/2026-04-05,2026-04,
781,d606f596-1c5d-4dc1-9afe-3a62ef438cc7,Meesho,google_play,en,en,False,HOME ACCESSORIES AND ALL GOODS ARE AVAILABLE IN THIS APP. FOR VERY HELP FOOL IN ALL NORMAL PEOPLE,home accessories and all goods are available in this app. for very help fool in all normal people,home accessories and all goods are available in this app. for very help fool in all normal people,5,positive,0,False,18,2026-04-02 12:55:43+00:00,2026-03-30/2026-04-05,2026-04,27.4
782,caf29fca-ec97-4277-8785-bad2848ccb6a,Meesho,google_play,en,en,False,I like the products,i like the products,i like the products,5,positive,0,False,4,2026-04-02 12:53:58+00:00,2026-03-30/2026-04-05,2026-04,
783,28001009-9475-4147-98f8-103ed53b4983,Meesho,google_play,en,et,False,lajavab app hai,lajavab app hai,lajavab app hai,5,positive,0,False,3,2026-04-02 12:51:49+00:00,2026-03-30/2026-04-05,2026-04,
784,83a4a291-ef0f-4cdf-a6ff-883088ac1286,Meesho,google_play,en,id,False,Delivery bahut kharpa hai bahut let hota hai 15 dina tak delivery nhi hota esa acha hai ki maine flipkart se order kar doon cancel karke,delivery bahut kharpa hai bahut let hota hai 15 dina tak delivery nhi hota esa acha hai ki maine flipkart se order kar doon cancel karke,delivery bahut kharpa hai bahut let hota hai 15 dina tak delivery nhi hota esa acha hai ki maine flipkart se order kar doon cancel karke,1,complaint,0,False,26,2026-04-02 12:45:10+00:00,2026-03-30/2026-04-05,2026-04,27.4
786,96222fa0-d6e4-4035-826c-b30597739c12,Meesho,google_play,en,en,True,Bahut hi accha experience raha 😊 Delivery time par aayi aur product quality bhi expected se better thi. Packaging bhi safe thi. Definitely recommend karunga 👍,bahut hi accha experience raha delivery time par aayi aur product quality bhi expected se better thi. packaging bhi safe thi. definitely recommend karunga,bahut hi accha experience raha delivery time par aayi aur product quality bhi expected se better thi. packaging bhi safe thi. definitely recommend karunga,5,positive,0,False,24,2026-04-02 12:43:04+00:00,2026-03-30/2026-04-05,2026-04,27.4
787,bd250db9-4ddd-4f35-be39-c2286845926d,Meesho,google_play,en,en,False,ammount is high product jyada mehga bech rha hai or kharab,ammount is high product jyada mehga bech rha hai or kharab,ammount is high product jyada mehga bech rha hai or kharab,1,complaint,0,False,11,2026-04-02 12:39:26+00:00,2026-03-30/2026-04-05,2026-04,
788,d2cdca3d-f91b-48d3-8d60-59c926bc3edb,Meesho,google_play,en,en,False,the app is you,the app is you,the app is you,5,positive,0,False,4,2026-04-02 12:35:49+00:00,2026-03-30/2026-04-05,2026-04,14.9
789,490685f0-fb4e-457a-8803-283310a914eb,Meesho,google_play,en,en,True,fraud and useless customer support. they accept return requests but don't send anyone to pick up the items. They would ask you to self ship the return and don't refund even after that. what's the purpose of acknowledging and apologizing if it is still not resolved.,fraud and useless customer support. they accept return requests but don't send anyone to pick up the items. they would ask you to self ship the return and don't refund even after that. what's the purpose of acknowledging and apologizing if it is still not resolved.,fraud and useless customer support. they accept return requests but don't send anyone to pick up the items. they would ask you to self ship the return and don't refund even after that. what's the purpose of acknowledging and apologizing if it is still not resolved.,1,complaint,0,False,46,2026-04-02 12:22:45+00:00,2026-03-30/2026-04-05,2026-04,27.3
790,462dc039-9c9e-4fda-924d-5faf1aed2870,Meesho,google_play,en,en,False,meesho app,meesho app,meesho app,5,positive,0,False,2,2026-04-02 12:21:29+00:00,2026-03-30/2026-04-05,2026-04,27.4
791,e9c74776-3f85-4468-b9ff-3e6346cc241b,Meesho,google_play,en,ro,False,pure clear,pure clear,pure clear,5,positive,0,False,2,2026-04-02 12:15:25+00:00,2026-03-30/2026-04-05,2026-04,27.4
792,58099a30-d8ff-49a3-b0ea-2a8b0d5e3826,Meesho,google_play,en,so,False,"hfhdhrhfiih 🧕🥻👠👑🕶👛👨‍👩‍👦‍👦🏃‍♀️🕴🧖🏽‍♀️🙍‍♀️🙆‍♀️💁‍♀️🤰🤰👸🧜‍♀️🎅👩‍✈️👩‍🎨👩‍🏫👩‍🍳👩‍⚕👮👩‍🦳👩🧠👁💋💄💍✍️👋👌✌🤝🤲😻👻🤕🤥😨🥱🥵😤☹️☹️🤡😎🥰👌( ･ㅂ･)و💰(っ'-')╮=͟͟͞͞🎁) ✨✨💖💖✨💖💖✨✨ ✨💖🌹🌹💖🌹🌹💖✨ 💖🌹🎀🎁👩🎁🎀🌹💖 💖🌹Love you M 🌹🌹🌹🌹🌹🌹🌹 🌹✨✨🎀✨✨🌹 🌹🌟🎁🙆🎁🌟🌹 🌹🌟🎁💎🎁🌟🌹 🌹🌟🎁💖🎁🌟🌹 🌹 Happy bday 🌹 🌹🌹🌹🌹🌹🌹? ✨✨💖💖✨💖💖✨✨ 😜😜😜😜😜😜😜😜😜😜 😜🎀🎀🎀𝓗𝓪𝓹𝓹𝔂🎀🎀🎀😜 😜🎀🎀🎀𝓐𝓹𝓻𝓲𝓵 𝓕𝓸𝓸𝓵'𝓼🎀🎀😜 😜🎀🎀🎀🎀𝓓𝓪𝔂🎀🎀🎀😜 😜😜😜😜😜😜😜😜😜😜 ,","hfhdhrhfiih ㅂ و っ'-' love you m happy bday ? 𝓗𝓪𝓹𝓹𝔂 𝓐𝓹𝓻𝓲𝓵 𝓕𝓸𝓸𝓵'𝓼 𝓓𝓪𝔂 ,","hfhdhrhfiih ㅂ و っ'-' love you m happy bday ? 𝓗𝓪𝓹𝓹𝔂 𝓐𝓹𝓻𝓲𝓵 𝓕𝓸𝓸𝓵'𝓼 𝓓𝓪𝔂 ,",5,positive,0,False,15,2026-04-02 12:15:20+00:00,2026-03-30/2026-04-05,2026-04,
793,2ed5f8ae-413e-4b63-8e0c-96e4e4ce7739,Meesho,google_play,en,so,False,badhiya app hai,badhiya app hai,badhiya app hai,5,positive,0,False,3,2026-04-02 12:03:35+00:00,2026-03-30/2026-04-05,2026-04,
794,eb19230c-4b8a-45e8-8592-0d92eebfc90e,Meesho,google_play,en,en,False,very good and very nice products,very good and very nice products,very good and very nice products,5,positive,0,False,6,2026-04-02 11:59:55+00:00,2026-03-30/2026-04-05,2026-04,27.4
795,75e5f14e-e946-4367-ac43-f74bcfdfabc8,Meesho,google_play,en,en,False,Meesho is the best product yes ok .,meesho is the best product yes ok .,meesho is the best product yes ok .,5,positive,0,False,8,2026-04-02 11:57:47+00:00,2026-03-30/2026-04-05,2026-04,27.0
796,fe18b1c5-203e-4816-b017-4608ad341c6a,Meesho,google_play,en,en,True,"Very misleading pricing! The product shows 86% off at ₹181 on the main page, but when you open it, the discount drops to 62% and price jumps to ₹489. This feels like a bait-and-switch tactic. Extremely disappointing and breaks trust. Please show accurate pricing upfront instead of confusing customers. Low quality products and not sufficient details of products","very misleading pricing! the product shows 86 off at 181 on the main page, but when you open it, the discount drops to 62 and price jumps to 489. this feels like a bait-and-switch tactic. extremely disappointing and breaks trust. please show accurate pricing upfront instead of confusing customers. low quality products and not sufficient details of products","very misleading pricing! the product shows 86 off at 181 on the main page, but when you open it, the discount drops to 62 and price jumps to 489. this feels like a bait-and-switch tactic. extremely disappointing and breaks trust. please show accurate pricing upfront instead of confusing customers. low quality products and not sufficient details of products",1,complaint,0,False,58,2026-04-02 11:54:51+00:00,2026-03-30/2026-04-05,2026-04,
797,fb6d08cd-34b5-4f89-a59a-d9efe94854ae,Meesho,google_play,en,id,False,sellers oders yendhuku cancel chestunnara lanajkodaka... amount refund kaledu,sellers oders yendhuku cancel chestunnara lanajkodaka... amount refund kaledu,sellers oders yendhuku cancel chestunnara lanajkodaka... amount refund kaledu,1,complaint,0,False,9,2026-04-02 11:53:23+00:00,2026-03-30/2026-04-05,2026-04,27.3
798,f233607c-9c2e-40e6-b3f6-9af824a265e0,Meesho,google_play,en,nl,False,meet variya,meet variya,meet variya,5,positive,0,False,2,2026-04-02 11:51:46+00:00,2026-03-30/2026-04-05,2026-04,
799,150064cb-016d-4ca9-bdcf-373ae54d5992,Meesho,google_play,en,en,False,"Worst app I've ever seen. Somedays ago I ordered a tshirt from meesho but received different printed tshirt. When I requested return option, at the pick up time they were claiming that they sent me actual product & Quality check failed at that time. & now they are not helping because quality check failed. But that was completely their fault. they sent me different printed tshirt and now they are claiming they have sent actual printed tshirt.","worst app i've ever seen. somedays ago i ordered a tshirt from meesho but received different printed tshirt. when i requested return option, at the pick up time they were claiming that they sent me actual product quality check failed at that time. now they are not helping because quality check failed. but that was completely their fault. they sent me different printed tshirt and now they are claiming they have sent actual printed tshirt.","worst app i've ever seen. somedays ago i ordered a tshirt from meesho but received different printed tshirt. when i requested return option, at the pick up time they were claiming that they sent me actual product quality check failed at that time. now they are not helping because quality check failed. but that was completely their fault. they sent me different printed tshirt and now they are claiming they have sent actual printed tshirt.",1,complaint,0,False,75,2026-04-02 11:50:52+00:00,2026-03-30/2026-04-05,2026-04,27.4
800,2d8962ac-b999-4bf7-9abc-dbb114d73621,Meesho,google_play,en,en,True,online payment karne pr delivery ke naam pr scam krta h cancel bolte h or delivery kr deta h or customer care se baat karo toh koi action nhi leta h bahut bahut bekar aap h ..............🤬🤬🤬,online payment karne pr delivery ke naam pr scam krta h cancel bolte h or delivery kr deta h or customer care se baat karo toh koi action nhi leta h bahut bahut bekar aap h ..,online payment karne pr delivery ke naam pr scam krta h cancel bolte h or delivery kr deta h or customer care se baat karo toh koi action nhi leta h bahut bahut bekar aap h ..,1,complaint,0,False,37,2026-04-02 11:49:37+00:00,2026-03-30/2026-04-05,2026-04,
801,f6fed40f-6a3c-4cf9-9edd-53b88fc3e537,Meesho,google_play,en,en,False,It's a very useful app because it provide a least amount of product so it's very good 😄,it's a very useful app because it provide a least amount of product so it's very good,it's a very useful app because it provide a least amount of product so it's very good,5,positive,0,False,17,2026-04-02 11:38:09+00:00,2026-03-30/2026-04-05,2026-04,27.4
802,6e842691-b0e2-47ff-aeee-16c6619af3e7,Meesho,google_play,en,pt,False,hadephone dea do please 🥺,hadephone dea do please,hadephone dea do please,5,positive,0,False,4,2026-04-02 11:37:30+00:00,2026-03-30/2026-04-05,2026-04,27.4
803,2d8add64-116c-441f-8c17-4203510e7e0a,Meesho,google_play,en,en,True,very bad this app ek to wrong product delivered karte hai aur product return le Jane ke baad paise bhi refund nhi karte hai Mera 850 rupee nhi refund kiye meesho wale itna frod app hai ye so please isse koi shopping na kro,very bad this app ek to wrong product delivered karte hai aur product return le jane ke baad paise bhi refund nhi karte hai mera 850 rupee nhi refund kiye meesho wale itna frod app hai ye so please isse koi shopping na kro,very bad this app ek to wrong product delivered karte hai aur product return le jane ke baad paise bhi refund nhi karte hai mera 850 rupee nhi refund kiye meesho wale itna frod app hai ye so please isse koi shopping na kro,1,complaint,0,False,44,2026-04-02 11:34:24+00:00,2026-03-30/2026-04-05,2026-04,27.4
804,ee4dad0d-4ba7-4cf6-a7f4-e911ffab7c4d,Meesho,google_play,en,en,False,"I have purchased 1 rose toner which i received with empty bottle, when I asked for exchange, meesho not allowing and asking for photo which was not applicable on meesho.now I have wasted 157rs for a empty bottle","i have purchased 1 rose toner which i received with empty bottle, when i asked for exchange, meesho not allowing and asking for photo which was not applicable on meesho.now i have wasted 157rs for a empty bottle","i have purchased 1 rose toner which i received with empty bottle, when i asked for exchange, meesho not allowing and asking for photo which was not applicable on meesho.now i have wasted 157rs for a empty bottle",1,complaint,0,False,38,2026-04-02 11:32:54+00:00,2026-03-30/2026-04-05,2026-04,27.3
805,6fddd3bf-443d-4783-9550-0f7e12e5e81f,Meesho,google_play,en,en,False,very nice packing and very nice,very nice packing and very nice,very nice packing and very nice,5,positive,0,False,6,2026-04-02 11:32:39+00:00,2026-03-30/2026-04-05,2026-04,
806,8b068923-23b7-4541-95f7-363ed3abb8a3,Meesho,google_play,en,so,False,good good all good,good good all good,good good all good,5,positive,0,False,4,2026-04-02 11:28:34+00:00,2026-03-30/2026-04-05,2026-04,
807,e6e6c29a-a059-4ae6-8cea-115587382283,Meesho,google_play,en,en,True,I'm not able to share the products. link is not opening when i share the products on watsapp to anyone. please fix this.,i'm not able to share the products. link is not opening when i share the products on watsapp to anyone. please fix this.,i'm not able to share the products. link is not opening when i share the products on watsapp to anyone. please fix this.,2,complaint,0,False,23,2026-04-02 11:26:33+00:00,2026-03-30/2026-04-05,2026-04,27.4
808,0f5106ff-052d-416e-84f1-5cea87b7a7b5,Meesho,google_play,en,bn,False,খুব সুন্দর,খ ব স ন দর,খ ব স ন দর,5,positive,0,False,5,2026-04-02 11:25:09+00:00,2026-03-30/2026-04-05,2026-04,27.4
809,6fe58f83-852e-4202-9210-22c477c417f6,Meesho,google_play,en,hr,False,U 4th u66u go out,u 4th u66u go out,u 4th u66u go out,4,positive,0,False,5,2026-04-02 11:18:12+00:00,2026-03-30/2026-04-05,2026-04,27.1
810,43040ec4-436d-47c1-a287-e2f2f966b96e,Meesho,google_play,en,en,False,nice app ha,nice app ha,nice app ha,5,positive,0,False,3,2026-04-02 11:15:24+00:00,2026-03-30/2026-04-05,2026-04,27.3
811,e47555f2-03c1-458c-859e-e8ff1d979bfc,Meesho,google_play,en,en,False,received empty box & no return or exchange was provided,received empty box no return or exchange was provided,received empty box no return or exchange was provided,1,complaint,0,False,9,2026-04-02 11:12:00+00:00,2026-03-30/2026-04-05,2026-04,27.4
812,47aceb7a-fe6a-42d0-9997-6acf1ae7ff48,Meesho,google_play,en,hi,False,"1. *""बहुत अच्छा अनुभव, प्रोडक्ट की क्वालिटी भी अच्छी है।""* 2. *""सर्वोत्तम सेवा, मैं फिर से खरीदारी करूंगा।""* 3. *""बहुत बढ़िया, प्रोडक्ट समय पर डिलीवर हुआ।""* 4. *""अद्भुत अनुभव, सभी को रिकमेंड करूंगा।""* 5. *""बहुत अच्छा, प्रोडक्ट की कीमत भी सही है।""*","1. बहुत अच्छा अनुभव, प्रोडक्ट की क्वालिटी भी अच्छी है। 2. सर्वोत्तम सेवा, मैं फिर से खरीदारी करूंगा। 3. बहुत बढ़िया, प्रोडक्ट समय पर डिलीवर हुआ। 4. अद्भुत अनुभव, सभी को रिकमेंड करूंगा। 5. बहुत अच्छा, प्रोडक्ट की कीमत भी सही है।","1. बहुत अच्छा अनुभव, प्रोडक्ट की क्वालिटी भी अच्छी है। 2. सर्वोत्तम सेवा, मैं फिर से खरीदारी करूंगा। 3. बहुत बढ़िया, प्रोडक्ट समय पर डिलीवर हुआ। 4. अद्भुत अनुभव, सभी को रिकमेंड करूंगा। 5. बहुत अच्छा, प्रोडक्ट की कीमत भी सही है।",5,positive,0,False,42,2026-04-02 11:11:02+00:00,2026-03-30/2026-04-05,2026-04,27.4
813,5d5c1826-915b-432d-8c83-5e6b8d923bbc,Meesho,google_play,en,en,False,meesho have everything you need anything if you have low budget go in meesho if you have high budget go to meesho meesho is best 🤗🤗👍😀😍,meesho have everything you need anything if you have low budget go in meesho if you have high budget go to meesho meesho is best,meesho have everything you need anything if you have low budget go in meesho if you have high budget go to meesho meesho is best,4,positive,0,False,25,2026-04-02 11:06:33+00:00,2026-03-30/2026-04-05,2026-04,27.4
814,6609757c-91ac-4b02-baae-16936d2b6843,Meesho,google_play,en,en,False,trusted meesho,trusted meesho,trusted meesho,5,positive,0,False,2,2026-04-02 11:00:14+00:00,2026-03-30/2026-04-05,2026-04,27.4
815,cf303f54-ce2e-4226-8615-517c113792ba,Meesho,google_play,en,en,False,"I ordered Mamaearth Sunscreen, but instead I received a completely different product (The Derma Face Serum). This is clearly a mistake from Meesho’s side. When I contacted customer support for return/refund, they refused saying it is not covered under their policy, which is completely unacceptable. If a wrong item is delivered, the customer should get a refund or replacement without any issue. shows poor customer service. I have all edit - below provided link is google form asking access.","i ordered mamaearth sunscreen, but instead i received a completely different product the derma face serum . this is clearly a mistake from meesho s side. when i contacted customer support for return refund, they refused saying it is not covered under their policy, which is completely unacceptable. if a wrong item is delivered, the customer should get a refund or replacement without any issue. shows poor customer service. i have all edit - below provided link is google form asking access.","i ordered mamaearth sunscreen, but instead i received a completely different product the derma face serum . this is clearly a mistake from meesho s side. when i contacted customer support for return refund, they refused saying it is not covered under their policy, which is completely unacceptable. if a wrong item is delivered, the customer should get a refund or replacement without any issue. shows poor customer service. i have all edit - below provided link is google form asking access.",1,complaint,0,False,82,2026-04-02 10:59:35+00:00,2026-03-30/2026-04-05,2026-04,27.4
816,0d7d629a-9435-4ac9-b923-7bcbaf8749be,Meesho,google_play,en,en,False,Good quality of products,good quality of products,good quality of products,5,positive,0,False,4,2026-04-02 10:59:30+00:00,2026-03-30/2026-04-05,2026-04,
817,f0540e0b-d4e1-4884-a77c-e2382f2ee98f,Meesho,google_play,en,no,False,Best for shopping 🛒,best for shopping,best for shopping,5,positive,0,False,3,2026-04-02 10:54:18+00:00,2026-03-30/2026-04-05,2026-04,27.4
818,01d42f9b-3918-4ea5-b05f-9f68c5d34fd2,Meesho,google_play,en,da,False,best delivery app,best delivery app,best delivery app,5,positive,0,False,3,2026-04-02 10:53:55+00:00,2026-03-30/2026-04-05,2026-04,27.4
819,0f928ba0-9ee4-4bba-9094-fa2346ff6d05,Meesho,google_play,en,it,False,super service,super service,super service,5,positive,0,False,2,2026-04-02 10:52:30+00:00,2026-03-30/2026-04-05,2026-04,27.4
820,24f389e9-0d9e-40c9-8e3c-c64fef33e95f,Meesho,google_play,en,id,False,bahut acha or sasta app h,bahut acha or sasta app h,bahut acha or sasta app h,5,positive,0,False,6,2026-04-02 10:51:54+00:00,2026-03-30/2026-04-05,2026-04,27.2
821,b0fc1e6b-5a47-42f5-9a5f-ff85986f4aa8,Meesho,google_play,en,en,False,this app all order for dressings and author ordinary,this app all order for dressings and author ordinary,this app all order for dressings and author ordinary,5,positive,0,False,9,2026-04-02 10:41:11+00:00,2026-03-30/2026-04-05,2026-04,27.4
822,f29731d5-63a8-44af-b8ca-79e5a9ed188f,Meesho,google_play,en,en,False,"worst application,and worst customer care","worst application,and worst customer care","worst application,and worst customer care",1,complaint,0,False,5,2026-04-02 10:34:27+00:00,2026-03-30/2026-04-05,2026-04,
823,deacb4c5-1cc6-4b2f-93d8-431762ffda4e,Meesho,google_play,en,en,False,nice app and product,nice app and product,nice app and product,5,positive,0,False,4,2026-04-02 10:33:13+00:00,2026-03-30/2026-04-05,2026-04,27.4
824,ed779444-7d68-415c-9565-c9cb587d0ac6,Meesho,google_play,en,en,True,YE APP AEK BAHUT ACHHA HE,ye app aek bahut achha he,ye app aek bahut achha he,5,positive,0,False,6,2026-04-02 10:19:26+00:00,2026-03-30/2026-04-05,2026-04,27.4
825,87fa03cd-e96b-45b9-a4fe-ce99242ea51d,Meesho,google_play,en,it,False,customer service no available,customer service no available,customer service no available,1,complaint,0,False,4,2026-04-02 10:14:47+00:00,2026-03-30/2026-04-05,2026-04,27.4
826,61510908-660f-49e3-8612-6bc9f38f6908,Meesho,google_play,en,en,False,good face wash,good face wash,good face wash,5,positive,0,False,3,2026-04-02 10:13:50+00:00,2026-03-30/2026-04-05,2026-04,27.3
827,ca531d4a-1504-428f-9620-f53572a9e257,Meesho,google_play,en,nl,False,best meesho delivery ke bare mein bahut achcha hai mere khyal se sabko Vishva use karna chahie Koi Saman laane ke liye chhut bhi achcha milte Hain,best meesho delivery ke bare mein bahut achcha hai mere khyal se sabko vishva use karna chahie koi saman laane ke liye chhut bhi achcha milte hain,best meesho delivery ke bare mein bahut achcha hai mere khyal se sabko vishva use karna chahie koi saman laane ke liye chhut bhi achcha milte hain,5,positive,0,False,27,2026-04-02 10:11:04+00:00,2026-03-30/2026-04-05,2026-04,27.0
828,62fcd543-6ac6-4065-8f8c-948b384e5fb1,Meesho,google_play,en,nl,False,1 nomber chij ha,1 nomber chij ha,1 nomber chij ha,5,positive,0,False,4,2026-04-02 10:10:03+00:00,2026-03-30/2026-04-05,2026-04,
829,73be9011-dab7-4757-86e2-3252fd67581a,Meesho,google_play,en,en,False,"this is very helpful app, for middle class people it's a good app for buy any product in their budget 👍 personly I like too 🤗","this is very helpful app, for middle class people it's a good app for buy any product in their budget personly i like too","this is very helpful app, for middle class people it's a good app for buy any product in their budget personly i like too",5,positive,0,False,24,2026-04-02 10:07:37+00:00,2026-03-30/2026-04-05,2026-04,27.3
830,d12859da-7565-44b4-8428-6293c5623d32,Meesho,google_play,en,tl,False,mast ap hai,mast ap hai,mast ap hai,5,positive,0,False,3,2026-04-02 10:00:28+00:00,2026-03-30/2026-04-05,2026-04,27.4
831,67075c7e-137a-4c69-999d-e155db30e25a,Meesho,google_play,en,id,False,kute ke bhaw har saman chuna laga ke,kute ke bhaw har saman chuna laga ke,kute ke bhaw har saman chuna laga ke,4,positive,0,False,8,2026-04-02 09:56:55+00:00,2026-03-30/2026-04-05,2026-04,
832,7fdb1cf2-00b2-4ec3-8d69-5ded98161abc,Meesho,google_play,en,en,False,I am happy with meesho,i am happy with meesho,i am happy with meesho,5,positive,0,False,5,2026-04-02 09:55:00+00:00,2026-03-30/2026-04-05,2026-04,27.3
833,b37617d6-2b84-4690-9f77-83af155412bb,Meesho,google_play,en,en,False,meesho app khup mast aahe aani product collect khup ch mast aste aaj parynt product kharab nahi aal khup ch bhari,meesho app khup mast aahe aani product collect khup ch mast aste aaj parynt product kharab nahi aal khup ch bhari,meesho app khup mast aahe aani product collect khup ch mast aste aaj parynt product kharab nahi aal khup ch bhari,5,positive,0,False,21,2026-04-02 09:51:53+00:00,2026-03-30/2026-04-05,2026-04,
834,83ac8f08-2862-4df5-949d-65d47d6679d3,Meesho,google_play,en,en,False,when we will order they were shipping very long day and also reaching is too late,when we will order they were shipping very long day and also reaching is too late,when we will order they were shipping very long day and also reaching is too late,1,complaint,0,False,16,2026-04-02 09:49:25+00:00,2026-03-30/2026-04-05,2026-04,27.4
835,6755db70-98ce-4dab-a42f-eafe81cb6910,Meesho,google_play,en,en,True,"best app... you can find items for more cheaper than any online shopping platform also some products may look like that they they are not up to the Mark, but the products which have more ratings given by people, can be considered as a genuine and good product... very satisfy by the product","best app... you can find items for more cheaper than any online shopping platform also some products may look like that they they are not up to the mark, but the products which have more ratings given by people, can be considered as a genuine and good product... very satisfy by the product","best app... you can find items for more cheaper than any online shopping platform also some products may look like that they they are not up to the mark, but the products which have more ratings given by people, can be considered as a genuine and good product... very satisfy by the product",5,positive,1,False,53,2026-04-02 09:38:35+00:00,2026-03-30/2026-04-05,2026-04,
836,da5c1cff-4f69-4a4f-b388-90c7f32d874e,Meesho,google_play,en,hr,False,Good products provide karata hai,good products provide karata hai,good products provide karata hai,5,positive,0,False,5,2026-04-02 09:37:00+00:00,2026-03-30/2026-04-05,2026-04,27.4
837,3916c2be-e90e-4886-91e0-9c9ebdc9e196,Meesho,google_play,en,en,False,discounted price.... good,discounted price.. good,discounted price.. good,5,positive,0,False,3,2026-04-02 09:33:44+00:00,2026-03-30/2026-04-05,2026-04,27.4
838,7abd6b1e-2b8a-403a-9481-d657e3d11064,Meesho,google_play,en,nl,False,my feeling is good app meesho,my feeling is good app meesho,my feeling is good app meesho,5,positive,0,False,6,2026-04-02 09:33:36+00:00,2026-03-30/2026-04-05,2026-04,26.9
839,a39ca2f6-da12-486a-95f3-5b930e657f18,Meesho,google_play,en,en,False,nice app and nice. product,nice app and nice. product,nice app and nice. product,5,positive,0,False,5,2026-04-02 09:30:25+00:00,2026-03-30/2026-04-05,2026-04,27.3
840,490ea199-aff8-4e4f-bfda-f6176afc44ec,Meesho,google_play,en,en,False,very nice delivery time,very nice delivery time,very nice delivery time,5,positive,0,False,4,2026-04-02 09:29:57+00:00,2026-03-30/2026-04-05,2026-04,27.4
841,6ce76fa5-779f-42ec-a110-4049dfa29549,Meesho,google_play,en,en,False,Poor Service same as your delivery partner. remove call back option and tracking option from my ID.,poor service same as your delivery partner. remove call back option and tracking option from my id.,poor service same as your delivery partner. remove call back option and tracking option from my id.,1,complaint,0,False,17,2026-04-02 09:25:10+00:00,2026-03-30/2026-04-05,2026-04,27.3
844,586a2187-f0f0-4bfb-8ec5-e47256f85fb4,Meesho,google_play,en,en,False,Thank you for This app,thank you for this app,thank you for this app,5,positive,0,False,5,2026-04-02 09:18:23+00:00,2026-03-30/2026-04-05,2026-04,27.4
845,988e1703-a666-4138-ae61-8de03e983a79,Meesho,google_play,en,en,False,BAD DELHIVERY SERVICES EVER I JAVE SEEN WROST SERVICE AND NOT DELHIVER ANY MY PRODUCT TOO BAD,bad delhivery services ever i jave seen wrost service and not delhiver any my product too bad,bad delhivery services ever i jave seen wrost service and not delhiver any my product too bad,1,complaint,0,False,17,2026-04-02 09:17:39+00:00,2026-03-30/2026-04-05,2026-04,27.4
846,2f31a565-8a62-408d-8832-7710a9c7bddc,Meesho,google_play,en,en,False,product is good,product is good,product is good,4,positive,1,False,3,2026-04-02 09:06:48+00:00,2026-03-30/2026-04-05,2026-04,27.4
847,f78ff96b-6462-400e-8c1e-2f24b98fc4f0,Meesho,google_play,en,en,False,mesoo is better than flipcard and amzon,mesoo is better than flipcard and amzon,mesoo is better than flipcard and amzon,5,positive,0,False,7,2026-04-02 09:06:31+00:00,2026-03-30/2026-04-05,2026-04,27.2
848,1e00da7c-3049-422b-97b2-bacc18bf1f87,Meesho,google_play,en,en,True,yogic shsgjsvdhdysns. hen night 😪 to you and ur friends and ur family in the evening ✨ to the family in a day with the evening of my dear friend Eid is a day of my life is a good 😊 to you and ur friends 💕 you ra and ur friends 💕 and happy birthday to u and happy 😁 and ur friends with lots and ur family and ur friends with family of life thamudu and ur friends with lots to stay in the life thamudu and,yogic shsgjsvdhdysns. hen night to you and ur friends and ur family in the evening to the family in a day with the evening of my dear friend eid is a day of my life is a good to you and ur friends you ra and ur friends and happy birthday to u and happy and ur friends with lots and ur family and ur friends with family of life thamudu and ur friends with lots to stay in the life thamudu and,yogic shsgjsvdhdysns. hen night to you and ur friends and ur family in the evening to the family in a day with the evening of my dear friend eid is a day of my life is a good to you and ur friends you ra and ur friends and happy birthday to u and happy and ur friends with lots and ur family and ur friends with family of life thamudu and ur friends with lots to stay in the life thamudu and,5,positive,0,False,83,2026-04-02 09:05:42+00:00,2026-03-30/2026-04-05,2026-04,27.0
849,81830328-c201-419a-b1b0-4043785c179d,Meesho,google_play,en,en,False,first I got bad experience with meesho but now the excitement i can't say. brilliant collections and outstanding service in delivery and return policy thanks Meesho,first i got bad experience with meesho but now the excitement i can't say. brilliant collections and outstanding service in delivery and return policy thanks meesho,first i got bad experience with meesho but now the excitement i can't say. brilliant collections and outstanding service in delivery and return policy thanks meesho,5,positive,0,False,26,2026-04-02 09:05:33+00:00,2026-03-30/2026-04-05,2026-04,27.4
850,91ce0f88-ec0b-4e0f-8d90-736d9a362807,Meesho,google_play,en,en,False,meesho was I liked app because this neesho was very low price and high Caulity products thank you meesho🙏👌❤,meesho was i liked app because this neesho was very low price and high caulity products thank you meesho,meesho was i liked app because this neesho was very low price and high caulity products thank you meesho,5,positive,0,False,19,2026-04-02 09:04:34+00:00,2026-03-30/2026-04-05,2026-04,27.4
851,72d66e87-d33e-4f51-8b7a-27fe9b8021d6,Meesho,google_play,en,da,False,better experience,better experience,better experience,5,positive,0,False,2,2026-04-02 08:58:55+00:00,2026-03-30/2026-04-05,2026-04,27.4
853,f72c608b-96ac-4b44-88b4-ad54416dfcc4,Meesho,google_play,en,en,False,congratulations👏,congratulations,congratulations,5,positive,0,False,1,2026-04-02 08:47:30+00:00,2026-03-30/2026-04-05,2026-04,27.1
854,6449eb40-fbdc-48b6-9fc5-44f6f9ebdf82,Meesho,google_play,en,en,False,yes meesho good for low price shopping,yes meesho good for low price shopping,yes meesho good for low price shopping,5,positive,0,False,7,2026-04-02 08:46:07+00:00,2026-03-30/2026-04-05,2026-04,27.4
856,a5944427-44d0-4b5c-a0f0-80f113c1d223,Meesho,google_play,en,id,False,bahut achcha,bahut achcha,bahut achcha,5,positive,0,False,2,2026-04-02 08:41:16+00:00,2026-03-30/2026-04-05,2026-04,27.3
857,6ee4d9ef-2d36-4336-9a6d-f78ccaddf06f,Meesho,google_play,en,en,False,meesho app best and use,meesho app best and use,meesho app best and use,5,positive,0,False,5,2026-04-02 08:38:02+00:00,2026-03-30/2026-04-05,2026-04,
858,9765769a-c5b4-41a9-81b8-88d6f1dcc5ad,Meesho,google_play,en,id,False,yah bahut kharab app hai isase kabhi bhi shopping nahin karni chahie yah logon Ko bevkuf banate hain aur unka order unka nahin pahunchate hain,yah bahut kharab app hai isase kabhi bhi shopping nahin karni chahie yah logon ko bevkuf banate hain aur unka order unka nahin pahunchate hain,yah bahut kharab app hai isase kabhi bhi shopping nahin karni chahie yah logon ko bevkuf banate hain aur unka order unka nahin pahunchate hain,1,complaint,1,False,25,2026-04-02 08:36:33+00:00,2026-03-30/2026-04-05,2026-04,26.9
859,cdfa29b4-5721-4330-adac-a32c1b31f1c8,Meesho,google_play,en,sq,False,bekar hai chor hai...return request ko initiate me rakh ke product return le gye ab paise vapas karne ke time bol rhe ham apki koi sahyta nhi kr sakte..kuch mt lo inse,bekar hai chor hai...return request ko initiate me rakh ke product return le gye ab paise vapas karne ke time bol rhe ham apki koi sahyta nhi kr sakte..kuch mt lo inse,bekar hai chor hai...return request ko initiate me rakh ke product return le gye ab paise vapas karne ke time bol rhe ham apki koi sahyta nhi kr sakte..kuch mt lo inse,1,complaint,0,False,32,2026-04-02 08:28:07+00:00,2026-03-30/2026-04-05,2026-04,27.4
860,af3871b3-9a9c-4aee-af91-d09af207a3b3,Meesho,google_play,en,en,True,not able to repay the amount ..worst service I ever seen literally calling customer care 1000 times but no body responds,not able to repay the amount ..worst service i ever seen literally calling customer care 1000 times but no body responds,not able to repay the amount ..worst service i ever seen literally calling customer care 1000 times but no body responds,1,complaint,0,False,21,2026-04-02 08:17:47+00:00,2026-03-30/2026-04-05,2026-04,27.4
861,dc26a741-1bae-4e40-bb8b-7d47b969c503,Meesho,google_play,en,en,False,easy to use . also giving affordable price product adorable,easy to use . also giving affordable price product adorable,easy to use . also giving affordable price product adorable,5,positive,0,False,10,2026-04-02 08:03:35+00:00,2026-03-30/2026-04-05,2026-04,27.4
862,0f835a65-8f3c-4a81-880b-1ed9f7801b1c,Meesho,google_play,en,en,False,Really Amazing.,really amazing.,really amazing.,5,positive,0,False,2,2026-04-02 08:00:20+00:00,2026-03-30/2026-04-05,2026-04,27.4
863,f16ac032-8cd4-4d81-9208-45b9b8a327a5,Meesho,google_play,en,en,False,this very bad experience l am order a product and automatic cancel delivery partner is very bad don't use this aap l speak other person don't use this aap,this very bad experience l am order a product and automatic cancel delivery partner is very bad don't use this aap l speak other person don't use this aap,this very bad experience l am order a product and automatic cancel delivery partner is very bad don't use this aap l speak other person don't use this aap,1,complaint,0,False,29,2026-04-02 07:59:06+00:00,2026-03-30/2026-04-05,2026-04,27.3
864,e9d5e158-23a7-4f27-b6b1-68276df26acb,Meesho,google_play,en,en,False,"distribution, quality, purchase, all perfect all in all items","distribution, quality, purchase, all perfect all in all items","distribution, quality, purchase, all perfect all in all items",5,positive,1,False,9,2026-04-02 07:56:28+00:00,2026-03-30/2026-04-05,2026-04,27.4
865,985c98e5-ef1c-4be7-b4f4-36af351d9fef,Meesho,google_play,en,en,False,hello meesho iwant 1 help iam searching for 40 inches extension hair .weight 500grams.3 layers,hello meesho iwant 1 help iam searching for 40 inches extension hair .weight 500grams.3 layers,hello meesho iwant 1 help iam searching for 40 inches extension hair .weight 500grams.3 layers,5,positive,0,False,15,2026-04-02 07:50:31+00:00,2026-03-30/2026-04-05,2026-04,27.3
866,a7f6c6af-2837-4b19-9b27-9d3d9bff1a99,Meesho,google_play,en,en,False,very nice good aitam,very nice good aitam,very nice good aitam,5,positive,0,False,4,2026-04-02 07:46:19+00:00,2026-03-30/2026-04-05,2026-04,27.1
867,9a430443-8128-4940-920f-70d6b4195651,Meesho,google_play,en,nl,False,veri nice meeso ❤️,veri nice meeso,veri nice meeso,5,positive,0,False,3,2026-04-02 07:40:05+00:00,2026-03-30/2026-04-05,2026-04,27.4
868,c3e0e267-7221-4f58-b910-69269e2b179b,Meesho,google_play,en,en,False,fake app because meesho is not working properly,fake app because meesho is not working properly,fake app because meesho is not working properly,1,complaint,0,False,8,2026-04-02 07:33:36+00:00,2026-03-30/2026-04-05,2026-04,27.0
869,6d06ee41-d28c-4213-9f01-9af31d05edf8,Meesho,google_play,en,en,False,wow nice helpfull app,wow nice helpfull app,wow nice helpfull app,5,positive,0,False,4,2026-04-02 07:21:22+00:00,2026-03-30/2026-04-05,2026-04,27.4
872,004cd7bf-383b-4e96-bbe0-1591a1b6d9d8,Meesho,google_play,en,en,False,fraud & scam company chutia company land company vharwa company.,fraud scam company chutia company land company vharwa company.,fraud scam company chutia company land company vharwa company.,1,complaint,0,False,9,2026-04-02 07:02:09+00:00,2026-03-30/2026-04-05,2026-04,27.3
873,0b872b7e-465c-4f39-b1f5-79778efc9fd4,Meesho,google_play,en,en,False,this is useful,this is useful,this is useful,5,positive,0,False,3,2026-04-02 06:56:17+00:00,2026-03-30/2026-04-05,2026-04,15.2
874,c7f6e7b6-8d20-47a8-902a-83b4fe99180e,Meesho,google_play,hi,hi,False,बहुत अच्छा he,बहुत अच्छा he,बहुत अच्छा he,5,positive,0,False,3,2026-04-02 21:15:13+00:00,2026-03-30/2026-04-05,2026-04,27.1
875,29f6114d-19a7-4d18-aeb8-ec968cbf26c8,Meesho,google_play,hi,en,False,india no. 1 best app for free delivery👍,india no. 1 best app for free delivery,india no. 1 best app for free delivery,5,positive,0,False,8,2026-04-02 21:08:10+00:00,2026-03-30/2026-04-05,2026-04,27.4
876,0e855fdd-824d-42e1-b103-c562b5c40917,Meesho,google_play,hi,hi,False,तढचयगतीयगतगयी बरठक्षिक्षखरारगर गलगश्रखश्रखश्रगश्रखृ,तढचयगतीयगतगयी बरठक्षिक्षखरारगर गलगश्रखश्रखश्रगश्रखृ,तढचयगतीयगतगयी बरठक्षिक्षखरारगर गलगश्रखश्रखश्रगश्रखृ,4,positive,0,False,3,2026-04-02 20:01:10+00:00,2026-03-30/2026-04-05,2026-04,27.3
877,97b6e0c6-4aae-4772-a8ae-76008babb529,Meesho,google_play,hi,hi,False,"Meesho टीम ध्यान दें। डिलीवरी बॉय दिए गए एड्रेस पर नहीं आते। अपनी मर्जी से कहीं और बुलाते हैं और बार-बार कॉल करके परेशान करते हैं। मुझे अपने पहले ऑर्डर के लिए मेरे बताए गये एड्रेस से 2 किमी दूर जाना पड़ा। जब मैंने शिकायत की तो डिलीवरी बॉय ने रूखे अंदाज में कहा - “लेना है तो ले लो, वरना वापस ले जाऊंगा।” बहुत खराब अनुभव। कृपया डिलीवरी बॉय को ट्रेनिंग दें। अगर सुधार नहीं हुआ तो ऐप छोड़ दूंगा।","meesho टीम ध्यान दें। डिलीवरी बॉय दिए गए एड्रेस पर नहीं आते। अपनी मर्जी से कहीं और बुलाते हैं और बार-बार कॉल करके परेशान करते हैं। मुझे अपने पहले ऑर्डर के लिए मेरे बताए गये एड्रेस से 2 किमी दूर जाना पड़ा। जब मैंने शिकायत की तो डिलीवरी बॉय ने रूखे अंदाज में कहा - लेना है तो ले लो, वरना वापस ले जाऊंगा। बहुत खराब अनुभव। कृपया डिलीवरी बॉय को ट्रेनिंग दें। अगर सुधार नहीं हुआ तो ऐप छोड़ दूंगा।","meesho टीम ध्यान दें। डिलीवरी बॉय दिए गए एड्रेस पर नहीं आते। अपनी मर्जी से कहीं और बुलाते हैं और बार-बार कॉल करके परेशान करते हैं। मुझे अपने पहले ऑर्डर के लिए मेरे बताए गये एड्रेस से 2 किमी दूर जाना पड़ा। जब मैंने शिकायत की तो डिलीवरी बॉय ने रूखे अंदाज में कहा - लेना है तो ले लो, वरना वापस ले जाऊंगा। बहुत खराब अनुभव। कृपया डिलीवरी बॉय को ट्रेनिंग दें। अगर सुधार नहीं हुआ तो ऐप छोड़ दूंगा।",2,complaint,3,False,81,2026-04-02 18:47:39+00:00,2026-03-30/2026-04-05,2026-04,27.3
878,df64fa3d-506a-4199-8812-be5c1f591287,Meesho,google_play,hi,so,False,meesho aap chalu kar do sir🙏🙏🙏🙏,meesho aap chalu kar do sir,meesho aap chalu kar do sir,5,positive,0,False,6,2026-04-02 14:56:50+00:00,2026-03-30/2026-04-05,2026-04,27.4
879,4797a7c6-b2c5-4f2a-9c0c-adb0c4edbdd3,Meesho,google_play,hi,en,False,This this is very n app it is actually working,this this is very n app it is actually working,this this is very n app it is actually working,5,positive,0,False,10,2026-04-02 14:46:31+00:00,2026-03-30/2026-04-05,2026-04,
880,4d2fcaf8-f524-43de-8f43-5e31ee2e4dd8,Meesho,google_play,hi,hi,False,आछ है थिकु,आछ है थिकु,आछ है थिकु,5,positive,0,False,3,2026-04-02 14:19:38+00:00,2026-03-30/2026-04-05,2026-04,27.4
881,69a20457-9298-4740-9753-dff0001219ad,Meesho,google_play,hi,en,False,very well app,very well app,very well app,5,positive,0,False,3,2026-04-02 13:28:25+00:00,2026-03-30/2026-04-05,2026-04,
882,b6c6b31d-dddd-46a2-ab30-0f6a980f8320,Meesho,google_play,hi,et,False,avneesh gautam,avneesh gautam,avneesh gautam,3,mixed,0,False,2,2026-04-02 11:30:22+00:00,2026-03-30/2026-04-05,2026-04,27.4
883,5b0d8bb4-557c-452c-980b-32195ecddde4,Meesho,google_play,hi,id,False,ak number kaa ghatiya app hai delivery bhi nahin dene aate,ak number kaa ghatiya app hai delivery bhi nahin dene aate,ak number kaa ghatiya app hai delivery bhi nahin dene aate,1,complaint,0,False,11,2026-04-02 10:19:50+00:00,2026-03-30/2026-04-05,2026-04,26.7
884,5c9379e9-d4cb-4c31-aae9-8984c9cb09cc,Meesho,google_play,hi,en,False,a one app download dise app with your choice,a one app download dise app with your choice,a one app download dise app with your choice,5,positive,0,False,9,2026-04-02 07:38:17+00:00,2026-03-30/2026-04-05,2026-04,27.2
885,99bc80b9-f125-45ab-8eda-ecfd620cb3e7,Meesho,google_play,hi,ne,False,करडा रोड बागमाली,करडा रोड बागमाली,करडा रोड बागमाली,5,positive,0,False,3,2026-04-02 07:30:47+00:00,2026-03-30/2026-04-05,2026-04,27.4
886,66d0d6dc-9228-4bb4-a0f2-bb14bce845a7,Meesho,google_play,hi,en,False,Best wishes app,best wishes app,best wishes app,5,positive,0,False,3,2026-04-02 03:45:16+00:00,2026-03-30/2026-04-05,2026-04,27.4
887,0099ae68-065e-4471-ad19-5844c607c179,Meesho,google_play,hi,hi,False,बहुत खराब स्कैम,बहुत खराब स्कैम,बहुत खराब स्कैम,1,complaint,0,False,3,2026-04-01 21:11:35+00:00,2026-03-30/2026-04-05,2026-04,
888,536f6ed6-bf11-43d6-abcc-a052e50f60d8,Meesho,google_play,hi,en,False,thanks for order,thanks for order,thanks for order,5,positive,0,False,3,2026-04-01 20:33:49+00:00,2026-03-30/2026-04-05,2026-04,27.4
889,0e468a24-c802-4af8-b9c5-75dc3a0aaf0d,Meesho,google_play,hi,sq,False,Shiva singh,shiva singh,shiva singh,5,positive,0,False,2,2026-04-01 19:56:51+00:00,2026-03-30/2026-04-05,2026-04,27.3
890,7e3e46cf-df62-4031-9f04-3a29c7349b1b,Meesho,google_play,hi,en,False,best app for Discussion 😁,best app for discussion,best app for discussion,5,positive,0,False,4,2026-04-01 18:23:11+00:00,2026-03-30/2026-04-05,2026-04,
891,fca72826-9930-4a3d-a8cb-6461948ae465,Meesho,google_play,hi,hi,False,ऑनलाइन खरीदारी के लिए विश्वसनीय एवं बेहतरीन प्लेटफार्म,ऑनलाइन खरीदारी के लिए विश्वसनीय एवं बेहतरीन प्लेटफार्म,ऑनलाइन खरीदारी के लिए विश्वसनीय एवं बेहतरीन प्लेटफार्म,5,positive,0,False,8,2026-04-01 17:32:29+00:00,2026-03-30/2026-04-05,2026-04,27.3
892,d685c17d-4771-4cd5-81f4-bbceeba3ad0d,Meesho,google_play,hi,id,False,baker app pagal banata hai ye download mat karna mara,baker app pagal banata hai ye download mat karna mara,baker app pagal banata hai ye download mat karna mara,1,complaint,0,False,10,2026-04-01 17:24:10+00:00,2026-03-30/2026-04-05,2026-04,27.3
893,62a6f103-e634-49f0-8370-1ae778b3ba44,Meesho,google_play,hi,en,True,meesho per achcha saman milta hai kuchh bhi order karo powder achcha,meesho per achcha saman milta hai kuchh bhi order karo powder achcha,meesho per achcha saman milta hai kuchh bhi order karo powder achcha,5,positive,0,False,12,2026-04-01 16:48:46+00:00,2026-03-30/2026-04-05,2026-04,
894,0ee83127-b13f-45ec-ab14-792e321daf8f,Meesho,google_play,hi,id,False,mere account me price jyada ho rha hai kam karo,mere account me price jyada ho rha hai kam karo,mere account me price jyada ho rha hai kam karo,5,positive,0,False,10,2026-04-01 14:48:36+00:00,2026-03-30/2026-04-05,2026-04,27.3
895,5bf4b7ef-8fc8-48ea-bf86-affa1236ef3c,Meesho,google_play,hi,hi,False,राम राम सा बहुत छोटों,राम राम सा बहुत छोटों,राम राम सा बहुत छोटों,5,positive,0,False,5,2026-04-01 14:33:33+00:00,2026-03-30/2026-04-05,2026-04,
896,1f9391cb-ad27-4ef4-8326-d6dd9bbe417e,Meesho,google_play,hi,en,True,bahut acha very nice👍,bahut acha very nice,bahut acha very nice,5,positive,0,False,4,2026-04-01 13:02:27+00:00,2026-03-30/2026-04-05,2026-04,27.4
897,ea28b701-b6e0-40fc-a366-9fae252123d3,Meesho,google_play,hi,id,False,ye aap bahut accha hai,ye aap bahut accha hai,ye aap bahut accha hai,5,positive,0,False,5,2026-04-01 13:01:19+00:00,2026-03-30/2026-04-05,2026-04,27.3
898,d849c2a6-0c72-43a2-8c4f-9d78830e3f45,Meesho,google_play,hi,fi,False,äT se My ni,ät se my ni,ät se my ni,4,positive,0,False,4,2026-04-01 12:35:20+00:00,2026-03-30/2026-04-05,2026-04,
899,c82038b8-3c20-4cac-87c5-78301c9932d9,Meesho,google_play,hi,en,True,mesho app ak froud app hai maine apne dosto ko reffer kiya per mujhe mere refer ke paise nahi mile maine customer care me bahut jyada call kiye chat kiye per agent ne mujhe her bar 2 din ke liye kaha per meree problem solve nahi hui,mesho app ak froud app hai maine apne dosto ko reffer kiya per mujhe mere refer ke paise nahi mile maine customer care me bahut jyada call kiye chat kiye per agent ne mujhe her bar 2 din ke liye kaha per meree problem solve nahi hui,mesho app ak froud app hai maine apne dosto ko reffer kiya per mujhe mere refer ke paise nahi mile maine customer care me bahut jyada call kiye chat kiye per agent ne mujhe her bar 2 din ke liye kaha per meree problem solve nahi hui,1,complaint,0,False,47,2026-04-01 12:21:19+00:00,2026-03-30/2026-04-05,2026-04,27.0
900,cad64a0c-1d47-4da2-bc1d-e37f8520fcd2,Meesho,google_play,hi,hi,False,भरोसेमंद aap,भरोसेमंद aap,भरोसेमंद aap,5,positive,0,False,2,2026-04-01 12:16:08+00:00,2026-03-30/2026-04-05,2026-04,27.2
901,964cf603-466f-47f2-a0db-160d0ae22a31,Meesho,google_play,hi,hi,False,भरोसेमंद app,भरोसेमंद app,भरोसेमंद app,5,positive,0,False,2,2026-04-01 12:12:26+00:00,2026-03-30/2026-04-05,2026-04,27.4
902,6eeca236-1007-4cdd-9b3d-f95a9c61491e,Meesho,google_play,hi,id,False,yah bahut acha hai,yah bahut acha hai,yah bahut acha hai,5,positive,0,False,4,2026-04-01 11:42:39+00:00,2026-03-30/2026-04-05,2026-04,27.3
903,8f012266-5e54-4188-adf5-b9b72ee774ca,Meesho,google_play,hi,en,True,Lakshman saini boy UP20 wala Kmahwkas hai na to be in a few minutes and refresh your memory and the same time I was in a call from a very nice day and time of the same time as I can get a good idea for a few more things to be the best for the same to u dear Manoj Sharma and Sunil Singh and Joseph a banks of river is a good time in,lakshman saini boy up20 wala kmahwkas hai na to be in a few minutes and refresh your memory and the same time i was in a call from a very nice day and time of the same time as i can get a good idea for a few more things to be the best for the same to u dear manoj sharma and sunil singh and joseph a banks of river is a good time in,lakshman saini boy up20 wala kmahwkas hai na to be in a few minutes and refresh your memory and the same time i was in a call from a very nice day and time of the same time as i can get a good idea for a few more things to be the best for the same to u dear manoj sharma and sunil singh and joseph a banks of river is a good time in,5,positive,0,False,76,2026-04-01 11:24:21+00:00,2026-03-30/2026-04-05,2026-04,
904,b12bf757-c09a-4c32-88d2-0de8344ed749,Meesho,google_play,hi,hi,False,कैसे डीलिवर,कैसे डीलिवर,कैसे डीलिवर,5,positive,0,False,2,2026-04-01 10:59:11+00:00,2026-03-30/2026-04-05,2026-04,27.4
905,cbaa97a8-c352-4864-be4a-575e94187dd1,Meesho,google_play,hi,en,False,f you too dear,f you too dear,f you too dear,5,positive,0,False,4,2026-04-01 08:38:14+00:00,2026-03-30/2026-04-05,2026-04,27.3
906,c0ad0597-0129-42a9-b03f-1f970b92f4c6,Meesho,google_play,hi,en,False,hamari location pr Meesho ke order nhi aa rhe h. please hmari location ko Unlock kre.. hme Meesho ke products kharidne h.. please hmari request accept kre. thank you.,hamari location pr meesho ke order nhi aa rhe h. please hmari location ko unlock kre.. hme meesho ke products kharidne h.. please hmari request accept kre. thank you.,hamari location pr meesho ke order nhi aa rhe h. please hmari location ko unlock kre.. hme meesho ke products kharidne h.. please hmari request accept kre. thank you.,1,complaint,4,False,29,2026-04-01 07:46:29+00:00,2026-03-30/2026-04-05,2026-04,27.1
907,1fc6f495-a7a4-486b-8455-1c0d1107c38e,Meesho,google_play,hi,so,False,good sarbis,good sarbis,good sarbis,5,positive,0,False,2,2026-04-01 06:42:34+00:00,2026-03-30/2026-04-05,2026-04,27.0
908,45e97837-e7ee-4abb-8c7c-a3b2a07feaaf,Meesho,google_play,hi,sw,False,sab kam achcha hai,sab kam achcha hai,sab kam achcha hai,5,positive,0,False,4,2026-03-31 22:04:15+00:00,2026-03-30/2026-04-05,2026-03,27.3
909,346cd7e6-312e-4130-a500-42eb6064ddce,Meesho,google_play,hi,so,False,qyu nahi ho raha hai delivery,qyu nahi ho raha hai delivery,qyu nahi ho raha hai delivery,5,positive,0,False,6,2026-03-31 21:53:39+00:00,2026-03-30/2026-04-05,2026-03,27.4
910,f10472ae-4efd-4ed3-a385-8a1019753740,Meesho,google_play,hi,hi,False,गुड प्रोडक्ट्स यूज किया है,गुड प्रोडक्ट्स यूज किया है,गुड प्रोडक्ट्स यूज किया है,5,positive,0,False,5,2026-03-31 21:22:37+00:00,2026-03-30/2026-04-05,2026-03,27.3
911,d3a86627-d27b-4b07-b586-858c1a8585ea,Meesho,google_play,hi,id,False,es aap pe kash on delivery chalu nhi h koi dauload nhi kare gatiya aap h ye,es aap pe kash on delivery chalu nhi h koi dauload nhi kare gatiya aap h ye,es aap pe kash on delivery chalu nhi h koi dauload nhi kare gatiya aap h ye,1,complaint,27,True,17,2026-03-31 20:56:37+00:00,2026-03-30/2026-04-05,2026-03,27.3
912,783de6f9-e293-4eb4-8cb3-eca72a690eda,Meesho,google_play,hi,so,False,Bahut badha hai,bahut badha hai,bahut badha hai,3,mixed,0,False,3,2026-03-31 20:35:33+00:00,2026-03-30/2026-04-05,2026-03,27.3
913,8e5a7460-07c2-4006-8e09-4642a549362e,Meesho,google_play,hi,en,False,best application,best application,best application,5,positive,0,False,2,2026-03-31 20:20:13+00:00,2026-03-30/2026-04-05,2026-03,27.3
914,50acee3e-184a-4680-93cd-4cf04d526018,Meesho,google_play,hi,so,False,md majid MD MAJID 112,md majid md majid 112,md majid md majid 112,4,positive,0,False,5,2026-03-31 19:55:31+00:00,2026-03-30/2026-04-05,2026-03,27.3
915,8b1314f9-c1a2-43d9-b888-d7816a9d1922,Meesho,google_play,hi,id,False,bahut hi achara,bahut hi achara,bahut hi achara,5,positive,0,False,3,2026-03-31 19:49:29+00:00,2026-03-30/2026-04-05,2026-03,
916,a76cb8d2-4f1d-4888-855d-321d234ce8d5,Meesho,google_play,hi,en,True,meesho achha app hai,meesho achha app hai,meesho achha app hai,5,positive,0,False,4,2026-03-31 19:09:41+00:00,2026-03-30/2026-04-05,2026-03,27.3
917,ac203d0e-345d-45e5-9840-4f4ec5ab53bf,Meesho,google_play,hi,bn,False,6 5bn শয়মঘযণ। ও,6 5bn শয মঘযণ। ও,6 5bn শয মঘযণ। ও,3,mixed,0,False,5,2026-03-31 18:45:43+00:00,2026-03-30/2026-04-05,2026-03,
919,ab6e5bc9-5c10-41eb-8b43-de112d6c42b5,Meesho,google_play,hi,id,False,bahut acha,bahut acha,bahut acha,5,positive,0,False,2,2026-03-31 18:22:29+00:00,2026-03-30/2026-04-05,2026-03,
920,3857e95a-964f-48d1-a335-9baf0e5e0674,Meesho,google_play,hi,cy,False,achcha hai,achcha hai,achcha hai,2,complaint,0,False,2,2026-03-31 18:11:21+00:00,2026-03-30/2026-04-05,2026-03,27.3
921,b74447ed-c21e-4557-96e2-736dfcac398a,Meesho,google_play,hi,hi,False,मीसो कंपनी से मेरा एक छोटा सा अनुरोध है कैश ऑन डिलीवरी फिर से चालू करें सभी पर आपका बहुत बहुत धन्यवाद रहेगा,मीसो कंपनी से मेरा एक छोटा सा अनुरोध है कैश ऑन डिलीवरी फिर से चालू करें सभी पर आपका बहुत बहुत धन्यवाद रहेगा,मीसो कंपनी से मेरा एक छोटा सा अनुरोध है कैश ऑन डिलीवरी फिर से चालू करें सभी पर आपका बहुत बहुत धन्यवाद रहेगा,5,positive,0,False,23,2026-03-31 14:48:47+00:00,2026-03-30/2026-04-05,2026-03,27.3
922,ce9d9299-55cc-42f9-b03e-a386d8ec1a4f,Meesho,google_play,hi,hi,False,ऐप्स अच्छा है लेकिन डिलीवरी बोए बगैर सामान कस्टूमर को दिये वापस भेज देते हैं,ऐप्स अच्छा है लेकिन डिलीवरी बोए बगैर सामान कस्टूमर को दिये वापस भेज देते हैं,ऐप्स अच्छा है लेकिन डिलीवरी बोए बगैर सामान कस्टूमर को दिये वापस भेज देते हैं,4,positive,0,False,15,2026-03-31 14:47:14+00:00,2026-03-30/2026-04-05,2026-03,27.3
923,d9bf28b0-536e-41d3-a6d8-90b7a7b6fe50,Meesho,google_play,hi,ro,False,platinum Marco,platinum marco,platinum marco,5,positive,0,False,2,2026-03-31 13:09:14+00:00,2026-03-30/2026-04-05,2026-03,27.4
924,37964046-6340-4b37-880f-a906f0181a35,Meesho,google_play,hi,no,False,Mene perfume order kiya uski packing mere ko buhot achhi lagi,mene perfume order kiya uski packing mere ko buhot achhi lagi,mene perfume order kiya uski packing mere ko buhot achhi lagi,4,positive,0,False,11,2026-03-31 13:04:12+00:00,2026-03-30/2026-04-05,2026-03,
925,3232f31a-4269-43e8-8ab6-8dacfd23e2e0,Meesho,google_play,hi,id,False,bhut sundar aap h,bhut sundar aap h,bhut sundar aap h,5,positive,0,False,4,2026-03-31 13:04:07+00:00,2026-03-30/2026-04-05,2026-03,26.9
926,edd299e5-2c88-45e1-985e-9f2551fbc69f,Meesho,google_play,hi,hi,False,बाहूत अछा ऐप है,बाहूत अछा ऐप है,बाहूत अछा ऐप है,5,positive,0,False,4,2026-03-31 12:51:18+00:00,2026-03-30/2026-04-05,2026-03,27.4
927,c264b238-2041-4a8a-b332-35f176730fcf,Meesho,google_play,hi,it,False,aajkal sidho zindgi sinful l dhek dumbo sinful zindgi stuck stuck ayindho singl singl singl chuck suncho shivpal stiletto zindagi hydrochloride dmn volvo suncho xl zindgi zukham zoom engil chiffon also closeup condo enkosari elastic dp pheri shone shovel sourov donald ekbaro ayindi strongest songs ep dp fp ri rp dp dp still so co gp go ti do dp dp dp dp dp dp di st ekkado zoom zindgi dibyi dicho doongi dindi susi suno p drink dino sgp suvo dok ethical rev reduce yong stuck crunchy funds truce ev,aajkal sidho zindgi sinful l dhek dumbo sinful zindgi stuck stuck ayindho singl singl singl chuck suncho shivpal stiletto zindagi hydrochloride dmn volvo suncho xl zindgi zukham zoom engil chiffon also closeup condo enkosari elastic dp pheri shone shovel sourov donald ekbaro ayindi strongest songs ep dp fp ri rp dp dp still so co gp go ti do dp dp dp dp dp dp di st ekkado zoom zindgi dibyi dicho doongi dindi susi suno p drink dino sgp suvo dok ethical rev reduce yong stuck crunchy funds truce ev,aajkal sidho zindgi sinful l dhek dumbo sinful zindgi stuck stuck ayindho singl singl singl chuck suncho shivpal stiletto zindagi hydrochloride dmn volvo suncho xl zindgi zukham zoom engil chiffon also closeup condo enkosari elastic dp pheri shone shovel sourov donald ekbaro ayindi strongest songs ep dp fp ri rp dp dp still so co gp go ti do dp dp dp dp dp dp di st ekkado zoom zindgi dibyi dicho doongi dindi susi suno p drink dino sgp suvo dok ethical rev reduce yong stuck crunchy funds truce ev,1,complaint,0,False,91,2026-03-31 12:14:04+00:00,2026-03-30/2026-04-05,2026-03,27.3
928,5bc847a1-b647-4cbb-a9f8-55da61002759,Meesho,google_play,hi,tl,False,ye app bahut bekar he isme ham 3 lighter oder kiye the to 1 hi aya paisa 3 ka le liya,ye app bahut bekar he isme ham 3 lighter oder kiye the to 1 hi aya paisa 3 ka le liya,ye app bahut bekar he isme ham 3 lighter oder kiye the to 1 hi aya paisa 3 ka le liya,1,complaint,0,False,21,2026-03-31 12:06:27+00:00,2026-03-30/2026-04-05,2026-03,25.5
929,1775be18-56d2-497c-928e-879f1cbce0b1,Meesho,google_play,hi,so,False,good to you so much,good to you so much,good to you so much,5,positive,0,False,5,2026-03-31 12:04:15+00:00,2026-03-30/2026-04-05,2026-03,
930,70bb380b-d0e1-4e94-a02f-14325dc4e566,Meesho,google_play,hi,so,False,Ansh yadav ji,ansh yadav ji,ansh yadav ji,5,positive,0,False,3,2026-03-31 09:05:34+00:00,2026-03-30/2026-04-05,2026-03,
931,51e7e48d-cc56-4df3-af43-d09849de29a2,Meesho,google_play,hi,hi,False,यह बहुत बेकार आप है जिस दिन का होता है उस दिन नहीं आता मेरा हर बार होता है भाई ऐसा क्यूं करते हो मुझे भी काम करना होता है और उस दिन मैं छुट्टी माग के तैयार रहता हूं की आज डिलीवर आने वाला है एक तो डिलीवर लेने के लिए 13 किलोमीटर जाना पड़ता है मीसो वालो को गाली देने का मन कर रहा है भाई अब ये डिलीवर के बाद मैं मीसों aap हटा दूंगा 🙏,यह बहुत बेकार आप है जिस दिन का होता है उस दिन नहीं आता मेरा हर बार होता है भाई ऐसा क्यूं करते हो मुझे भी काम करना होता है और उस दिन मैं छुट्टी माग के तैयार रहता हूं की आज डिलीवर आने वाला है एक तो डिलीवर लेने के लिए 13 किलोमीटर जाना पड़ता है मीसो वालो को गाली देने का मन कर रहा है भाई अब ये डिलीवर के बाद मैं मीसों aap हटा दूंगा,यह बहुत बेकार आप है जिस दिन का होता है उस दिन नहीं आता मेरा हर बार होता है भाई ऐसा क्यूं करते हो मुझे भी काम करना होता है और उस दिन मैं छुट्टी माग के तैयार रहता हूं की आज डिलीवर आने वाला है एक तो डिलीवर लेने के लिए 13 किलोमीटर जाना पड़ता है मीसो वालो को गाली देने का मन कर रहा है भाई अब ये डिलीवर के बाद मैं मीसों aap हटा दूंगा,1,complaint,0,False,78,2026-03-31 08:41:29+00:00,2026-03-30/2026-04-05,2026-03,27.0
932,04fa918d-cdb0-4cb2-9a30-7a705d0b18d7,Meesho,google_play,hi,so,False,Ansh dhawan,ansh dhawan,ansh dhawan,5,positive,0,False,2,2026-03-31 08:37:29+00:00,2026-03-30/2026-04-05,2026-03,
933,fe88a139-e69e-4896-bd0a-c09d1ebdfee3,Meesho,google_play,hi,hi,False,उसे थे रियली बढ़िया सावन में,उसे थे रियली बढ़िया सावन में,उसे थे रियली बढ़िया सावन में,5,positive,0,False,6,2026-03-30 23:35:11+00:00,2026-03-30/2026-04-05,2026-03,27.4
934,0d84b9a8-bdeb-4875-ba88-238e54228bc2,Meesho,google_play,hi,so,False,achcha Raha,achcha raha,achcha raha,5,positive,0,False,2,2026-03-30 23:24:41+00:00,2026-03-30/2026-04-05,2026-03,27.3
935,ff40521c-5ea0-4c68-8806-782600494a90,Meesho,google_play,hi,so,False,bahut hi good sewaye he,bahut hi good sewaye he,bahut hi good sewaye he,5,positive,0,False,5,2026-03-30 21:40:30+00:00,2026-03-30/2026-04-05,2026-03,
937,8d35b0fe-ddd5-48bf-9704-7bac3ea2c985,Meesho,google_play,hi,sw,False,pahali bar hai sihi mila to thik hai,pahali bar hai sihi mila to thik hai,pahali bar hai sihi mila to thik hai,5,positive,0,False,8,2026-03-30 20:43:11+00:00,2026-03-30/2026-04-05,2026-03,
938,4b9821ff-e7d7-4d75-85bf-41959d67a438,Meesho,google_play,hi,af,False,best shopping aap,best shopping aap,best shopping aap,5,positive,0,False,3,2026-03-30 20:24:52+00:00,2026-03-30/2026-04-05,2026-03,27.3
939,3ec69955-bb5d-486d-904d-3cce31e9ef93,Meesho,google_play,hi,en,False,baval change hai be,baval change hai be,baval change hai be,5,positive,0,False,4,2026-03-30 20:01:57+00:00,2026-03-30/2026-04-05,2026-03,27.3
940,5337ab28-23a3-4e96-bc92-0baaf2428e3e,Meesho,google_play,hi,en,False,please mujhe discount de,please mujhe discount de,please mujhe discount de,5,positive,0,False,4,2026-03-30 17:01:12+00:00,2026-03-30/2026-04-05,2026-03,27.3
941,b95d777e-2a09-4ac1-8dd0-c0f6db072031,Meesho,google_play,hi,hi,False,meesho pay later दिखाई देता है लेकिन किसी को भी यह सुविधा उपलब्ध नहीं होती है प्रोडक्ट भी अधिकतर सेलर duplicate भेजते है अब तो रिटर्न का option भी बंद कर दिया गया है,meesho pay later दिखाई देता है लेकिन किसी को भी यह सुविधा उपलब्ध नहीं होती है प्रोडक्ट भी अधिकतर सेलर duplicate भेजते है अब तो रिटर्न का option भी बंद कर दिया गया है,meesho pay later दिखाई देता है लेकिन किसी को भी यह सुविधा उपलब्ध नहीं होती है प्रोडक्ट भी अधिकतर सेलर duplicate भेजते है अब तो रिटर्न का option भी बंद कर दिया गया है,2,complaint,1,False,34,2026-03-30 16:11:13+00:00,2026-03-30/2026-04-05,2026-03,27.3
942,1806e2ac-7a2b-4a41-9402-1baaebf28bbc,Meesho,google_play,hi,en,False,nice product good management nice service nice Delivery!,nice product good management nice service nice delivery!,nice product good management nice service nice delivery!,5,positive,0,False,8,2026-03-30 16:11:11+00:00,2026-03-30/2026-04-05,2026-03,27.3
943,b1aaa27e-828f-4945-a8be-2413c1ec63bd,Meesho,google_play,hi,tr,False,meesho phle thik kam krta tha but ab mene kafi order kiye or payment bhi phle kr diya fir bhi mere orders 4_5 din ke bad apne aap cancel kr diye or complaint krne ka option bhi bnd kr diya meesho pr viswas nhi Krna chahiye sbse bekar seva h iski,meesho phle thik kam krta tha but ab mene kafi order kiye or payment bhi phle kr diya fir bhi mere orders 4_5 din ke bad apne aap cancel kr diye or complaint krne ka option bhi bnd kr diya meesho pr viswas nhi krna chahiye sbse bekar seva h iski,meesho phle thik kam krta tha but ab mene kafi order kiye or payment bhi phle kr diya fir bhi mere orders 4_5 din ke bad apne aap cancel kr diye or complaint krne ka option bhi bnd kr diya meesho pr viswas nhi krna chahiye sbse bekar seva h iski,1,complaint,1,False,51,2026-03-30 16:10:29+00:00,2026-03-30/2026-04-05,2026-03,27.3
944,5824102f-ba60-4aea-aa97-e73d3dafcdd8,Meesho,google_play,hi,id,False,behut sandar,behut sandar,behut sandar,5,positive,0,False,2,2026-03-30 15:52:29+00:00,2026-03-30/2026-04-05,2026-03,27.3
945,5fe84fdf-472f-48bb-8843-dfd63c3a6a18,Meesho,google_play,hi,en,False,very nice app install now,very nice app install now,very nice app install now,5,positive,0,False,5,2026-03-30 15:39:39+00:00,2026-03-30/2026-04-05,2026-03,27.3
946,991f66c0-2c80-462b-bde8-5ecb6cd70578,Meesho,google_play,hi,hi,False,मेरा मेसू अकाउंट बंद हो गया है पता नहीं क्यों और उसमें वॉलेट पर पैसे भी डाले थे प्लीज हमारा अकाउंट चालू कर दीजिए हमारे या तो पैसे वापस कीजिए यह आप लोग का सही है वॉलेट पर पैसे डाले रहते हैं तो आप लोग अकाउंट बंद कर देते हैं मेरे अकाउंट के पैसे दे दीजिए वह हटके प्लीज मेरा अकाउंट चालू कर दीजिए प्लीज,मेरा मेसू अकाउंट बंद हो गया है पता नहीं क्यों और उसमें वॉलेट पर पैसे भी डाले थे प्लीज हमारा अकाउंट चालू कर दीजिए हमारे या तो पैसे वापस कीजिए यह आप लोग का सही है वॉलेट पर पैसे डाले रहते हैं तो आप लोग अकाउंट बंद कर देते हैं मेरे अकाउंट के पैसे दे दीजिए वह हटके प्लीज मेरा अकाउंट चालू कर दीजिए प्लीज,मेरा मेसू अकाउंट बंद हो गया है पता नहीं क्यों और उसमें वॉलेट पर पैसे भी डाले थे प्लीज हमारा अकाउंट चालू कर दीजिए हमारे या तो पैसे वापस कीजिए यह आप लोग का सही है वॉलेट पर पैसे डाले रहते हैं तो आप लोग अकाउंट बंद कर देते हैं मेरे अकाउंट के पैसे दे दीजिए वह हटके प्लीज मेरा अकाउंट चालू कर दीजिए प्लीज,1,complaint,0,False,65,2026-03-30 12:14:17+00:00,2026-03-30/2026-04-05,2026-03,27.3
947,3fe73096-f9a3-49bb-84ea-abc41377ade4,Meesho,google_play,hi,en,False,very happyness form this app to me,very happyness form this app to me,very happyness form this app to me,5,positive,0,False,7,2026-03-30 11:23:15+00:00,2026-03-30/2026-04-05,2026-03,27.3
948,3406be46-6785-4ba3-8af6-26cf108d2cf7,Meesho,google_play,hi,hi,False,यह बहुत ख़राब है,यह बहुत ख़राब है,यह बहुत ख़राब है,1,complaint,0,False,4,2026-03-30 10:27:47+00:00,2026-03-30/2026-04-05,2026-03,
949,0269ad96-4e3e-482d-a6f4-c14998c5e4b9,Meesho,google_play,hi,id,False,yah bahut achcha hai unlikely mein isko under 2 lakh De sakta hun yah mere ko jindagi ka Safar manpasand app Hai Main usko din bhar Chala sakta hun Main usko bahut chahta hun mere Dil Se yahi kahana hai kis karna aur kaise ho sahayata mile aapko support karke,yah bahut achcha hai unlikely mein isko under 2 lakh de sakta hun yah mere ko jindagi ka safar manpasand app hai main usko din bhar chala sakta hun main usko bahut chahta hun mere dil se yahi kahana hai kis karna aur kaise ho sahayata mile aapko support karke,yah bahut achcha hai unlikely mein isko under 2 lakh de sakta hun yah mere ko jindagi ka safar manpasand app hai main usko din bhar chala sakta hun main usko bahut chahta hun mere dil se yahi kahana hai kis karna aur kaise ho sahayata mile aapko support karke,5,positive,0,False,50,2026-03-30 09:55:56+00:00,2026-03-30/2026-04-05,2026-03,
950,df2abfe3-ad2d-4d89-9860-16b016d9a05c,Meesho,google_play,hi,en,False,Most gift in word..🌍💓🥰,most gift in word..,most gift in word..,5,positive,0,False,4,2026-03-30 09:40:55+00:00,2026-03-30/2026-04-05,2026-03,
951,da0c8822-5bd1-43b4-b742-cb4db53d26f6,Meesho,google_play,hi,so,False,meesho fraud hai isko band Kiya jaega,meesho fraud hai isko band kiya jaega,meesho fraud hai isko band kiya jaega,1,complaint,0,False,7,2026-03-30 08:40:26+00:00,2026-03-30/2026-04-05,2026-03,27.3
952,71b92958-3674-41b2-afc7-7891aa82c4f5,Meesho,google_play,hi,hi,False,बहुत ही सुंदर,बहुत ही सुंदर,बहुत ही सुंदर,5,positive,0,False,3,2026-03-30 08:10:09+00:00,2026-03-30/2026-04-05,2026-03,27.3
953,0f5a63ce-3f6f-4915-9ced-87227d94fbcb,Meesho,google_play,hi,en,False,good and nice ape,good and nice ape,good and nice ape,5,positive,0,False,4,2026-03-30 07:19:38+00:00,2026-03-30/2026-04-05,2026-03,27.3
954,660dc7b4-6698-4ad8-a4e8-88d2557c3735,Meesho,google_play,hi,af,False,Nice; Very good Seeds;,nice very good seeds,nice very good seeds,5,positive,0,False,4,2026-03-30 06:34:51+00:00,2026-03-30/2026-04-05,2026-03,
955,7bc515fc-4441-4199-b9fd-f20fa3cd6efc,Meesho,google_play,hi,hi,False,ओके है मेरा पहला ओडर नहीं आया,ओके है मेरा पहला ओडर नहीं आया,ओके है मेरा पहला ओडर नहीं आया,5,positive,1,False,7,2026-03-29 23:17:06+00:00,2026-03-23/2026-03-29,2026-03,27.3
956,6a1d8744-0ed4-41db-83df-35043e57cf44,Meesho,google_play,hi,id,False,Bahut achha hai bhai,bahut achha hai bhai,bahut achha hai bhai,5,positive,1,False,4,2026-03-29 21:10:54+00:00,2026-03-23/2026-03-29,2026-03,27.3
957,11a15966-921f-498c-8c25-d8297ce526d2,Meesho,google_play,hi,en,False,meesho is everything,meesho is everything,meesho is everything,5,positive,0,False,3,2026-03-29 21:07:21+00:00,2026-03-23/2026-03-29,2026-03,
958,6d718f12-8e45-4778-9f26-53ebae05d42d,Meesho,google_play,hi,tl,False,acha saman ata hai,acha saman ata hai,acha saman ata hai,5,positive,1,False,4,2026-03-29 17:02:30+00:00,2026-03-23/2026-03-29,2026-03,27.2
960,e94fc1bf-5bd3-49d9-8f29-485c5e618bbd,Meesho,google_play,hi,so,False,bahut badhiya aap,bahut badhiya aap,bahut badhiya aap,5,positive,0,False,3,2026-03-29 14:17:09+00:00,2026-03-23/2026-03-29,2026-03,27.2
961,66fa0658-0c40-40d5-b639-4cbf2a100e9e,Meesho,google_play,hi,en,False,good aplication,good aplication,good aplication,5,positive,0,False,2,2026-03-29 10:58:23+00:00,2026-03-23/2026-03-29,2026-03,27.3
962,a392559a-1b96-44d4-9b6a-668e8957c4a4,Meesho,google_play,hi,et,False,mera mesho khul nahi raha ese kaese thik karee,mera mesho khul nahi raha ese kaese thik karee,mera mesho khul nahi raha ese kaese thik karee,5,positive,0,False,9,2026-03-29 10:33:38+00:00,2026-03-23/2026-03-29,2026-03,27.3
963,be18dd2e-89e6-47f9-ab1c-6eb86983daf0,Meesho,google_play,hi,sw,False,bahut hi accha hai,bahut hi accha hai,bahut hi accha hai,5,positive,0,False,4,2026-03-29 10:01:39+00:00,2026-03-23/2026-03-29,2026-03,
964,09618deb-b27c-413c-8845-d8671ee131f9,Meesho,google_play,hi,et,False,online shopping karnr ke liye sabse best hai meesho,online shopping karnr ke liye sabse best hai meesho,online shopping karnr ke liye sabse best hai meesho,5,positive,0,False,9,2026-03-29 08:42:03+00:00,2026-03-23/2026-03-29,2026-03,27.2
965,57c0c014-1cad-4724-a535-c890b1a93948,Meesho,google_play,hi,so,False,sabse achcha meesho,sabse achcha meesho,sabse achcha meesho,5,positive,0,False,3,2026-03-29 03:00:15+00:00,2026-03-23/2026-03-29,2026-03,27.3
966,1d41e8e7-0526-46d8-8fc5-ac8323ca7942,Meesho,google_play,hi,hi,False,बहुत अच्छी,बहुत अच्छी,बहुत अच्छी,5,positive,0,False,2,2026-03-29 00:24:23+00:00,2026-03-23/2026-03-29,2026-03,27.3
967,c6608a57-7814-4fce-b6f4-636eecc514a8,Meesho,google_play,hi,hi,False,बहुत अच्छाऐप्स है,बहुत अच्छाऐप्स है,बहुत अच्छाऐप्स है,5,positive,0,False,3,2026-03-28 21:22:26+00:00,2026-03-23/2026-03-29,2026-03,27.3
968,e4b2dbc8-3984-43cc-a85f-e71138bdd9ed,Meesho,google_play,hi,sw,False,yah bahut achcha hai iske product bahut hi acche hain aap sabhi log jisko bahut use kijiye is per Vishwas kijiye yah sabse achcha opportunity Hai sabke liye Ghar baithe baithe kuchh mangwane ki kuchh chijen online mangwane ki,yah bahut achcha hai iske product bahut hi acche hain aap sabhi log jisko bahut use kijiye is per vishwas kijiye yah sabse achcha opportunity hai sabke liye ghar baithe baithe kuchh mangwane ki kuchh chijen online mangwane ki,yah bahut achcha hai iske product bahut hi acche hain aap sabhi log jisko bahut use kijiye is per vishwas kijiye yah sabse achcha opportunity hai sabke liye ghar baithe baithe kuchh mangwane ki kuchh chijen online mangwane ki,5,positive,0,False,39,2026-03-28 20:09:58+00:00,2026-03-23/2026-03-29,2026-03,
969,34cd6148-5161-476e-a32d-fee749b3f55d,Meesho,google_play,hi,hi,False,मुझे केस में चाहिए,मुझे केस में चाहिए,मुझे केस में चाहिए,5,positive,0,False,4,2026-03-28 19:41:16+00:00,2026-03-23/2026-03-29,2026-03,27.2
970,fd838db1-cb28-4c18-8b4b-9df6e4aec52b,Meesho,google_play,hi,id,False,bahut acha hai misso,bahut acha hai misso,bahut acha hai misso,5,positive,1,False,4,2026-03-28 17:14:15+00:00,2026-03-23/2026-03-29,2026-03,27.3
971,7aef5993-c32c-488c-87c7-bcff3ee3312b,Meesho,google_play,hi,hi,False,ऑनलाइन खरीदारी के लिए बहुत बढ़िया है बहुत सस्ता सामान मिलता है .,ऑनलाइन खरीदारी के लिए बहुत बढ़िया है बहुत सस्ता सामान मिलता है .,ऑनलाइन खरीदारी के लिए बहुत बढ़िया है बहुत सस्ता सामान मिलता है .,5,positive,2,False,13,2026-03-28 16:45:21+00:00,2026-03-23/2026-03-29,2026-03,27.3
972,7c7ad5be-e8d6-41a8-ac0c-d131b4a5c404,Meesho,google_play,hi,nl,False,meesho is nice,meesho is nice,meesho is nice,5,positive,0,False,3,2026-03-28 16:27:07+00:00,2026-03-23/2026-03-29,2026-03,27.3
973,8a9180f3-aa59-4655-9629-df4f2085b240,Meesho,google_play,hi,hi,False,रिडीम कोड केलीऐ डाऊलोड कराहै,रिडीम कोड केलीऐ डाऊलोड कराहै,रिडीम कोड केलीऐ डाऊलोड कराहै,4,positive,0,False,5,2026-03-28 16:03:40+00:00,2026-03-23/2026-03-29,2026-03,27.3
974,eb888d62-2639-4db7-81ca-a6a551a092a2,Meesho,google_play,hi,hi,False,सामान चलाया हुआ मिलता है,सामान चलाया हुआ मिलता है,सामान चलाया हुआ मिलता है,1,complaint,1,False,5,2026-03-28 15:48:24+00:00,2026-03-23/2026-03-29,2026-03,27.2
975,c749e79b-71ee-4ee4-952f-7a382ab7eb46,Meesho,google_play,hi,id,False,grow bag sach mein bahut acche Hain Maine kuchh samay pahle se hi Lena shuru Kiya hai lekin cement ke gamle ya FIR plastic ke gamle ko samay bad kharab ho sakte hain Anya gamlon se inke rate kam hai aur acche Hain,grow bag sach mein bahut acche hain maine kuchh samay pahle se hi lena shuru kiya hai lekin cement ke gamle ya fir plastic ke gamle ko samay bad kharab ho sakte hain anya gamlon se inke rate kam hai aur acche hain,grow bag sach mein bahut acche hain maine kuchh samay pahle se hi lena shuru kiya hai lekin cement ke gamle ya fir plastic ke gamle ko samay bad kharab ho sakte hain anya gamlon se inke rate kam hai aur acche hain,1,complaint,1,False,43,2026-03-28 15:20:13+00:00,2026-03-23/2026-03-29,2026-03,27.3
976,cd7fff33-a458-405b-9927-ffdcb381bda6,Meesho,google_play,hi,so,False,shi aap he bhaiyo,shi aap he bhaiyo,shi aap he bhaiyo,5,positive,0,False,4,2026-03-28 14:59:22+00:00,2026-03-23/2026-03-29,2026-03,27.2
977,1ad496fc-215a-48dc-a822-48d0dfd19f6e,Meesho,google_play,hi,hi,False,ऐप लोड हो जाए आप यहां से 8 के लोड हो जाएगा गांवमें,ऐप लोड हो जाए आप यहां से 8 के लोड हो जाएगा गांवमें,ऐप लोड हो जाए आप यहां से 8 के लोड हो जाएगा गांवमें,5,positive,0,False,13,2026-03-28 14:50:25+00:00,2026-03-23/2026-03-29,2026-03,
978,60dbfc9d-fde4-4958-8709-a0b0e21294b9,Meesho,google_play,hi,id,False,bahut acha app hai,bahut acha app hai,bahut acha app hai,5,positive,0,False,4,2026-03-28 14:33:33+00:00,2026-03-23/2026-03-29,2026-03,27.2
979,6fe059d0-4f31-4b7a-beea-649253149ad3,Meesho,google_play,hi,en,False,meesho app very good,meesho app very good,meesho app very good,5,positive,1,False,4,2026-03-28 14:16:31+00:00,2026-03-23/2026-03-29,2026-03,27.4
980,231a9f61-0643-4d9d-ada1-8db7e15f296b,Meesho,google_play,hi,hi,False,बहुत बढ़िया,बहुत बढ़िया,बहुत बढ़िया,5,positive,0,False,2,2026-03-28 13:34:20+00:00,2026-03-23/2026-03-29,2026-03,27.3
981,723b148f-44e1-47ad-a7a2-bb5558abafca,Meesho,google_play,hi,en,False,delivery time is to long,delivery time is to long,delivery time is to long,1,complaint,0,False,5,2026-03-28 13:33:54+00:00,2026-03-23/2026-03-29,2026-03,27.3
982,c3246b85-d921-4f6b-8b32-3a0086689645,Meesho,google_play,hi,en,False,good sarvice and faster,good sarvice and faster,good sarvice and faster,5,positive,0,False,4,2026-03-28 12:24:57+00:00,2026-03-23/2026-03-29,2026-03,27.3
983,d1c00cba-fe2d-46db-b57a-173db485c870,Meesho,google_play,hi,en,False,very nice shopping app us,very nice shopping app us,very nice shopping app us,5,positive,0,False,5,2026-03-28 12:10:32+00:00,2026-03-23/2026-03-29,2026-03,
984,1e40d338-df69-427e-bb8c-37abaa07eae7,Meesho,google_play,hi,sw,False,bahut achcha hai,bahut achcha hai,bahut achcha hai,5,positive,0,False,3,2026-03-28 11:36:45+00:00,2026-03-23/2026-03-29,2026-03,27.3
985,4c827229-8ca0-4861-9787-61d56fe38815,Meesho,google_play,hi,so,False,order jaldi aa Jana chahiye,order jaldi aa jana chahiye,order jaldi aa jana chahiye,5,positive,0,False,5,2026-03-28 08:53:12+00:00,2026-03-23/2026-03-29,2026-03,27.3
986,c69adbae-66f1-456b-a35b-705a6a772289,Meesho,google_play,hi,en,True,mere mobile app chal nhi rha verification call par ja kr stuck ho jata hai,mere mobile app chal nhi rha verification call par ja kr stuck ho jata hai,mere mobile app chal nhi rha verification call par ja kr stuck ho jata hai,1,complaint,1,False,15,2026-03-28 08:50:40+00:00,2026-03-23/2026-03-29,2026-03,27.3
987,23139bfa-8892-4697-8914-9bed14994e14,Meesho,google_play,hi,et,False,Good Aap Online shopping ke bahut mast aap hai meesho,good aap online shopping ke bahut mast aap hai meesho,good aap online shopping ke bahut mast aap hai meesho,5,positive,0,False,10,2026-03-28 06:25:50+00:00,2026-03-23/2026-03-29,2026-03,27.3
988,c6856c4f-dc8c-41a2-ae49-88b5344ae87e,Meesho,google_play,hi,hi,False,बहुत मस्त है,बहुत मस्त है,बहुत मस्त है,5,positive,0,False,3,2026-03-27 21:01:48+00:00,2026-03-23/2026-03-29,2026-03,27.3
989,7852c72d-d284-4e8e-b902-471ca2f0546e,Meesho,google_play,hi,hi,False,मुझे अभी दिया रेड प्लाजो वो जल्दी मिल सकता है 29 तारीख को 30 को हवन में पहनना है तो प्लीज रिक्वेष्ट 🤷🤢😑,मुझे अभी दिया रेड प्लाजो वो जल्दी मिल सकता है 29 तारीख को 30 को हवन में पहनना है तो प्लीज रिक्वेष्ट,मुझे अभी दिया रेड प्लाजो वो जल्दी मिल सकता है 29 तारीख को 30 को हवन में पहनना है तो प्लीज रिक्वेष्ट,5,positive,42,True,22,2026-03-26 16:17:39+00:00,2026-03-23/2026-03-29,2026-03,27.2
990,5b2ca4cd-9478-49b4-9f11-7c439baa3588,Meesho,google_play,hi,ne,False,बहुत सुन्दर,बहुत सुन्दर,बहुत सुन्दर,5,positive,0,False,2,2026-03-25 23:54:08+00:00,2026-03-23/2026-03-29,2026-03,27.2
991,ec8279cf-7eda-4f25-8a82-df51b4505e26,Meesho,google_play,hi,hi,False,मैं मिशो में बहुत से सदस्य के रूप में हुं हमें मिशो का हर वस्तु सही और युपयोगी आया है मीसो बहुत ही सही दाम में बिकता है सभी कौलीटी बेहतरीन है। मैं मीशो से बहुत समय से समान ली पर एक बार भी गरत समान नहीं आया है। धन्यवाद शोभा देवी,मैं मिशो में बहुत से सदस्य के रूप में हुं हमें मिशो का हर वस्तु सही और युपयोगी आया है मीसो बहुत ही सही दाम में बिकता है सभी कौलीटी बेहतरीन है। मैं मीशो से बहुत समय से समान ली पर एक बार भी गरत समान नहीं आया है। धन्यवाद शोभा देवी,मैं मिशो में बहुत से सदस्य के रूप में हुं हमें मिशो का हर वस्तु सही और युपयोगी आया है मीसो बहुत ही सही दाम में बिकता है सभी कौलीटी बेहतरीन है। मैं मीशो से बहुत समय से समान ली पर एक बार भी गरत समान नहीं आया है। धन्यवाद शोभा देवी,5,positive,0,False,52,2026-03-25 23:52:33+00:00,2026-03-23/2026-03-29,2026-03,27.2
992,65bc8971-6df0-4e51-bb77-344f11e0916d,Meesho,google_play,hi,hi,False,हमारा अनुभव बहुत अच्छा है,हमारा अनुभव बहुत अच्छा है,हमारा अनुभव बहुत अच्छा है,1,complaint,1,False,5,2026-03-25 22:02:26+00:00,2026-03-23/2026-03-29,2026-03,27.3
993,f6454d4a-d51d-41df-9657-a61e9ef0c6dc,Meesho,google_play,hi,en,False,is the very good,is the very good,is the very good,5,positive,0,False,4,2026-03-25 19:19:30+00:00,2026-03-23/2026-03-29,2026-03,27.2
994,c262ff6e-7539-4e4f-83e2-46f8f532348c,Meesho,google_play,hi,hi,False,बहुत बढ़िया ऐप है,बहुत बढ़िया ऐप है,बहुत बढ़िया ऐप है,5,positive,0,False,4,2026-03-25 19:08:03+00:00,2026-03-23/2026-03-29,2026-03,
995,0faa7d26-7cbf-45a8-88fd-bb91562c51a5,Meesho,google_play,hi,hi,False,मीशो मे बहुत स्ती चीजे मिलती है बहुत अच्छा एप है👍👍👍👍👍👍👍👌👌👌👌👌,मीशो मे बहुत स्ती चीजे मिलती है बहुत अच्छा एप है,मीशो मे बहुत स्ती चीजे मिलती है बहुत अच्छा एप है,5,positive,1,False,11,2026-03-25 19:00:15+00:00,2026-03-23/2026-03-29,2026-03,27.0
996,58cd5d3e-02f2-402b-b8a5-75fa3df09e54,Meesho,google_play,hi,hi,False,हाय दोस्तो प्रेम से बोलो जय श्री राम जय,हाय दोस्तो प्रेम से बोलो जय श्री राम जय,हाय दोस्तो प्रेम से बोलो जय श्री राम जय,2,complaint,2,False,9,2026-03-25 18:09:54+00:00,2026-03-23/2026-03-29,2026-03,27.2
999,18985280-3ec2-4dd4-bbde-d6ffaded00a0,Meesho,google_play,hi,en,True,ye app bahut accha he meesho,ye app bahut accha he meesho,ye app bahut accha he meesho,5,positive,0,False,6,2026-03-25 14:40:00+00:00,2026-03-23/2026-03-29,2026-03,23.9
1000,af44a87c-57b5-4459-88d3-81a3a31a7d06,Meesho,google_play,hi,hi,False,सुपर एप्स सभी सामान सस्ते में मिल जाते हैं,सुपर एप्स सभी सामान सस्ते में मिल जाते हैं,सुपर एप्स सभी सामान सस्ते में मिल जाते हैं,5,positive,0,False,9,2026-03-25 12:42:56+00:00,2026-03-23/2026-03-29,2026-03,27.2
1001,ce149909-6e21-40c0-8a6d-1a100a2f2410,Meesho,google_play,hi,hi,False,मेरा नाम सचिन बिश्नोई है और मैं पर जैसा गांव में रहता हूं मुझे यह ऐप खोल कर बहुत अच्छा लगा क्योंकि यह ऐप बहुत सस्ता अप ह यह ऐप डिलीवरी भी करता है वह भी घर पर आकर अगर हमने वह पिन कोड सब वगैरह डाल दिए हैं तो यह ऐप घर पर आकर हमें वह पार्सल दे देगा अगर हमें 24 घंटे में चाहिए तो 24 घंटे में भी दे देता है,मेरा नाम सचिन बिश्नोई है और मैं पर जैसा गांव में रहता हूं मुझे यह ऐप खोल कर बहुत अच्छा लगा क्योंकि यह ऐप बहुत सस्ता अप ह यह ऐप डिलीवरी भी करता है वह भी घर पर आकर अगर हमने वह पिन कोड सब वगैरह डाल दिए हैं तो यह ऐप घर पर आकर हमें वह पार्सल दे देगा अगर हमें 24 घंटे में चाहिए तो 24 घंटे में भी दे देता है,मेरा नाम सचिन बिश्नोई है और मैं पर जैसा गांव में रहता हूं मुझे यह ऐप खोल कर बहुत अच्छा लगा क्योंकि यह ऐप बहुत सस्ता अप ह यह ऐप डिलीवरी भी करता है वह भी घर पर आकर अगर हमने वह पिन कोड सब वगैरह डाल दिए हैं तो यह ऐप घर पर आकर हमें वह पार्सल दे देगा अगर हमें 24 घंटे में चाहिए तो 24 घंटे में भी दे देता है,5,positive,0,False,74,2026-03-25 12:24:46+00:00,2026-03-23/2026-03-29,2026-03,27.3
1002,9cbe367f-77ff-4bca-a5f1-01ec417dc67a,Meesho,google_play,hi,en,False,🥰🥰bhut achha he,bhut achha he,bhut achha he,5,positive,0,False,3,2026-03-25 11:32:55+00:00,2026-03-23/2026-03-29,2026-03,27.2
1003,446d9803-07b5-464c-918f-75d6eb60ebdd,Meesho,google_play,hi,hi,False,बिल्कुल बेकार एप्लीकेशन order करने के 7 दिन बाद भी shipped नहीं हुआ और पैसा पहले ही पेड़ कर दिया और बोल रहा है order कैंसिल हो जायेगा 😠,बिल्कुल बेकार एप्लीकेशन order करने के 7 दिन बाद भी shipped नहीं हुआ और पैसा पहले ही पेड़ कर दिया और बोल रहा है order कैंसिल हो जायेगा,बिल्कुल बेकार एप्लीकेशन order करने के 7 दिन बाद भी shipped नहीं हुआ और पैसा पहले ही पेड़ कर दिया और बोल रहा है order कैंसिल हो जायेगा,1,complaint,2,False,28,2026-03-25 09:21:55+00:00,2026-03-23/2026-03-29,2026-03,27.1
1004,2aaa86b2-7b7b-432e-bc84-c20c19e260a1,Meesho,google_play,hi,so,False,bahut axa app hai,bahut axa app hai,bahut axa app hai,4,positive,0,False,4,2026-03-25 09:08:56+00:00,2026-03-23/2026-03-29,2026-03,27.0
1005,45188c11-b5e8-43df-b9b8-d15f84096b38,Meesho,google_play,hi,hi,False,"सर्वश्रेष्ठ भारतीय ऐप, एक काम और कर दीजिए मीशो एप्प वाली कंपनी मीशो को वेब पर पूरा सपोर्ट दो सब लोग थोडे ही मोबाइल से देखते है कुछ पीसी पर भी देखते हैं","सर्वश्रेष्ठ भारतीय ऐप, एक काम और कर दीजिए मीशो एप्प वाली कंपनी मीशो को वेब पर पूरा सपोर्ट दो सब लोग थोडे ही मोबाइल से देखते है कुछ पीसी पर भी देखते हैं","सर्वश्रेष्ठ भारतीय ऐप, एक काम और कर दीजिए मीशो एप्प वाली कंपनी मीशो को वेब पर पूरा सपोर्ट दो सब लोग थोडे ही मोबाइल से देखते है कुछ पीसी पर भी देखते हैं",5,positive,0,False,33,2026-03-25 08:49:14+00:00,2026-03-23/2026-03-29,2026-03,25.0
1006,52fcbc5e-15ce-49c5-8f4b-548ac145d144,Meesho,google_play,hi,hi,False,अच्छा एप है,अच्छा एप है,अच्छा एप है,5,positive,0,False,3,2026-03-25 07:56:24+00:00,2026-03-23/2026-03-29,2026-03,27.2
1007,12791cdb-95a9-483a-a433-a9422a492d66,Meesho,google_play,hi,mr,False,अमन लॉज मध्ये लिहा तुमची प्रतिक्रिया तपासणीसाठी पाठवली होती आणि ती त्याला सोडून गेली आणि ती म्हणजे या आणि अशा प्रकारे काम करू शकतात हे सरकारने,अमन लॉज मध्ये लिहा तुमची प्रतिक्रिया तपासणीसाठी पाठवली होती आणि ती त्याला सोडून गेली आणि ती म्हणजे या आणि अशा प्रकारे काम करू शकतात हे सरकारने,अमन लॉज मध्ये लिहा तुमची प्रतिक्रिया तपासणीसाठी पाठवली होती आणि ती त्याला सोडून गेली आणि ती म्हणजे या आणि अशा प्रकारे काम करू शकतात हे सरकारने,5,positive,0,False,26,2026-03-25 00:53:51+00:00,2026-03-23/2026-03-29,2026-03,
1008,ae2dcd2b-3685-4f24-a4d7-d4f9efdc9422,Meesho,google_play,hi,en,True,bahut hi badhiya tha pressure photo,bahut hi badhiya tha pressure photo,bahut hi badhiya tha pressure photo,5,positive,1,False,6,2026-03-24 22:46:19+00:00,2026-03-23/2026-03-29,2026-03,27.2
1009,e0a40b61-5a9b-47a6-944c-85cef8cdd267,Meesho,google_play,hi,id,False,mujhe bahut achcha Laga,mujhe bahut achcha laga,mujhe bahut achcha laga,5,positive,0,False,4,2026-03-24 22:36:22+00:00,2026-03-23/2026-03-29,2026-03,27.2
1010,59978081-4d34-42ef-a21e-2e2754a75532,Meesho,google_play,hi,en,True,bahut accha product mil raha hai,bahut accha product mil raha hai,bahut accha product mil raha hai,5,positive,0,False,6,2026-03-24 21:56:37+00:00,2026-03-23/2026-03-29,2026-03,23.0
1011,431ae218-ccab-49ee-8a1e-842dc13ab685,Meesho,google_play,hi,hi,False,घटिया सामग्री है समय पर डिलीवरी नहीं होता है,घटिया सामग्री है समय पर डिलीवरी नहीं होता है,घटिया सामग्री है समय पर डिलीवरी नहीं होता है,1,complaint,1,False,9,2026-03-24 20:51:35+00:00,2026-03-23/2026-03-29,2026-03,26.6
1012,2748f449-f39f-48ff-a0c9-7a5a7646a8cf,Meesho,google_play,hi,hi,False,बहुत अच्छाहै,बहुत अच्छाहै,बहुत अच्छाहै,5,positive,0,False,2,2026-03-24 20:44:02+00:00,2026-03-23/2026-03-29,2026-03,27.2
1013,e3d7f8cb-b564-4bc6-b4d6-fe4d56ba1dbb,Meesho,google_play,hi,sw,False,bahut hi achcha hai,bahut hi achcha hai,bahut hi achcha hai,5,positive,0,False,4,2026-03-24 20:09:56+00:00,2026-03-23/2026-03-29,2026-03,27.3
1014,61f9a43c-af11-4eb7-90f3-b58e593bc5d0,Meesho,google_play,hi,so,False,app badiya hai,app badiya hai,app badiya hai,5,positive,0,False,3,2026-03-24 20:04:14+00:00,2026-03-23/2026-03-29,2026-03,27.2
1015,16d5015b-ac89-459c-acde-89f3ae1df0b2,Meesho,google_play,hi,hi,False,बहुत ही अच्छा है,बहुत ही अच्छा है,बहुत ही अच्छा है,5,positive,1,False,4,2026-03-24 17:21:44+00:00,2026-03-23/2026-03-29,2026-03,27.2
1016,9dc09af1-e962-4a4a-b8ad-ac9ba83102d2,Meesho,google_play,hi,et,False,(__Golu Jatav ji__)—Meesho Ek bahut hi Achcha app Hai online shopping ke liye 🤓🥰🥰👍👍,__golu jatav ji__ meesho ek bahut hi achcha app hai online shopping ke liye,__golu jatav ji__ meesho ek bahut hi achcha app hai online shopping ke liye,5,positive,0,False,14,2026-03-24 15:17:37+00:00,2026-03-23/2026-03-29,2026-03,27.1
1017,93065156-ebf2-442b-a810-604c7f7b8846,Meesho,google_play,hi,so,False,meesho bahut achcha hai,meesho bahut achcha hai,meesho bahut achcha hai,5,positive,0,False,4,2026-03-24 14:07:32+00:00,2026-03-23/2026-03-29,2026-03,27.3
1018,caad8397-92ec-4585-95ef-c6dd167c121c,Meesho,google_play,hi,id,False,meesho mein kyunki jaldi order nahin aata Ghar per isliye main teen star de raha hun,meesho mein kyunki jaldi order nahin aata ghar per isliye main teen star de raha hun,meesho mein kyunki jaldi order nahin aata ghar per isliye main teen star de raha hun,4,positive,0,False,16,2026-03-24 12:26:23+00:00,2026-03-23/2026-03-29,2026-03,27.2
1020,727629e4-e69f-44fc-8c0b-1c619b1b478a,Meesho,google_play,hi,hi,False,अच्छी क्वालिटी होनी चाहिए,अच्छी क्वालिटी होनी चाहिए,अच्छी क्वालिटी होनी चाहिए,5,positive,0,False,4,2026-03-24 11:27:55+00:00,2026-03-23/2026-03-29,2026-03,27.2
1021,a9a1d680-1624-41a5-b071-f328b6b0e5fe,Meesho,google_play,hi,hi,False,7 दिन बाद देखता हु कैसा हे,7 दिन बाद देखता हु कैसा हे,7 दिन बाद देखता हु कैसा हे,5,positive,1,False,7,2026-03-24 08:03:05+00:00,2026-03-23/2026-03-29,2026-03,27.2
1023,0fe70301-1af0-41ca-9590-476d95d4081a,Meesho,google_play,hi,hi,False,बहूत बढ़िया मेरे को प्रशंद आया,बहूत बढ़िया मेरे को प्रशंद आया,बहूत बढ़िया मेरे को प्रशंद आया,5,positive,0,False,6,2026-03-24 04:42:54+00:00,2026-03-23/2026-03-29,2026-03,27.2
1024,9df9f2d6-1ad7-4c3c-a55b-4e630b4699fd,Meesho,google_play,hi,so,False,bahut aacha,bahut aacha,bahut aacha,5,positive,0,False,2,2026-03-24 00:10:13+00:00,2026-03-23/2026-03-29,2026-03,27.3
1025,cb6d08b1-860a-45ac-86d6-fbd1e7ff0fb1,Meesho,google_play,hi,sv,False,achha marketig,achha marketig,achha marketig,5,positive,0,False,2,2026-03-23 23:28:29+00:00,2026-03-23/2026-03-29,2026-03,24.9
1026,49738886-6e5b-42db-bc2d-0fe11853959e,Meesho,google_play,hi,en,False,my parsal delivery date was 23/3/2026 but i can't get my parsal and in meesho app the reson was that the i am not at home but i was on home only. Meesho app is so lie app . i hate it . so bad app,my parsal delivery date was 23 3 2026 but i can't get my parsal and in meesho app the reson was that the i am not at home but i was on home only. meesho app is so lie app . i hate it . so bad app,my parsal delivery date was 23 3 2026 but i can't get my parsal and in meesho app the reson was that the i am not at home but i was on home only. meesho app is so lie app . i hate it . so bad app,1,complaint,0,False,48,2026-03-23 22:51:26+00:00,2026-03-23/2026-03-29,2026-03,27.2
1027,20349d9c-2a97-48d0-a3ec-daf67edd2ce2,Meesho,google_play,hi,hi,False,मेरा मीशो नहीं चल रहा है मेरे मैसेज चला दो आगे से ऐसी गलती कभी नहीं करूंगा इसलिए मेरा मीशो चला दो मैं कभी भी आर्डर करूंगा तो पैसे पहले डाल दूंगा प्लीज मेरे मीशो चला दो आगे से कभी ऐसी गलती नहीं करूंगा ऐसी गलती कर दो तो बिल्कुल भी सही बंद कर देना प्लीज मीशो वाले भैया सच में आगे से ऐसी गलती कभी नहीं करूंगा 24 घंटे में मेरा मैसेज चला हां भाई मानता हूं मेरी गलती है अबकी बार ऐसा नहीं मीशो चला दो जल्दी से आगे से ऐसी गलती कभी भी नहीं करूंग मीशो वाले भैय आगे से ऐसी गलती नहीं करूंगा सच में न,मेरा मीशो नहीं चल रहा है मेरे मैसेज चला दो आगे से ऐसी गलती कभी नहीं करूंगा इसलिए मेरा मीशो चला दो मैं कभी भी आर्डर करूंगा तो पैसे पहले डाल दूंगा प्लीज मेरे मीशो चला दो आगे से कभी ऐसी गलती नहीं करूंगा ऐसी गलती कर दो तो बिल्कुल भी सही बंद कर देना प्लीज मीशो वाले भैया सच में आगे से ऐसी गलती कभी नहीं करूंगा 24 घंटे में मेरा मैसेज चला हां भाई मानता हूं मेरी गलती है अबकी बार ऐसा नहीं मीशो चला दो जल्दी से आगे से ऐसी गलती कभी भी नहीं करूंग मीशो वाले भैय आगे से ऐसी गलती नहीं करूंगा सच में न,मेरा मीशो नहीं चल रहा है मेरे मैसेज चला दो आगे से ऐसी गलती कभी नहीं करूंगा इसलिए मेरा मीशो चला दो मैं कभी भी आर्डर करूंगा तो पैसे पहले डाल दूंगा प्लीज मेरे मीशो चला दो आगे से कभी ऐसी गलती नहीं करूंगा ऐसी गलती कर दो तो बिल्कुल भी सही बंद कर देना प्लीज मीशो वाले भैया सच में आगे से ऐसी गलती कभी नहीं करूंगा 24 घंटे में मेरा मैसेज चला हां भाई मानता हूं मेरी गलती है अबकी बार ऐसा नहीं मीशो चला दो जल्दी से आगे से ऐसी गलती कभी भी नहीं करूंग मीशो वाले भैय आगे से ऐसी गलती नहीं करूंगा सच में न,5,positive,0,False,110,2026-03-23 20:37:45+00:00,2026-03-23/2026-03-29,2026-03,
1029,3eb37899-1bf3-4c83-8e59-f3ba4ac7455a,Meesho,google_play,hi,hi,False,बहुत घडीया APP है order जल्दी नही आता 🙏 order mat kro🙏,बहुत घडीया app है order जल्दी नही आता order mat kro,बहुत घडीया app है order जल्दी नही आता order mat kro,5,positive,0,False,11,2026-03-23 18:28:42+00:00,2026-03-23/2026-03-29,2026-03,27.2
1030,061fa759-37bb-4f90-9e4c-b15437cc7a8b,Meesho,google_play,hi,hi,False,बहुत खराबहै,बहुत खराबहै,बहुत खराबहै,1,complaint,0,False,2,2026-03-23 16:09:18+00:00,2026-03-23/2026-03-29,2026-03,
1031,19e8122d-dfe7-4904-93e9-3c11cd180f5f,Meesho,google_play,hi,hi,False,हमें मीशो बहुत पसंद है,हमें मीशो बहुत पसंद है,हमें मीशो बहुत पसंद है,5,positive,1,False,5,2026-03-23 14:14:59+00:00,2026-03-23/2026-03-29,2026-03,27.2
1032,6a9cbfe3-3252-4d55-9699-7a93198b6c82,Meesho,google_play,hi,en,False,fast and smooth,fast and smooth,fast and smooth,5,positive,0,False,3,2026-03-23 13:54:10+00:00,2026-03-23/2026-03-29,2026-03,27.2
1033,dcf50549-435d-47aa-8665-a4274ca8e941,Meesho,google_play,hi,en,False,Good for Shopping,good for shopping,good for shopping,4,positive,0,False,3,2026-03-23 12:46:42+00:00,2026-03-23/2026-03-29,2026-03,
1034,e055b7fd-068d-4605-b6d4-48b8cbb6e757,Meesho,google_play,hi,en,False,yh bhut achha app he,yh bhut achha app he,yh bhut achha app he,5,positive,1,False,5,2026-03-23 12:02:59+00:00,2026-03-23/2026-03-29,2026-03,27.2
1035,5587c521-0783-47f7-8ad8-a682218ba377,Meesho,google_play,hi,hi,False,सहजता से ऑर्डर कर सकते है,सहजता से ऑर्डर कर सकते है,सहजता से ऑर्डर कर सकते है,5,positive,0,False,6,2026-03-23 09:24:47+00:00,2026-03-23/2026-03-29,2026-03,27.2
1036,3456bca8-592a-4411-82db-d249c57975ff,Meesho,google_play,hi,en,False,this nice app,this nice app,this nice app,5,positive,0,False,3,2026-03-23 09:07:30+00:00,2026-03-23/2026-03-29,2026-03,
1037,d624fac7-e8f6-4c11-acab-7fd2106bcc28,Meesho,google_play,hi,id,False,aap bahut aachha he,aap bahut aachha he,aap bahut aachha he,5,positive,0,False,4,2026-03-23 09:05:07+00:00,2026-03-23/2026-03-29,2026-03,27.2
1038,edda04de-72f6-47ff-9aec-b4a42ab6329b,Meesho,google_play,hi,en,False,bahot acha,bahot acha,bahot acha,5,positive,0,False,2,2026-03-23 08:21:22+00:00,2026-03-23/2026-03-29,2026-03,26.1
1039,886372c7-e501-4202-8f89-ec72e65ab8c1,Meesho,google_play,hi,ne,False,बहुत अच्छा समान,बहुत अच्छा समान,बहुत अच्छा समान,1,complaint,0,False,3,2026-03-23 07:32:35+00:00,2026-03-23/2026-03-29,2026-03,27.2
1040,e0a33820-8784-4d5f-a8c2-3a6f139b7243,Meesho,google_play,hi,hi,False,आप किसी भी सामान को इससेखरीदे,आप किसी भी सामान को इससेखरीदे,आप किसी भी सामान को इससेखरीदे,5,positive,1,False,6,2026-03-23 06:31:39+00:00,2026-03-23/2026-03-29,2026-03,27.2
1041,66ffadcd-dee3-45d3-86d1-a40240426cfe,Meesho,google_play,hi,hi,False,सबसे अच्छा यह ऐप,सबसे अच्छा यह ऐप,सबसे अच्छा यह ऐप,5,positive,0,False,4,2026-03-22 23:06:43+00:00,2026-03-16/2026-03-22,2026-03,27.2
1042,4cc798d7-4920-4e3b-8d21-66e162b55804,Meesho,google_play,hi,hi,False,बहुत अच्छा था,बहुत अच्छा था,बहुत अच्छा था,5,positive,0,False,3,2026-03-22 20:02:58+00:00,2026-03-16/2026-03-22,2026-03,
1043,a094a585-620b-4959-8c00-305a5c0305e2,Meesho,google_play,hi,hi,False,थैंक यू बहुत अच्छा ऐप है,थैंक यू बहुत अच्छा ऐप है,थैंक यू बहुत अच्छा ऐप है,5,positive,0,False,6,2026-03-22 17:52:37+00:00,2026-03-16/2026-03-22,2026-03,27.2
1044,024474d1-e2a2-4d2c-8c70-2b43e4240f53,Meesho,google_play,hi,hi,False,बहुत अच्छा है इस पर मैं कुछ भी मंगा सकता हूं मेरे लिए यह बहुत आसान रहा,बहुत अच्छा है इस पर मैं कुछ भी मंगा सकता हूं मेरे लिए यह बहुत आसान रहा,बहुत अच्छा है इस पर मैं कुछ भी मंगा सकता हूं मेरे लिए यह बहुत आसान रहा,5,positive,0,False,17,2026-03-22 17:21:24+00:00,2026-03-16/2026-03-22,2026-03,
1045,624d80ae-befb-47eb-bba7-39e02025c0c1,Meesho,google_play,hi,id,False,bahut sunder app !!!,bahut sunder app !!!,bahut sunder app !!!,5,positive,0,False,4,2026-03-22 16:26:24+00:00,2026-03-16/2026-03-22,2026-03,27.2
1046,79eb436d-5ede-4518-9456-cb89723bcfef,Meesho,google_play,hi,sw,False,acha nahi hai pc nahi hai,acha nahi hai pc nahi hai,acha nahi hai pc nahi hai,1,complaint,0,False,6,2026-03-22 16:01:16+00:00,2026-03-16/2026-03-22,2026-03,27.2
1047,e317352d-dc3c-45df-9ec1-abe6a10d6bfb,Meesho,google_play,hi,en,False,I am a student .b.a.finlal year thanks meesho .meesho product is very very nice,i am a student .b.a.finlal year thanks meesho .meesho product is very very nice,i am a student .b.a.finlal year thanks meesho .meesho product is very very nice,5,positive,0,False,14,2026-03-22 15:40:44+00:00,2026-03-16/2026-03-22,2026-03,
1048,eaf4f1e8-3a27-4e37-99fc-78e42c04d8ba,Meesho,google_play,hi,hi,False,मेरे ऑर्डर नहीं आते,मेरे ऑर्डर नहीं आते,मेरे ऑर्डर नहीं आते,1,complaint,0,False,4,2026-03-22 12:18:50+00:00,2026-03-16/2026-03-22,2026-03,
1049,7f7ce5f2-f9aa-4850-8e21-5f4458622819,Meesho,google_play,hi,ne,False,बेहतर अनुभव,बेहतर अनुभव,बेहतर अनुभव,5,positive,0,False,2,2026-03-22 10:01:05+00:00,2026-03-16/2026-03-22,2026-03,27.1
1050,d96a9cde-a995-418f-94f2-b4b6b5e0e7f8,Meesho,google_play,hi,id,False,bahut acha hai but return jaldi pic up nhi karte hai,bahut acha hai but return jaldi pic up nhi karte hai,bahut acha hai but return jaldi pic up nhi karte hai,4,positive,0,False,11,2026-03-22 08:29:49+00:00,2026-03-16/2026-03-22,2026-03,27.2
1051,05e53469-2e05-42b9-a8c4-8f78a7b8a956,Meesho,google_play,hi,id,False,bahut achhi app he oor kharab aa jane par return oor pement bi aajata he mene aabi tak ek three bar return Kiya he oor bahut bar sahi aaya he,bahut achhi app he oor kharab aa jane par return oor pement bi aajata he mene aabi tak ek three bar return kiya he oor bahut bar sahi aaya he,bahut achhi app he oor kharab aa jane par return oor pement bi aajata he mene aabi tak ek three bar return kiya he oor bahut bar sahi aaya he,5,positive,0,False,30,2026-03-22 07:58:07+00:00,2026-03-16/2026-03-22,2026-03,27.2
1052,e0cb9d12-2312-4d84-842d-17ed8ea4f9f4,Meesho,google_play,hi,sq,False,meesho se Ham Apne kam ki chij Manga sakte the,meesho se ham apne kam ki chij manga sakte the,meesho se ham apne kam ki chij manga sakte the,5,positive,0,False,10,2026-03-22 07:01:42+00:00,2026-03-16/2026-03-22,2026-03,27.2
1053,0f72c059-562d-49e3-b391-fb1324eadf76,Meesho,google_play,hi,en,True,bahut achha aap hai aap iska upyog kre first' order pr discount Aaj hi download kre,bahut achha aap hai aap iska upyog kre first' order pr discount aaj hi download kre,bahut achha aap hai aap iska upyog kre first' order pr discount aaj hi download kre,5,positive,0,False,16,2026-03-22 05:29:26+00:00,2026-03-16/2026-03-22,2026-03,27.1
1054,30b5e847-5aee-42d1-9133-bbed654aa2b5,Meesho,google_play,hi,so,False,bahut badhiya hai,bahut badhiya hai,bahut badhiya hai,1,complaint,0,False,3,2026-03-21 22:07:57+00:00,2026-03-16/2026-03-22,2026-03,27.1
1055,137e6ca4-02a8-4937-b173-85e82fd913de,Meesho,google_play,hi,hi,False,जल्द 24माचॅ तक पहुंचा दिजिए,जल्द 24माचॅ तक पहुंचा दिजिए,जल्द 24माचॅ तक पहुंचा दिजिए,5,positive,1,False,5,2026-03-21 21:23:40+00:00,2026-03-16/2026-03-22,2026-03,26.6
1056,cfb5515f-a064-4c8b-abce-16f11b27ac83,Meesho,google_play,hi,hi,False,मुझे बहुत अच्छा लगा बहुत अच्छे से काम करता है सभी लोग बिक्री कर सकते हो ........................,मुझे बहुत अच्छा लगा बहुत अच्छे से काम करता है सभी लोग बिक्री कर सकते हो ..,मुझे बहुत अच्छा लगा बहुत अच्छे से काम करता है सभी लोग बिक्री कर सकते हो ..,5,positive,0,False,17,2026-03-21 21:20:56+00:00,2026-03-16/2026-03-22,2026-03,
1057,d74f582d-e53e-4b7e-80d4-960d8e747b73,Meesho,google_play,hi,hi,False,"बेकार एप है इसे कोई डाउनलोड ना करें, ना ही इसे इस्तेमाल करें क्योंकि ये चोर एप है इससे मैने एक स्मार्टवॉच मंगाया था जो कि मुझे खराब मिला ,स्विच ऑन नहीं हो रहा था रिटर्न किया तो रूपये रिफंड का झूठा (नकली) मैसेज भेजा लेकिन मुझे मेरे खाते में रिफंड नहीं मिला। कॉल करने पर बोलते हैं कि हम कुछ नहीं कर सकते।","बेकार एप है इसे कोई डाउनलोड ना करें, ना ही इसे इस्तेमाल करें क्योंकि ये चोर एप है इससे मैने एक स्मार्टवॉच मंगाया था जो कि मुझे खराब मिला ,स्विच ऑन नहीं हो रहा था रिटर्न किया तो रूपये रिफंड का झूठा नकली मैसेज भेजा लेकिन मुझे मेरे खाते में रिफंड नहीं मिला। कॉल करने पर बोलते हैं कि हम कुछ नहीं कर सकते।","बेकार एप है इसे कोई डाउनलोड ना करें, ना ही इसे इस्तेमाल करें क्योंकि ये चोर एप है इससे मैने एक स्मार्टवॉच मंगाया था जो कि मुझे खराब मिला ,स्विच ऑन नहीं हो रहा था रिटर्न किया तो रूपये रिफंड का झूठा नकली मैसेज भेजा लेकिन मुझे मेरे खाते में रिफंड नहीं मिला। कॉल करने पर बोलते हैं कि हम कुछ नहीं कर सकते।",1,complaint,0,False,64,2026-03-21 21:10:38+00:00,2026-03-16/2026-03-22,2026-03,
1058,c3b04035-73bc-41dc-b3c0-73742710271e,Meesho,google_play,hi,en,False,Best of meesho,best of meesho,best of meesho,5,positive,0,False,3,2026-03-21 18:04:01+00:00,2026-03-16/2026-03-22,2026-03,24.4.1
1059,3192a6a2-7dc4-4063-a94b-0835ade6630d,Meesho,google_play,hi,so,False,bahut badiya hai,bahut badiya hai,bahut badiya hai,5,positive,0,False,3,2026-03-21 16:41:39+00:00,2026-03-16/2026-03-22,2026-03,26.9
1060,151c9df4-f5a5-4730-aca7-271bbe375e7b,Meesho,google_play,hi,so,False,Bahut achha maal aata hai,bahut achha maal aata hai,bahut achha maal aata hai,2,complaint,0,False,5,2026-03-21 15:30:50+00:00,2026-03-16/2026-03-22,2026-03,
1061,7a069051-6921-4309-acb6-b14ed641d170,Meesho,google_play,hi,so,False,achha laga hai,achha laga hai,achha laga hai,5,positive,0,False,3,2026-03-21 14:07:27+00:00,2026-03-16/2026-03-22,2026-03,27.2
1062,4f97c6dc-2634-4a35-a7a8-419ed7d751d3,Meesho,google_play,hi,hi,False,इंडिया एक बहुत ही आसान ऐप है आप यहां से ही ऐप डाउनलोड कर सकते हैं बहुत आसान ऐप है आप कभी भी कर सकते,इंडिया एक बहुत ही आसान ऐप है आप यहां से ही ऐप डाउनलोड कर सकते हैं बहुत आसान ऐप है आप कभी भी कर सकते,इंडिया एक बहुत ही आसान ऐप है आप यहां से ही ऐप डाउनलोड कर सकते हैं बहुत आसान ऐप है आप कभी भी कर सकते,5,positive,3,False,25,2026-03-21 11:54:04+00:00,2026-03-16/2026-03-22,2026-03,27.2
1063,f8bd32b0-11d6-42b4-a447-030725822959,Meesho,google_play,hi,hi,False,मिस यू प्ले लेटर सहीनहीं है प्लीज से सही करो,मिस यू प्ले लेटर सहीनहीं है प्लीज से सही करो,मिस यू प्ले लेटर सहीनहीं है प्लीज से सही करो,1,complaint,1,False,10,2026-03-21 11:53:35+00:00,2026-03-16/2026-03-22,2026-03,27.2
1064,74836291-6ce0-4eec-8df2-55ad44f06a73,Meesho,google_play,hi,id,False,ye app bahut badiya hai,ye app bahut badiya hai,ye app bahut badiya hai,5,positive,0,False,5,2026-03-21 11:41:50+00:00,2026-03-16/2026-03-22,2026-03,27.1
1065,6413247b-ec0d-4712-b657-5b80ddfd10ab,Meesho,google_play,hi,hi,False,इस एप्लिकेशन से अच्छी अच्छी चीज ओनलाइन मंगवा सकतें हैं,इस एप्लिकेशन से अच्छी अच्छी चीज ओनलाइन मंगवा सकतें हैं,इस एप्लिकेशन से अच्छी अच्छी चीज ओनलाइन मंगवा सकतें हैं,5,positive,3,False,10,2026-03-21 11:29:26+00:00,2026-03-16/2026-03-22,2026-03,27.2
1066,e09569af-894b-477b-8fd7-9db19ca2d72f,Meesho,google_play,hi,en,True,bahut Achcha app hai,bahut achcha app hai,bahut achcha app hai,5,positive,0,False,4,2026-03-21 10:14:05+00:00,2026-03-16/2026-03-22,2026-03,
1067,0095c80b-4269-4a81-b79d-6191c25201dc,Meesho,google_play,hi,en,False,bahut acche,bahut acche,bahut acche,5,positive,0,False,2,2026-03-21 09:32:29+00:00,2026-03-16/2026-03-22,2026-03,27.2
1068,bfa78a7c-8ec4-4ef5-a3ac-81ec2e563ed0,Meesho,google_play,hi,ro,False,nice sarvice,nice sarvice,nice sarvice,5,positive,0,False,2,2026-03-21 08:30:29+00:00,2026-03-16/2026-03-22,2026-03,
1069,d90be4e4-12e0-437f-9e85-39c330d8f550,Meesho,google_play,hi,sw,False,ye bahut kam ki chij he,ye bahut kam ki chij he,ye bahut kam ki chij he,5,positive,0,False,6,2026-03-21 08:21:52+00:00,2026-03-16/2026-03-22,2026-03,
1070,33a0340d-5743-40ef-9150-e26c814f479b,Meesho,google_play,hi,id,False,bahut achcha. iske sath ek smart watch. Basant king 👑. Instagram ID. pasand king,bahut achcha. iske sath ek smart watch. basant king . instagram id. pasand king,bahut achcha. iske sath ek smart watch. basant king . instagram id. pasand king,5,positive,1,False,14,2026-03-21 06:57:20+00:00,2026-03-16/2026-03-22,2026-03,27.2
1071,e609ceda-4447-43f6-a22a-ac8120fb5018,Meesho,google_play,hi,nl,False,bhut ache prodect aate he,bhut ache prodect aate he,bhut ache prodect aate he,5,positive,0,False,5,2026-03-21 06:25:49+00:00,2026-03-16/2026-03-22,2026-03,27.0
1072,feceb5a6-c330-4c6d-bdb5-00d22ad6e15a,Meesho,google_play,hi,id,False,meesho me bahut jaldi odar pachuch jaata hai oar bhi ritan ki girenti hota hai,meesho me bahut jaldi odar pachuch jaata hai oar bhi ritan ki girenti hota hai,meesho me bahut jaldi odar pachuch jaata hai oar bhi ritan ki girenti hota hai,5,positive,0,False,15,2026-03-21 01:47:02+00:00,2026-03-16/2026-03-22,2026-03,27.2
1073,92e7827a-8c31-42a8-bd1b-6959102d47b6,Meesho,google_play,hi,id,False,yah aap bahut acha he is aap par kaphi sanadar chije or yah aap pese kamane ko bhi kam aata hai,yah aap bahut acha he is aap par kaphi sanadar chije or yah aap pese kamane ko bhi kam aata hai,yah aap bahut acha he is aap par kaphi sanadar chije or yah aap pese kamane ko bhi kam aata hai,5,positive,1,False,21,2026-03-20 20:16:41+00:00,2026-03-16/2026-03-22,2026-03,27.2
1074,91fafe0b-3418-475f-8084-0a56013147ee,Meesho,google_play,hi,da,False,very gud sa,very gud sa,very gud sa,5,positive,0,False,3,2026-03-20 16:35:48+00:00,2026-03-16/2026-03-22,2026-03,27.2
1075,b59cf932-d6d5-4534-938b-40db54bc6486,Meesho,google_play,hi,en,True,meeso se kabi koi product mat lena bhot hwi gatiya aap he ye isme return ke liye request daalo to ye caal na uthata he or na hei refund case nai aata he. or sabse gatiya aap he messo,meeso se kabi koi product mat lena bhot hwi gatiya aap he ye isme return ke liye request daalo to ye caal na uthata he or na hei refund case nai aata he. or sabse gatiya aap he messo,meeso se kabi koi product mat lena bhot hwi gatiya aap he ye isme return ke liye request daalo to ye caal na uthata he or na hei refund case nai aata he. or sabse gatiya aap he messo,1,complaint,2,False,39,2026-03-20 16:22:25+00:00,2026-03-16/2026-03-22,2026-03,27.2
1076,c9b61e4a-a903-4a1d-b059-0b3f61706fbb,Meesho,google_play,hi,hi,False,बहुत सुंदर है,बहुत सुंदर है,बहुत सुंदर है,5,positive,1,False,3,2026-03-20 11:58:49+00:00,2026-03-16/2026-03-22,2026-03,26.7
1077,06a58e19-e31e-4e73-99c2-5282ac6f15ba,Meesho,google_play,hi,en,False,achha app h,achha app h,achha app h,5,positive,0,False,3,2026-03-20 10:41:36+00:00,2026-03-16/2026-03-22,2026-03,27.1
1078,798102a7-6e68-4e4f-89f8-5ec215346dac,Meesho,google_play,hi,en,False,meesho ache parais or ache mal ke sath prodkt deta h,meesho ache parais or ache mal ke sath prodkt deta h,meesho ache parais or ache mal ke sath prodkt deta h,5,positive,0,False,11,2026-03-20 09:34:37+00:00,2026-03-16/2026-03-22,2026-03,27.2
1079,5b9e7c10-de6e-483a-8d5d-4ba6f663d13c,Meesho,google_play,hi,en,False,that is too good,that is too good,that is too good,5,positive,0,False,4,2026-03-20 09:21:44+00:00,2026-03-16/2026-03-22,2026-03,27.1
1080,fad9c8f2-999e-4037-8855-05ab82f74944,Meesho,google_play,hi,hi,False,हमने meesho से बहुत प्रोडक्ट लिया बहुत अच्छा सामान आता है लेकिन कुछ विक्रेता घटिया प्रोडक्ट भेजते हैं फ्रूट प्लांट तो 10%ही ठीक होते हैं प्लांट अच्छे ओर बड़े होने चाहिए,हमने meesho से बहुत प्रोडक्ट लिया बहुत अच्छा सामान आता है लेकिन कुछ विक्रेता घटिया प्रोडक्ट भेजते हैं फ्रूट प्लांट तो 10 ही ठीक होते हैं प्लांट अच्छे ओर बड़े होने चाहिए,हमने meesho से बहुत प्रोडक्ट लिया बहुत अच्छा सामान आता है लेकिन कुछ विक्रेता घटिया प्रोडक्ट भेजते हैं फ्रूट प्लांट तो 10 ही ठीक होते हैं प्लांट अच्छे ओर बड़े होने चाहिए,5,positive,6,False,32,2026-03-20 08:54:19+00:00,2026-03-16/2026-03-22,2026-03,27.2
1081,1096e1be-de4f-4845-953f-45233d21adf9,Meesho,google_play,hi,hi,False,बहुत ही बेकार ऐप है इसमें ज्यादा टाइम लगाते हैं,बहुत ही बेकार ऐप है इसमें ज्यादा टाइम लगाते हैं,बहुत ही बेकार ऐप है इसमें ज्यादा टाइम लगाते हैं,1,complaint,0,False,10,2026-03-20 08:27:51+00:00,2026-03-16/2026-03-22,2026-03,
1082,d1f5fd40-f780-4c24-848d-f02cd859bfac,Meesho,google_play,hi,hi,False,यह ऐप अच्छा है और अच्छे अच्छे प्रोडक्ट मिलते हैं एवं समय पर पार्सल डिलीवरी हो जाता है,यह ऐप अच्छा है और अच्छे अच्छे प्रोडक्ट मिलते हैं एवं समय पर पार्सल डिलीवरी हो जाता है,यह ऐप अच्छा है और अच्छे अच्छे प्रोडक्ट मिलते हैं एवं समय पर पार्सल डिलीवरी हो जाता है,5,positive,3,False,18,2026-03-20 06:51:52+00:00,2026-03-16/2026-03-22,2026-03,27.2
1083,e1cab20f-747f-4fff-8585-4bab4cd427c3,Meesho,google_play,hi,af,False,good very good,good very good,good very good,5,positive,0,False,3,2026-03-20 05:38:29+00:00,2026-03-16/2026-03-22,2026-03,27.2
1084,4c50d936-48a1-4782-9011-42dc85ac46ec,Meesho,google_play,hi,so,False,bahut aachha hai,bahut aachha hai,bahut aachha hai,5,positive,1,False,3,2026-03-19 23:43:08+00:00,2026-03-16/2026-03-22,2026-03,27.2
1085,b372927a-7642-4490-9b8e-0e2d971c6ecb,Meesho,google_play,hi,en,False,bohut acha,bohut acha,bohut acha,5,positive,0,False,2,2026-03-19 21:57:24+00:00,2026-03-16/2026-03-22,2026-03,27.1
1086,800191c4-1e3c-4b91-9104-facee862f638,Meesho,google_play,hi,id,False,bahut jyada badiya aap or kam dam me milne wale product or service bhi beast hai aur business bhi kar sakte hai ❤️🙂,bahut jyada badiya aap or kam dam me milne wale product or service bhi beast hai aur business bhi kar sakte hai,bahut jyada badiya aap or kam dam me milne wale product or service bhi beast hai aur business bhi kar sakte hai,5,positive,0,False,22,2026-03-19 21:53:26+00:00,2026-03-16/2026-03-22,2026-03,
1087,f8aaf3cc-9544-4ebe-aeba-c8892b348f74,Meesho,google_play,hi,en,False,Verification field bataya,verification field bataya,verification field bataya,1,complaint,0,False,3,2026-03-19 21:12:34+00:00,2026-03-16/2026-03-22,2026-03,27.2
1088,a65b021f-0fa6-43e1-ae6e-fe6a2807d2ce,Meesho,google_play,hi,hi,False,मेरा नम्बर विरिफाई नही हो रहा है इह ठिक करो युजर वेरिफाई फिल्ड बता रहा है जितना हो सके उतना जल्दी ठिक कर सर 🙏,मेरा नम्बर विरिफाई नही हो रहा है इह ठिक करो युजर वेरिफाई फिल्ड बता रहा है जितना हो सके उतना जल्दी ठिक कर सर,मेरा नम्बर विरिफाई नही हो रहा है इह ठिक करो युजर वेरिफाई फिल्ड बता रहा है जितना हो सके उतना जल्दी ठिक कर सर,5,positive,0,False,24,2026-03-19 17:35:21+00:00,2026-03-16/2026-03-22,2026-03,26.9
1089,4b321dda-a03a-4d8f-9b24-28f8bea3ae67,Meesho,google_play,hi,so,False,yaha bahut badiya aap hai,yaha bahut badiya aap hai,yaha bahut badiya aap hai,5,positive,0,False,5,2026-03-19 17:28:55+00:00,2026-03-16/2026-03-22,2026-03,26.9
1090,87a4f1c8-5d59-47ed-b031-279e6fd4a516,Meesho,google_play,hi,hi,False,मेरा ऑर्डर क्यों नहीं हो रहा है सर,मेरा ऑर्डर क्यों नहीं हो रहा है सर,मेरा ऑर्डर क्यों नहीं हो रहा है सर,5,positive,0,False,8,2026-03-19 16:04:17+00:00,2026-03-16/2026-03-22,2026-03,27.0
1091,517af417-3328-4114-9224-bd95dcb47811,Meesho,google_play,hi,et,False,sabse accha sopping app hai ye isse jyada saste kapde kahi bhi nahi milte thank you meesho,sabse accha sopping app hai ye isse jyada saste kapde kahi bhi nahi milte thank you meesho,sabse accha sopping app hai ye isse jyada saste kapde kahi bhi nahi milte thank you meesho,5,positive,0,False,17,2026-03-19 15:37:15+00:00,2026-03-16/2026-03-22,2026-03,27.1
1092,b9122865-9b3f-4f8f-a64e-08a521d8f444,Meesho,google_play,hi,vi,False,meesho nhi chalta,meesho nhi chalta,meesho nhi chalta,5,positive,1,False,3,2026-03-19 14:09:21+00:00,2026-03-16/2026-03-22,2026-03,27.2
1093,5ec65962-8f7d-4e42-aa74-f299aa19c3ae,Meesho,google_play,hi,hi,False,अच्छा है बस डिलीवरी 48 घंटे में करने की सुविधा देगी जगराओं को जिससे ग्राहक खुश हो और शॉपिंग करें,अच्छा है बस डिलीवरी 48 घंटे में करने की सुविधा देगी जगराओं को जिससे ग्राहक खुश हो और शॉपिंग करें,अच्छा है बस डिलीवरी 48 घंटे में करने की सुविधा देगी जगराओं को जिससे ग्राहक खुश हो और शॉपिंग करें,5,positive,3,False,20,2026-03-19 13:45:14+00:00,2026-03-16/2026-03-22,2026-03,27.2
1094,08e284ed-7eb8-4308-b22f-e03da568a9e0,Meesho,google_play,hi,en,False,I opinion is that app is useless Because my order is rutern and it sow return failed they did not give my money back and not give my order please is app per viswas nahi karna starting me 5 Star Jalsa melja,i opinion is that app is useless because my order is rutern and it sow return failed they did not give my money back and not give my order please is app per viswas nahi karna starting me 5 star jalsa melja,i opinion is that app is useless because my order is rutern and it sow return failed they did not give my money back and not give my order please is app per viswas nahi karna starting me 5 star jalsa melja,1,complaint,0,False,42,2026-03-19 13:27:40+00:00,2026-03-16/2026-03-22,2026-03,27.2
1096,2c6edce0-9971-4ed4-9c4c-74baa1558c89,Meesho,google_play,hi,id,False,kapada kharidna,kapada kharidna,kapada kharidna,5,positive,0,False,2,2026-03-19 12:11:16+00:00,2026-03-16/2026-03-22,2026-03,
1097,4c85894a-1b11-49a3-8316-3bbbdededd0c,Meesho,google_play,hi,hi,False,बहुत अच्छा और भरोसेमंद ऐप है,बहुत अच्छा और भरोसेमंद ऐप है,बहुत अच्छा और भरोसेमंद ऐप है,5,positive,0,False,6,2026-03-19 12:09:38+00:00,2026-03-16/2026-03-22,2026-03,27.2
1098,ad8cbd78-be65-4753-8e26-52feeec783f7,Meesho,google_play,hi,hi,False,बहुत बेहतर,बहुत बेहतर,बहुत बेहतर,5,positive,0,False,2,2026-03-19 11:10:53+00:00,2026-03-16/2026-03-22,2026-03,
1099,0cdf2e4f-d1f4-4758-8752-caa561408d1d,Meesho,google_play,hi,id,False,bhut Sundar hai,bhut sundar hai,bhut sundar hai,5,positive,0,False,3,2026-03-19 10:35:28+00:00,2026-03-16/2026-03-22,2026-03,27.2
1100,72ab0702-cbf5-41a0-b062-4f0b71b6dbc8,Meesho,google_play,hi,id,False,bahut jada acha hai,bahut jada acha hai,bahut jada acha hai,5,positive,0,False,4,2026-03-19 10:06:55+00:00,2026-03-16/2026-03-22,2026-03,
1101,cfef8661-1e4b-4123-831a-550d0d8bf918,Meesho,google_play,hi,id,False,kam price me bhahut badiya chiz,kam price me bhahut badiya chiz,kam price me bhahut badiya chiz,5,positive,0,False,6,2026-03-19 09:30:13+00:00,2026-03-16/2026-03-22,2026-03,
1102,ccdf8c93-b5ea-421a-baec-57091001e53a,Meesho,google_play,hi,fi,False,isme cash on delivery ka option nahi aa raha hai aur ye zaruri nahi hai ki sab koi online payment he chalta Ho ye bhout bura laga mujhe main aspse request karti hu cash on delivery ka option kar dijiye,isme cash on delivery ka option nahi aa raha hai aur ye zaruri nahi hai ki sab koi online payment he chalta ho ye bhout bura laga mujhe main aspse request karti hu cash on delivery ka option kar dijiye,isme cash on delivery ka option nahi aa raha hai aur ye zaruri nahi hai ki sab koi online payment he chalta ho ye bhout bura laga mujhe main aspse request karti hu cash on delivery ka option kar dijiye,1,complaint,1,False,40,2026-03-19 08:51:39+00:00,2026-03-16/2026-03-22,2026-03,27.1
1103,b9c53a9a-e8ef-40da-9cf7-46dedf9500c0,Meesho,google_play,hi,hi,False,समान सही नहीं है,समान सही नहीं है,समान सही नहीं है,4,positive,0,False,4,2026-03-18 23:45:44+00:00,2026-03-16/2026-03-22,2026-03,
1104,a8aced85-fddc-4afa-b5f3-d5adf19579b4,Meesho,google_play,hi,id,False,yah app bahut jabar dast he,yah app bahut jabar dast he,yah app bahut jabar dast he,5,positive,1,False,6,2026-03-18 20:41:15+00:00,2026-03-16/2026-03-22,2026-03,27.2
1105,72948fe6-07de-425b-a1a3-a9e02f4889e0,Meesho,google_play,hi,hi,False,मीसो में जल्दी ऑर्डर नहीं आता है मैंने एक बल्लभ आया था एक महीना के बाद उसने लाख दिया,मीसो में जल्दी ऑर्डर नहीं आता है मैंने एक बल्लभ आया था एक महीना के बाद उसने लाख दिया,मीसो में जल्दी ऑर्डर नहीं आता है मैंने एक बल्लभ आया था एक महीना के बाद उसने लाख दिया,5,positive,1,False,19,2026-03-18 18:07:22+00:00,2026-03-16/2026-03-22,2026-03,26.9
1106,4916dd8d-51d2-47b0-a52e-c41fa252f96e,Meesho,google_play,hi,hi,False,बहुत अच्छा ऐपहै,बहुत अच्छा ऐपहै,बहुत अच्छा ऐपहै,5,positive,1,False,3,2026-03-18 17:00:05+00:00,2026-03-16/2026-03-22,2026-03,27.2
1107,3200d609-6f30-4a85-97a9-92ffc4d8e996,Meesho,google_play,hi,sq,False,l love u meesho,l love u meesho,l love u meesho,5,positive,0,False,4,2026-03-18 16:13:12+00:00,2026-03-16/2026-03-22,2026-03,27.1
1108,f70341a6-f200-4088-b784-418cfee80838,Meesho,google_play,hi,mr,False,अच्छा सर्विस,अच्छा सर्विस,अच्छा सर्विस,5,positive,0,False,2,2026-03-18 09:56:12+00:00,2026-03-16/2026-03-22,2026-03,26.9
1109,f2a07dcb-c9f4-4cc6-92f1-6f71e7956b34,Meesho,google_play,hi,sw,False,aachha app hai,aachha app hai,aachha app hai,5,positive,0,False,3,2026-03-18 08:16:28+00:00,2026-03-16/2026-03-22,2026-03,27.2
1110,d189828f-ea14-4441-a9ce-767725ed9dcc,Meesho,google_play,hi,sw,False,ji kanchan,ji kanchan,ji kanchan,5,positive,0,False,2,2026-03-18 08:15:43+00:00,2026-03-16/2026-03-22,2026-03,
1111,926488a0-3836-4bf8-911d-53bc09e92b5e,Meesho,google_play,hi,en,True,achha app hai,achha app hai,achha app hai,5,positive,0,False,3,2026-03-18 08:02:27+00:00,2026-03-16/2026-03-22,2026-03,27.0
1113,69285163-0281-42df-9833-9f040f4d31e0,Meesho,google_play,hi,so,False,Rahul Kumar 4G 👍 Jio,rahul kumar 4g jio,rahul kumar 4g jio,1,complaint,0,False,4,2026-03-18 01:36:52+00:00,2026-03-16/2026-03-22,2026-03,27.1
1115,a65e306f-0618-46c2-bc21-ad9f2423e681,Meesho,google_play,hi,id,False,sab theek Hai Magar delivery boy jyada der tak nahin rukta Hai,sab theek hai magar delivery boy jyada der tak nahin rukta hai,sab theek hai magar delivery boy jyada der tak nahin rukta hai,5,positive,0,False,12,2026-03-17 21:35:26+00:00,2026-03-16/2026-03-22,2026-03,27.0
1116,2d7539fd-4b18-4b5b-a4a8-537784d3ea61,Meesho,google_play,hi,cy,False,sab thik hai par kuch order nhi ho rha,sab thik hai par kuch order nhi ho rha,sab thik hai par kuch order nhi ho rha,5,positive,0,False,9,2026-03-17 21:23:04+00:00,2026-03-16/2026-03-22,2026-03,
1117,d8529a13-6f4e-415a-bd2b-e6099db5d3f6,Meesho,google_play,hi,hi,False,मेरे यह मीशो एप खुल नहीं रहा है कंपनी से बोल रहा है बात करने को इसे सही करें,मेरे यह मीशो एप खुल नहीं रहा है कंपनी से बोल रहा है बात करने को इसे सही करें,मेरे यह मीशो एप खुल नहीं रहा है कंपनी से बोल रहा है बात करने को इसे सही करें,3,mixed,0,False,19,2026-03-17 21:00:01+00:00,2026-03-16/2026-03-22,2026-03,25.4
1118,09b19336-6e55-493a-a760-d6f49917828d,Meesho,google_play,hi,no,False,delivery time per nahi hoti aur agent phone karne per cut kar deta hai,delivery time per nahi hoti aur agent phone karne per cut kar deta hai,delivery time per nahi hoti aur agent phone karne per cut kar deta hai,1,complaint,1,False,14,2026-03-17 19:56:37+00:00,2026-03-16/2026-03-22,2026-03,27.1
1119,6527537f-c986-476b-98dd-d999ab2b77ed,Meesho,google_play,hi,et,False,mast or sakta minho aap,mast or sakta minho aap,mast or sakta minho aap,5,positive,0,False,5,2026-03-17 19:52:45+00:00,2026-03-16/2026-03-22,2026-03,27.1
1120,0069010e-800f-43d6-b89c-e2320540b1d6,Meesho,google_play,hi,hi,False,अच्छा है पर मेरे कैश ऑन डिलीवरी का ऑप्शन नहीं आ रहा है,अच्छा है पर मेरे कैश ऑन डिलीवरी का ऑप्शन नहीं आ रहा है,अच्छा है पर मेरे कैश ऑन डिलीवरी का ऑप्शन नहीं आ रहा है,5,positive,0,False,13,2026-03-17 18:13:45+00:00,2026-03-16/2026-03-22,2026-03,
1121,717ff8a6-8e7b-4288-9a8f-cc89e861d0d5,Meesho,google_play,hi,so,False,wow kitna badiya hai,wow kitna badiya hai,wow kitna badiya hai,5,positive,0,False,4,2026-03-17 17:56:23+00:00,2026-03-16/2026-03-22,2026-03,23.7
1122,0f876786-a03e-495e-9929-04100b0f76a7,Meesho,google_play,hi,hi,False,बेकार एप्लीकेशन ने आर्डर होने के बाद भी आर्डर नहीं पहुंचा,बेकार एप्लीकेशन ने आर्डर होने के बाद भी आर्डर नहीं पहुंचा,बेकार एप्लीकेशन ने आर्डर होने के बाद भी आर्डर नहीं पहुंचा,1,complaint,1,False,11,2026-03-17 17:37:38+00:00,2026-03-16/2026-03-22,2026-03,27.1
1123,4663b958-6b77-42d6-a247-a8f38897e8f0,Meesho,google_play,hi,so,False,muje ye app bhut good laga,muje ye app bhut good laga,muje ye app bhut good laga,5,positive,0,False,6,2026-03-17 16:38:50+00:00,2026-03-16/2026-03-22,2026-03,
1125,76109eda-d2f9-42b8-a1e7-d5277744f78c,Meesho,google_play,hi,id,False,sirf naam ka hai meesho order milta nahin hai idhar order karne per bhi nahin milta,sirf naam ka hai meesho order milta nahin hai idhar order karne per bhi nahin milta,sirf naam ka hai meesho order milta nahin hai idhar order karne per bhi nahin milta,1,complaint,0,False,16,2026-03-17 14:21:37+00:00,2026-03-16/2026-03-22,2026-03,27.1
1126,55683486-b4e2-405b-b817-4c3e72b9d29c,Meesho,google_play,hi,hi,False,जो भी आर्डर करते हैं सही टेम पर मिलते हैं और बहुत ज्यादा सुन्दर आते हैं जैसे हम चाहते हैं,जो भी आर्डर करते हैं सही टेम पर मिलते हैं और बहुत ज्यादा सुन्दर आते हैं जैसे हम चाहते हैं,जो भी आर्डर करते हैं सही टेम पर मिलते हैं और बहुत ज्यादा सुन्दर आते हैं जैसे हम चाहते हैं,5,positive,0,False,20,2026-03-17 14:21:27+00:00,2026-03-16/2026-03-22,2026-03,
1127,7b167d77-92b6-49da-8ca5-3645d25e2375,Meesho,google_play,hi,hi,False,बहुत अच्छा ऐप है इसकी अच्छी डिलीवरी है और जल्दी डिलीवरी प्राप्त होती है धन्यवाद मेशो!,बहुत अच्छा ऐप है इसकी अच्छी डिलीवरी है और जल्दी डिलीवरी प्राप्त होती है धन्यवाद मेशो!,बहुत अच्छा ऐप है इसकी अच्छी डिलीवरी है और जल्दी डिलीवरी प्राप्त होती है धन्यवाद मेशो!,5,positive,0,False,16,2026-03-17 13:39:12+00:00,2026-03-16/2026-03-22,2026-03,
1128,cd016b89-a8eb-4c45-8e1c-93c09514b909,Meesho,google_play,hi,hi,False,यह बहुत अच्छा है,यह बहुत अच्छा है,यह बहुत अच्छा है,5,positive,0,False,4,2026-03-17 12:32:22+00:00,2026-03-16/2026-03-22,2026-03,27.1
1129,82617f4f-cbd1-4f01-aee8-9e774b5a6d6c,Meesho,google_play,hi,hi,False,अच्छी सुविधा है घर बैठे हर समान मिलता है रिटेन की सुविधा भी अच्छी है कोई तिक्त नहीं होती है,अच्छी सुविधा है घर बैठे हर समान मिलता है रिटेन की सुविधा भी अच्छी है कोई तिक्त नहीं होती है,अच्छी सुविधा है घर बैठे हर समान मिलता है रिटेन की सुविधा भी अच्छी है कोई तिक्त नहीं होती है,5,positive,4,False,20,2026-03-17 11:57:34+00:00,2026-03-16/2026-03-22,2026-03,27.1
1131,d7259513-b27a-4721-a6e4-ec9d5bc2cdef,Meesho,google_play,hi,hi,False,हम मिसो ऐप ईस माल नही कर पा रहे है,हम मिसो ऐप ईस माल नही कर पा रहे है,हम मिसो ऐप ईस माल नही कर पा रहे है,5,positive,0,False,10,2026-03-17 10:00:19+00:00,2026-03-16/2026-03-22,2026-03,
1132,954e6e77-dbe2-4a23-b2c8-e10ddbbbf303,Meesho,google_play,hi,nl,False,oppion meesho,oppion meesho,oppion meesho,1,complaint,0,False,2,2026-03-17 09:57:21+00:00,2026-03-16/2026-03-22,2026-03,27.1
1133,b1f954ac-d558-4804-81d1-5ce7fcd072b5,Meesho,google_play,hi,en,False,this is good online odered app,this is good online odered app,this is good online odered app,5,positive,0,False,6,2026-03-17 08:47:20+00:00,2026-03-16/2026-03-22,2026-03,27.1
1134,aea8bc14-03e0-4fc6-84b2-c027db4e9ad1,Meesho,google_play,hi,id,False,yah bahut ghatiya application hai isane mere account Ko bagair Kisi galat kam ke band kar diya hai,yah bahut ghatiya application hai isane mere account ko bagair kisi galat kam ke band kar diya hai,yah bahut ghatiya application hai isane mere account ko bagair kisi galat kam ke band kar diya hai,1,complaint,1,False,18,2026-03-17 07:48:55+00:00,2026-03-16/2026-03-22,2026-03,27.2
1135,83a8b126-7265-4b69-9b2b-d9fa0e1ba8d8,Meesho,google_play,hi,hi,False,अच्छा ऐप है अच्छा सामान आताहै समान नहीं आने पर पैसा रिफंड कर देता है,अच्छा ऐप है अच्छा सामान आताहै समान नहीं आने पर पैसा रिफंड कर देता है,अच्छा ऐप है अच्छा सामान आताहै समान नहीं आने पर पैसा रिफंड कर देता है,5,positive,1,False,15,2026-03-17 00:06:08+00:00,2026-03-16/2026-03-22,2026-03,27.0
1136,3beacaac-d9c3-4f18-a910-385f8b364a95,Meesho,google_play,hi,hi,False,बहुत ग़लत ए,बहुत ग़लत ए,बहुत ग़लत ए,1,complaint,0,False,3,2026-03-16 22:57:44+00:00,2026-03-16/2026-03-22,2026-03,24.3
1137,010bf82b-d71a-4895-b044-f6e2c1762ee5,Meesho,google_play,hi,hi,False,बहुत पसंद है,बहुत पसंद है,बहुत पसंद है,5,positive,0,False,3,2026-03-16 21:47:35+00:00,2026-03-16/2026-03-22,2026-03,26.9
1138,6f1dc33e-c3b6-4d6e-af48-ae44cba0d25a,Meesho,google_play,hi,hi,False,बहुत सुन्दर है,बहुत सुन्दर है,बहुत सुन्दर है,5,positive,1,False,3,2026-03-16 21:04:29+00:00,2026-03-16/2026-03-22,2026-03,27.0
1139,0f0cbbd7-aa8d-4992-b42a-5643c9ef4d51,Meesho,google_play,hi,id,False,yah app bahut hi badhiya app hai jisse Maine shopping ki hai to use mujhe bahut jyada Labh prapt hua hai,yah app bahut hi badhiya app hai jisse maine shopping ki hai to use mujhe bahut jyada labh prapt hua hai,yah app bahut hi badhiya app hai jisse maine shopping ki hai to use mujhe bahut jyada labh prapt hua hai,5,positive,0,False,21,2026-03-16 20:10:18+00:00,2026-03-16/2026-03-22,2026-03,18.3.1
1140,c81f3bd7-02b8-432b-9b2c-6b652e7807d0,Meesho,google_play,hi,hi,False,"मिशो बहुत अच्छा प्लेट फार्म है, हर चीज बढ़िया व सही रेट में मिल जाती है।","मिशो बहुत अच्छा प्लेट फार्म है, हर चीज बढ़िया व सही रेट में मिल जाती है।","मिशो बहुत अच्छा प्लेट फार्म है, हर चीज बढ़िया व सही रेट में मिल जाती है।",5,positive,4,False,16,2026-03-16 19:24:55+00:00,2026-03-16/2026-03-22,2026-03,27.1
1141,f9e1448a-4563-4020-81fe-a0073bee6670,Meesho,google_play,hi,en,False,suppray hui his,suppray hui his,suppray hui his,5,positive,0,False,3,2026-03-16 18:19:08+00:00,2026-03-16/2026-03-22,2026-03,
1142,011efe56-eae4-475c-914b-a0b1b0969f52,Meesho,google_play,hi,id,False,bahut hi achha aap hai jo bhi saman magao vo kam price me milta hai,bahut hi achha aap hai jo bhi saman magao vo kam price me milta hai,bahut hi achha aap hai jo bhi saman magao vo kam price me milta hai,5,positive,0,False,15,2026-03-16 17:32:35+00:00,2026-03-16/2026-03-22,2026-03,27.1
1143,acbca451-9f1e-43ad-946e-1b0927bf47d9,Meesho,google_play,hi,id,False,gift milega to 5 star rating de rakhe rakhunga lekin gift nahin mila to nahin bata dunga,gift milega to 5 star rating de rakhe rakhunga lekin gift nahin mila to nahin bata dunga,gift milega to 5 star rating de rakhe rakhunga lekin gift nahin mila to nahin bata dunga,5,positive,0,False,17,2026-03-16 17:24:36+00:00,2026-03-16/2026-03-22,2026-03,
1144,a3ecb63d-b5e1-4bf5-8a19-0edaf0f61485,Meesho,google_play,hi,id,False,shi bhut acha bdiya offer ke shat online shoping bi kar skte yagaga babvaha hVvAhh hHhHH hHhHH JHBHh JHH,shi bhut acha bdiya offer ke shat online shoping bi kar skte yagaga babvaha hvvahh hh hh jhbhh jhh,shi bhut acha bdiya offer ke shat online shoping bi kar skte yagaga babvaha hvvahh hh hh jhbhh jhh,5,positive,0,False,19,2026-03-16 17:07:21+00:00,2026-03-16/2026-03-22,2026-03,
1145,53435be2-13a9-4fa9-ade7-863b4c5c79f1,Meesho,google_play,hi,id,False,bahut Achcha App se hai yah,bahut achcha app se hai yah,bahut achcha app se hai yah,5,positive,0,False,6,2026-03-16 16:36:39+00:00,2026-03-16/2026-03-22,2026-03,
1146,be171cd4-0ccd-454b-b372-c60dfc1c216c,Meesho,google_play,hi,id,False,ye bahut bahut achha hai isme bahut achha saman milta hai,ye bahut bahut achha hai isme bahut achha saman milta hai,ye bahut bahut achha hai isme bahut achha saman milta hai,5,positive,0,False,11,2026-03-16 13:58:11+00:00,2026-03-16/2026-03-22,2026-03,26.9
1147,bad66ec9-0796-4e38-ba30-127d2cdccf32,Meesho,google_play,hi,id,False,"kuch had tak thik hai, jayadatar mal satock me nahi rahta","kuch had tak thik hai, jayadatar mal satock me nahi rahta","kuch had tak thik hai, jayadatar mal satock me nahi rahta",5,positive,1,False,11,2026-03-16 12:36:34+00:00,2026-03-16/2026-03-22,2026-03,27.1
1148,a42d96ac-01ed-4f32-b0fe-e5b5aa9e4034,Meesho,google_play,hi,so,False,meesho app bahut badhiya online saman kharidne wala aur agar aapko product hai to aap ise aasani se order wapas kar sakte hey I love meesho ❤️❤️❤️❤️😘😘😘😘❤️😘❤️😘😘,meesho app bahut badhiya online saman kharidne wala aur agar aapko product hai to aap ise aasani se order wapas kar sakte hey i love meesho,meesho app bahut badhiya online saman kharidne wala aur agar aapko product hai to aap ise aasani se order wapas kar sakte hey i love meesho,5,positive,1,False,26,2026-03-16 11:04:45+00:00,2026-03-16/2026-03-22,2026-03,27.0
1149,4194e974-086f-45e3-86e2-943c88da5baa,Meesho,google_play,hi,en,False,is app se bahut hi shandar shop kar sakte he iske product bahut acgr he,is app se bahut hi shandar shop kar sakte he iske product bahut acgr he,is app se bahut hi shandar shop kar sakte he iske product bahut acgr he,5,positive,0,False,15,2026-03-16 09:40:38+00:00,2026-03-16/2026-03-22,2026-03,27.0
1150,238cc098-06fd-4ed8-a3f2-a816d32de549,Meesho,google_play,hi,en,False,good app and discount available items good quality,good app and discount available items good quality,good app and discount available items good quality,5,positive,0,False,8,2026-03-16 07:59:40+00:00,2026-03-16/2026-03-22,2026-03,
1151,82cfa2fb-9bd0-40b9-ae1e-432ac4075e1a,Meesho,google_play,hi,id,False,yah app bahut Achcha hai लेन-देन ke bare mein,yah app bahut achcha hai लेन-देन ke bare mein,yah app bahut achcha hai लेन-देन ke bare mein,5,positive,1,False,9,2026-03-16 07:44:12+00:00,2026-03-16/2026-03-22,2026-03,27.1
1152,e22978f0-53d0-4cad-a68d-91518a87021a,Meesho,google_play,hi,en,False,cash on delivery 🚚🚚 not available 😕😞 please check with my account 😞😞,cash on delivery not available please check with my account,cash on delivery not available please check with my account,1,complaint,0,False,10,2026-03-16 07:42:49+00:00,2026-03-16/2026-03-22,2026-03,27.1
1153,2570e9c2-1be0-4744-915b-91982cae4203,Meesho,google_play,hi,en,False,good very good app👍,good very good app,good very good app,5,positive,0,False,4,2026-03-16 00:18:12+00:00,2026-03-16/2026-03-22,2026-03,27.1
1154,114f6a50-5be4-47d7-ad1d-ab08164fc9c3,Nykaa,google_play,en,en,True,such a scam this app is... whenever I tried some coupons and wanted to redeem some points...my products never got delivered...!!! always they attempt to dilivery and then my dilivery got cancelled and the reason is been told that I refused it...which didn't happen at all...they don't even try to dilivery at the proper date...such a disgusting app this is..this is total a scam..!!.,such a scam this app is... whenever i tried some coupons and wanted to redeem some points...my products never got delivered...!!! always they attempt to dilivery and then my dilivery got cancelled and the reason is been told that i refused it...which didn't happen at all...they don't even try to dilivery at the proper date...such a disgusting app this is..this is total a scam..!!.,such a scam this app is... whenever i tried some coupons and wanted to redeem some points...my products never got delivered...!!! always they attempt to dilivery and then my dilivery got cancelled and the reason is been told that i refused it...which didn't happen at all...they don't even try to dilivery at the proper date...such a disgusting app this is..this is total a scam..!!.,1,complaint,0,False,64,2026-04-02 21:26:32+00:00,2026-03-30/2026-04-05,2026-04,3.9.5
1155,a5b5bb5f-9818-4321-9fbb-1d0ad3dbc39e,Nykaa,google_play,en,en,False,best products,best products,best products,5,positive,0,False,2,2026-04-02 19:57:25+00:00,2026-03-30/2026-04-05,2026-04,3.9.4
1156,328049d9-8a42-4546-854e-7f3489ae9d19,Nykaa,google_play,en,en,False,best app for shopping at home 🏠💙🩷,best app for shopping at home,best app for shopping at home,5,positive,0,False,6,2026-04-02 19:32:28+00:00,2026-03-30/2026-04-05,2026-04,3.9.4
1157,2f56a791-751a-4072-9c88-95840f7fc5f2,Nykaa,google_play,en,en,False,very unsupported team of nykaa.,very unsupported team of nykaa.,very unsupported team of nykaa.,1,complaint,0,False,5,2026-04-02 19:25:44+00:00,2026-03-30/2026-04-05,2026-04,3.9.5
1158,fefacbf4-856e-4cb2-93cb-dc96fcf47896,Nykaa,google_play,en,en,False,they have bad morals as a company paying anti- feminist people to do their campains.,they have bad morals as a company paying anti- feminist people to do their campains.,they have bad morals as a company paying anti- feminist people to do their campains.,1,complaint,0,False,15,2026-04-02 19:18:58+00:00,2026-03-30/2026-04-05,2026-04,3.2.9
1159,29572f39-49d7-46f2-8567-852285ce4d51,Nykaa,google_play,en,en,False,There is no offer in the month being,there is no offer in the month being,there is no offer in the month being,1,complaint,0,False,8,2026-04-02 19:02:37+00:00,2026-03-30/2026-04-05,2026-04,3.9.5
1160,7014fbf1-20d6-4849-9d6a-38b225b07245,Nykaa,google_play,en,en,False,I used this app 8 year ✨️ good app good makeup items tq nyka🫶,i used this app 8 year good app good makeup items tq nyka,i used this app 8 year good app good makeup items tq nyka,5,positive,0,False,13,2026-04-02 18:53:49+00:00,2026-03-30/2026-04-05,2026-04,3.9.5
1161,649fc08c-365a-4560-842c-f9101b6c00e2,Nykaa,google_play,en,en,False,delivery very slow.,delivery very slow.,delivery very slow.,1,complaint,0,False,3,2026-04-02 18:45:46+00:00,2026-03-30/2026-04-05,2026-04,3.9.5
1162,cd916531-ec22-45b8-9ba2-da917ad1f64f,Nykaa,google_play,en,da,False,late delivery,late delivery,late delivery,1,complaint,0,False,2,2026-04-02 18:33:00+00:00,2026-03-30/2026-04-05,2026-04,3.9.5
1163,991e09c4-6dfc-47c5-a6ca-c5fcbd60e370,Nykaa,google_play,en,sw,False,bohot accha aap hai sab acchi quality ka milata hai,bohot accha aap hai sab acchi quality ka milata hai,bohot accha aap hai sab acchi quality ka milata hai,5,positive,0,False,10,2026-04-02 18:32:33+00:00,2026-03-30/2026-04-05,2026-04,3.9.5
1164,f92b2e48-1d5b-47ac-81a9-743d6ff156dd,Nykaa,google_play,en,en,False,good and smooth experience,good and smooth experience,good and smooth experience,4,positive,0,False,4,2026-04-02 17:52:40+00:00,2026-03-30/2026-04-05,2026-04,3.9.5
1165,8df1cca1-7a93-4ee4-b770-ed360040c671,Nykaa,google_play,en,en,False,naykaa is great app it's just they are putting a lot of charges (sry for my bad english),naykaa is great app it's just they are putting a lot of charges sry for my bad english,naykaa is great app it's just they are putting a lot of charges sry for my bad english,4,positive,0,False,18,2026-04-02 17:29:37+00:00,2026-03-30/2026-04-05,2026-04,3.9.5
1166,23329da8-74a2-4144-86da-4a069a430184,Nykaa,google_play,en,en,False,"I found the best app, fast delivery and products was also good I like it","i found the best app, fast delivery and products was also good i like it","i found the best app, fast delivery and products was also good i like it",5,positive,0,False,15,2026-04-02 17:10:12+00:00,2026-03-30/2026-04-05,2026-04,3.9.5
1167,6529d73a-3f61-468c-95cb-46481d5aa450,Nykaa,google_play,en,en,True,Attachment are easy to change and feel sturdy. The paddle brush is great fir quick touch ups .curling tong takes time to learn but results are good,attachment are easy to change and feel sturdy. the paddle brush is great fir quick touch ups .curling tong takes time to learn but results are good,attachment are easy to change and feel sturdy. the paddle brush is great fir quick touch ups .curling tong takes time to learn but results are good,5,positive,0,False,27,2026-04-02 16:15:16+00:00,2026-03-30/2026-04-05,2026-04,3.9.5
1168,f0494778-b3d4-4464-9939-39acb48d7fc3,Nykaa,google_play,en,en,False,"very bad app 😕, first delay order and also don't allow to cancel it","very bad app , first delay order and also don't allow to cancel it","very bad app , first delay order and also don't allow to cancel it",1,complaint,0,False,14,2026-04-02 15:45:02+00:00,2026-03-30/2026-04-05,2026-04,3.9.4
1169,62751c62-80d0-4be7-92f1-ed6a5cb04286,Nykaa,google_play,en,en,False,i m nw disappointed with this app.. their delivery partner r hilarious.always late delivery,i m nw disappointed with this app.. their delivery partner r hilarious.always late delivery,i m nw disappointed with this app.. their delivery partner r hilarious.always late delivery,3,mixed,0,False,14,2026-04-02 15:38:46+00:00,2026-03-30/2026-04-05,2026-04,3.9.5
1170,e6a2bef6-51a0-4d90-9ffd-a6ad1e915a5f,Nykaa,google_play,en,en,False,everything is available on nykaa many products are not available on other beauty apps and oders arrive at exact given time,everything is available on nykaa many products are not available on other beauty apps and oders arrive at exact given time,everything is available on nykaa many products are not available on other beauty apps and oders arrive at exact given time,5,positive,0,False,21,2026-04-02 15:19:00+00:00,2026-03-30/2026-04-05,2026-04,3.9.5
1171,e1608ad6-c393-4763-a9e4-b78516ef0ce5,Nykaa,google_play,en,tl,False,6 march ko brithday 6 hajar humne saman liya but gift bahut bekar sa diya ..ak sasta sa lipbalm relley ..I am not happy..😔,6 march ko brithday 6 hajar humne saman liya but gift bahut bekar sa diya ..ak sasta sa lipbalm relley ..i am not happy..,6 march ko brithday 6 hajar humne saman liya but gift bahut bekar sa diya ..ak sasta sa lipbalm relley ..i am not happy..,3,mixed,0,False,24,2026-04-02 14:49:20+00:00,2026-03-30/2026-04-05,2026-04,3.9.5
1173,b683afe4-1085-466d-8255-fcf823665d03,Nykaa,google_play,en,hr,False,just to say amazing,just to say amazing,just to say amazing,5,positive,0,False,4,2026-04-02 13:57:05+00:00,2026-03-30/2026-04-05,2026-04,3.9.5
1174,36042d30-f0b2-4e23-a292-0571bdfa339a,Nykaa,google_play,en,en,False,"I ordered a handbag worth ₹3560, but I received the wrong product. They didn’t even accept the return—this was a complete fraud. Please never buy from them. They close the return window very quickly, and their customer service always supports the brand, not the customer.","i ordered a handbag worth 3560, but i received the wrong product. they didn t even accept the return this was a complete fraud. please never buy from them. they close the return window very quickly, and their customer service always supports the brand, not the customer.","i ordered a handbag worth 3560, but i received the wrong product. they didn t even accept the return this was a complete fraud. please never buy from them. they close the return window very quickly, and their customer service always supports the brand, not the customer.",1,complaint,0,False,47,2026-04-02 13:47:48+00:00,2026-03-30/2026-04-05,2026-04,3.9.5
1175,d19f382b-d17b-4a50-801a-f89b3f7c5ce0,Nykaa,google_play,en,cy,False,Good choice,good choice,good choice,5,positive,0,False,2,2026-04-02 13:32:54+00:00,2026-03-30/2026-04-05,2026-04,3.9.5
1176,1bdba020-4dbc-42ce-b434-d05b89029467,Nykaa,google_play,en,en,True,worst delivery policy . we won't get product on time especially when we order nykaa now . The time they show nykaa now delivery time is just to mislead us,worst delivery policy . we won't get product on time especially when we order nykaa now . the time they show nykaa now delivery time is just to mislead us,worst delivery policy . we won't get product on time especially when we order nykaa now . the time they show nykaa now delivery time is just to mislead us,1,complaint,0,False,30,2026-04-02 13:19:47+00:00,2026-03-30/2026-04-05,2026-04,3.9.5
1177,e08689ba-79a4-450e-8013-7caa27c3f14f,Nykaa,google_play,en,hr,False,good prudat,good prudat,good prudat,5,positive,0,False,2,2026-04-02 13:12:11+00:00,2026-03-30/2026-04-05,2026-04,3.9.5
1178,dc21c3f7-28ed-4d62-92dc-c63bdee2f7b5,Nykaa,google_play,en,en,True,"if there was an option to give no star, I had like to go with that. I placed my first order last day and this bogus platform with no customer support could not update my address with just a slight change even before dispatch. they do not have a small feature in place to edit the adrress to correct slight human error. the support staff is of no use and keep repeating the same thing. Within bangalore they are telling to collect the order from there warehouse. This is the service i am getting.","if there was an option to give no star, i had like to go with that. i placed my first order last day and this bogus platform with no customer support could not update my address with just a slight change even before dispatch. they do not have a small feature in place to edit the adrress to correct slight human error. the support staff is of no use and keep repeating the same thing. within bangalore they are telling to collect the order from there warehouse. this is the service i am getting.","if there was an option to give no star, i had like to go with that. i placed my first order last day and this bogus platform with no customer support could not update my address with just a slight change even before dispatch. they do not have a small feature in place to edit the adrress to correct slight human error. the support staff is of no use and keep repeating the same thing. within bangalore they are telling to collect the order from there warehouse. this is the service i am getting.",1,complaint,0,False,94,2026-04-02 12:54:57+00:00,2026-03-30/2026-04-05,2026-04,
1179,799d0e8f-311a-49e1-93be-f76ad541cf8e,Nykaa,google_play,en,en,False,so good platform.its provide enormous choices in products for every skin type,so good platform.its provide enormous choices in products for every skin type,so good platform.its provide enormous choices in products for every skin type,5,positive,0,False,12,2026-04-02 12:33:55+00:00,2026-03-30/2026-04-05,2026-04,3.9.5
1180,446f34e7-eb37-4c31-a401-7ec7d6f963ae,Nykaa,google_play,en,en,False,good and trusted👌 products 😘🥰🥰😍,good and trusted products,good and trusted products,4,positive,0,False,4,2026-04-02 12:09:28+00:00,2026-03-30/2026-04-05,2026-04,3.9.5
1181,6d6804d2-f450-482b-a2da-622c172a94e8,Nykaa,google_play,en,en,False,thanks for you,thanks for you,thanks for you,5,positive,0,False,3,2026-04-02 12:07:07+00:00,2026-03-30/2026-04-05,2026-04,3.9.5
1182,da636b61-1899-4095-baea-3e339c71472d,Nykaa,google_play,en,cs,False,so nice product,so nice product,so nice product,5,positive,0,False,3,2026-04-02 11:26:26+00:00,2026-03-30/2026-04-05,2026-04,3.9.5
1183,035d0c9a-b830-4662-8ba6-00eec47eb0d3,Nykaa,google_play,en,en,False,bessttt app for every skincare and makeup product's,bessttt app for every skincare and makeup product's,bessttt app for every skincare and makeup product's,5,positive,0,False,8,2026-04-02 11:26:21+00:00,2026-03-30/2026-04-05,2026-04,3.9.5
1184,62aa22ec-b949-492b-ac87-9bb9106292a2,Nykaa,google_play,en,so,False,Bheed mein Khaak ho tum,bheed mein khaak ho tum,bheed mein khaak ho tum,1,complaint,0,False,5,2026-04-02 11:15:33+00:00,2026-03-30/2026-04-05,2026-04,
1185,5753cd0c-5785-4e0a-8129-cbcebe0bbdcd,Nykaa,google_play,en,en,False,bheed mein khaak ho tum. can't return an order after 3 attempts.holding back my money,bheed mein khaak ho tum. can't return an order after 3 attempts.holding back my money,bheed mein khaak ho tum. can't return an order after 3 attempts.holding back my money,1,complaint,0,False,15,2026-04-02 11:14:17+00:00,2026-03-30/2026-04-05,2026-04,2.5.9
1186,25d64c12-6ce6-4cae-a157-c41fce215f50,Nykaa,google_play,en,it,False,delivery so late,delivery so late,delivery so late,1,complaint,0,False,3,2026-04-02 11:10:10+00:00,2026-03-30/2026-04-05,2026-04,3.9.4
1187,41c9a775-b574-4332-b652-38180971770c,Nykaa,google_play,en,af,False,😡😡 bakwas app 3 din ka bol ke 7 8 din me delivery dete hai download mat karna 😡😡😡😡😡😡,bakwas app 3 din ka bol ke 7 8 din me delivery dete hai download mat karna,bakwas app 3 din ka bol ke 7 8 din me delivery dete hai download mat karna,1,complaint,0,False,17,2026-04-02 11:02:35+00:00,2026-03-30/2026-04-05,2026-04,3.9.4
1188,8d7ad047-b624-4152-b993-154bc70ad58b,Nykaa,google_play,en,en,False,Sarbari Majumder. Nykaa's product are very good to use.,sarbari majumder. nykaa's product are very good to use.,sarbari majumder. nykaa's product are very good to use.,5,positive,0,False,9,2026-04-02 11:01:07+00:00,2026-03-30/2026-04-05,2026-04,3.9.5
1189,b1d837b8-4ddb-4589-91b2-6112dd806f66,Nykaa,google_play,en,et,False,use krne ke baad btaunga,use krne ke baad btaunga,use krne ke baad btaunga,4,positive,0,False,5,2026-04-02 10:31:57+00:00,2026-03-30/2026-04-05,2026-04,3.9.4
1190,9055ef0e-ffde-4e09-981b-250a3f1b6a42,Nykaa,google_play,en,it,False,No discount,no discount,no discount,1,complaint,0,False,2,2026-04-02 10:15:58+00:00,2026-03-30/2026-04-05,2026-04,3.9.4
1191,af2be6c1-9f8f-47a9-8fe0-154af61e77f8,Nykaa,google_play,en,en,False,nice reviews nykaa thank you for sharing your products,nice reviews nykaa thank you for sharing your products,nice reviews nykaa thank you for sharing your products,5,positive,0,False,9,2026-04-02 09:30:35+00:00,2026-03-30/2026-04-05,2026-04,3.9.5
1192,e81eeab9-e209-4c52-8999-9b26bc26af6a,Nykaa,google_play,en,en,False,bhut achha h,bhut achha h,bhut achha h,5,positive,0,False,3,2026-04-02 09:03:43+00:00,2026-03-30/2026-04-05,2026-04,3.9.4
1193,de76002d-e493-4b9f-a8b0-c5d690c34490,Nykaa,google_play,en,en,False,i ordered a mostorizer by pre paying and it shown that is will deliver within 2 days.. but after one day also there is no proper delivery status nor showing delivery date worst experience -nyka so disappointed,i ordered a mostorizer by pre paying and it shown that is will deliver within 2 days.. but after one day also there is no proper delivery status nor showing delivery date worst experience -nyka so disappointed,i ordered a mostorizer by pre paying and it shown that is will deliver within 2 days.. but after one day also there is no proper delivery status nor showing delivery date worst experience -nyka so disappointed,1,complaint,0,False,37,2026-04-02 08:35:50+00:00,2026-03-30/2026-04-05,2026-04,3.9.5
1194,5bf48d27-ad5a-4ca9-9312-a6620c468fff,Nykaa,google_play,en,en,False,Best shoping platform,best shoping platform,best shoping platform,5,positive,0,False,3,2026-04-02 08:04:40+00:00,2026-03-30/2026-04-05,2026-04,3.9.5
1195,e1cf38d2-a87a-44b8-90d6-07ba745e72ff,Nykaa,google_play,en,en,False,worst app products are not delivering at time... very late delivery... delivery man without informing he is cancelling the order,worst app products are not delivering at time... very late delivery... delivery man without informing he is cancelling the order,worst app products are not delivering at time... very late delivery... delivery man without informing he is cancelling the order,1,complaint,0,False,20,2026-04-02 07:04:48+00:00,2026-03-30/2026-04-05,2026-04,3.9.5
1196,83dd5e0c-cf82-4e59-855a-15ebb2bb0957,Nykaa,google_play,en,no,False,BEST APP FOR EVERYTIME,best app for everytime,best app for everytime,5,positive,0,False,4,2026-04-02 03:08:57+00:00,2026-03-30/2026-04-05,2026-04,3.9.4
1197,9c092b54-5662-4ac5-955a-926cf7bb2b03,Nykaa,google_play,en,en,False,I really like this app and the quality of products is really good,i really like this app and the quality of products is really good,i really like this app and the quality of products is really good,5,positive,0,False,13,2026-04-02 01:41:19+00:00,2026-03-30/2026-04-05,2026-04,3.9.5
1199,847ec302-a562-45ee-a212-658f996b25e4,Nykaa,google_play,en,en,False,good new user need to see,good new user need to see,good new user need to see,5,positive,0,False,6,2026-04-02 00:47:00+00:00,2026-03-30/2026-04-05,2026-04,3.9.4
1200,b3314224-7d6d-4c2b-a115-f9d99a3ce9eb,Nykaa,google_play,en,en,False,such a waste of time app worst experience no proper return policy completely disappointed and in the sale period he was offered buy 1 get 1 free but when add 2 product prices also double.. fraud app,such a waste of time app worst experience no proper return policy completely disappointed and in the sale period he was offered buy 1 get 1 free but when add 2 product prices also double.. fraud app,such a waste of time app worst experience no proper return policy completely disappointed and in the sale period he was offered buy 1 get 1 free but when add 2 product prices also double.. fraud app,1,complaint,1,False,37,2026-04-01 22:47:15+00:00,2026-03-30/2026-04-05,2026-04,3.9.3
1201,4956cca4-41e3-4945-a03e-609c8b570ab7,Nykaa,google_play,en,en,True,"I placed an order from Nykaa on 24th March. I have ordered from Nykaa many times before and never faced such an issue, but this is the first time I am experiencing this problem. Yesterday, it showed “Out for Delivery,” and When I called him, he told me that he would not be able to deliver the order. Today is already 1st April, but I still have not received my order. The delivery agent has not contacted me, and he is also not responding to my calls. This situation is very disappointing me","i placed an order from nykaa on 24th march. i have ordered from nykaa many times before and never faced such an issue, but this is the first time i am experiencing this problem. yesterday, it showed out for delivery, and when i called him, he told me that he would not be able to deliver the order. today is already 1st april, but i still have not received my order. the delivery agent has not contacted me, and he is also not responding to my calls. this situation is very disappointing me","i placed an order from nykaa on 24th march. i have ordered from nykaa many times before and never faced such an issue, but this is the first time i am experiencing this problem. yesterday, it showed out for delivery, and when i called him, he told me that he would not be able to deliver the order. today is already 1st april, but i still have not received my order. the delivery agent has not contacted me, and he is also not responding to my calls. this situation is very disappointing me",3,mixed,0,False,93,2026-04-01 22:42:40+00:00,2026-03-30/2026-04-05,2026-04,3.9.5
1202,27a334a6-a15d-43a9-82f9-c357ce95e1d3,Nykaa,google_play,en,en,False,corect app,corect app,corect app,5,positive,0,False,2,2026-04-01 22:37:07+00:00,2026-03-30/2026-04-05,2026-04,3.9.5
1203,dd44ccdb-09b1-40fa-823d-68f3e70986d7,Nykaa,google_play,en,en,False,This app doesn't make any changes... even when we complain on customer service number for the better delivery partner.. the delivery service ia too bad... it's been a week and I still haven't received my order yet... too poor... nykaa i didn't expected this from you..,this app doesn't make any changes... even when we complain on customer service number for the better delivery partner.. the delivery service ia too bad... it's been a week and i still haven't received my order yet... too poor... nykaa i didn't expected this from you..,this app doesn't make any changes... even when we complain on customer service number for the better delivery partner.. the delivery service ia too bad... it's been a week and i still haven't received my order yet... too poor... nykaa i didn't expected this from you..,1,complaint,0,False,46,2026-04-01 22:04:58+00:00,2026-03-30/2026-04-05,2026-04,
1204,f1745f0a-07b0-4424-ba10-e6ecdddc3c08,Nykaa,google_play,en,en,False,Best for cosmetic products,best for cosmetic products,best for cosmetic products,5,positive,0,False,4,2026-04-01 21:50:58+00:00,2026-03-30/2026-04-05,2026-04,3.9.5
1205,192075e6-ff76-427e-b7fd-99bac308f0a8,Nykaa,google_play,en,fi,False,thanks nykaa..✨❤️,thanks nykaa..,thanks nykaa..,3,mixed,0,False,2,2026-04-01 21:40:24+00:00,2026-03-30/2026-04-05,2026-04,3.9.5
1206,aac83680-ec5b-4fe0-9d75-945677856225,Nykaa,google_play,en,no,False,best aap for skin care,best aap for skin care,best aap for skin care,5,positive,0,False,5,2026-04-01 21:21:49+00:00,2026-03-30/2026-04-05,2026-04,3.9.5
1207,b312d89b-6c96-4cb7-84d0-25db408af0a5,Nykaa,google_play,en,en,True,"Don't buy anything from here, it's a fraud application. I did 900 rs shopping. But it never came to me, nor did the money.","don't buy anything from here, it's a fraud application. i did 900 rs shopping. but it never came to me, nor did the money.","don't buy anything from here, it's a fraud application. i did 900 rs shopping. but it never came to me, nor did the money.",1,complaint,0,False,24,2026-04-01 21:21:16+00:00,2026-03-30/2026-04-05,2026-04,3.9.5
1208,782c046b-e2f7-4de5-a44e-928a78276b13,Nykaa,google_play,en,hr,False,good price,good price,good price,4,positive,0,False,2,2026-04-01 21:13:50+00:00,2026-03-30/2026-04-05,2026-04,3.9.5
1209,270da2e5-bbcf-4ac5-a63f-7133499feecb,Nykaa,google_play,en,en,False,my earlier coupon got removed just right after I was trying to make payment because of this I need to pay 35 rupees more on my product. very disappointing for such a big established company.,my earlier coupon got removed just right after i was trying to make payment because of this i need to pay 35 rupees more on my product. very disappointing for such a big established company.,my earlier coupon got removed just right after i was trying to make payment because of this i need to pay 35 rupees more on my product. very disappointing for such a big established company.,1,complaint,0,False,35,2026-04-01 21:09:06+00:00,2026-03-30/2026-04-05,2026-04,3.9.5
1210,7c2d3cdf-1ec0-4395-a055-a0e574c94282,Nykaa,google_play,en,en,False,"these people never deliver on time, the delivery date keeps on postponing and they say after packing no cancellation. so beware. no one can help u even customer care people.","these people never deliver on time, the delivery date keeps on postponing and they say after packing no cancellation. so beware. no one can help u even customer care people.","these people never deliver on time, the delivery date keeps on postponing and they say after packing no cancellation. so beware. no one can help u even customer care people.",1,complaint,0,False,30,2026-04-01 20:53:11+00:00,2026-03-30/2026-04-05,2026-04,3.9.4
1211,b8330456-07b9-4284-96a1-7a0956ab4c80,Nykaa,google_play,en,en,False,I hate the policy of COD being available only when the product is above ₹249,i hate the policy of cod being available only when the product is above 249,i hate the policy of cod being available only when the product is above 249,3,mixed,0,False,15,2026-04-01 20:09:53+00:00,2026-03-30/2026-04-05,2026-04,3.9.5
1212,1c9ad6c1-015a-409a-8de9-7b1879585517,Nykaa,google_play,en,en,False,one day I was not at home then u call the delivery man please delivered my parcel tomorrow but they not delivered since yet,one day i was not at home then u call the delivery man please delivered my parcel tomorrow but they not delivered since yet,one day i was not at home then u call the delivery man please delivered my parcel tomorrow but they not delivered since yet,1,complaint,0,False,24,2026-04-01 19:36:12+00:00,2026-03-30/2026-04-05,2026-04,3.9.5
1213,d9cce401-2c3d-44e6-adc0-ae711434ffa0,Nykaa,google_play,en,en,False,extremely bad customer service and they are selling fake products in the name of best seller,extremely bad customer service and they are selling fake products in the name of best seller,extremely bad customer service and they are selling fake products in the name of best seller,1,complaint,0,False,16,2026-04-01 19:28:56+00:00,2026-03-30/2026-04-05,2026-04,3.9.4
1214,c02e3045-2721-4546-a2c1-4b5285dea4ce,Nykaa,google_play,en,en,False,gd 💖 iI love this,gd ii love this,gd ii love this,5,positive,0,False,4,2026-04-01 19:12:34+00:00,2026-03-30/2026-04-05,2026-04,3.9.5
1215,840adafb-d743-45e6-9733-b5858eca1b95,Nykaa,google_play,en,en,False,Ordered a product and didn't delivered in expected time and delivery failed. and i didn't get the refund also🙄very disappointed. 🙂,ordered a product and didn't delivered in expected time and delivery failed. and i didn't get the refund also very disappointed.,ordered a product and didn't delivered in expected time and delivery failed. and i didn't get the refund also very disappointed.,1,complaint,0,False,21,2026-04-01 19:09:25+00:00,2026-03-30/2026-04-05,2026-04,3.9.4
1217,f75a6635-6ce7-43a7-a65d-5b4ee6207ba5,Nykaa,google_play,en,en,False,very good products.🤗 Thank you Nykaa,very good products. thank you nykaa,very good products. thank you nykaa,5,positive,0,False,6,2026-04-01 18:19:36+00:00,2026-03-30/2026-04-05,2026-04,3.9.3
1218,b9d8a468-9b48-42df-baa9-2d41c117120a,Nykaa,google_play,en,hr,False,block kar do ye project,block kar do ye project,block kar do ye project,1,complaint,0,False,5,2026-04-01 17:33:54+00:00,2026-03-30/2026-04-05,2026-04,
1219,c3fc12e1-77a9-48a3-afe4-3e7adcc1bd18,Nykaa,google_play,en,fi,False,nykaa love it,nykaa love it,nykaa love it,5,positive,0,False,3,2026-04-01 17:06:11+00:00,2026-03-30/2026-04-05,2026-04,3.9.4
1220,b4e438b7-d899-470a-8a4a-0ecd84948fc0,Nykaa,google_play,en,en,False,Plzz change your delivery partner Bluedart Delivery Service worst Delivery Service,plzz change your delivery partner bluedart delivery service worst delivery service,plzz change your delivery partner bluedart delivery service worst delivery service,1,complaint,0,False,11,2026-04-01 16:37:45+00:00,2026-03-30/2026-04-05,2026-04,
1221,b0e97cec-0cf5-4933-a73b-f835854841fa,Nykaa,google_play,en,en,True,"The worst app.I have paid 1700 rupees for product that has to be delivered on 1 8th march 2026 .its now 1st April 2026 the product still not delivered.No option for cancellation,no option for help.This is what happened when you do prepaid.","the worst app.i have paid 1700 rupees for product that has to be delivered on 1 8th march 2026 .its now 1st april 2026 the product still not delivered.no option for cancellation,no option for help.this is what happened when you do prepaid.","the worst app.i have paid 1700 rupees for product that has to be delivered on 1 8th march 2026 .its now 1st april 2026 the product still not delivered.no option for cancellation,no option for help.this is what happened when you do prepaid.",1,complaint,0,False,42,2026-04-01 15:58:21+00:00,2026-03-30/2026-04-05,2026-04,
1222,937704f5-921f-4118-b096-3915821db136,Nykaa,google_play,en,en,True,"I ordered VLCC gold bleach, 60g but received two big boxes of VLCC gold bleach 402 g each alongwith my order of a couple of other items. I paid cash and received the sealed carton only to find two of my ordered items missing but am saddled with these two big boxes of bleach instead. I have sent mails to them but there is no reply. I feel absolutely scammed by NYKA.","i ordered vlcc gold bleach, 60g but received two big boxes of vlcc gold bleach 402 g each alongwith my order of a couple of other items. i paid cash and received the sealed carton only to find two of my ordered items missing but am saddled with these two big boxes of bleach instead. i have sent mails to them but there is no reply. i feel absolutely scammed by nyka.","i ordered vlcc gold bleach, 60g but received two big boxes of vlcc gold bleach 402 g each alongwith my order of a couple of other items. i paid cash and received the sealed carton only to find two of my ordered items missing but am saddled with these two big boxes of bleach instead. i have sent mails to them but there is no reply. i feel absolutely scammed by nyka.",1,complaint,0,False,72,2026-04-01 15:07:13+00:00,2026-03-30/2026-04-05,2026-04,3.9.5
1224,dfd9b754-3172-46e9-9697-ffa3a2873040,Nykaa,google_play,en,fr,False,bad app no coupon are available,bad app no coupon are available,bad app no coupon are available,1,complaint,0,False,6,2026-04-01 15:02:40+00:00,2026-03-30/2026-04-05,2026-04,3.9.5
1225,7af26734-92f5-4d8f-88a8-5a90838d789c,Nykaa,google_play,en,en,False,overall good 👍,overall good,overall good,5,positive,0,False,2,2026-04-01 14:55:54+00:00,2026-03-30/2026-04-05,2026-04,3.9.5
1226,6639fc2c-514b-4dbb-9e7a-7721b7f35e67,Nykaa,google_play,en,af,False,veeerrrryyyy good app 😊😊,veeerryy good app,veeerryy good app,5,positive,0,False,3,2026-04-01 14:42:01+00:00,2026-03-30/2026-04-05,2026-04,3.9.4
1227,eb117d78-c572-4f48-ab03-12af50451ddd,Nykaa,google_play,en,en,False,This is a worthwhile experience on nykaa I have ordered some products on nykaa for the first time.In this order 1 product is missing. And They don't give me any refund neither give me replacement .,this is a worthwhile experience on nykaa i have ordered some products on nykaa for the first time.in this order 1 product is missing. and they don't give me any refund neither give me replacement .,this is a worthwhile experience on nykaa i have ordered some products on nykaa for the first time.in this order 1 product is missing. and they don't give me any refund neither give me replacement .,1,complaint,0,False,36,2026-04-01 14:26:14+00:00,2026-03-30/2026-04-05,2026-04,3.9.4
1228,d9db624b-9bc1-4fe4-b4ed-3c3948eb29d4,Nykaa,google_play,en,so,False,good nykaa,good nykaa,good nykaa,5,positive,0,False,2,2026-04-01 14:19:58+00:00,2026-03-30/2026-04-05,2026-04,3.9.5
1229,405738ad-00e6-468e-af57-dc5ca79efc80,Nykaa,google_play,en,sv,False,I don't know kesa app h first order h dekhte h kya hoga,i don't know kesa app h first order h dekhte h kya hoga,i don't know kesa app h first order h dekhte h kya hoga,5,positive,0,False,13,2026-04-01 13:55:11+00:00,2026-03-30/2026-04-05,2026-04,3.9.5
1230,67b9af41-9f13-48d3-8995-38e09147d16f,Nykaa,google_play,en,en,False,Give great discounts,give great discounts,give great discounts,5,positive,0,False,3,2026-04-01 13:43:14+00:00,2026-03-30/2026-04-05,2026-04,3.9.5
1231,c98346f5-d177-4051-bd5b-32bbb2aa117b,Nykaa,google_play,en,en,False,worst delivery partner..shadowfax been almost a week nd no delivery agent has contacted...do try changing to another delivery partner..very irresponsible,worst delivery partner..shadowfax been almost a week nd no delivery agent has contacted...do try changing to another delivery partner..very irresponsible,worst delivery partner..shadowfax been almost a week nd no delivery agent has contacted...do try changing to another delivery partner..very irresponsible,1,complaint,0,False,20,2026-04-01 13:25:34+00:00,2026-03-30/2026-04-05,2026-04,3.9.4
1232,74898e9a-6d0d-444d-b6cf-db20d2e73a3b,Nykaa,google_play,en,en,False,no freebies on first order,no freebies on first order,no freebies on first order,3,mixed,0,False,5,2026-04-01 12:58:07+00:00,2026-03-30/2026-04-05,2026-04,3.9.5
1233,a8b91116-1497-44e6-a77a-74947acd3cc6,Nykaa,google_play,en,en,False,Late delivery and keep changing delivery date and gets delayed. Very bad experience,late delivery and keep changing delivery date and gets delayed. very bad experience,late delivery and keep changing delivery date and gets delayed. very bad experience,1,complaint,0,False,13,2026-04-01 12:55:02+00:00,2026-03-30/2026-04-05,2026-04,3.9.5
1234,0407029b-e147-492c-8423-0e6d41cdab1f,Nykaa,google_play,en,en,False,I ordered from Nykaa and paid the amount for gift packaging but the gift packaging was not delivered.. very bad service,i ordered from nykaa and paid the amount for gift packaging but the gift packaging was not delivered.. very bad service,i ordered from nykaa and paid the amount for gift packaging but the gift packaging was not delivered.. very bad service,1,complaint,0,False,21,2026-04-01 12:54:58+00:00,2026-03-30/2026-04-05,2026-04,3.9.5
1235,a3149a1e-0caf-44df-b906-872966400db5,Nykaa,google_play,en,en,False,brand products original goods best in delivery,brand products original goods best in delivery,brand products original goods best in delivery,5,positive,0,False,7,2026-04-01 12:26:23+00:00,2026-03-30/2026-04-05,2026-04,3.9.4
1236,7f7890c3-e148-440e-881a-b38d8b400049,Nykaa,google_play,en,en,False,a good place for finding rare and useful skincare products that we can't find on Amazon/ flipkart.,a good place for finding rare and useful skincare products that we can't find on amazon flipkart.,a good place for finding rare and useful skincare products that we can't find on amazon flipkart.,5,positive,0,False,17,2026-04-01 11:47:55+00:00,2026-03-30/2026-04-05,2026-04,
1237,7c84c169-3d97-47db-a29c-1dbe950e4280,Nykaa,google_play,en,en,False,i love this app... 😽my favourite app,i love this app... my favourite app,i love this app... my favourite app,4,positive,0,False,7,2026-04-01 11:34:40+00:00,2026-03-30/2026-04-05,2026-04,3.9.4
1238,23ca8e2e-f141-4833-b797-347f028c4989,Nykaa,google_play,en,en,False,great qualities and service!!❤️,great qualities and service!!,great qualities and service!!,5,positive,0,False,4,2026-04-01 11:29:54+00:00,2026-03-30/2026-04-05,2026-04,
1239,11395915-e234-4d8e-882f-df8fdce3296b,Nykaa,google_play,en,en,False,orginal products,orginal products,orginal products,5,positive,0,False,2,2026-04-01 11:21:35+00:00,2026-03-30/2026-04-05,2026-04,3.9.5
1240,927a355a-aacb-4945-9e89-d0521e2dfe38,Nykaa,google_play,en,en,False,Nyc collection,nyc collection,nyc collection,5,positive,0,False,2,2026-04-01 11:11:43+00:00,2026-03-30/2026-04-05,2026-04,3.9.5
1241,4950aad8-cb66-40f2-bde3-9cec2b75e53e,Nykaa,google_play,en,ca,False,nykaa parfect protect quality 👌👍,nykaa parfect protect quality,nykaa parfect protect quality,5,positive,0,False,4,2026-04-01 10:53:27+00:00,2026-03-30/2026-04-05,2026-04,3.9.5
1242,551098e5-ec29-4c93-9d08-9b29f3255bbc,Nykaa,google_play,en,en,False,"I returned the product 22 days ago, but I haven’t received the refund yet. I have called the app’s help center multiple times and also filed complaints in the same, but no action has been taken and the refund is still pending.","i returned the product 22 days ago, but i haven t received the refund yet. i have called the app s help center multiple times and also filed complaints in the same, but no action has been taken and the refund is still pending.","i returned the product 22 days ago, but i haven t received the refund yet. i have called the app s help center multiple times and also filed complaints in the same, but no action has been taken and the refund is still pending.",1,complaint,0,False,44,2026-04-01 09:36:50+00:00,2026-03-30/2026-04-05,2026-04,3.9.5
1243,dcf2946f-f1ce-45f8-84da-342ae02e5cb8,Nykaa,google_play,en,en,False,very bad experience they sent me wrong product then denied to return,very bad experience they sent me wrong product then denied to return,very bad experience they sent me wrong product then denied to return,1,complaint,0,False,12,2026-04-01 09:27:03+00:00,2026-03-30/2026-04-05,2026-04,3.8.7
1244,667b3ec3-9d82-454f-8e2e-d48f546d2f91,Nykaa,google_play,en,en,False,my experience with nykaa app is not good . nykaa give u product as u want but their customer service is not good. sometimes u order product that is not good so they don't give u a return option. once they accept return request but later cancel as they want too . so it's too bad for customer.,my experience with nykaa app is not good . nykaa give u product as u want but their customer service is not good. sometimes u order product that is not good so they don't give u a return option. once they accept return request but later cancel as they want too . so it's too bad for customer.,my experience with nykaa app is not good . nykaa give u product as u want but their customer service is not good. sometimes u order product that is not good so they don't give u a return option. once they accept return request but later cancel as they want too . so it's too bad for customer.,1,complaint,0,False,58,2026-04-01 09:15:40+00:00,2026-03-30/2026-04-05,2026-04,3.9.5
1245,7135faa8-0858-4dd1-9451-11e549bff7f5,Nykaa,google_play,en,en,False,it's very fabulous,it's very fabulous,it's very fabulous,4,positive,0,False,3,2026-04-01 08:20:56+00:00,2026-03-30/2026-04-05,2026-04,3.9.5
1247,4fac0f13-701c-483f-a410-6e39263aa0ed,Nykaa,google_play,en,af,False,nice nykaa aap it was amazing greatest aap,nice nykaa aap it was amazing greatest aap,nice nykaa aap it was amazing greatest aap,5,positive,0,False,8,2026-04-01 02:17:16+00:00,2026-03-30/2026-04-05,2026-04,3.9.1
1248,250b7328-c812-4c48-a8a7-3c40e0053033,Nykaa,google_play,en,sw,False,Nisha Gaikwad,nisha gaikwad,nisha gaikwad,1,complaint,0,False,2,2026-04-01 00:41:34+00:00,2026-03-30/2026-04-05,2026-04,3.9.5
1249,b975b348-6e9e-43c3-8a57-bf42e8401779,Nykaa,google_play,en,en,False,I love this app for skin care nd mackup products both😍,i love this app for skin care nd mackup products both,i love this app for skin care nd mackup products both,5,positive,0,False,11,2026-04-01 00:25:15+00:00,2026-03-30/2026-04-05,2026-04,3.9.5
1250,3872a56d-ea59-4797-9918-5fbffe2bb95e,Nykaa,google_play,en,pt,False,faltu ho tum,faltu ho tum,faltu ho tum,1,complaint,0,False,3,2026-03-31 23:59:12+00:00,2026-03-30/2026-04-05,2026-03,
1251,8d05b890-415c-4cff-a200-eb00316031ba,Nykaa,google_play,en,da,False,to let delivery and everyday delay,to let delivery and everyday delay,to let delivery and everyday delay,1,complaint,0,False,6,2026-03-31 23:15:48+00:00,2026-03-30/2026-04-05,2026-03,3.9.5
1252,582417c7-2a51-447f-9afe-946cd0c62611,Nykaa,google_play,en,en,False,A better option should have been Cash on delivery,a better option should have been cash on delivery,a better option should have been cash on delivery,2,complaint,0,False,9,2026-03-31 22:57:30+00:00,2026-03-30/2026-04-05,2026-03,3.9.5
1253,91d58c52-d3db-43ee-848e-2a52b3eb8032,Nykaa,google_play,en,bn,False,মনের মতো প্রোডাক্ট পাই thank you nykaa 😘,মন র মত প র ড ক ট প ই thank you nykaa,মন র মত প র ড ক ট প ই thank you nykaa,5,positive,0,False,13,2026-03-31 22:51:47+00:00,2026-03-30/2026-04-05,2026-03,3.9.4
1254,fef35692-ceed-4a3c-b5f9-8598bd5c0d72,Nykaa,google_play,en,en,False,worth it best rate affordable,worth it best rate affordable,worth it best rate affordable,5,positive,0,False,5,2026-03-31 22:49:51+00:00,2026-03-30/2026-04-05,2026-03,3.9.5
1256,146a6f2a-c06c-473d-b9f2-1a5effa4ba98,Nykaa,google_play,en,no,False,best app for skin,best app for skin,best app for skin,4,positive,0,False,4,2026-03-31 22:42:30+00:00,2026-03-30/2026-04-05,2026-03,
1257,75da7e61-500e-4784-8f8a-e75f7806dea0,Nykaa,google_play,en,so,False,faltu ka price badha kai discount dikhana band kro...,faltu ka price badha kai discount dikhana band kro...,faltu ka price badha kai discount dikhana band kro...,1,complaint,0,False,9,2026-03-31 22:41:15+00:00,2026-03-30/2026-04-05,2026-03,3.9.5
1258,4c2bec49-4d12-4d58-9307-d85e075c12fd,Nykaa,google_play,en,en,False,amazing app for beauty products,amazing app for beauty products,amazing app for beauty products,5,positive,0,False,5,2026-03-31 22:07:04+00:00,2026-03-30/2026-04-05,2026-03,3.9.5
1259,f0e515b0-eb7c-4bd3-96c6-86dba5c9644c,Nykaa,google_play,en,fi,False,love you nykaa,love you nykaa,love you nykaa,5,positive,0,False,3,2026-03-31 21:59:07+00:00,2026-03-30/2026-04-05,2026-03,
1261,175eb935-5b01-422c-8c07-1a9818281009,Nykaa,google_play,en,en,False,nice shopping great discount fast delivery nice product suggestions thank you Nyka,nice shopping great discount fast delivery nice product suggestions thank you nyka,nice shopping great discount fast delivery nice product suggestions thank you nyka,5,positive,0,False,12,2026-03-31 21:22:47+00:00,2026-03-30/2026-04-05,2026-03,3.9.3
1262,014c66a9-82b6-46e4-a3aa-2dfd1001a7c2,Nykaa,google_play,en,en,False,worst application,worst application,worst application,1,complaint,0,False,2,2026-03-31 21:11:36+00:00,2026-03-30/2026-04-05,2026-03,3.9.5
1263,821c2141-53b4-4fb5-a501-173bee50a3fd,Nykaa,google_play,en,en,False,let's see how the product is,let's see how the product is,let's see how the product is,5,positive,0,False,6,2026-03-31 20:56:47+00:00,2026-03-30/2026-04-05,2026-03,3.9.5
1264,f840625d-c6ff-4a5d-b3af-0b8a91349e1e,Nykaa,google_play,en,so,False,thank you nykaa,thank you nykaa,thank you nykaa,5,positive,0,False,3,2026-03-31 20:48:54+00:00,2026-03-30/2026-04-05,2026-03,3.9.4
1265,8b828cb2-db21-4e7a-b61b-096f54365f17,Nykaa,google_play,en,en,False,I have worst experience. that's my brother's account I am giving feedback bcoz what they did everyone should know I ordered a product and that's wrong what I ordered I try to return it twice but return request is rejected and after that I try to customer care and I didn't get positive response they told me to wait and when I call after 4 days they give me a insane reason that you have to call with registered number. For return request i have to make recharge first then contact them,i have worst experience. that's my brother's account i am giving feedback bcoz what they did everyone should know i ordered a product and that's wrong what i ordered i try to return it twice but return request is rejected and after that i try to customer care and i didn't get positive response they told me to wait and when i call after 4 days they give me a insane reason that you have to call with registered number. for return request i have to make recharge first then contact them,i have worst experience. that's my brother's account i am giving feedback bcoz what they did everyone should know i ordered a product and that's wrong what i ordered i try to return it twice but return request is rejected and after that i try to customer care and i didn't get positive response they told me to wait and when i call after 4 days they give me a insane reason that you have to call with registered number. for return request i have to make recharge first then contact them,1,complaint,0,False,92,2026-03-31 20:48:18+00:00,2026-03-30/2026-04-05,2026-03,
1266,3dcb0bb8-f988-4929-85e5-6accc04d7e88,Nykaa,google_play,en,en,False,my first Order 🥰,my first order,my first order,5,positive,0,False,3,2026-03-31 20:40:26+00:00,2026-03-30/2026-04-05,2026-03,3.9.5
1267,b62fbbb1-5a4a-49b5-8ca4-515b57278b95,Nykaa,google_play,en,en,False,very nice app for beauty products and get discount on your first order my opinion must try best quality 🎀🌸,very nice app for beauty products and get discount on your first order my opinion must try best quality,very nice app for beauty products and get discount on your first order my opinion must try best quality,5,positive,0,False,19,2026-03-31 20:05:15+00:00,2026-03-30/2026-04-05,2026-03,
1269,6da95d53-b675-4c2d-b717-a72b81078d44,Nykaa,google_play,en,nl,False,with nykaa I get good experience,with nykaa i get good experience,with nykaa i get good experience,5,positive,0,False,6,2026-03-31 19:10:14+00:00,2026-03-30/2026-04-05,2026-03,3.9.3
1270,b7714880-ece3-4777-a329-965578987005,Nykaa,google_play,en,fr,False,Chandni iraqui Chandni iraqui nice product,chandni iraqui chandni iraqui nice product,chandni iraqui chandni iraqui nice product,5,positive,0,False,6,2026-03-31 19:01:17+00:00,2026-03-30/2026-04-05,2026-03,3.9.5
1271,b2847c45-a594-4fc6-b374-c9563839522b,Nykaa,google_play,en,da,False,fast dilivery,fast dilivery,fast dilivery,5,positive,0,False,2,2026-03-31 18:55:32+00:00,2026-03-30/2026-04-05,2026-03,3.9.4
1273,767b1772-fb01-413c-ad91-7d1b142bea61,Nykaa,google_play,en,id,False,"tym s order nhi ate ... 17 ko kia tha aj 31 h 21 ko ana tha abhi tk ni aya ab bolre h 7,8 din aur w8 kro","tym s order nhi ate ... 17 ko kia tha aj 31 h 21 ko ana tha abhi tk ni aya ab bolre h 7,8 din aur w8 kro","tym s order nhi ate ... 17 ko kia tha aj 31 h 21 ko ana tha abhi tk ni aya ab bolre h 7,8 din aur w8 kro",1,complaint,0,False,29,2026-03-31 17:27:27+00:00,2026-03-30/2026-04-05,2026-03,3.9.5
1274,4104dc87-f60b-454a-967c-5c1fd3a43d3c,Nykaa,google_play,en,et,False,jald aao dene,jald aao dene,jald aao dene,2,complaint,0,False,3,2026-03-31 16:41:56+00:00,2026-03-30/2026-04-05,2026-03,3.9.4
1275,692e8bc1-b0e9-4d06-ae1f-8dd0d884e57b,Nykaa,google_play,en,en,False,my first order is not good but I wish that my second order is better than before 💫,my first order is not good but i wish that my second order is better than before,my first order is not good but i wish that my second order is better than before,3,mixed,0,False,17,2026-03-31 16:39:56+00:00,2026-03-30/2026-04-05,2026-03,3.9.4
1276,4f0b6f67-2a75-4e84-968f-3ef1ea081cd4,Nykaa,google_play,en,en,False,I didn't received my order till now i placed order at 17th march but till know i didn't receive order or any update,i didn't received my order till now i placed order at 17th march but till know i didn't receive order or any update,i didn't received my order till now i placed order at 17th march but till know i didn't receive order or any update,1,complaint,0,False,23,2026-03-31 16:22:58+00:00,2026-03-30/2026-04-05,2026-03,3.9.5
1277,1b3c125b-6df4-4e56-9018-a804e3211e0b,Nykaa,google_play,en,en,False,good facility,good facility,good facility,5,positive,0,False,2,2026-03-31 16:11:42+00:00,2026-03-30/2026-04-05,2026-03,3.9.5
1278,e4911824-f0ef-47b7-9669-b6ec18671528,Nykaa,google_play,en,en,False,always available,always available,always available,5,positive,0,False,2,2026-03-31 16:09:19+00:00,2026-03-30/2026-04-05,2026-03,3.9.4
1279,d125e889-7f6f-4795-8046-5a032c0b5b7d,Nykaa,google_play,en,en,False,i like it rosemary & rice water ❤,i like it rosemary rice water,i like it rosemary rice water,5,positive,0,False,6,2026-03-31 15:52:34+00:00,2026-03-30/2026-04-05,2026-03,3.9.5
1280,2d2a4be3-b825-485a-bb00-93aad76867f3,Nykaa,google_play,en,en,False,worst experience,worst experience,worst experience,1,complaint,0,False,2,2026-03-31 15:33:16+00:00,2026-03-30/2026-04-05,2026-03,3.9.5
1281,ad0a77b3-997b-4a15-a566-c19724c257ee,Nykaa,google_play,en,en,False,thanku nykaa this is my 1 st order and you save my money more than my expectation thanku..,thanku nykaa this is my 1 st order and you save my money more than my expectation thanku..,thanku nykaa this is my 1 st order and you save my money more than my expectation thanku..,5,positive,0,False,18,2026-03-31 14:49:02+00:00,2026-03-30/2026-04-05,2026-03,3.9.5
1282,fb60ee5d-d0ab-4e82-9e93-4c089e7a0fda,Nykaa,google_play,en,af,False,app is very good,app is very good,app is very good,5,positive,0,False,4,2026-03-31 14:48:07+00:00,2026-03-30/2026-04-05,2026-03,3.9.5
1283,4a8b71cd-abc0-4dd3-a40c-012029ab6312,Nykaa,google_play,en,af,False,never disappoint with nykaa,never disappoint with nykaa,never disappoint with nykaa,5,positive,0,False,4,2026-03-31 13:48:12+00:00,2026-03-30/2026-04-05,2026-03,3.9.4
1284,bbd3ebf2-29a0-44e4-a38a-68d850b9a53e,Nykaa,google_play,en,en,False,best app for shopping,best app for shopping,best app for shopping,5,positive,0,False,4,2026-03-31 13:38:32+00:00,2026-03-30/2026-04-05,2026-03,3.9.5
1285,caf03bf2-2e7e-4af2-a0bb-152f914a166a,Nykaa,google_play,en,en,False,quality product and service packages,quality product and service packages,quality product and service packages,5,positive,0,False,5,2026-03-31 12:36:11+00:00,2026-03-30/2026-04-05,2026-03,3.9.4
1286,39395f6f-ac78-41cb-a82a-447ad37b5986,Nykaa,google_play,en,fr,False,More expensive,more expensive,more expensive,1,complaint,0,False,2,2026-03-31 12:15:30+00:00,2026-03-30/2026-04-05,2026-03,
1287,2290b8f6-c277-4044-9027-fce07dcebfa6,Nykaa,google_play,en,en,True,"I ordered from Nykaa first time, and I feel their service is very poor, Firstly it delayed the order by 3 days, and when I get the product one of the product was missing, I contact to customer care, they said raise a complaint through mail, I did the same, Now they're saying from our end product is dispatched, so I can't do any kind of help, I asked to refund they denied. I don't think this is a trustable application. & if anyone ordere from this please don't do prepaid order.","i ordered from nykaa first time, and i feel their service is very poor, firstly it delayed the order by 3 days, and when i get the product one of the product was missing, i contact to customer care, they said raise a complaint through mail, i did the same, now they're saying from our end product is dispatched, so i can't do any kind of help, i asked to refund they denied. i don't think this is a trustable application. if anyone ordere from this please don't do prepaid order.","i ordered from nykaa first time, and i feel their service is very poor, firstly it delayed the order by 3 days, and when i get the product one of the product was missing, i contact to customer care, they said raise a complaint through mail, i did the same, now they're saying from our end product is dispatched, so i can't do any kind of help, i asked to refund they denied. i don't think this is a trustable application. if anyone ordere from this please don't do prepaid order.",1,complaint,1,False,91,2026-03-31 11:40:28+00:00,2026-03-30/2026-04-05,2026-03,3.9.5
1288,653936e2-d747-4007-8bec-e19f7932ef91,Nykaa,google_play,en,en,False,I'm trying this app for the first time that why I'm send review after the delivery,i'm trying this app for the first time that why i'm send review after the delivery,i'm trying this app for the first time that why i'm send review after the delivery,3,mixed,0,False,16,2026-03-31 11:28:51+00:00,2026-03-30/2026-04-05,2026-03,3.9.5
1289,7ab03a22-49d2-4d60-b734-178d6832293f,Nykaa,google_play,en,en,False,best quality and service naykaa a good 👍🏻😊 option shoping 🫶🏻,best quality and service naykaa a good option shoping,best quality and service naykaa a good option shoping,5,positive,0,False,9,2026-03-31 10:54:24+00:00,2026-03-30/2026-04-05,2026-03,3.9.5
1290,1a6e4e9e-4533-4ec6-a644-b02e4aadd08d,Nykaa,google_play,en,af,False,app Page is slow working,app page is slow working,app page is slow working,4,positive,0,False,5,2026-03-31 10:51:52+00:00,2026-03-30/2026-04-05,2026-03,3.9.5
1291,87120189-cea9-45a3-b23d-f85136944437,Nykaa,google_play,en,en,False,I love their products but their delivery service and customer support is very bad. it's been 3 days my order is not delivered and their support agents are literally wasting my time. onthe other hand their delivery executive incorrectly marked my order undelivered. not satisfied,i love their products but their delivery service and customer support is very bad. it's been 3 days my order is not delivered and their support agents are literally wasting my time. onthe other hand their delivery executive incorrectly marked my order undelivered. not satisfied,i love their products but their delivery service and customer support is very bad. it's been 3 days my order is not delivered and their support agents are literally wasting my time. onthe other hand their delivery executive incorrectly marked my order undelivered. not satisfied,2,complaint,0,False,45,2026-03-31 10:26:35+00:00,2026-03-30/2026-04-05,2026-03,3.9.5
1292,af5b88b3-0b6a-4e3c-b002-6fb867307084,Nykaa,google_play,en,en,False,the worst app I have downloaded.. even after this i mailed them and the situation was worse. even their customer care service is bad!!,the worst app i have downloaded.. even after this i mailed them and the situation was worse. even their customer care service is bad!!,the worst app i have downloaded.. even after this i mailed them and the situation was worse. even their customer care service is bad!!,1,complaint,0,False,24,2026-03-31 09:11:37+00:00,2026-03-30/2026-04-05,2026-03,
1294,f3fabdd3-5180-4600-a787-ce23f1e03f77,Nykaa,google_play,en,en,False,simply superb,simply superb,simply superb,5,positive,0,False,2,2026-03-31 05:50:17+00:00,2026-03-30/2026-04-05,2026-03,3.9.5
1295,48d72708-71f7-4519-9bf9-c134c916c7d0,Nykaa,google_play,en,en,False,"it's really good because from other platforms if we order it doesn't come back collectively,but here in sale prices r low n everything 😭 comes together sooo it's another level of joy","it's really good because from other platforms if we order it doesn't come back collectively,but here in sale prices r low n everything comes together sooo it's another level of joy","it's really good because from other platforms if we order it doesn't come back collectively,but here in sale prices r low n everything comes together sooo it's another level of joy",4,positive,0,False,31,2026-03-31 04:54:04+00:00,2026-03-30/2026-04-05,2026-03,3.9.3
1296,577acbaf-6791-45b6-8a36-10cbeb918720,Nykaa,google_play,en,en,False,"trusted App, good service & better price","trusted app, good service better price","trusted app, good service better price",5,positive,0,False,6,2026-03-31 02:57:35+00:00,2026-03-30/2026-04-05,2026-03,3.9.4
1297,978aaf44-1c11-4209-a41e-db4f93ad19d2,Nykaa,google_play,en,en,False,"Very disappointed with Nykaa. They have delivered the wrong product multiple times, and sometimes the quality is very poor. This is not a one time issue.Worst part is they don’t take responsibility returns get rejected or ignored. For such an expensive platform, this service is unacceptable. Not recommended. Customers trust Nykaa and spend their money, but in return, they get careless service and no proper support. This is highly unprofessional.","very disappointed with nykaa. they have delivered the wrong product multiple times, and sometimes the quality is very poor. this is not a one time issue.worst part is they don t take responsibility returns get rejected or ignored. for such an expensive platform, this service is unacceptable. not recommended. customers trust nykaa and spend their money, but in return, they get careless service and no proper support. this is highly unprofessional.","very disappointed with nykaa. they have delivered the wrong product multiple times, and sometimes the quality is very poor. this is not a one time issue.worst part is they don t take responsibility returns get rejected or ignored. for such an expensive platform, this service is unacceptable. not recommended. customers trust nykaa and spend their money, but in return, they get careless service and no proper support. this is highly unprofessional.",1,complaint,0,False,71,2026-03-31 01:37:42+00:00,2026-03-30/2026-04-05,2026-03,3.9.5
1298,e9c1b39d-4986-43f1-bcb3-ad5c4e683105,Nykaa,google_play,en,so,False,thnku to naykaa,thnku to naykaa,thnku to naykaa,5,positive,0,False,3,2026-03-31 01:05:03+00:00,2026-03-30/2026-04-05,2026-03,3.9.3
1300,f805302f-66cf-4195-b420-66be02c8510e,Nykaa,google_play,en,en,False,I purchase mantra items from Nykaa.I love all goods.Thanks.,i purchase mantra items from nykaa.i love all goods.thanks.,i purchase mantra items from nykaa.i love all goods.thanks.,5,positive,0,False,9,2026-03-30 23:15:42+00:00,2026-03-30/2026-04-05,2026-03,3.9.4
1301,d26273d7-0619-4645-ac8b-4e57e6b8fb68,Nykaa,google_play,en,en,False,"Extremely disappointing experience with Nykaa. My order was delayed multiple times and despite the delivery agent calling me, the product was never actually delivered. Shockingly, the app then marked the order as “Delivered” I immediately raised a complaint and emailed them, but there have been no updates, it has been a week. Would not recommend ordering unless you’re okay risking your money.","extremely disappointing experience with nykaa. my order was delayed multiple times and despite the delivery agent calling me, the product was never actually delivered. shockingly, the app then marked the order as delivered i immediately raised a complaint and emailed them, but there have been no updates, it has been a week. would not recommend ordering unless you re okay risking your money.","extremely disappointing experience with nykaa. my order was delayed multiple times and despite the delivery agent calling me, the product was never actually delivered. shockingly, the app then marked the order as delivered i immediately raised a complaint and emailed them, but there have been no updates, it has been a week. would not recommend ordering unless you re okay risking your money.",1,complaint,0,False,63,2026-03-30 22:57:22+00:00,2026-03-30/2026-04-05,2026-03,3.9.4
1302,f4bd209a-6493-497b-9be8-39acd88fdd48,Nykaa,google_play,en,en,False,I love it this,i love it this,i love it this,5,positive,0,False,4,2026-03-30 22:41:34+00:00,2026-03-30/2026-04-05,2026-03,3.9.4
1303,5d805f3a-14e0-4922-b847-e63cc7479d83,Nykaa,google_play,en,en,False,awesome offer,awesome offer,awesome offer,5,positive,0,False,2,2026-03-30 21:43:38+00:00,2026-03-30/2026-04-05,2026-03,
1304,a203556e-66a2-4736-9dfe-e9fe2829a675,Nykaa,google_play,en,cs,False,I like nykaa it's vary lovely products,i like nykaa it's vary lovely products,i like nykaa it's vary lovely products,5,positive,0,False,7,2026-03-30 21:24:48+00:00,2026-03-30/2026-04-05,2026-03,3.9.5
1306,26746f05-f680-4786-94d1-794c7ec152c8,Nykaa,google_play,en,en,False,worst experience... worst service... not even deserve one star,worst experience... worst service... not even deserve one star,worst experience... worst service... not even deserve one star,1,complaint,0,False,9,2026-03-30 21:02:03+00:00,2026-03-30/2026-04-05,2026-03,3.9.4
1307,9109353e-9b04-4853-885f-fcb618c60199,Nykaa,google_play,en,da,False,lot of struggles in order placing ... doesn't feel like user friendly,lot of struggles in order placing ... doesn't feel like user friendly,lot of struggles in order placing ... doesn't feel like user friendly,1,complaint,0,False,12,2026-03-30 20:58:47+00:00,2026-03-30/2026-04-05,2026-03,3.9.5
1308,2c9218e5-53e4-40af-b2a3-a0d602d07a64,Nykaa,google_play,en,en,True,such a bad experience I ordered brush and didn't like quality mene return request dala accept nahi kara or bolre he open he how can I know brush quality without open it ghante jesi tumhari policy pink sales me expired or open product dete ho tab kaha jati he policy bakwas service he or call karke bolre he feedback dlt karo,such a bad experience i ordered brush and didn't like quality mene return request dala accept nahi kara or bolre he open he how can i know brush quality without open it ghante jesi tumhari policy pink sales me expired or open product dete ho tab kaha jati he policy bakwas service he or call karke bolre he feedback dlt karo,such a bad experience i ordered brush and didn't like quality mene return request dala accept nahi kara or bolre he open he how can i know brush quality without open it ghante jesi tumhari policy pink sales me expired or open product dete ho tab kaha jati he policy bakwas service he or call karke bolre he feedback dlt karo,1,complaint,0,False,61,2026-03-30 20:52:02+00:00,2026-03-30/2026-04-05,2026-03,
1309,24476bfe-4498-4c5f-b041-36cfee25bf71,Nykaa,google_play,en,en,False,i ordered one product in several times but u not delivered on time 🤌🏻very bad experience,i ordered one product in several times but u not delivered on time very bad experience,i ordered one product in several times but u not delivered on time very bad experience,1,complaint,0,False,16,2026-03-30 20:35:25+00:00,2026-03-30/2026-04-05,2026-03,
1310,c70291a9-0971-4b19-bdbb-f16a792df8f0,Nykaa,google_play,en,no,False,best app for skincare,best app for skincare,best app for skincare,5,positive,0,False,4,2026-03-30 20:33:50+00:00,2026-03-30/2026-04-05,2026-03,3.9.4
1311,df76b8de-1b8e-420b-b965-dc119e134335,Nykaa,google_play,en,sl,False,I just love it,i just love it,i just love it,5,positive,0,False,4,2026-03-30 20:01:34+00:00,2026-03-30/2026-04-05,2026-03,3.9.4
1312,37fd8bb5-ff0f-4558-b99c-d4b9c640144f,Nykaa,google_play,en,en,True,"i ordered a LED mask for 10,000 ..but with in 3months it stopped working.whn I called Nykaa customer care..they told me that I should talk to the original company n provided me their number. That Led mask company Signaxo didn't respond properly and told it can't be replaced.Here Nykaa mailed me that they can't do anything.. I ordered this product via Nykaa platform and got scammed for 10,000. I hv uninstalled it.","i ordered a led mask for 10,000 ..but with in 3months it stopped working.whn i called nykaa customer care..they told me that i should talk to the original company n provided me their number. that led mask company signaxo didn't respond properly and told it can't be replaced.here nykaa mailed me that they can't do anything.. i ordered this product via nykaa platform and got scammed for 10,000. i hv uninstalled it.","i ordered a led mask for 10,000 ..but with in 3months it stopped working.whn i called nykaa customer care..they told me that i should talk to the original company n provided me their number. that led mask company signaxo didn't respond properly and told it can't be replaced.here nykaa mailed me that they can't do anything.. i ordered this product via nykaa platform and got scammed for 10,000. i hv uninstalled it.",1,complaint,0,False,72,2026-03-30 18:51:48+00:00,2026-03-30/2026-04-05,2026-03,3.8.7
1313,ff6926ac-a366-4272-afbb-a6be9415bf33,Nykaa,google_play,en,en,True,app is really good I love to shoping at nykaa but the delivery partner can't deliver my parcel pls can u make sure about he also want extra money to delever my parcel,app is really good i love to shoping at nykaa but the delivery partner can't deliver my parcel pls can u make sure about he also want extra money to delever my parcel,app is really good i love to shoping at nykaa but the delivery partner can't deliver my parcel pls can u make sure about he also want extra money to delever my parcel,5,positive,0,False,33,2026-03-30 18:43:37+00:00,2026-03-30/2026-04-05,2026-03,3.9.5
1314,9179925a-f5cc-4082-b884-180b04da9486,Nykaa,google_play,en,en,False,It is a nice platform when compared to other beauty apps,it is a nice platform when compared to other beauty apps,it is a nice platform when compared to other beauty apps,5,positive,0,False,11,2026-03-30 18:40:26+00:00,2026-03-30/2026-04-05,2026-03,3.9.5
1315,5ec9942e-a965-4219-9ee9-4da9a89568f0,Nykaa,google_play,en,en,True,"worst shopping platform. please do not fall for the original brands scam. delivery is very poor and inconvenient. Even though due to someone else's fault your delivery is missed, then also they cancel your order.... no value for the time of the customer. They will show 2 day delivery then keep delaying it day by day and after 1 month also you will not receive your order. customer support is also very poor.","worst shopping platform. please do not fall for the original brands scam. delivery is very poor and inconvenient. even though due to someone else's fault your delivery is missed, then also they cancel your order.. no value for the time of the customer. they will show 2 day delivery then keep delaying it day by day and after 1 month also you will not receive your order. customer support is also very poor.","worst shopping platform. please do not fall for the original brands scam. delivery is very poor and inconvenient. even though due to someone else's fault your delivery is missed, then also they cancel your order.. no value for the time of the customer. they will show 2 day delivery then keep delaying it day by day and after 1 month also you will not receive your order. customer support is also very poor.",1,complaint,0,False,73,2026-03-30 18:29:16+00:00,2026-03-30/2026-04-05,2026-03,3.9.4
1316,795814f3-9c94-4e17-af0a-5dbb589b5a97,Nykaa,google_play,en,en,False,Nykaa you r my best friend ever thank you so much for the best offers 😍,nykaa you r my best friend ever thank you so much for the best offers,nykaa you r my best friend ever thank you so much for the best offers,5,positive,0,False,15,2026-03-30 17:15:01+00:00,2026-03-30/2026-04-05,2026-03,3.9.4
1317,dba354f1-2bdf-428d-98ae-173f82acf0e4,Nykaa,google_play,en,en,False,best deals and better conveniences for all feminines.,best deals and better conveniences for all feminines.,best deals and better conveniences for all feminines.,5,positive,0,False,8,2026-03-30 16:33:18+00:00,2026-03-30/2026-04-05,2026-03,3.9.4
1318,e4e7138c-9123-4066-97c5-83a48cca6e69,Nykaa,google_play,en,af,False,nykaa is best,nykaa is best,nykaa is best,5,positive,0,False,3,2026-03-30 16:27:53+00:00,2026-03-30/2026-04-05,2026-03,3.9.4
1320,55c646a4-a546-4c42-9642-fe253ddee381,Nykaa,google_play,en,en,False,hate this app. can't even contact them properly,hate this app. can't even contact them properly,hate this app. can't even contact them properly,1,complaint,0,False,8,2026-03-30 15:59:37+00:00,2026-03-30/2026-04-05,2026-03,
1321,2c4c1e48-4a8e-4e78-a638-f5139ec65211,Nykaa,google_play,en,en,True,i have ordered two sunscreen from nykaa which is from gabit but I got only single product from dot and key and this is already third time I have tried to return that product but they didn't update or provide any information when rider upload pic they didn't respond anything very bad behaviour from gabit and totally scam from this app if they can't provide the proper costumer service then they should provide proper product atleast we have paid money to get wrong product wow what a service Nykaa,i have ordered two sunscreen from nykaa which is from gabit but i got only single product from dot and key and this is already third time i have tried to return that product but they didn't update or provide any information when rider upload pic they didn't respond anything very bad behaviour from gabit and totally scam from this app if they can't provide the proper costumer service then they should provide proper product atleast we have paid money to get wrong product wow what a service nykaa,i have ordered two sunscreen from nykaa which is from gabit but i got only single product from dot and key and this is already third time i have tried to return that product but they didn't update or provide any information when rider upload pic they didn't respond anything very bad behaviour from gabit and totally scam from this app if they can't provide the proper costumer service then they should provide proper product atleast we have paid money to get wrong product wow what a service nykaa,1,complaint,0,False,89,2026-03-30 15:54:40+00:00,2026-03-30/2026-04-05,2026-03,3.9.5
1322,aee6d5d5-6ac9-4658-aeb1-d29a1e877f94,Nykaa,google_play,en,en,True,"Everything about the app good but one thing is that some things are never back in stock. For example mars bestsellers, it's been a month since I have been waiting for it to be restocked but still they haven't, I find it super disappointing. If they could fix or do something about it , it would be appreciated.","everything about the app good but one thing is that some things are never back in stock. for example mars bestsellers, it's been a month since i have been waiting for it to be restocked but still they haven't, i find it super disappointing. if they could fix or do something about it , it would be appreciated.","everything about the app good but one thing is that some things are never back in stock. for example mars bestsellers, it's been a month since i have been waiting for it to be restocked but still they haven't, i find it super disappointing. if they could fix or do something about it , it would be appreciated.",4,positive,0,False,58,2026-03-30 15:48:06+00:00,2026-03-30/2026-04-05,2026-03,3.9.4
1323,a9844657-53b6-4316-b86d-0c090335ab48,Nykaa,google_play,en,fr,False,excellent products,excellent products,excellent products,5,positive,0,False,2,2026-03-30 15:08:33+00:00,2026-03-30/2026-04-05,2026-03,3.9.5
1324,b6bf27e2-861b-4832-8500-19ec0dd4d5f8,Nykaa,google_play,en,en,True,"I ordered a product from the app nykaa and it has not been delivered to my home yet. I checked and ordered on 25th March. It was showing on the app that it was delivered on 27th. But I did not receive the order and I did not share any otp. So who gave my order? I want my money back. Nyka 296. If this continues, no one will shop at Nyka Varun and I will never buy online again. My money has been lost. I have also called the customer care. But there is no response from them.","i ordered a product from the app nykaa and it has not been delivered to my home yet. i checked and ordered on 25th march. it was showing on the app that it was delivered on 27th. but i did not receive the order and i did not share any otp. so who gave my order? i want my money back. nyka 296. if this continues, no one will shop at nyka varun and i will never buy online again. my money has been lost. i have also called the customer care. but there is no response from them.","i ordered a product from the app nykaa and it has not been delivered to my home yet. i checked and ordered on 25th march. it was showing on the app that it was delivered on 27th. but i did not receive the order and i did not share any otp. so who gave my order? i want my money back. nyka 296. if this continues, no one will shop at nyka varun and i will never buy online again. my money has been lost. i have also called the customer care. but there is no response from them.",1,complaint,0,False,99,2026-03-30 14:57:18+00:00,2026-03-30/2026-04-05,2026-03,3.9.4
1326,d23acbb7-d21d-41a8-982d-25f410a4ae45,Nykaa,google_play,en,en,False,trust app iam happy 😊,trust app iam happy,trust app iam happy,5,positive,0,False,4,2026-03-30 14:26:02+00:00,2026-03-30/2026-04-05,2026-03,3.9.4
1327,fcfe0bd4-a980-4f54-9be3-4f84ca0655e5,Nykaa,google_play,en,en,True,"I ordered a prepaid product from Nykaa but never received the parcel. I requested a refund and was told it was initiated between 20–22 March. Later, Nykaa claimed the refund was processed, but I did not receive the amount in my bank account. Even after multiple follow-ups, there is no clear resolution. I had to contact my bank myself and still the issue is unresolved. This kind of service is very disappointing, especially for prepaid orders. Please improve your refund system and customer support","i ordered a prepaid product from nykaa but never received the parcel. i requested a refund and was told it was initiated between 20 22 march. later, nykaa claimed the refund was processed, but i did not receive the amount in my bank account. even after multiple follow-ups, there is no clear resolution. i had to contact my bank myself and still the issue is unresolved. this kind of service is very disappointing, especially for prepaid orders. please improve your refund system and customer support","i ordered a prepaid product from nykaa but never received the parcel. i requested a refund and was told it was initiated between 20 22 march. later, nykaa claimed the refund was processed, but i did not receive the amount in my bank account. even after multiple follow-ups, there is no clear resolution. i had to contact my bank myself and still the issue is unresolved. this kind of service is very disappointing, especially for prepaid orders. please improve your refund system and customer support",1,complaint,1,False,85,2026-03-30 14:15:45+00:00,2026-03-30/2026-04-05,2026-03,3.9.5
1328,b924592d-c1a6-4336-9718-595e81bdfbf1,Nykaa,google_play,en,fr,False,Best App genuine product all,best app genuine product all,best app genuine product all,5,positive,0,False,5,2026-03-30 14:10:22+00:00,2026-03-30/2026-04-05,2026-03,3.9.5
1329,1fb7fd6b-c0cc-434c-a7a5-438f7db53406,Nykaa,google_play,en,fr,False,superb app,superb app,superb app,5,positive,0,False,2,2026-03-30 13:43:19+00:00,2026-03-30/2026-04-05,2026-03,3.9.4
1330,90843267-e756-47e4-b813-ab4ceda365f8,Nykaa,google_play,en,en,False,this app is not trustworthy at all.i used a coupen for a order maybe that's why nykaa is not delivering my order . I have been waiting for so long and my order is getting cancelled automatically .the delivery boy didn't even call me 😒😒,this app is not trustworthy at all.i used a coupen for a order maybe that's why nykaa is not delivering my order . i have been waiting for so long and my order is getting cancelled automatically .the delivery boy didn't even call me,this app is not trustworthy at all.i used a coupen for a order maybe that's why nykaa is not delivering my order . i have been waiting for so long and my order is getting cancelled automatically .the delivery boy didn't even call me,1,complaint,0,False,44,2026-03-30 13:41:45+00:00,2026-03-30/2026-04-05,2026-03,3.9.5
1331,0f6d49ba-d84d-41bf-8bb6-f6f55bb857a6,Nykaa,google_play,en,af,False,nykaa Is very good App,nykaa is very good app,nykaa is very good app,5,positive,0,False,5,2026-03-30 12:58:45+00:00,2026-03-30/2026-04-05,2026-03,3.9.5
1332,d9e6e520-fa53-460c-bccb-59533c3ae08f,Nykaa,google_play,en,en,False,"their prices for products keep increasing.nyx lip stains went from 600 to 999 in short time. not even a minor change,the sale is not much of a help.","their prices for products keep increasing.nyx lip stains went from 600 to 999 in short time. not even a minor change,the sale is not much of a help.","their prices for products keep increasing.nyx lip stains went from 600 to 999 in short time. not even a minor change,the sale is not much of a help.",2,complaint,0,False,28,2026-03-30 12:55:27+00:00,2026-03-30/2026-04-05,2026-03,3.9.4
1333,71b56de2-69d5-4298-8778-945693e7f0ac,Nykaa,google_play,en,fi,False,I love nykaa,i love nykaa,i love nykaa,5,positive,0,False,3,2026-03-30 12:16:31+00:00,2026-03-30/2026-04-05,2026-03,3.9.5
1334,bf7fbbec-2d6e-4f51-a36e-cdaa993730e6,Nykaa,google_play,en,en,False,fake app and my delivery is pending,fake app and my delivery is pending,fake app and my delivery is pending,1,complaint,0,False,7,2026-03-30 12:11:06+00:00,2026-03-30/2026-04-05,2026-03,
1335,b0f85d2c-f171-4cb6-bf50-4060b6247372,Nykaa,google_play,en,nl,False,best makeup app,best makeup app,best makeup app,4,positive,0,False,3,2026-03-30 11:38:22+00:00,2026-03-30/2026-04-05,2026-03,3.9.5
1336,244d4963-6c6f-4b24-b01b-4eced3f8b35b,Nykaa,google_play,en,en,False,"this app is too good as I expect before I used so many apps for makeup products but this app impressed me with the products,and at all","this app is too good as i expect before i used so many apps for makeup products but this app impressed me with the products,and at all","this app is too good as i expect before i used so many apps for makeup products but this app impressed me with the products,and at all",5,positive,0,False,27,2026-03-30 11:25:19+00:00,2026-03-30/2026-04-05,2026-03,3.9.4
1337,72386db8-1b46-4035-b4c1-1dc006704ff0,Nykaa,google_play,en,en,True,the product are good likely to purchase againinin,the product are good likely to purchase againinin,the product are good likely to purchase againinin,5,positive,0,False,8,2026-03-30 11:04:04+00:00,2026-03-30/2026-04-05,2026-03,3.9.4
1338,a3702dd7-fa5c-480c-b6c3-d61adf7d06a2,Nykaa,google_play,en,ro,False,amezing product,amezing product,amezing product,5,positive,0,False,2,2026-03-30 10:50:29+00:00,2026-03-30/2026-04-05,2026-03,3.9.4
1339,49aa0194-4434-4776-a540-8df111c1a073,Nykaa,google_play,en,en,False,I ordered from nykaa multiple time..... I am 14 years old I need good skin care..... and nykaa help me to find bestseller products,i ordered from nykaa multiple time.. i am 14 years old i need good skin care.. and nykaa help me to find bestseller products,i ordered from nykaa multiple time.. i am 14 years old i need good skin care.. and nykaa help me to find bestseller products,5,positive,0,False,24,2026-03-30 10:48:39+00:00,2026-03-30/2026-04-05,2026-03,3.9.5
1340,f78b1e5f-661f-46a6-a9e6-9e2bd4edeb4b,Nykaa,google_play,en,en,False,it's good but I have a problem so I want case on delivery on all my orders,it's good but i have a problem so i want case on delivery on all my orders,it's good but i have a problem so i want case on delivery on all my orders,4,positive,0,False,17,2026-03-30 10:33:41+00:00,2026-03-30/2026-04-05,2026-03,3.9.3
1341,53927354-3a3e-4e99-bb83-d24abaff1fc2,Nykaa,google_play,en,en,False,I got my best skin care products,i got my best skin care products,i got my best skin care products,5,positive,0,False,7,2026-03-30 10:10:37+00:00,2026-03-30/2026-04-05,2026-03,3.9.4
1342,3ac630a5-5d4a-4e29-86cd-0309482516bb,Nykaa,google_play,en,en,False,nice app price of products is good not so high not so low and na reviews of every product is 4+ star . I just love this app 💗,nice app price of products is good not so high not so low and na reviews of every product is 4 star . i just love this app,nice app price of products is good not so high not so low and na reviews of every product is 4 star . i just love this app,5,positive,0,False,28,2026-03-30 09:54:26+00:00,2026-03-30/2026-04-05,2026-03,3.9.4
1343,3d1c68ef-6407-47a1-9e78-e21abf6d676e,Nykaa,google_play,en,en,True,"so the nyka cheat on customers again, im the one who used to order every single thing from nyka, but on 25 march I order and got the empty perfume bottle- the packaging was wet ,there was fluid traped inside the outer polytechnic packaging, so I made video of everything, and raised return request, after contacting help kine ,I was told maam your account is under observation I spent more than 2 lakhs for shop and this is how they are cheating and not accepting things that they sent in damage","so the nyka cheat on customers again, im the one who used to order every single thing from nyka, but on 25 march i order and got the empty perfume bottle- the packaging was wet ,there was fluid traped inside the outer polytechnic packaging, so i made video of everything, and raised return request, after contacting help kine ,i was told maam your account is under observation i spent more than 2 lakhs for shop and this is how they are cheating and not accepting things that they sent in damage","so the nyka cheat on customers again, im the one who used to order every single thing from nyka, but on 25 march i order and got the empty perfume bottle- the packaging was wet ,there was fluid traped inside the outer polytechnic packaging, so i made video of everything, and raised return request, after contacting help kine ,i was told maam your account is under observation i spent more than 2 lakhs for shop and this is how they are cheating and not accepting things that they sent in damage",1,complaint,0,False,91,2026-03-30 09:49:45+00:00,2026-03-30/2026-04-05,2026-03,3.9.4
1344,e8ca7385-fa43-4857-81c0-7041a4979736,Nykaa,google_play,en,so,False,too much good,too much good,too much good,4,positive,0,False,3,2026-03-30 09:28:07+00:00,2026-03-30/2026-04-05,2026-03,3.9.4
1345,7336def1-95ee-42e6-ad46-3453d2cf9541,Nykaa,google_play,en,en,False,The worst delivery app,the worst delivery app,the worst delivery app,1,complaint,0,False,4,2026-03-30 09:20:43+00:00,2026-03-30/2026-04-05,2026-03,3.9.4
1346,f6c94789-8c05-4104-ade3-38c32e440ce5,Nykaa,google_play,en,en,False,genuine and authentic,genuine and authentic,genuine and authentic,5,positive,0,False,3,2026-03-30 08:48:00+00:00,2026-03-30/2026-04-05,2026-03,3.9.4
1347,6fa34a54-5d65-4d41-88ed-0b7f24bf409c,Nykaa,google_play,en,en,False,pathetic experience.,pathetic experience.,pathetic experience.,1,complaint,0,False,2,2026-03-30 01:05:25+00:00,2026-03-30/2026-04-05,2026-03,3.9.4
1348,9f47b24d-2aa9-44a4-880a-9893a0146ef2,Nykaa,google_play,en,en,True,I use to love nykaa app and relied only on this app due to its delivery services but I am very disappointed by this app and customer service I have ordered a product and it gets scheduled everyday earlier all the courier partner delivered the item on time but since you handed shadowfax as your courier partner things are getting worse the delivery agent keeps scheduling it by giving fake update that customer is not contactable whereas when I called him he keeps disconnecting the call.,i use to love nykaa app and relied only on this app due to its delivery services but i am very disappointed by this app and customer service i have ordered a product and it gets scheduled everyday earlier all the courier partner delivered the item on time but since you handed shadowfax as your courier partner things are getting worse the delivery agent keeps scheduling it by giving fake update that customer is not contactable whereas when i called him he keeps disconnecting the call.,i use to love nykaa app and relied only on this app due to its delivery services but i am very disappointed by this app and customer service i have ordered a product and it gets scheduled everyday earlier all the courier partner delivered the item on time but since you handed shadowfax as your courier partner things are getting worse the delivery agent keeps scheduling it by giving fake update that customer is not contactable whereas when i called him he keeps disconnecting the call.,5,positive,35,True,86,2026-03-30 00:29:05+00:00,2026-03-30/2026-04-05,2026-03,3.9.5
1350,551c1cdc-ffd8-4da1-8ac0-2dd73c2c52cb,Nykaa,google_play,en,en,False,third class service really third class service i order pilgrim shampoo serum while order it was shown next day delivery but today is 5th day still it was not delivered disappointed,third class service really third class service i order pilgrim shampoo serum while order it was shown next day delivery but today is 5th day still it was not delivered disappointed,third class service really third class service i order pilgrim shampoo serum while order it was shown next day delivery but today is 5th day still it was not delivered disappointed,1,complaint,0,False,31,2026-03-29 23:56:34+00:00,2026-03-23/2026-03-29,2026-03,3.9.5
1351,08fd183c-72a2-45af-8a7b-365a28af13ab,Nykaa,google_play,en,id,False,odar aaya to 5 rating rakhunga Varna 1 dunga,odar aaya to 5 rating rakhunga varna 1 dunga,odar aaya to 5 rating rakhunga varna 1 dunga,5,positive,0,False,9,2026-03-29 23:39:43+00:00,2026-03-23/2026-03-29,2026-03,3.9.4
1353,7ce4eebf-0d7c-4732-baba-08dd024b62d4,Nykaa,google_play,en,en,False,recommended for all 😍,recommended for all,recommended for all,5,positive,0,False,3,2026-03-29 23:34:33+00:00,2026-03-23/2026-03-29,2026-03,
1354,411b0bb4-884f-445f-bc30-41bfd8b89369,Nykaa,google_play,en,fr,False,coupons are not available 😔,coupons are not available,coupons are not available,4,positive,0,False,4,2026-03-29 23:28:48+00:00,2026-03-23/2026-03-29,2026-03,3.9.4
1355,ec108726-5ae1-438a-97ce-b5b581c7f7fa,Nykaa,google_play,en,en,False,super app really Affordable,super app really affordable,super app really affordable,5,positive,0,False,4,2026-03-29 23:17:49+00:00,2026-03-23/2026-03-29,2026-03,3.9.4
1356,01ac6487-e5fe-45a6-9887-4f33f938c5f5,Nykaa,google_play,en,en,False,good product good response thank u,good product good response thank u,good product good response thank u,5,positive,0,False,6,2026-03-29 22:57:55+00:00,2026-03-23/2026-03-29,2026-03,3.9.4
1357,1d61243b-8056-4f46-b8ec-566e6747af03,Nykaa,google_play,en,en,False,perfect and ultimate app for purchasing,perfect and ultimate app for purchasing,perfect and ultimate app for purchasing,5,positive,0,False,6,2026-03-29 22:57:17+00:00,2026-03-23/2026-03-29,2026-03,3.9.4
1358,b24c8b01-f798-43bd-9a25-9dd09a37832f,Nykaa,google_play,en,en,False,The app is too good. Deliverd good products,the app is too good. deliverd good products,the app is too good. deliverd good products,5,positive,0,False,8,2026-03-29 22:24:26+00:00,2026-03-23/2026-03-29,2026-03,3.9.4
1359,cadce9a1-cac9-48a6-8236-70dcd4d12bb7,Nykaa,google_play,en,tl,False,I like shipping in Nykaa ...,i like shipping in nykaa ...,i like shipping in nykaa ...,4,positive,0,False,6,2026-03-29 22:06:49+00:00,2026-03-23/2026-03-29,2026-03,3.9.5
1360,1cb2519e-fca2-423f-9a7e-1c303276d53e,Nykaa,google_play,en,en,False,should keep more coupons.... should less the amount,should keep more coupons.. should less the amount,should keep more coupons.. should less the amount,5,positive,0,False,8,2026-03-29 21:33:06+00:00,2026-03-23/2026-03-29,2026-03,3.9.5
1361,10a10c35-938d-4ede-8b55-b4460248cca8,Nykaa,google_play,en,da,False,so affordable,so affordable,so affordable,5,positive,0,False,2,2026-03-29 21:10:27+00:00,2026-03-23/2026-03-29,2026-03,3.9.4
1362,10b5ef8c-0718-43c0-a30b-cb4a6df473f0,Nykaa,google_play,en,en,False,My issues are solved. I still love using this app for skincare.,my issues are solved. i still love using this app for skincare.,my issues are solved. i still love using this app for skincare.,5,positive,100,True,12,2026-03-29 20:57:48+00:00,2026-03-23/2026-03-29,2026-03,3.9.5
1364,c852bc97-5a53-4675-ab1e-f6ac15e6cb6b,Nykaa,google_play,en,en,False,poor notification tab design. though we press on skip notification it still opens the app.,poor notification tab design. though we press on skip notification it still opens the app.,poor notification tab design. though we press on skip notification it still opens the app.,1,complaint,0,False,15,2026-03-29 20:55:50+00:00,2026-03-23/2026-03-29,2026-03,3.9.5
1365,1257f2b6-8efe-4680-920e-679014bdfde2,Nykaa,google_play,en,en,False,200rs cashback nhi mila,200rs cashback nhi mila,200rs cashback nhi mila,5,positive,0,False,4,2026-03-29 20:53:12+00:00,2026-03-23/2026-03-29,2026-03,3.9.4
1366,314fb3ef-ac8a-47ea-9bda-4c3ae41fd43d,Nykaa,google_play,en,en,False,what's the use of help center when you can't even help customers with their order issue worst customer help service out of all apps,what's the use of help center when you can't even help customers with their order issue worst customer help service out of all apps,what's the use of help center when you can't even help customers with their order issue worst customer help service out of all apps,1,complaint,0,False,24,2026-03-29 19:48:20+00:00,2026-03-23/2026-03-29,2026-03,3.9.5
1367,6cae28c3-4316-4bf0-addb-d6affddd79c5,Nykaa,google_play,en,en,False,reasonable prices,reasonable prices,reasonable prices,5,positive,0,False,2,2026-03-29 19:23:32+00:00,2026-03-23/2026-03-29,2026-03,3.9.5
1370,3f22b6ff-947e-404d-b43d-f6a7acffbaad,Nykaa,google_play,en,en,False,need more offers in lesser amount,need more offers in lesser amount,need more offers in lesser amount,3,mixed,0,False,6,2026-03-29 17:12:53+00:00,2026-03-23/2026-03-29,2026-03,3.9.4
1371,545d88fa-2415-4272-b926-f0411a589da6,Nykaa,google_play,en,af,False,very bad in delivery,very bad in delivery,very bad in delivery,1,complaint,0,False,4,2026-03-29 17:02:13+00:00,2026-03-23/2026-03-29,2026-03,3.9.4
1372,a39623aa-e0f2-45d9-8a41-ba40e181ac8a,Nykaa,google_play,en,en,False,worst services ever this is my second time ordering products from Nykaa everytime their delivery partner cancel the delivery on their own they don't even tried contacting me and labelled the cancelled delivery as Consignee not available this is wrong they don't even take grievance seriously,worst services ever this is my second time ordering products from nykaa everytime their delivery partner cancel the delivery on their own they don't even tried contacting me and labelled the cancelled delivery as consignee not available this is wrong they don't even take grievance seriously,worst services ever this is my second time ordering products from nykaa everytime their delivery partner cancel the delivery on their own they don't even tried contacting me and labelled the cancelled delivery as consignee not available this is wrong they don't even take grievance seriously,1,complaint,0,False,46,2026-03-29 16:33:42+00:00,2026-03-23/2026-03-29,2026-03,3.9.4
1374,f2104c5e-f23a-488a-b085-b15ca09af021,Nykaa,google_play,en,en,False,I don't know why this app isn't taking return product image disappointed,i don't know why this app isn't taking return product image disappointed,i don't know why this app isn't taking return product image disappointed,2,complaint,0,False,12,2026-03-29 15:50:45+00:00,2026-03-23/2026-03-29,2026-03,3.9.4
1375,71dd66ce-deac-4da8-a612-555e6636be9e,Nykaa,google_play,en,en,False,thank you you,thank you you,thank you you,5,positive,0,False,3,2026-03-29 14:52:58+00:00,2026-03-23/2026-03-29,2026-03,
1376,b5cf8f33-25d7-4dee-b442-2603af36188a,Nykaa,google_play,en,en,False,worst experience in nykaa I received damage product my item is not getting returned,worst experience in nykaa i received damage product my item is not getting returned,worst experience in nykaa i received damage product my item is not getting returned,1,complaint,0,False,14,2026-03-29 14:21:29+00:00,2026-03-23/2026-03-29,2026-03,
1377,95ec65d0-721b-4a67-8b2f-8262d606b5cc,Nykaa,google_play,hi,en,False,it is very useful app,it is very useful app,it is very useful app,5,positive,0,False,5,2026-03-24 17:46:44+00:00,2026-03-23/2026-03-29,2026-03,3.9.4
1378,6681ef07-67c5-4390-ae34-ea7b2eba878d,Nykaa,google_play,hi,hi,False,बढ़िया सर्विस है मेरी बेटी बहुत समान मंगवाती है । बढ़िया ही आता है सब।,बढ़िया सर्विस है मेरी बेटी बहुत समान मंगवाती है । बढ़िया ही आता है सब।,बढ़िया सर्विस है मेरी बेटी बहुत समान मंगवाती है । बढ़िया ही आता है सब।,5,positive,2,False,15,2026-03-24 16:03:24+00:00,2026-03-23/2026-03-29,2026-03,3.9.4
1379,6affef15-e1af-444c-b136-3b95029de3f2,Nykaa,google_play,hi,nl,False,Mind distract advotiement,mind distract advotiement,mind distract advotiement,1,complaint,0,False,3,2026-03-21 11:09:30+00:00,2026-03-16/2026-03-22,2026-03,
1381,d4e86009-5fce-43ea-8ce9-924b123c33da,Nykaa,google_play,hi,en,False,It is very well ordered and easy to order.,it is very well ordered and easy to order.,it is very well ordered and easy to order.,5,positive,1,False,9,2026-02-06 07:13:51+00:00,2026-02-02/2026-02-08,2026-02,3.8.9
1383,45a76699-287b-48da-80e9-381873498c4b,Nykaa,google_play,hi,en,False,very nice 👍👍 to you and your family a very,very nice to you and your family a very,very nice to you and your family a very,5,positive,0,False,9,2025-11-30 06:42:29+00:00,2025-11-24/2025-11-30,2025-11,3.8.9
1384,01a4809d-2c45-4531-8c17-6c347cebc651,Nykaa,google_play,hi,en,False,this is best app I been using for long time,this is best app i been using for long time,this is best app i been using for long time,5,positive,0,False,10,2025-11-30 05:54:51+00:00,2025-11-24/2025-11-30,2025-11,
1385,540008d0-aeab-4796-ac3b-8b903fc3b8d6,Nykaa,google_play,hi,so,False,nykaa mene abi use kiye hai mujhe ye bahut badhiya laga 🥰,nykaa mene abi use kiye hai mujhe ye bahut badhiya laga,nykaa mene abi use kiye hai mujhe ye bahut badhiya laga,5,positive,105,True,11,2025-11-15 20:49:24+00:00,2025-11-10/2025-11-16,2025-11,3.8.9
1386,062cad5a-7c29-4003-acd2-d4b66a294893,Nykaa,google_play,hi,en,False,beast appy,beast appy,beast appy,5,positive,2,False,2,2025-11-11 06:11:35+00:00,2025-11-10/2025-11-16,2025-11,3.8.9
1387,ebdd992f-99f5-4ee0-9446-51527884a777,Nykaa,google_play,hi,en,False,CHOUHAN TEA STALL DHOLI GHATI BHIM,chouhan tea stall dholi ghati bhim,chouhan tea stall dholi ghati bhim,5,positive,2,False,6,2025-10-08 12:53:12+00:00,2025-10-06/2025-10-12,2025-10,3.8.6
1388,2dc606f2-86c9-459d-8ff7-e2586cef78ba,Nykaa,google_play,hi,id,False,bahut sundar colour,bahut sundar colour,bahut sundar colour,5,positive,124,True,3,2025-10-02 21:41:23+00:00,2025-09-29/2025-10-05,2025-10,3.8.6
1389,beb02bad-a4f5-4f43-9e79-8a1d9570bb78,Nykaa,google_play,hi,tl,False,easy nykaa,easy nykaa,easy nykaa,5,positive,2,False,2,2025-09-17 15:53:49+00:00,2025-09-15/2025-09-21,2025-09,3.8.5
1390,35002b44-8b9f-49f9-a78b-d15f72c1f4d7,Nykaa,google_play,hi,it,False,nice app ll,nice app ll,nice app ll,5,positive,0,False,3,2025-09-06 23:52:10+00:00,2025-09-01/2025-09-07,2025-09,3.8.4
1391,f1a497da-1ad5-4032-a5e2-f22a6bc21840,Nykaa,google_play,hi,af,False,mast very good Nykaa,mast very good nykaa,mast very good nykaa,5,positive,1,False,4,2025-09-03 14:37:24+00:00,2025-09-01/2025-09-07,2025-09,3.8.1
1392,d220d8bc-5034-4339-b9f8-a7c09deb4261,Nykaa,google_play,hi,en,False,worst service... delays the delivery for no reason,worst service... delays the delivery for no reason,worst service... delays the delivery for no reason,1,complaint,4,False,8,2025-08-23 02:57:47+00:00,2025-08-18/2025-08-24,2025-08,3.7.8
1393,2a835440-f88b-489c-ab03-aaabae024b35,Nykaa,google_play,hi,mr,False,"इंडिया का नंबर वन , ऐप हे 👍🇮🇳⭐⭐⭐⭐⭐⭐⭐⭐⭐⭐","इंडिया का नंबर वन , ऐप हे","इंडिया का नंबर वन , ऐप हे",5,positive,139,True,7,2025-07-21 23:50:44+00:00,2025-07-21/2025-07-27,2025-07,3.8.1
1394,d7f4906d-9155-4d77-b602-c60c3eefecd9,Nykaa,google_play,hi,id,False,nice game ke game bahut achcha hai sabhi download Karen,nice game ke game bahut achcha hai sabhi download karen,nice game ke game bahut achcha hai sabhi download karen,5,positive,18,True,10,2025-07-04 12:03:07+00:00,2025-06-30/2025-07-06,2025-07,
1395,824f307c-cc02-49ee-adb9-acec8812eb03,Nykaa,google_play,hi,id,False,kharab app,kharab app,kharab app,1,complaint,0,False,2,2025-06-30 12:34:47+00:00,2025-06-30/2025-07-06,2025-06,3.8.0
1396,4ef44131-6b95-4be7-842e-2c52c5778ca3,Nykaa,google_play,hi,hi,False,मै नायका की 4साल से खरीदार हू गुड अन्य ब्रांड के प्रोडक्ट्स के लिए मगर मैने 13/06/2025को 4ब्रा आर्डर किया 3अन्य ब्रांड के और 1 Nykd By Nykaa bra or es का कप फिटनेस सही नही है मै वापसी के लिए देखा तो नो वापसी लिखा है मैने कस्टमर केयर से बात की वो कुछ न हेल्प कर सके ब्रा 399की है 398मे मिली मुझे किसी भी तरह के आफर या मौके पर कम या ज्यादा का चक्कर नही है फिर भी नायका अपने ही समान अपने वापसी नही कर रहा ।जबकि और सब ब्रांड नायका के एप पर ये आफर करहे नायका कम्पनी फ्राड कर रही ग्राहकों के साथ सावधान रहे,मै नायका की 4साल से खरीदार हू गुड अन्य ब्रांड के प्रोडक्ट्स के लिए मगर मैने 13 06 2025को 4ब्रा आर्डर किया 3अन्य ब्रांड के और 1 nykd by nykaa bra or es का कप फिटनेस सही नही है मै वापसी के लिए देखा तो नो वापसी लिखा है मैने कस्टमर केयर से बात की वो कुछ न हेल्प कर सके ब्रा 399की है 398मे मिली मुझे किसी भी तरह के आफर या मौके पर कम या ज्यादा का चक्कर नही है फिर भी नायका अपने ही समान अपने वापसी नही कर रहा ।जबकि और सब ब्रांड नायका के एप पर ये आफर करहे नायका कम्पनी फ्राड कर रही ग्राहकों के साथ सावधान रहे,मै नायका की 4साल से खरीदार हू गुड अन्य ब्रांड के प्रोडक्ट्स के लिए मगर मैने 13 06 2025को 4ब्रा आर्डर किया 3अन्य ब्रांड के और 1 nykd by nykaa bra or es का कप फिटनेस सही नही है मै वापसी के लिए देखा तो नो वापसी लिखा है मैने कस्टमर केयर से बात की वो कुछ न हेल्प कर सके ब्रा 399की है 398मे मिली मुझे किसी भी तरह के आफर या मौके पर कम या ज्यादा का चक्कर नही है फिर भी नायका अपने ही समान अपने वापसी नही कर रहा ।जबकि और सब ब्रांड नायका के एप पर ये आफर करहे नायका कम्पनी फ्राड कर रही ग्राहकों के साथ सावधान रहे,1,complaint,120,True,114,2025-06-20 18:15:58+00:00,2025-06-16/2025-06-22,2025-06,3.7.8
1397,15d8bbe5-a6bd-474b-b939-37ec05bf4b73,Nykaa,google_play,hi,so,False,badiya aap h ladkiyo ke liya,badiya aap h ladkiyo ke liya,badiya aap h ladkiyo ke liya,5,positive,5,False,6,2025-06-19 07:31:06+00:00,2025-06-16/2025-06-22,2025-06,3.7.9
1398,a397687a-dc6c-4237-85cb-a631e9d751bd,Nykaa,google_play,hi,so,False,badiya. h pr ledis ka h ye aap,badiya. h pr ledis ka h ye aap,badiya. h pr ledis ka h ye aap,5,positive,25,True,8,2025-06-10 05:59:14+00:00,2025-06-09/2025-06-15,2025-06,3.7.8
1399,a439f2a2-1270-4d20-930b-378bc4af5683,Nykaa,google_play,hi,so,False,nykaa ji is bar apne mera birthday gift nahi diya,nykaa ji is bar apne mera birthday gift nahi diya,nykaa ji is bar apne mera birthday gift nahi diya,5,positive,12,True,10,2025-05-31 18:36:48+00:00,2025-05-26/2025-06-01,2025-05,3.7.7
1400,f992ed21-bc45-426c-acd5-2384916abd8f,Nykaa,google_play,hi,hi,False,नायिका से भी बहुत अच्छा सामान मांगते हैं अपने ब्यूटी पार्लर नागौर में,नायिका से भी बहुत अच्छा सामान मांगते हैं अपने ब्यूटी पार्लर नागौर में,नायिका से भी बहुत अच्छा सामान मांगते हैं अपने ब्यूटी पार्लर नागौर में,5,positive,4,False,13,2025-05-25 21:54:22+00:00,2025-05-19/2025-05-25,2025-05,
1401,e60eb861-0ce7-4820-b899-10e45867885f,Nykaa,google_play,hi,hi,False,यह ऐप बेकार है इसे डाउनलोड मत करो,यह ऐप बेकार है इसे डाउनलोड मत करो,यह ऐप बेकार है इसे डाउनलोड मत करो,1,complaint,43,True,8,2025-05-24 14:35:18+00:00,2025-05-19/2025-05-25,2025-05,3.7.7
1402,cf5a7dea-d864-4b24-a381-e51de7a203d5,Nykaa,google_play,hi,en,False,this is very interesting app I know the price is very large but the quality are good bye mis u Flipkart Amazon or meesho,this is very interesting app i know the price is very large but the quality are good bye mis u flipkart amazon or meesho,this is very interesting app i know the price is very large but the quality are good bye mis u flipkart amazon or meesho,5,positive,4,False,24,2025-05-13 17:14:54+00:00,2025-05-12/2025-05-18,2025-05,3.7.7
1403,355c456d-068e-4ec6-93f5-6e3a8ac073ae,Nykaa,google_play,hi,id,False,bahut bahut achcha hai,bahut bahut achcha hai,bahut bahut achcha hai,5,positive,210,True,4,2025-04-29 18:38:49+00:00,2025-04-28/2025-05-04,2025-04,3.7.7
1404,9f46ddc8-d1ad-4b9b-aab3-647f6514bb9c,Nykaa,google_play,hi,hi,False,नायका एक बहुत अच्छा ऐप है और इस पर बहुत ही अच्छा प्रोडक्ट मिलता है मैं बहुत खुश हूं,नायका एक बहुत अच्छा ऐप है और इस पर बहुत ही अच्छा प्रोडक्ट मिलता है मैं बहुत खुश हूं,नायका एक बहुत अच्छा ऐप है और इस पर बहुत ही अच्छा प्रोडक्ट मिलता है मैं बहुत खुश हूं,5,positive,77,True,19,2025-04-27 14:12:29+00:00,2025-04-21/2025-04-27,2025-04,3.6.9
1406,d9052cfa-261b-4414-9962-fa79ceb1a780,Nykaa,google_play,hi,so,False,bhut badhiya,bhut badhiya,bhut badhiya,5,positive,2,False,2,2025-04-03 12:43:54+00:00,2025-03-31/2025-04-06,2025-04,
1407,3f9144e8-2ef0-4ee2-be47-c35a75d941d5,Nykaa,google_play,hi,en,False,bhut achha,bhut achha,bhut achha,5,positive,4,False,2,2025-04-01 11:20:59+00:00,2025-03-31/2025-04-06,2025-04,3.7.5
1408,467b909a-7372-430d-81f4-525e8f81bb75,Nykaa,google_play,hi,en,False,thik thaak app hai,thik thaak app hai,thik thaak app hai,4,positive,204,True,4,2025-03-25 15:51:58+00:00,2025-03-24/2025-03-30,2025-03,3.7.4
1409,c0a1f8ba-7551-4fe6-9f8d-9fe52f8db1ef,Nykaa,google_play,hi,nl,False,Acha aap he,acha aap he,acha aap he,5,positive,188,True,3,2025-02-12 10:59:14+00:00,2025-02-10/2025-02-16,2025-02,3.7.2
1410,1e067d22-9d6c-49bd-8997-fcb2017416e0,Nykaa,google_play,hi,en,True,Bahut hi acha app he,bahut hi acha app he,bahut hi acha app he,5,positive,18,True,5,2025-02-05 02:58:24+00:00,2025-02-03/2025-02-09,2025-02,3.7.2
1411,7898dfac-532a-4bf7-92c8-73293efa6c7b,Nykaa,google_play,hi,tl,False,Ye app sabse aacha,ye app sabse aacha,ye app sabse aacha,5,positive,184,True,4,2024-08-11 17:04:08+00:00,2024-08-05/2024-08-11,2024-08,3.5.5
1412,347feb71-ed93-40b6-875a-52f9a6d1d07a,Nykaa,google_play,hi,en,True,Poor service.. I ordered derma serum on 1 aug and I didn't received my product they said the delivery boy didn't found the address and they rescheduled my order and on 6th of August my order suppose to delivered but till the date I didn't received anything... I want my refund back,poor service.. i ordered derma serum on 1 aug and i didn't received my product they said the delivery boy didn't found the address and they rescheduled my order and on 6th of august my order suppose to delivered but till the date i didn't received anything... i want my refund back,poor service.. i ordered derma serum on 1 aug and i didn't received my product they said the delivery boy didn't found the address and they rescheduled my order and on 6th of august my order suppose to delivered but till the date i didn't received anything... i want my refund back,1,complaint,3,False,52,2024-08-07 13:40:10+00:00,2024-08-05/2024-08-11,2024-08,
1413,2f18e7bd-f8f9-4fd0-91d8-c3ba927f0cdb,Nykaa,google_play,hi,en,True,Bahut acha app he bhai,bahut acha app he bhai,bahut acha app he bhai,5,positive,160,True,5,2024-07-27 08:29:18+00:00,2024-07-22/2024-07-28,2024-07,3.5.5
1414,cd1f9ace-cb83-4bc5-85ac-c832652ab503,Nykaa,google_play,hi,vi,False,Ni hu hu thu,ni hu hu thu,ni hu hu thu,1,complaint,5,False,4,2024-07-21 17:16:25+00:00,2024-07-15/2024-07-21,2024-07,3.5.5
1415,2728ef60-9327-4e8d-92dd-5994a6e516e1,Nykaa,google_play,hi,et,False,hkakahekebeeioe,hkakahekebeeioe,hkakahekebeeioe,5,positive,2,False,1,2024-07-19 15:40:28+00:00,2024-07-15/2024-07-21,2024-07,3.5.5
1416,2ece6f40-7680-471e-ad7c-696457c91dec,Nykaa,google_play,hi,en,False,I am open it for 200 coin in reward x 😂😂☺️☺️☺️,i am open it for 200 coin in reward x,i am open it for 200 coin in reward x,5,positive,10,False,10,2024-06-02 20:49:20+00:00,2024-05-27/2024-06-02,2024-06,3.5.2
1417,70d30324-aef5-43fa-b7ef-7654a60c9e52,Nykaa,google_play,hi,unknown,False,𝑽𝒊𝒏𝒐𝒅𝒃𝒂𝒎𝒐𝒓,𝑽𝒊𝒏𝒐𝒅𝒃𝒂𝒎𝒐𝒓,𝑽𝒊𝒏𝒐𝒅𝒃𝒂𝒎𝒐𝒓,5,positive,7,False,1,2024-04-27 12:15:44+00:00,2024-04-22/2024-04-28,2024-04,
1418,397e7dfc-a2a9-4d3b-a8d7-143df8ed37b3,Nykaa,google_play,hi,en,False,Best shoping application,best shoping application,best shoping application,5,positive,9,False,3,2024-04-23 22:54:33+00:00,2024-04-22/2024-04-28,2024-04,3.4.9
1419,2ea18fe2-f2ae-4c67-835c-f009b6e7f54a,Nykaa,google_play,hi,en,False,Good Offer Available In Every Occasion.,good offer available in every occasion.,good offer available in every occasion.,4,positive,13,True,6,2024-02-15 18:43:28+00:00,2024-02-12/2024-02-18,2024-02,3.3.8
1421,baf9cfaf-a9fa-4b6b-8940-baeaced3e8ef,Nykaa,google_play,hi,tl,False,I like it nakaa💜💜💜💜💜,i like it nakaa,i like it nakaa,5,positive,9,False,4,2024-02-02 10:56:53+00:00,2024-01-29/2024-02-04,2024-02,3.3.9
1422,ff3dee3e-b22f-47bb-9822-01db9a07db06,Nykaa,google_play,hi,en,False,Wow so very beautiful application,wow so very beautiful application,wow so very beautiful application,4,positive,3,False,5,2024-01-25 16:53:52+00:00,2024-01-22/2024-01-28,2024-01,
1423,aeb4876f-ace8-4133-a7fd-eec2f3a27911,Nykaa,google_play,hi,hr,False,good prize,good prize,good prize,5,positive,6,False,2,2024-01-23 23:37:11+00:00,2024-01-22/2024-01-28,2024-01,3.4.0
1424,71f9fc97-2a58-4306-a733-4b109682c6a6,Nykaa,google_play,hi,da,False,2 ghante lod hone me lage,2 ghante lod hone me lage,2 ghante lod hone me lage,5,positive,14,True,6,2024-01-13 08:29:25+00:00,2024-01-08/2024-01-14,2024-01,
1425,4e3e9c01-2bd5-46c3-bf6b-1b400ea1a282,Nykaa,google_play,hi,en,False,ChandmalBhil,chandmalbhil,chandmalbhil,5,positive,8,False,1,2024-01-10 13:29:38+00:00,2024-01-08/2024-01-14,2024-01,3.4.0
1426,211c92ec-b6ef-413e-98c7-d4f1a6476fe7,Nykaa,google_play,hi,cy,False,Yah app open hee nhi ho rha hai,yah app open hee nhi ho rha hai,yah app open hee nhi ho rha hai,1,complaint,217,True,8,2023-12-22 12:33:14+00:00,2023-12-18/2023-12-24,2023-12,3.3.9
1427,16ec3dbf-cd5f-440c-abd3-6c656cdf1e6a,Nykaa,google_play,hi,en,False,This is very good and nice app the products are amazing 👍👍👍❤️ best for makeup,this is very good and nice app the products are amazing best for makeup,this is very good and nice app the products are amazing best for makeup,5,positive,17,True,14,2023-12-18 15:16:19+00:00,2023-12-18/2023-12-24,2023-12,3.3.9
1428,161f3fc0-966a-4956-b3c9-2aa18decb209,Nykaa,google_play,hi,da,False,Mera experience bhut hi bekar tha nayka se .. nayka me jo bi office mentioned hue mene vo applied kiye fir bi vo offer muje ni mili or delivery bi time par ni ki gyi muje khud paket lene blue dard ke office jna padha or inke offer sb fake hai 👎👎👎,mera experience bhut hi bekar tha nayka se .. nayka me jo bi office mentioned hue mene vo applied kiye fir bi vo offer muje ni mili or delivery bi time par ni ki gyi muje khud paket lene blue dard ke office jna padha or inke offer sb fake hai,mera experience bhut hi bekar tha nayka se .. nayka me jo bi office mentioned hue mene vo applied kiye fir bi vo offer muje ni mili or delivery bi time par ni ki gyi muje khud paket lene blue dard ke office jna padha or inke offer sb fake hai,1,complaint,289,True,51,2023-12-13 22:31:37+00:00,2023-12-11/2023-12-17,2023-12,3.3.8
1429,24c84747-fcab-4d2e-a539-6a287a631b84,Nykaa,google_play,hi,ro,False,great product,great product,great product,4,positive,5,False,2,2023-12-13 11:22:56+00:00,2023-12-11/2023-12-17,2023-12,3.3.8
1430,4c99ba6b-6c25-4e9b-8b22-bedaf04846ed,Nykaa,google_play,hi,en,False,Alll is best prodect,alll is best prodect,alll is best prodect,5,positive,5,False,4,2023-12-03 10:45:29+00:00,2023-11-27/2023-12-03,2023-12,3.3.8
1431,bb02185f-ef4a-4608-95a9-e79248cc3cb0,Nykaa,google_play,hi,so,False,Hello jsh ajje ahawbuw hhwwb,hello jsh ajje ahawbuw hhwwb,hello jsh ajje ahawbuw hhwwb,5,positive,8,False,5,2023-12-02 10:39:01+00:00,2023-11-27/2023-12-03,2023-12,3.3.8
1432,8ed77a54-eecc-4151-a28c-3575b075733e,Nykaa,google_play,hi,sq,False,Sri Krishna,sri krishna,sri krishna,4,positive,8,False,2,2023-11-28 11:22:21+00:00,2023-11-27/2023-12-03,2023-11,3.3.8
1433,f438687c-ae2f-4caf-bcf9-7622644dbb6b,Nykaa,google_play,hi,en,True,May got yh to bhut acha he,may got yh to bhut acha he,may got yh to bhut acha he,4,positive,549,True,7,2023-08-30 13:39:49+00:00,2023-08-28/2023-09-03,2023-08,
1434,a909cfcf-2d74-498c-a721-a3c62fcf9df7,Nykaa,google_play,hi,it,False,So nice aap,so nice aap,so nice aap,5,positive,6,False,3,2023-07-28 18:57:39+00:00,2023-07-24/2023-07-30,2023-07,3.2.6
1435,0516d328-fc1d-48f2-9a02-f13f1c90783d,Nykaa,google_play,hi,en,True,Mera product aa gya hai ese sbhi log download kare,mera product aa gya hai ese sbhi log download kare,mera product aa gya hai ese sbhi log download kare,5,positive,262,True,10,2023-06-17 14:58:06+00:00,2023-06-12/2023-06-18,2023-06,3.2.3
1436,56cd4cfc-8f5e-474f-8df9-58c0e152bb66,Nykaa,google_play,hi,sq,False,Mujhe mera pordact nhi mila,mujhe mera pordact nhi mila,mujhe mera pordact nhi mila,1,complaint,205,True,5,2023-06-17 13:41:22+00:00,2023-06-12/2023-06-18,2023-06,3.2.2
1437,bb496a1b-805c-4829-90c4-d15f417335a1,Nykaa,google_play,hi,da,False,Order cancil kese kre,order cancil kese kre,order cancil kese kre,1,complaint,51,True,4,2023-05-06 16:35:27+00:00,2023-05-01/2023-05-07,2023-05,
1438,637f54f1-80f5-4c2a-980f-76bc699dd181,Nykaa,google_play,hi,id,False,Mera prodect nhi aa raha hh,mera prodect nhi aa raha hh,mera prodect nhi aa raha hh,3,mixed,187,True,6,2023-05-04 09:55:01+00:00,2023-05-01/2023-05-07,2023-05,3.2.0
1439,eaa90f35-1c40-45b7-9ae6-c4a26fe3a440,Nykaa,google_play,hi,id,False,Kisi ke paas bhabhi ka number hai,kisi ke paas bhabhi ka number hai,kisi ke paas bhabhi ka number hai,1,complaint,39,True,7,2023-02-21 09:53:37+00:00,2023-02-20/2023-02-26,2023-02,
1440,0e2212db-5ba4-46b3-b574-2f6818656e9d,Nykaa,google_play,hi,hi,False,बहुत अच्छा है सारे प्रोडक्ट एवन है पर कोसली बहुत होते हैं,बहुत अच्छा है सारे प्रोडक्ट एवन है पर कोसली बहुत होते हैं,बहुत अच्छा है सारे प्रोडक्ट एवन है पर कोसली बहुत होते हैं,5,positive,468,True,12,2022-12-04 14:15:33+00:00,2022-11-28/2022-12-04,2022-12,
1441,27f6a5ed-043b-46b6-9fc6-26db93c24cae,Nykaa,google_play,hi,fi,False,thanks nykaa,thanks nykaa,thanks nykaa,1,complaint,7,False,2,2022-12-01 18:56:07+00:00,2022-11-28/2022-12-04,2022-12,3.0.9
1442,d6db4cfa-0f5d-4af4-97ba-848b2c564289,Nykaa,google_play,hi,hr,False,Nice i love it❤️✨,nice i love it,nice i love it,5,positive,9,False,4,2022-11-28 01:14:45+00:00,2022-11-28/2022-12-04,2022-11,3.0.9
1443,042487e5-313c-45aa-b6bd-d55fc096b5ed,Nykaa,google_play,hi,id,False,Supar nykaa,supar nykaa,supar nykaa,5,positive,6,False,2,2022-11-23 23:48:10+00:00,2022-11-21/2022-11-27,2022-11,3.0.9
1444,618dd49f-5461-460c-ada7-60f3cc8ee993,Nykaa,google_play,hi,en,False,Love it for buying worthy products,love it for buying worthy products,love it for buying worthy products,5,positive,17,True,6,2022-11-23 10:38:53+00:00,2022-11-21/2022-11-27,2022-11,3.0.9
1445,5ec58b0c-5d9e-4afe-b7b7-a515e3314e18,Nykaa,google_play,hi,en,False,"Good product 👍👍👍,❤️❤️♥️♥️","good product ,","good product ,",5,positive,3,False,3,2022-11-18 18:01:20+00:00,2022-11-14/2022-11-20,2022-11,
1446,d8876d43-dfba-462d-ae7c-c3826f31877a,Nykaa,google_play,hi,sq,False,DhanjeetJee,dhanjeetjee,dhanjeetjee,5,positive,3,False,1,2022-10-21 22:36:34+00:00,2022-10-17/2022-10-23,2022-10,
1447,1def6794-a377-48b5-b4a5-f69cb948870b,Nykaa,google_play,hi,nl,False,Nykaa app open hi nhi ho rha he me jab bhi isse open kar rha hu to error aa rha he jese mera net khatam ho gya ho baaki sab me mera net chal rha he 😭,nykaa app open hi nhi ho rha he me jab bhi isse open kar rha hu to error aa rha he jese mera net khatam ho gya ho baaki sab me mera net chal rha he,nykaa app open hi nhi ho rha he me jab bhi isse open kar rha hu to error aa rha he jese mera net khatam ho gya ho baaki sab me mera net chal rha he,1,complaint,173,True,36,2022-09-12 06:42:41+00:00,2022-09-12/2022-09-18,2022-09,3.0.0
1448,d6f7b0b5-4d79-425c-af8b-8fcaad99bc89,Nykaa,google_play,hi,sl,False,I Love Jahnavi kapoor,i love jahnavi kapoor,i love jahnavi kapoor,5,positive,13,True,4,2022-09-09 20:26:01+00:00,2022-09-05/2022-09-11,2022-09,3.0.0
1449,22b28592-70f7-4699-8983-040023a98b36,Nykaa,google_play,hi,en,False,Best 👌 nykaaa beauty shop platform,best nykaaa beauty shop platform,best nykaaa beauty shop platform,5,positive,4,False,5,2022-08-31 07:41:24+00:00,2022-08-29/2022-09-04,2022-08,
1450,23e8498d-a03c-4a98-9c3b-a66ffee6d607,Nykaa,google_play,hi,nl,False,Vaadi best product very nice 👍👍👍👍👍,vaadi best product very nice,vaadi best product very nice,5,positive,2,False,5,2022-08-04 22:01:01+00:00,2022-08-01/2022-08-07,2022-08,
1451,d3d677e0-a211-4a00-952c-947e323856ea,Nykaa,google_play,hi,af,False,Good aap world,good aap world,good aap world,5,positive,2,False,3,2022-07-19 15:14:55+00:00,2022-07-18/2022-07-24,2022-07,
1452,66572407-fe7e-45ef-ba0b-2d1c4df9fdd5,Nykaa,google_play,hi,no,False,I.lave.somac,i.lave.somac,i.lave.somac,5,positive,6,False,1,2022-06-24 12:01:59+00:00,2022-06-20/2022-06-26,2022-06,2.9.2
1453,3889bd91-2806-4960-b5aa-623f3621c76f,Nykaa,google_play,hi,sw,False,Ye bhot aacha log be vja hi nykaa ko badnam kar rhe he ye mekap ke San ke liye bhot hi aacha me aapse kheti hu ye aap dounlod kijiy bhot hi aacha aap he,ye bhot aacha log be vja hi nykaa ko badnam kar rhe he ye mekap ke san ke liye bhot hi aacha me aapse kheti hu ye aap dounlod kijiy bhot hi aacha aap he,ye bhot aacha log be vja hi nykaa ko badnam kar rhe he ye mekap ke san ke liye bhot hi aacha me aapse kheti hu ye aap dounlod kijiy bhot hi aacha aap he,5,positive,279,True,35,2022-05-20 10:48:34+00:00,2022-05-16/2022-05-22,2022-05,2.8.8
1454,1ebe7ff0-bf5f-4165-b2c0-ec944c4da1e0,Nykaa,google_play,hi,id,False,Bekar hai pahle price kam hota hai 2 din baad price badha dete hai,bekar hai pahle price kam hota hai 2 din baad price badha dete hai,bekar hai pahle price kam hota hai 2 din baad price badha dete hai,1,complaint,90,True,14,2022-05-13 02:42:39+00:00,2022-05-09/2022-05-15,2022-05,2.8.8
1456,b40c8003-d5fd-4d40-8b62-4e2f2b5bcf21,Nykaa,google_play,hi,nl,False,bht accha aap h,bht accha aap h,bht accha aap h,3,mixed,138,True,4,2022-03-09 14:49:00+00:00,2022-03-07/2022-03-13,2022-03,2.7.8
1458,e8d18809-54a5-4ae3-b07a-b5f23a169183,Nykaa,google_play,hi,tl,False,naykaa aap original products thanku naykaa,naykaa aap original products thanku naykaa,naykaa aap original products thanku naykaa,5,positive,6,False,6,2021-12-10 12:33:18+00:00,2021-12-06/2021-12-12,2021-12,2.7.3
1459,302c1332-4db9-47e0-8556-85c760f5e6da,Nykaa,google_play,hi,tl,False,Manish vasaiya,manish vasaiya,manish vasaiya,5,positive,4,False,2,2021-11-06 17:55:03+00:00,2021-11-01/2021-11-07,2021-11,2.2.6
1460,b189c333-bd82-46a7-9376-ae198b056a2d,Nykaa,google_play,hi,pl,False,Wow wow Products,wow wow products,wow wow products,5,positive,4,False,3,2021-08-02 23:00:51+00:00,2021-08-02/2021-08-08,2021-08,
1461,87c0b2dc-f67c-404e-a926-b63e0c92f383,Nykaa,google_play,hi,hi,False,PPbऐययएबमजं,ppbऐययएबमजं,ppbऐययएबमजं,5,positive,7,False,1,2021-06-23 09:30:10+00:00,2021-06-21/2021-06-27,2021-06,2.5.9
1462,9cebd494-27fb-46c6-9515-50319b0b3799,Nykaa,google_play,hi,id,False,Order kiya hai aane ke bad batata hu,order kiya hai aane ke bad batata hu,order kiya hai aane ke bad batata hu,5,positive,145,True,8,2021-05-29 07:47:32+00:00,2021-05-24/2021-05-30,2021-05,2.5.9
1463,2a043b4f-a058-4e56-9740-6706c90e0b6d,Nykaa,google_play,hi,no,False,Its better,its better,its better,1,complaint,15,True,2,2021-03-12 19:10:41+00:00,2021-03-08/2021-03-14,2021-03,2.5.6
1464,ec6daa32-a9e5-49cd-99a3-a014b7f89a44,Nykaa,google_play,hi,en,False,Worstest app very costly makeup,worstest app very costly makeup,worstest app very costly makeup,1,complaint,3,False,5,2021-01-24 10:12:56+00:00,2021-01-18/2021-01-24,2021-01,
1465,71473205-d960-44ac-9531-265f93fcfba2,Nykaa,google_play,hi,en,False,High price,high price,high price,1,complaint,2,False,2,2021-01-01 13:27:13+00:00,2020-12-28/2021-01-03,2021-01,
1467,b5ee830b-f84c-49a2-82f4-d5044b834406,Nykaa,google_play,hi,hi,False,ववशवववववववशशव ववववववववववववववववववववववववववववववव,ववशववशशव वव,ववशववशशव वव,3,mixed,11,True,2,2020-11-26 17:47:12+00:00,2020-11-23/2020-11-29,2020-11,2.4.9
1468,d095b114-621c-47ea-b034-c45b30933945,Nykaa,google_play,hi,en,True,makeup kit order kiya tha isliye Mega please bahut acche Aate Hain,makeup kit order kiya tha isliye mega please bahut acche aate hain,makeup kit order kiya tha isliye mega please bahut acche aate hain,5,positive,96,True,12,2020-11-10 11:55:33+00:00,2020-11-09/2020-11-15,2020-11,
1469,40793537-a3fe-4168-b3da-fd24ea45d3a9,Nykaa,google_play,hi,en,False,I love makeup I love nykaa I think this the best app I have ever seen in my life the things are not very expensive and I Love you nykaa❤️,i love makeup i love nykaa i think this the best app i have ever seen in my life the things are not very expensive and i love you nykaa,i love makeup i love nykaa i think this the best app i have ever seen in my life the things are not very expensive and i love you nykaa,5,positive,4,False,30,2020-09-28 11:46:21+00:00,2020-09-28/2020-10-04,2020-09,
1470,1e5fefaa-f9d7-46c5-bf56-cde8410b6329,Nykaa,google_play,hi,mr,False,ओ9 पी पी0प पी 90ओ आईयू,ओ9 पी पी0प पी 90ओ आईयू,ओ9 पी पी0प पी 90ओ आईयू,5,positive,85,True,6,2020-03-31 10:50:02+00:00,2020-03-30/2020-04-05,2020-03,2.2.2
1471,064fd3e0-1288-472d-a913-1bdbe45e419d,Nykaa,google_play,hi,en,False,Best option in this app is they have cash on delivery option as well..,best option in this app is they have cash on delivery option as well..,best option in this app is they have cash on delivery option as well..,5,positive,8,False,14,2020-02-12 00:04:10+00:00,2020-02-10/2020-02-16,2020-02,2.3.4
1472,ffd57ccc-3467-4912-896f-feef1ce37b20,Nykaa,google_play,hi,fi,False,Sarvan sayi,sarvan sayi,sarvan sayi,5,positive,5,False,2,2020-02-09 08:24:35+00:00,2020-02-03/2020-02-09,2020-02,
1473,930086fb-9e7f-4120-a1df-fe54fb942852,Nykaa,google_play,hi,en,False,It's simply amazing....the products available plus the app...i just love shopping from here...,it's simply amazing..the products available plus the app...i just love shopping from here...,it's simply amazing..the products available plus the app...i just love shopping from here...,5,positive,11,True,13,2020-01-15 14:46:49+00:00,2020-01-13/2020-01-19,2020-01,2.3.3
1474,f932275c-bd9a-4b29-9ea4-c53c93d20a90,Nykaa,google_play,hi,ne,False,पारुभूरिया,पारुभूरिया,पारुभूरिया,5,positive,12,True,1,2019-11-24 17:45:05+00:00,2019-11-18/2019-11-24,2019-11,2.2.5
1475,764a7d7c-8284-42a6-83f5-0b74dd48b760,Nykaa,google_play,hi,en,False,This app is best one,this app is best one,this app is best one,5,positive,16,True,5,2019-10-23 14:25:25+00:00,2019-10-21/2019-10-27,2019-10,2.2.9
1476,60ffdd49-b7d2-4f55-8962-536902032ff4,Nykaa,google_play,hi,en,False,oky it is good for every ledi,oky it is good for every ledi,oky it is good for every ledi,1,complaint,15,True,7,2019-10-19 23:06:43+00:00,2019-10-14/2019-10-20,2019-10,2.1.8
1477,d66fb6c2-dcc2-4185-b190-05b4498570e0,Nykaa,google_play,hi,so,False,I am addicted to nykaa❤,i am addicted to nykaa,i am addicted to nykaa,5,positive,20,True,5,2019-10-18 20:29:08+00:00,2019-10-14/2019-10-20,2019-10,2.2.6
1478,c96b1133-60b2-4f2d-8fca-98ce96a03614,Nykaa,google_play,hi,en,False,beauty is god holly pojisan,beauty is god holly pojisan,beauty is god holly pojisan,5,positive,17,True,5,2019-10-15 15:42:07+00:00,2019-10-14/2019-10-20,2019-10,2.2.8
1479,61fcdbf4-6890-4453-b135-8ef019afc0dd,Nykaa,google_play,hi,en,False,Best app to buy any product at good prices.,best app to buy any product at good prices.,best app to buy any product at good prices.,5,positive,22,True,9,2019-10-10 16:56:01+00:00,2019-10-07/2019-10-13,2019-10,2.2.8
1480,97214b12-4b5b-4a9a-ade2-0a3cee3001f6,Nykaa,google_play,hi,mr,False,नयश गर्ल्स ग्रुप चेक नंबर मोबाइल न,नयश गर्ल्स ग्रुप चेक नंबर मोबाइल न,नयश गर्ल्स ग्रुप चेक नंबर मोबाइल न,5,positive,165,True,7,2019-09-25 17:40:00+00:00,2019-09-23/2019-09-29,2019-09,
1481,09df0ba5-2b40-4af1-9ae8-d44c4fd1f0d4,Nykaa,google_play,hi,sv,False,Unblock not,unblock not,unblock not,5,positive,9,False,2,2019-09-08 01:02:51+00:00,2019-09-02/2019-09-08,2019-09,
1482,54a96d72-5e9d-4eff-8b70-876650150618,Nykaa,google_play,hi,so,False,AAJ ke baad aid. Bheji to. Court case. Hoga .samajh. nahi. Aati,aaj ke baad aid. bheji to. court case. hoga .samajh. nahi. aati,aaj ke baad aid. bheji to. court case. hoga .samajh. nahi. aati,1,complaint,332,True,12,2019-09-06 16:36:36+00:00,2019-09-02/2019-09-08,2019-09,
1483,eab521d9-f60c-4b2f-942a-81987b99271b,Nykaa,google_play,hi,en,False,good luck with,good luck with,good luck with,1,complaint,13,True,3,2019-08-14 20:18:28+00:00,2019-08-12/2019-08-18,2019-08,2.1.3
1484,e42273d0-aab4-4620-841e-aaa06a108afe,Nykaa,google_play,hi,en,False,nice app but disscont are not good,nice app but disscont are not good,nice app but disscont are not good,5,positive,59,True,7,2019-07-14 09:20:11+00:00,2019-07-08/2019-07-14,2019-07,2.2.2
1485,2430ae72-274b-4167-aec5-4e586e31350c,Nykaa,google_play,hi,en,False,best online company,best online company,best online company,5,positive,15,True,3,2019-07-12 14:35:52+00:00,2019-07-08/2019-07-14,2019-07,
1486,e1f25012-3927-4583-a209-acf422564a3d,Nykaa,google_play,hi,hi,False,गलती से होगया हे,गलती से होगया हे,गलती से होगया हे,5,positive,199,True,4,2019-05-26 22:11:37+00:00,2019-05-20/2019-05-26,2019-05,
1487,6a9663b6-d6f8-468c-970d-a36404ae0387,Nykaa,google_play,hi,en,False,Very nice product App,very nice product app,very nice product app,4,positive,40,True,4,2019-05-12 18:58:05+00:00,2019-05-06/2019-05-12,2019-05,2.1.5
1488,1a0d2929-6c52-46ff-b4b2-834ba6b01926,Nykaa,google_play,hi,en,False,Nyc app with reliable products,nyc app with reliable products,nyc app with reliable products,4,positive,24,True,5,2019-05-02 18:39:57+00:00,2019-04-29/2019-05-05,2019-05,2.0.7
1489,0c477a9f-3bb0-4500-a1ad-672972258871,Nykaa,google_play,hi,en,False,love nykaa products and nykaa fam❤,love nykaa products and nykaa fam,love nykaa products and nykaa fam,5,positive,57,True,6,2019-05-02 15:28:08+00:00,2019-04-29/2019-05-05,2019-05,2.1.7
1490,fafb32e2-fec2-43ba-b059-9311af3baa59,Nykaa,google_play,hi,mr,False,सुनीता देवांगन,सुनीता देवांगन,सुनीता देवांगन,5,positive,43,True,2,2019-02-02 08:29:34+00:00,2019-01-28/2019-02-03,2019-02,2.1.3
1491,415d4d03-9d26-4a7f-983e-3dcad04dce81,Nykaa,google_play,hi,en,False,beauty shopping,beauty shopping,beauty shopping,5,positive,64,True,2,2019-01-31 20:43:02+00:00,2019-01-28/2019-02-03,2019-01,2.1.3
1493,3630bd06-1788-416b-80eb-ce3cd83acc5f,Nykaa,google_play,hi,hi,False,बस्तीराम कड़ेला ेला,बस्तीराम कड़ेला ेला,बस्तीराम कड़ेला ेला,5,positive,14,True,3,2018-09-10 20:17:54+00:00,2018-09-10/2018-09-16,2018-09,
1494,a9b5f3cd-92ce-4469-be51-f50738511c83,Nykaa,google_play,hi,nl,False,Veri Veri good,veri veri good,veri veri good,5,positive,13,True,3,2018-08-16 07:42:21+00:00,2018-08-13/2018-08-19,2018-08,
1495,a95d685b-e516-4a05-b257-99058c8eaa7d,Nykaa,google_play,hi,en,False,"Completely unsatisfied. I ordered bronson hair straightner brush and 
recieved a pink color brush which seems duplicate and didnt have any good 
packaging. I requested for return but now they are denying..I would suggest 
dont buy electronic items from nykaa rather prefer flipkart.",completely unsatisfied. i ordered bronson hair straightner brush and recieved a pink color brush which seems duplicate and didnt have any good packaging. i requested for return but now they are denying..i would suggest dont buy electronic items from nykaa rather prefer flipkart.,completely unsatisfied. i ordered bronson hair straightner brush and recieved a pink color brush which seems duplicate and didnt have any good packaging. i requested for return but now they are denying..i would suggest dont buy electronic items from nykaa rather prefer flipkart.,2,complaint,19,True,43,2018-07-17 17:00:48+00:00,2018-07-16/2018-07-22,2018-07,
1496,d14f730c-6baf-4b1f-97ef-5c82b56da118,Nykaa,google_play,hi,nl,False,Balance Deen,balance deen,balance deen,5,positive,39,True,2,2018-07-16 03:09:28+00:00,2018-07-16/2018-07-22,2018-07,2.0.5
1497,30d1b5ac-e906-4b59-a607-43ece291d99d,Nykaa,google_play,hi,en,False,It fineee to use,it fineee to use,it fineee to use,3,mixed,12,True,4,2018-05-06 09:14:56+00:00,2018-04-30/2018-05-06,2018-05,
1498,680b58b5-4d46-4db7-a973-ba94f252710d,Nykaa,google_play,hi,it,False,So super cute,so super cute,so super cute,5,positive,11,True,3,2018-02-23 15:19:06+00:00,2018-02-19/2018-02-25,2018-02,
1499,4bb76b88-74a5-4d36-8bf1-a45b2e24f5d6,Nykaa,google_play,hi,hi,False,मैएकआमआदमीहुमुझेपैसाकमानाहैमेहनतसे,मैएकआमआदमीहुमुझेपैसाकमानाहैमेहनतसे,मैएकआमआदमीहुमुझेपैसाकमानाहैमेहनतसे,5,positive,14,True,1,2018-01-07 11:04:48+00:00,2018-01-01/2018-01-07,2018-01,
1500,60f3e93f-f90b-45d7-a186-8ca5c1188299,Nykaa,google_play,hi,mr,False,सावलराम     पटेल,सावलराम पटेल,सावलराम पटेल,5,positive,60,True,2,2017-11-10 22:41:22+00:00,2017-11-06/2017-11-12,2017-11,1.9.5
1501,e4607864-ac15-4a1d-9b23-179ee407242b,Nykaa,google_play,hi,en,False,Normal bogus app,normal bogus app,normal bogus app,3,mixed,22,True,3,2017-09-24 17:36:35+00:00,2017-09-18/2017-09-24,2017-09,
1502,69536084-e61d-4402-af5f-8b9119848745,Nykaa,google_play,hi,tl,False,Rana and sapna,rana and sapna,rana and sapna,5,positive,27,True,3,2017-09-12 23:03:58+00:00,2017-09-11/2017-09-17,2017-09,
1503,c088b0ed-0e81-492a-904a-dcf407436088,Nykaa,google_play,hi,en,False,I order 2 product and they send 1 only and when I ask question they do not reply me do not order from here,i order 2 product and they send 1 only and when i ask question they do not reply me do not order from here,i order 2 product and they send 1 only and when i ask question they do not reply me do not order from here,1,complaint,101,True,24,2017-06-18 20:27:38+00:00,2017-06-12/2017-06-18,2017-06,1.8.7
1504,17ef6fb2-f307-4a29-91bf-b2bcf20b2df0,Nykaa,google_play,hi,ne,False,शंकरलाल राठोड़ जोड़ दुदोड़,शंकरलाल राठोड़ जोड़ दुदोड़,शंकरलाल राठोड़ जोड़ दुदोड़,5,positive,33,True,4,2016-12-08 16:41:40+00:00,2016-12-05/2016-12-11,2016-12,
1505,2a1ce5ba-85cc-47fd-ad71-51d5511e2592,Flipkart,google_play,en,en,False,very slowly,very slowly,very slowly,1,complaint,0,False,2,2026-04-02 21:54:35+00:00,2026-03-30/2026-04-05,2026-04,
1506,6e9e153c-eb28-4983-a792-e39a36dc9052,Flipkart,google_play,en,en,False,very good shopping in this app,very good shopping in this app,very good shopping in this app,5,positive,0,False,6,2026-04-02 21:53:28+00:00,2026-03-30/2026-04-05,2026-04,9.1
1507,d83ea365-0d77-45a5-bfb5-30ccecf75f79,Flipkart,google_play,en,en,False,hyy i am navin from tamil nadu. nothin phone 3a restocked from tamil nadu delivered. I am kind request. them 17 people waiting for this mobile. please delivered in this mobile. please please🙏,hyy i am navin from tamil nadu. nothin phone 3a restocked from tamil nadu delivered. i am kind request. them 17 people waiting for this mobile. please delivered in this mobile. please please,hyy i am navin from tamil nadu. nothin phone 3a restocked from tamil nadu delivered. i am kind request. them 17 people waiting for this mobile. please delivered in this mobile. please please,1,complaint,0,False,33,2026-04-02 21:51:30+00:00,2026-03-30/2026-04-05,2026-04,9.1
1508,e015bb99-b102-4813-8b97-450631f258d5,Flipkart,google_play,en,en,False,very nice fashion excellent,very nice fashion excellent,very nice fashion excellent,5,positive,0,False,4,2026-04-02 21:51:02+00:00,2026-03-30/2026-04-05,2026-04,9.1
1509,66f5c935-9afb-46b3-a3ac-5d6a6c12c1b6,Flipkart,google_play,en,en,False,"My experience was dampened by the behavior of Flipkart delivery system and agent. Their attitude was quite unprofessional and dismissive, which made my visit uncomfortable. I hope the management can address this issue, as it is crucial for customer satisfaction."" ""Unfortunately it will be my last visit on this app""","my experience was dampened by the behavior of flipkart delivery system and agent. their attitude was quite unprofessional and dismissive, which made my visit uncomfortable. i hope the management can address this issue, as it is crucial for customer satisfaction. unfortunately it will be my last visit on this app","my experience was dampened by the behavior of flipkart delivery system and agent. their attitude was quite unprofessional and dismissive, which made my visit uncomfortable. i hope the management can address this issue, as it is crucial for customer satisfaction. unfortunately it will be my last visit on this app",1,complaint,0,False,50,2026-04-02 21:50:53+00:00,2026-03-30/2026-04-05,2026-04,8.22
1510,8242f5bb-3eac-4184-9240-2c19671e7c57,Flipkart,google_play,en,af,False,super awesome 👌,super awesome,super awesome,5,positive,0,False,2,2026-04-02 21:49:55+00:00,2026-03-30/2026-04-05,2026-04,9.1
1511,32f0da3e-4882-40bb-aa38-0f6752e2f764,Flipkart,google_play,en,en,False,thanks Flipkart,thanks flipkart,thanks flipkart,5,positive,0,False,2,2026-04-02 21:48:00+00:00,2026-03-30/2026-04-05,2026-04,9.0
1514,51c55aa5-e851-4bcc-96f2-ebaa87d0fa41,Flipkart,google_play,en,en,False,delivery service is very bad,delivery service is very bad,delivery service is very bad,4,positive,0,False,5,2026-04-02 21:46:23+00:00,2026-03-30/2026-04-05,2026-04,9.1
1515,784c50f6-c474-44ac-8961-452270c4c99d,Flipkart,google_play,en,en,False,"My experience was dampened by the behavior of Flipkart delivery system and agent. Their attitude was quite unprofessional and dismissive, which made my visit uncomfortable. I hope the management can address this issue, as it is crucial for customer satisfaction."" ""Unfortunately it will be my last visit on this app.""","my experience was dampened by the behavior of flipkart delivery system and agent. their attitude was quite unprofessional and dismissive, which made my visit uncomfortable. i hope the management can address this issue, as it is crucial for customer satisfaction. unfortunately it will be my last visit on this app.","my experience was dampened by the behavior of flipkart delivery system and agent. their attitude was quite unprofessional and dismissive, which made my visit uncomfortable. i hope the management can address this issue, as it is crucial for customer satisfaction. unfortunately it will be my last visit on this app.",1,complaint,0,False,50,2026-04-02 21:46:21+00:00,2026-03-30/2026-04-05,2026-04,9.0
1517,b330b207-86d2-47c6-b4fc-3175b0786af6,Flipkart,google_play,en,da,False,nise brand nice delivery Flipkart,nise brand nice delivery flipkart,nise brand nice delivery flipkart,5,positive,0,False,5,2026-04-02 21:40:34+00:00,2026-03-30/2026-04-05,2026-04,9.1
1518,f7e22980-d025-4512-bb37-df9907ecea5f,Flipkart,google_play,en,en,False,"one of worst delivery experience orderd two times and wasted money two times,and delivery guys are one of cheapest total fraud one star is more then enough","one of worst delivery experience orderd two times and wasted money two times,and delivery guys are one of cheapest total fraud one star is more then enough","one of worst delivery experience orderd two times and wasted money two times,and delivery guys are one of cheapest total fraud one star is more then enough",1,complaint,0,False,27,2026-04-02 21:39:00+00:00,2026-03-30/2026-04-05,2026-04,9.1
1519,77729ca1-4f3d-47fe-86ce-77f11ad0ec74,Flipkart,google_play,en,da,False,let delivery,let delivery,let delivery,1,complaint,0,False,2,2026-04-02 21:38:58+00:00,2026-03-30/2026-04-05,2026-04,9.0
1520,37715ed3-cba1-45de-b3a5-5d7199800477,Flipkart,google_play,en,af,False,Flipkart is very good,flipkart is very good,flipkart is very good,5,positive,0,False,4,2026-04-02 21:37:43+00:00,2026-03-30/2026-04-05,2026-04,9.1
1521,3b0df4db-61eb-4088-936e-099ed4558e5c,Flipkart,google_play,en,en,False,nice product and fast products.....,nice product and fast products..,nice product and fast products..,3,mixed,0,False,5,2026-04-02 21:37:16+00:00,2026-03-30/2026-04-05,2026-04,7.44
1522,39a6784e-957d-41fe-9776-fa2f28c3fe85,Flipkart,google_play,en,en,False,bes product's,bes product's,bes product's,4,positive,0,False,2,2026-04-02 21:36:35+00:00,2026-03-30/2026-04-05,2026-04,9.1
1523,68d427e1-cc9e-4b30-a344-30b16ba58fe4,Flipkart,google_play,en,en,False,rate is not fixed,rate is not fixed,rate is not fixed,2,complaint,0,False,4,2026-04-02 21:35:45+00:00,2026-03-30/2026-04-05,2026-04,8.42
1524,261af16f-6709-436f-876c-a2d4e76242e3,Flipkart,google_play,en,tl,False,good night bast shopping 🛍 aap,good night bast shopping aap,good night bast shopping aap,5,positive,0,False,5,2026-04-02 21:35:37+00:00,2026-03-30/2026-04-05,2026-04,9.1
1525,207eaccd-de60-464c-b331-7f37104f7c0f,Flipkart,google_play,en,en,False,"service is to good ,Exclent product","service is to good ,exclent product","service is to good ,exclent product",5,positive,0,False,6,2026-04-02 21:30:30+00:00,2026-03-30/2026-04-05,2026-04,
1526,0f41c2b2-1a2f-451d-b18f-02999ccb5e2f,Flipkart,google_play,en,en,False,Iam getting below message when iam trying to check out my order. there is no customer care support. no resolution for this. Transaction declined due to risk checks. Contact customer support or try other payment options. No response from flipkart. are you people dumb.cant you solve my problem,iam getting below message when iam trying to check out my order. there is no customer care support. no resolution for this. transaction declined due to risk checks. contact customer support or try other payment options. no response from flipkart. are you people dumb.cant you solve my problem,iam getting below message when iam trying to check out my order. there is no customer care support. no resolution for this. transaction declined due to risk checks. contact customer support or try other payment options. no response from flipkart. are you people dumb.cant you solve my problem,1,complaint,0,False,48,2026-04-02 21:29:14+00:00,2026-03-30/2026-04-05,2026-04,9.1
1527,6485c891-0b0f-4646-920f-c7d7e57c9dfd,Flipkart,google_play,en,en,False,Flipkart is overall good application because of discount on products is good 👍.,flipkart is overall good application because of discount on products is good .,flipkart is overall good application because of discount on products is good .,5,positive,0,False,13,2026-04-02 21:28:55+00:00,2026-03-30/2026-04-05,2026-04,9.1
1528,bf036fb7-ae10-4e5c-a09d-92e70484f433,Flipkart,google_play,en,en,False,very bad experience in this app my orders goes automatically cancelled,very bad experience in this app my orders goes automatically cancelled,very bad experience in this app my orders goes automatically cancelled,1,complaint,0,False,11,2026-04-02 21:28:47+00:00,2026-03-30/2026-04-05,2026-04,
1529,6f464767-878b-4e84-ba6d-7b9d5d4184c4,Flipkart,google_play,en,so,False,buhst badiya,buhst badiya,buhst badiya,5,positive,0,False,2,2026-04-02 21:28:11+00:00,2026-03-30/2026-04-05,2026-04,
1530,eab80581-a524-4c6c-948f-319e7ea5b4c2,Flipkart,google_play,en,sw,False,Bharatcho kali mandir,bharatcho kali mandir,bharatcho kali mandir,5,positive,0,False,3,2026-04-02 21:27:48+00:00,2026-03-30/2026-04-05,2026-04,
1531,9457c531-ff96-4356-8d14-020345da6fde,Flipkart,google_play,en,sw,False,surajkushwah,surajkushwah,surajkushwah,5,positive,0,False,1,2026-04-02 21:27:35+00:00,2026-03-30/2026-04-05,2026-04,9.1
1532,131f4c15-e940-4079-b6fd-fef7968713be,Flipkart,google_play,en,hr,False,god product,god product,god product,5,positive,0,False,2,2026-04-02 21:26:13+00:00,2026-03-30/2026-04-05,2026-04,9.1
1533,7b2983b4-bee3-41d2-8f5f-002b352069d9,Flipkart,google_play,en,en,False,best service,best service,best service,5,positive,0,False,2,2026-04-02 21:24:58+00:00,2026-03-30/2026-04-05,2026-04,9.1
1534,173f2a6f-7ade-404b-b411-2603fa1a4011,Flipkart,google_play,en,id,False,bahut aacha product hume apka product bahut hi aacha laga,bahut aacha product hume apka product bahut hi aacha laga,bahut aacha product hume apka product bahut hi aacha laga,5,positive,0,False,10,2026-04-02 21:23:46+00:00,2026-03-30/2026-04-05,2026-04,8.42
1535,dd41932b-d759-4dad-83e1-8031605430c0,Flipkart,google_play,en,et,False,bakvas app he aagese koibhi odar nahi hoga kharab product deteho return karne k bad bhi koi lene nahi aata chitar,bakvas app he aagese koibhi odar nahi hoga kharab product deteho return karne k bad bhi koi lene nahi aata chitar,bakvas app he aagese koibhi odar nahi hoga kharab product deteho return karne k bad bhi koi lene nahi aata chitar,1,complaint,0,False,21,2026-04-02 21:18:16+00:00,2026-03-30/2026-04-05,2026-04,9.1
1536,9c467421-48d3-4269-8c50-88d546feabb3,Flipkart,google_play,en,en,False,fast odear my and so Amezing,fast odear my and so amezing,fast odear my and so amezing,5,positive,0,False,6,2026-04-02 21:18:01+00:00,2026-03-30/2026-04-05,2026-04,9.1
1537,9a406c6d-28d5-464e-97b7-af150c4a3e10,Flipkart,google_play,en,en,False,this is a good aap 😊,this is a good aap,this is a good aap,5,positive,0,False,5,2026-04-02 21:17:47+00:00,2026-03-30/2026-04-05,2026-04,8.20
1538,e26ea250-11bd-43f4-b86e-457339cc57d7,Flipkart,google_play,en,en,False,server slow Bad situation,server slow bad situation,server slow bad situation,3,mixed,0,False,4,2026-04-02 21:17:38+00:00,2026-03-30/2026-04-05,2026-04,9.1
1539,c37ecf99-849a-4283-9eff-8deeddc0ed0e,Flipkart,google_play,en,en,False,very very worst customer care does not support,very very worst customer care does not support,very very worst customer care does not support,1,complaint,0,False,8,2026-04-02 21:16:40+00:00,2026-03-30/2026-04-05,2026-04,9.0
1540,484fb74c-3268-441c-8c63-e54228297c87,Flipkart,google_play,en,en,False,"worst service by Flipkart Minutes, they deliver their products by following map which we are not conversant . why we are giving full address and telephone number ? Definately I will delete flipkart.","worst service by flipkart minutes, they deliver their products by following map which we are not conversant . why we are giving full address and telephone number ? definately i will delete flipkart.","worst service by flipkart minutes, they deliver their products by following map which we are not conversant . why we are giving full address and telephone number ? definately i will delete flipkart.",1,complaint,0,False,33,2026-04-02 21:15:16+00:00,2026-03-30/2026-04-05,2026-04,9.1
1541,e001240b-79d6-405d-a490-1153d079b5e8,Flipkart,google_play,en,en,True,cashback not received & payment jo dikha tha start me cashback apply karne ke baad 292 rs payment karna pada starting me dikha rha tha 234 rs payment karna tha very very costly Jo dikhaya jata Hai amount payment karne ke liye wo nahin dikhta uske baad payment karne ke time extra amount jod liya jata hai I am not satisfied this online platform Flipkart & I not recommend to other person to buy Flipkart online shopping wrong enformation & pay amount,cashback not received payment jo dikha tha start me cashback apply karne ke baad 292 rs payment karna pada starting me dikha rha tha 234 rs payment karna tha very very costly jo dikhaya jata hai amount payment karne ke liye wo nahin dikhta uske baad payment karne ke time extra amount jod liya jata hai i am not satisfied this online platform flipkart i not recommend to other person to buy flipkart online shopping wrong enformation pay amount,cashback not received payment jo dikha tha start me cashback apply karne ke baad 292 rs payment karna pada starting me dikha rha tha 234 rs payment karna tha very very costly jo dikhaya jata hai amount payment karne ke liye wo nahin dikhta uske baad payment karne ke time extra amount jod liya jata hai i am not satisfied this online platform flipkart i not recommend to other person to buy flipkart online shopping wrong enformation pay amount,1,complaint,0,False,79,2026-04-02 21:15:00+00:00,2026-03-30/2026-04-05,2026-04,8.38
1542,54cc4bd0-bbcb-4c1f-a747-3233bd82a416,Flipkart,google_play,en,en,False,after update app is running very slow specially in my account section and recently searched,after update app is running very slow specially in my account section and recently searched,after update app is running very slow specially in my account section and recently searched,2,complaint,0,False,15,2026-04-02 21:14:40+00:00,2026-03-30/2026-04-05,2026-04,9.1
1543,5d45e5ba-9cf4-49fe-99eb-beecc2e58f92,Flipkart,google_play,en,en,False,sir - please my order fast,sir - please my order fast,sir - please my order fast,5,positive,0,False,6,2026-04-02 21:14:02+00:00,2026-03-30/2026-04-05,2026-04,9.0
1544,f77d6964-6c9e-4e5c-a9fb-24332e47c6ae,Flipkart,google_play,en,en,False,very best one and only flipkart amazing,very best one and only flipkart amazing,very best one and only flipkart amazing,4,positive,0,False,7,2026-04-02 21:12:18+00:00,2026-03-30/2026-04-05,2026-04,9.1
1545,bf5face1-10dc-4eba-b042-0549823ec3f7,Flipkart,google_play,en,it,False,delivery time too late,delivery time too late,delivery time too late,1,complaint,0,False,4,2026-04-02 21:11:15+00:00,2026-03-30/2026-04-05,2026-04,9.1
1546,6c1f7f9b-54ab-4459-85af-e77b893f1945,Flipkart,google_play,en,en,False,it's a very secure app to shop and I have used this app for purchasing many by products and everyone should try this app,it's a very secure app to shop and i have used this app for purchasing many by products and everyone should try this app,it's a very secure app to shop and i have used this app for purchasing many by products and everyone should try this app,5,positive,0,False,24,2026-04-02 21:10:57+00:00,2026-03-30/2026-04-05,2026-04,9.1
1547,fd8d2ac8-aea6-488f-868e-5c91de95fb86,Flipkart,google_play,en,id,False,bast materuyal,bast materuyal,bast materuyal,5,positive,0,False,2,2026-04-02 21:09:43+00:00,2026-03-30/2026-04-05,2026-04,9.1
1548,1081c80a-1c7c-4031-9eba-e5540122dc89,Flipkart,google_play,en,en,False,Every thing is good thire service delivery and products bur it have an issue if you use this app more than 15mins a network problem occurs even if your network is stable,every thing is good thire service delivery and products bur it have an issue if you use this app more than 15mins a network problem occurs even if your network is stable,every thing is good thire service delivery and products bur it have an issue if you use this app more than 15mins a network problem occurs even if your network is stable,3,mixed,0,False,32,2026-04-02 21:08:34+00:00,2026-03-30/2026-04-05,2026-04,9.1
1549,7d4c6d8a-6183-42c9-8d46-8c3aaee1c376,Flipkart,google_play,en,en,True,bhut acha hai,bhut acha hai,bhut acha hai,5,positive,0,False,3,2026-04-02 21:08:33+00:00,2026-03-30/2026-04-05,2026-04,9.1
1550,5bf6bfad-2ae7-4245-8407-a01d616fd06c,Flipkart,google_play,en,cs,False,very nice sarvice,very nice sarvice,very nice sarvice,5,positive,0,False,3,2026-04-02 21:07:53+00:00,2026-03-30/2026-04-05,2026-04,8.42
1551,c55775c6-0c7a-4ab5-b654-db29242cd5aa,Flipkart,google_play,en,en,False,good but pleas provide offers,good but pleas provide offers,good but pleas provide offers,5,positive,0,False,5,2026-04-02 21:07:39+00:00,2026-03-30/2026-04-05,2026-04,
1552,3a2372dd-93f3-4fbc-9023-a7800a4e423d,Flipkart,google_play,en,en,False,best online shopping platform,best online shopping platform,best online shopping platform,4,positive,0,False,4,2026-04-02 21:06:01+00:00,2026-03-30/2026-04-05,2026-04,9.1
1553,332937c7-2c20-40c0-8c02-8616f2af294c,Flipkart,google_play,en,en,False,best shopping,best shopping,best shopping,4,positive,0,False,2,2026-04-02 21:04:50+00:00,2026-03-30/2026-04-05,2026-04,9.1
1554,74063812-7322-4201-80c6-cdbac8ce57d1,Flipkart,google_play,en,en,False,Very bad when trying to connect customer service.... even their customer service mail id not accepting any mail.. everything fake..,very bad when trying to connect customer service.. even their customer service mail id not accepting any mail.. everything fake..,very bad when trying to connect customer service.. even their customer service mail id not accepting any mail.. everything fake..,1,complaint,0,False,20,2026-04-02 21:02:20+00:00,2026-03-30/2026-04-05,2026-04,9.1
1555,b6372343-3c81-4933-a665-589f9330b5da,Flipkart,google_play,en,en,False,good service dilevery,good service dilevery,good service dilevery,4,positive,0,False,3,2026-04-02 21:00:41+00:00,2026-03-30/2026-04-05,2026-04,9.0
1556,56ecc254-88eb-4759-bcb7-32d3409d6672,Flipkart,google_play,en,en,False,best rates,best rates,best rates,4,positive,0,False,2,2026-04-02 20:58:31+00:00,2026-03-30/2026-04-05,2026-04,9.1
1557,fb6b0fe7-6cc9-48c4-834e-a4cb75ed65d1,Flipkart,google_play,en,nl,False,order processing is very deep,order processing is very deep,order processing is very deep,3,mixed,0,False,5,2026-04-02 20:58:28+00:00,2026-03-30/2026-04-05,2026-04,9.0
1558,aa2b47aa-ad4e-4bc8-9154-e9cd55a2de97,Flipkart,google_play,en,en,False,best. ap. best. delivery. best. items i .am .very. happy. ... bht. he. achi. quality hai. ... but .kbi .kbi. door. tk .parcel..resive. nhi .hota. hai,best. ap. best. delivery. best. items i .am .very. happy. ... bht. he. achi. quality hai. ... but .kbi .kbi. door. tk .parcel..resive. nhi .hota. hai,best. ap. best. delivery. best. items i .am .very. happy. ... bht. he. achi. quality hai. ... but .kbi .kbi. door. tk .parcel..resive. nhi .hota. hai,5,positive,0,False,26,2026-04-02 20:58:21+00:00,2026-03-30/2026-04-05,2026-04,
1563,774145c4-c4a6-46eb-9ce5-89522c3d8362,Flipkart,google_play,en,en,False,cash back not given,cash back not given,cash back not given,3,mixed,0,False,4,2026-04-02 20:54:56+00:00,2026-03-30/2026-04-05,2026-04,9.0
1564,b482b8cf-b6e9-488a-ae20-df848fcc27c0,Flipkart,google_play,en,id,False,Dadi bulli brahmaiah,dadi bulli brahmaiah,dadi bulli brahmaiah,4,positive,0,False,3,2026-04-02 20:54:26+00:00,2026-03-30/2026-04-05,2026-04,9.1
1565,9913d250-c468-4061-89d3-ca6e0aef0d8e,Flipkart,google_play,en,en,False,there are no anime manga 😔,there are no anime manga,there are no anime manga,1,complaint,0,False,5,2026-04-02 20:52:53+00:00,2026-03-30/2026-04-05,2026-04,
1566,abd87752-91d0-422e-8f31-72f9cff60ae1,Flipkart,google_play,en,hi,False,फ्लिपकार्ट इन वेस्ट स्टॉप,फ्लिपकार्ट इन वेस्ट स्टॉप,फ्लिपकार्ट इन वेस्ट स्टॉप,5,positive,0,False,4,2026-04-02 20:49:14+00:00,2026-03-30/2026-04-05,2026-04,9.1
1567,6f200d8d-8f03-487d-9531-f28b8b8f8831,Flipkart,google_play,en,sv,False,md irfan Ansari,md irfan ansari,md irfan ansari,1,complaint,0,False,3,2026-04-02 20:47:01+00:00,2026-03-30/2026-04-05,2026-04,9.1
1568,b9c142b5-abfb-4d88-9b5b-eb343e216443,Flipkart,google_play,en,en,True,Ye product mujhe kaafi pasand aaya. Quality achchi hai aur price ke hisaab se value for money hai. Delivery bhi time par mil gayi. Packaging bhi safe thi. Main isse recommend karta hoon.,ye product mujhe kaafi pasand aaya. quality achchi hai aur price ke hisaab se value for money hai. delivery bhi time par mil gayi. packaging bhi safe thi. main isse recommend karta hoon.,ye product mujhe kaafi pasand aaya. quality achchi hai aur price ke hisaab se value for money hai. delivery bhi time par mil gayi. packaging bhi safe thi. main isse recommend karta hoon.,5,positive,0,False,33,2026-04-02 20:46:45+00:00,2026-03-30/2026-04-05,2026-04,9.1
1569,d323d13c-f817-4e76-b2dc-eef7bb145ea8,Flipkart,google_play,en,en,False,best flipkart app in online order thanks flipkart ❤️,best flipkart app in online order thanks flipkart,best flipkart app in online order thanks flipkart,5,positive,0,False,8,2026-04-02 20:46:43+00:00,2026-03-30/2026-04-05,2026-04,9.1
1570,205ee821-c7e7-4d46-842d-a814980573fe,Flipkart,google_play,en,id,False,Sukhdeep Singh,sukhdeep singh,sukhdeep singh,5,positive,0,False,2,2026-04-02 20:45:21+00:00,2026-03-30/2026-04-05,2026-04,9.0
1571,0a97ead1-8505-4605-9d5b-031afda1ef27,Flipkart,google_play,en,en,False,received fake products consecutively,received fake products consecutively,received fake products consecutively,1,complaint,0,False,4,2026-04-02 20:42:13+00:00,2026-03-30/2026-04-05,2026-04,8.37
1572,c0cf8a34-a7d0-496a-9a47-1b8d4bfe1347,Flipkart,google_play,en,en,False,please i can purchase Neptune math of company Orient black swan class 8,please i can purchase neptune math of company orient black swan class 8,please i can purchase neptune math of company orient black swan class 8,5,positive,0,False,13,2026-04-02 20:41:45+00:00,2026-03-30/2026-04-05,2026-04,8.42
1573,1c201f17-8739-4830-947e-8b6f34b996d0,Flipkart,google_play,en,cs,False,very very nice 👍🏻,very very nice,very very nice,5,positive,0,False,3,2026-04-02 20:41:39+00:00,2026-03-30/2026-04-05,2026-04,8.40
1574,eb2451f7-9461-4c0a-a918-78f7a7e89ab7,Flipkart,google_play,en,en,True,"worst experience in my life ever using this app, Dear Customer Support Team, ​I am writing to express my dissatisfaction regarding a return pickup for Order. ​I purchased the product on March 25th and initiated a return request on the same day. Although a pickup was scheduled, the courier failed to arrive on the expected date, and the return request was subsequently cancelled by your system. ​I have since reapplied for the return, yet the pickup has still not occurred.","worst experience in my life ever using this app, dear customer support team, i am writing to express my dissatisfaction regarding a return pickup for order. i purchased the product on march 25th and initiated a return request on the same day. although a pickup was scheduled, the courier failed to arrive on the expected date, and the return request was subsequently cancelled by your system. i have since reapplied for the return, yet the pickup has still not occurred.","worst experience in my life ever using this app, dear customer support team, i am writing to express my dissatisfaction regarding a return pickup for order. i purchased the product on march 25th and initiated a return request on the same day. although a pickup was scheduled, the courier failed to arrive on the expected date, and the return request was subsequently cancelled by your system. i have since reapplied for the return, yet the pickup has still not occurred.",1,complaint,0,False,80,2026-04-02 20:41:09+00:00,2026-03-30/2026-04-05,2026-04,9.1
1575,8a9ff5e7-1978-41c8-81b9-20ab01ac2358,Flipkart,google_play,en,en,False,On time delivery,on time delivery,on time delivery,5,positive,0,False,3,2026-04-02 20:41:09+00:00,2026-03-30/2026-04-05,2026-04,
1576,c54e689e-1569-4f82-94dd-4d965bf1728c,Flipkart,google_play,en,en,False,best shopping platform thankyou flipkart,best shopping platform thankyou flipkart,best shopping platform thankyou flipkart,5,positive,0,False,5,2026-04-02 20:40:31+00:00,2026-03-30/2026-04-05,2026-04,9.1
1577,36b94550-d6aa-4fed-95d4-78b5ee56bbe0,Flipkart,google_play,en,en,False,this app is best,this app is best,this app is best,5,positive,0,False,4,2026-04-02 20:38:59+00:00,2026-03-30/2026-04-05,2026-04,9.1
1578,4d14a184-259f-45b4-b4b3-624e41a66ed6,Flipkart,google_play,en,en,False,this is very nice,this is very nice,this is very nice,5,positive,0,False,4,2026-04-02 20:38:57+00:00,2026-03-30/2026-04-05,2026-04,9.1
1579,ccce31f9-c9e9-4bac-abf2-7baacf7b07fe,Flipkart,google_play,en,en,True,toileti bahut achcha hai,toileti bahut achcha hai,toileti bahut achcha hai,5,positive,0,False,4,2026-04-02 20:38:01+00:00,2026-03-30/2026-04-05,2026-04,9.0
1580,f4e11cad-fb5b-44f9-b7a3-fc3c4197afcb,Flipkart,google_play,en,en,False,Too much fake,too much fake,too much fake,1,complaint,0,False,3,2026-04-02 20:37:28+00:00,2026-03-30/2026-04-05,2026-04,9.1
1581,1f51a0b7-7bfe-4b57-8606-bcad3afa3841,Flipkart,google_play,en,en,True,"FOR NO REASON, ACCOUNT IS BLOCKED. helpline number was not easily accessible complaints registered are not resolved within the given timeline. Even after Continues follow-up through phone call and emails back to back complaint registration there is no response and the problem is not resolved. The service is very poor and disappointing. I will never suggest flipkart to anyone.","for no reason, account is blocked. helpline number was not easily accessible complaints registered are not resolved within the given timeline. even after continues follow-up through phone call and emails back to back complaint registration there is no response and the problem is not resolved. the service is very poor and disappointing. i will never suggest flipkart to anyone.","for no reason, account is blocked. helpline number was not easily accessible complaints registered are not resolved within the given timeline. even after continues follow-up through phone call and emails back to back complaint registration there is no response and the problem is not resolved. the service is very poor and disappointing. i will never suggest flipkart to anyone.",1,complaint,0,False,59,2026-04-02 20:35:57+00:00,2026-03-30/2026-04-05,2026-04,9.1
1582,cbc5b5d8-327b-4072-a75e-687c3dbf134e,Flipkart,google_play,en,en,False,not sure at this application,not sure at this application,not sure at this application,1,complaint,0,False,5,2026-04-02 20:35:49+00:00,2026-03-30/2026-04-05,2026-04,9.1
1583,719cae05-58c9-4464-9c27-ca27bff501cd,Flipkart,google_play,en,sw,False,"hamko nhi chaiya bhai tera insurance,jabardasti q chipka rha ha","hamko nhi chaiya bhai tera insurance,jabardasti q chipka rha ha","hamko nhi chaiya bhai tera insurance,jabardasti q chipka rha ha",1,complaint,0,False,10,2026-04-02 20:34:28+00:00,2026-03-30/2026-04-05,2026-04,
1584,7388ac56-d91c-44e8-8f2e-b2916b93e758,Flipkart,google_play,en,af,False,Very useful aap.,very useful aap.,very useful aap.,5,positive,0,False,3,2026-04-02 20:34:08+00:00,2026-03-30/2026-04-05,2026-04,
1585,88968be2-2ff6-4271-833d-4ea4511f93f4,Flipkart,google_play,en,en,False,very less than product available in the flipkart app,very less than product available in the flipkart app,very less than product available in the flipkart app,5,positive,0,False,9,2026-04-02 20:33:59+00:00,2026-03-30/2026-04-05,2026-04,9.0
1587,93868919-2fee-46f5-8b5f-198251e2adb5,Flipkart,google_play,en,en,False,No Size and dilevery men is frod my return is cancelled oto maticliy Poor service,no size and dilevery men is frod my return is cancelled oto maticliy poor service,no size and dilevery men is frod my return is cancelled oto maticliy poor service,1,complaint,0,False,15,2026-04-02 20:31:37+00:00,2026-03-30/2026-04-05,2026-04,9.1
1588,6be4633d-bd72-46e3-beb2-536a16aad4e8,Flipkart,google_play,en,ne,False,नीतीश कुमार बिहार सरकार,नीतीश कुमार बिहार सरकार,नीतीश कुमार बिहार सरकार,5,positive,0,False,4,2026-04-02 20:31:14+00:00,2026-03-30/2026-04-05,2026-04,9.1
1589,9df8ee2e-41d2-4b4e-aebd-c7cce565e262,Flipkart,google_play,en,da,False,my order are not delivered,my order are not delivered,my order are not delivered,2,complaint,0,False,5,2026-04-02 20:31:07+00:00,2026-03-30/2026-04-05,2026-04,9.1
1590,ea91d4a2-219b-4297-90ce-ff8a2fda30d9,Flipkart,google_play,en,en,False,My account was blocked no reason why?,my account was blocked no reason why?,my account was blocked no reason why?,1,complaint,0,False,7,2026-04-02 20:30:37+00:00,2026-03-30/2026-04-05,2026-04,9.1
1591,9134a769-fb28-451d-88a8-f057337bf8a7,Flipkart,google_play,en,en,True,hfjkgjjv nhi hai to nahi ho sakta hai na ki to dunia bhi nhi yaar jigari nhi yaar jigari nhi he is the one who are the same time in the evening of Thursday and Sunday is he doing the same to u sir ji 💪 BHAI BHAI 💪 Bhai ki luv you too and comment on this number bhej diya aur kya kar Rahi hai ki nahi h kinahi me know what to say the least of timeless and classic literature and comment nhi hai kya ho raha hu aur kuch nhi hota h na ki nhi he is not 🚭 me to get a chance to get the latest version o,hfjkgjjv nhi hai to nahi ho sakta hai na ki to dunia bhi nhi yaar jigari nhi yaar jigari nhi he is the one who are the same time in the evening of thursday and sunday is he doing the same to u sir ji bhai bhai bhai ki luv you too and comment on this number bhej diya aur kya kar rahi hai ki nahi h kinahi me know what to say the least of timeless and classic literature and comment nhi hai kya ho raha hu aur kuch nhi hota h na ki nhi he is not me to get a chance to get the latest version o,hfjkgjjv nhi hai to nahi ho sakta hai na ki to dunia bhi nhi yaar jigari nhi yaar jigari nhi he is the one who are the same time in the evening of thursday and sunday is he doing the same to u sir ji bhai bhai bhai ki luv you too and comment on this number bhej diya aur kya kar rahi hai ki nahi h kinahi me know what to say the least of timeless and classic literature and comment nhi hai kya ho raha hu aur kuch nhi hota h na ki nhi he is not me to get a chance to get the latest version o,5,positive,0,False,110,2026-04-02 20:29:17+00:00,2026-03-30/2026-04-05,2026-04,9.0
1592,5f8a4f8e-3bc0-446d-9945-18634f56ce6c,Flipkart,google_play,en,en,False,this app is very good 😊,this app is very good,this app is very good,4,positive,0,False,5,2026-04-02 20:28:46+00:00,2026-03-30/2026-04-05,2026-04,9.0
1593,a9f12d06-8fa9-40b9-9f84-ec15fb6aed50,Flipkart,google_play,en,en,False,thank you flipkart,thank you flipkart,thank you flipkart,5,positive,0,False,3,2026-04-02 20:22:50+00:00,2026-03-30/2026-04-05,2026-04,9.0
1594,82d4daa3-61e5-4746-aed9-13d31c5fbd64,Flipkart,google_play,en,it,False,Mohammed Sunesara nice,mohammed sunesara nice,mohammed sunesara nice,5,positive,0,False,3,2026-04-02 20:21:52+00:00,2026-03-30/2026-04-05,2026-04,9.1
1595,61fe44c3-4f5b-43c7-870b-96a2c48134e8,Flipkart,google_play,en,en,False,nice online shopping,nice online shopping,nice online shopping,5,positive,0,False,3,2026-04-02 20:21:16+00:00,2026-03-30/2026-04-05,2026-04,9.1
1596,d8739357-754f-448c-ba49-00805f178fc2,Flipkart,google_play,en,en,False,I want good quality,i want good quality,i want good quality,5,positive,0,False,4,2026-04-02 20:20:52+00:00,2026-03-30/2026-04-05,2026-04,9.1
1597,b42628a6-263b-47b7-9490-5df5926ae2fc,Flipkart,google_play,en,en,False,thank you yhcsbs,thank you yhcsbs,thank you yhcsbs,5,positive,1,False,3,2026-04-02 20:19:24+00:00,2026-03-30/2026-04-05,2026-04,9.1
1598,817a4566-87fa-4c70-8268-7f07a0198f2e,Flipkart,google_play,en,en,False,god and Genuine products please visit Flipkart,god and genuine products please visit flipkart,god and genuine products please visit flipkart,5,positive,0,False,7,2026-04-02 20:18:37+00:00,2026-03-30/2026-04-05,2026-04,9.1
1599,6ca68265-1f60-4692-b816-9ca3d88350cd,Flipkart,google_play,en,fr,False,so beautiful,so beautiful,so beautiful,5,positive,0,False,2,2026-04-02 20:17:14+00:00,2026-03-30/2026-04-05,2026-04,8.35
1600,4eeea649-ec4f-499c-a153-9f1fc38c116b,Flipkart,google_play,en,tl,False,app lags like anything. always loading issue.,app lags like anything. always loading issue.,app lags like anything. always loading issue.,1,complaint,0,False,7,2026-04-02 20:16:40+00:00,2026-03-30/2026-04-05,2026-04,
1601,f5affaca-52f1-497d-8da2-bd67d3ab0110,Flipkart,google_play,en,af,False,good is not ......................?,good is not ..?,good is not ..?,1,complaint,0,False,4,2026-04-02 20:15:53+00:00,2026-03-30/2026-04-05,2026-04,7.62
1603,062845e9-283d-45d8-a280-c417ff754ee4,Flipkart,google_play,en,ro,False,nic flicb cart,nic flicb cart,nic flicb cart,5,positive,0,False,3,2026-04-02 20:15:02+00:00,2026-03-30/2026-04-05,2026-04,8.42
1604,e4f08a04-81f5-48ce-8d70-6f726104b651,Flipkart,google_play,en,af,False,very good flipkart 🤘🤘,very good flipkart,very good flipkart,1,complaint,0,False,3,2026-04-02 20:13:17+00:00,2026-03-30/2026-04-05,2026-04,8.41
1605,890aa00e-f1c3-4ad8-b81c-1842aea3cfc9,Flipkart,google_play,en,af,False,very happy good,very happy good,very happy good,5,positive,0,False,3,2026-04-02 20:09:46+00:00,2026-03-30/2026-04-05,2026-04,9.1
1608,f79728a3-444e-40fb-ba05-a96264d50388,Flipkart,google_play,en,hr,False,good super,good super,good super,5,positive,0,False,2,2026-04-02 20:04:26+00:00,2026-03-30/2026-04-05,2026-04,9.1
1609,56f65210-1f01-40ac-8ee3-7f4851084a7c,Flipkart,google_play,en,en,False,easy oder easy aap,easy oder easy aap,easy oder easy aap,5,positive,0,False,4,2026-04-02 20:02:41+00:00,2026-03-30/2026-04-05,2026-04,
1610,dce92eac-aade-4c74-bf00-3270fda906b0,Flipkart,google_play,en,af,False,awesome response,awesome response,awesome response,4,positive,0,False,2,2026-04-02 19:59:42+00:00,2026-03-30/2026-04-05,2026-04,9.1
1611,61e63966-9394-4937-92f4-5ead588675ba,Flipkart,google_play,en,en,True,"Extremely disappointed with Flipkart Grocery lately. They keep adding ""platform fees"" and ""handling charges"" to every order, but the service quality is going down. Delivery is often delayed, and items are sometimes missing or damaged. Why should I pay extra fees for a service that isn't even reliable? Better to use other apps that don't loot customers with these ""additional charges","extremely disappointed with flipkart grocery lately. they keep adding platform fees and handling charges to every order, but the service quality is going down. delivery is often delayed, and items are sometimes missing or damaged. why should i pay extra fees for a service that isn't even reliable? better to use other apps that don't loot customers with these additional charges","extremely disappointed with flipkart grocery lately. they keep adding platform fees and handling charges to every order, but the service quality is going down. delivery is often delayed, and items are sometimes missing or damaged. why should i pay extra fees for a service that isn't even reliable? better to use other apps that don't loot customers with these additional charges",1,complaint,0,False,61,2026-04-02 19:58:19+00:00,2026-03-30/2026-04-05,2026-04,
1614,97f89f0a-3544-40f2-ab9b-b90240fccdf9,Flipkart,google_play,en,en,False,where useful and brilliant app,where useful and brilliant app,where useful and brilliant app,5,positive,0,False,5,2026-04-02 19:54:58+00:00,2026-03-30/2026-04-05,2026-04,9.0
1615,965c41d4-2c48-4f78-b5e6-e5d5976a3eac,Flipkart,google_play,en,tr,False,tank you ll,tank you ll,tank you ll,5,positive,0,False,3,2026-04-02 19:52:30+00:00,2026-03-30/2026-04-05,2026-04,9.0
1616,fe350557-68ad-4109-b7a9-42b6c7d72dcf,Flipkart,google_play,en,en,False,"Flipkart, I'm Plus Member from years and have shopped worth in some Lacks and wanted to say you have become so greedy and pathetic these days , shame on you - platform fees, surge fees and forcing customers to add times so you don't charge high fees been ridiculous","flipkart, i'm plus member from years and have shopped worth in some lacks and wanted to say you have become so greedy and pathetic these days , shame on you - platform fees, surge fees and forcing customers to add times so you don't charge high fees been ridiculous","flipkart, i'm plus member from years and have shopped worth in some lacks and wanted to say you have become so greedy and pathetic these days , shame on you - platform fees, surge fees and forcing customers to add times so you don't charge high fees been ridiculous",1,complaint,0,False,49,2026-04-02 19:52:01+00:00,2026-03-30/2026-04-05,2026-04,
1618,d60d9c36-b481-4ce8-9d1f-c64f843871e1,Flipkart,google_play,en,cy,False,when I saw I buy,when i saw i buy,when i saw i buy,4,positive,0,False,5,2026-04-02 19:49:56+00:00,2026-03-30/2026-04-05,2026-04,9.1
1619,507da14f-c318-43bb-83a0-39dad81c7b62,Flipkart,google_play,en,ro,False,nice Flipkart,nice flipkart,nice flipkart,5,positive,0,False,2,2026-04-02 19:45:50+00:00,2026-03-30/2026-04-05,2026-04,9.1
1620,f33a6976-7fe2-40e4-8b2d-b52d4b1752bc,Flipkart,google_play,en,en,True,Their Delivery agents are ruining the flipkart and they don't have guts to deliver product from them. Useless service as they are always in hurry for refund process instead of delivering the product. Soon other APPs will make flipkart shut one day due to their delivery partners and their negligence towards complain.,their delivery agents are ruining the flipkart and they don't have guts to deliver product from them. useless service as they are always in hurry for refund process instead of delivering the product. soon other apps will make flipkart shut one day due to their delivery partners and their negligence towards complain.,their delivery agents are ruining the flipkart and they don't have guts to deliver product from them. useless service as they are always in hurry for refund process instead of delivering the product. soon other apps will make flipkart shut one day due to their delivery partners and their negligence towards complain.,1,complaint,0,False,52,2026-04-02 19:40:44+00:00,2026-03-30/2026-04-05,2026-04,8.39
1621,21e11897-f98b-4e9c-8780-ddea42af6cca,Flipkart,google_play,en,en,False,"using this from 13/14 years , purchased more than lakhs rs products . but i am switching to amzon from now . i will never use this aap in future . customer service is very fure , never want any resolution from them ....","using this from 13 14 years , purchased more than lakhs rs products . but i am switching to amzon from now . i will never use this aap in future . customer service is very fure , never want any resolution from them ..","using this from 13 14 years , purchased more than lakhs rs products . but i am switching to amzon from now . i will never use this aap in future . customer service is very fure , never want any resolution from them ..",1,complaint,0,False,45,2026-04-02 19:39:53+00:00,2026-03-30/2026-04-05,2026-04,9.0
1622,bdd2612c-be49-4c88-9c7b-603c4d899094,Flipkart,google_play,en,en,False,It is the no. 1 online store with the best quality at the lowest price....good ...keep it up..,it is the no. 1 online store with the best quality at the lowest price..good ...keep it up..,it is the no. 1 online store with the best quality at the lowest price..good ...keep it up..,5,positive,2,False,18,2026-04-02 19:36:14+00:00,2026-03-30/2026-04-05,2026-04,9.1
1623,b5b3879c-9b48-43b7-98bd-04251ae9ccbf,Flipkart,google_play,en,en,False,Worst experience with Flipkart app. It is very slow and often doesn’t load at all. I faced multiple issues while browsing and placing orders. Please fix these bugs as soon as possible.,worst experience with flipkart app. it is very slow and often doesn t load at all. i faced multiple issues while browsing and placing orders. please fix these bugs as soon as possible.,worst experience with flipkart app. it is very slow and often doesn t load at all. i faced multiple issues while browsing and placing orders. please fix these bugs as soon as possible.,1,complaint,0,False,33,2026-04-02 19:35:42+00:00,2026-03-30/2026-04-05,2026-04,
1624,6139c628-fe37-4290-bf96-5298352fcefb,Flipkart,google_play,en,en,True,"i delete flipkart app,For the past six months, I have been encountering an error message stating: ""Looks like there is an issue at our end; please try again."" I am unable to link my bank account to my Flipkart account. This issue has persisted ever since I updated my mobile number on Flipkart. I even tried deleting and reinstalling the app, as well as logging in again, but the problem remains unresolved. no proper response","i delete flipkart app,for the past six months, i have been encountering an error message stating looks like there is an issue at our end please try again. i am unable to link my bank account to my flipkart account. this issue has persisted ever since i updated my mobile number on flipkart. i even tried deleting and reinstalling the app, as well as logging in again, but the problem remains unresolved. no proper response","i delete flipkart app,for the past six months, i have been encountering an error message stating looks like there is an issue at our end please try again. i am unable to link my bank account to my flipkart account. this issue has persisted ever since i updated my mobile number on flipkart. i even tried deleting and reinstalling the app, as well as logging in again, but the problem remains unresolved. no proper response",1,complaint,0,False,75,2026-04-02 19:35:42+00:00,2026-03-30/2026-04-05,2026-04,
1625,2ef0eb34-9036-41b5-babf-a82f4ed98bcf,Flipkart,google_play,en,lv,False,best sarvij,best sarvij,best sarvij,5,positive,0,False,2,2026-04-02 19:35:14+00:00,2026-03-30/2026-04-05,2026-04,9.1
1626,2a3c224f-2db4-4e0a-bc58-2bfd0fb1f1ee,Flipkart,google_play,en,en,False,Flipkart gives best quality,flipkart gives best quality,flipkart gives best quality,5,positive,0,False,4,2026-04-02 19:35:11+00:00,2026-03-30/2026-04-05,2026-04,
1627,c34fdc29-2c9a-41e7-b18c-bcfb98a07495,Flipkart,google_play,en,id,False,I think percel ane ke bad review dalungi,i think percel ane ke bad review dalungi,i think percel ane ke bad review dalungi,5,positive,0,False,8,2026-04-02 19:34:11+00:00,2026-03-30/2026-04-05,2026-04,
1628,779e6bf0-e0dd-4658-8a29-061da31e74c2,Flipkart,google_play,en,et,False,Handling Fee Ke naam par loot raha hai flipkart,handling fee ke naam par loot raha hai flipkart,handling fee ke naam par loot raha hai flipkart,1,complaint,0,False,9,2026-04-02 19:32:35+00:00,2026-03-30/2026-04-05,2026-04,9.1
1629,fd1e1332-8dd0-4846-b7f2-c0a1849994ff,Flipkart,google_play,en,pl,False,"Aawaaz, ho a nenewwwwww ww h wweeßw ßs w ww h wweeßw ßs w ww h wweeßw ßs w ww h wweeßw ßs w ww h wwwwww","aawaaz, ho a nene ww h wweeßw ßs w ww h wweeßw ßs w ww h wweeßw ßs w ww h wweeßw ßs w ww h","aawaaz, ho a nene ww h wweeßw ßs w ww h wweeßw ßs w ww h wweeßw ßs w ww h wweeßw ßs w ww h",4,positive,0,False,26,2026-04-02 19:31:50+00:00,2026-03-30/2026-04-05,2026-04,
1631,7edbd636-38d8-4e25-a0fa-507a4ff5a42c,Flipkart,google_play,en,en,False,not bad product,not bad product,not bad product,3,mixed,0,False,3,2026-04-02 19:29:48+00:00,2026-03-30/2026-04-05,2026-04,9.0
1632,bab4883f-4018-485d-a2f6-517ff7f2d574,Flipkart,google_play,en,en,False,Best order app download now,best order app download now,best order app download now,5,positive,0,False,5,2026-04-02 19:29:42+00:00,2026-03-30/2026-04-05,2026-04,9.1
1633,80ca6201-a667-425c-b0f1-76b22aebe1f0,Flipkart,google_play,en,en,False,very useful,very useful,very useful,5,positive,0,False,2,2026-04-02 19:28:27+00:00,2026-03-30/2026-04-05,2026-04,8.42
1634,39141d6b-6a15-428d-afbc-6537a60400f4,Flipkart,google_play,en,en,False,that's great,that's great,that's great,5,positive,0,False,2,2026-04-02 19:28:06+00:00,2026-03-30/2026-04-05,2026-04,8.39
1635,8b016876-bded-49b9-bf79-f125d11cc8ae,Flipkart,google_play,en,en,False,this is very nice app,this is very nice app,this is very nice app,5,positive,0,False,5,2026-04-02 19:27:46+00:00,2026-03-30/2026-04-05,2026-04,9.1
1636,e10b1d2a-9514-492a-a336-8d8d502a9149,Flipkart,google_play,en,en,False,this order is a broken product is damage this is not acceptable,this order is a broken product is damage this is not acceptable,this order is a broken product is damage this is not acceptable,1,complaint,0,False,12,2026-04-02 19:27:36+00:00,2026-03-30/2026-04-05,2026-04,9.0
1637,58a364e4-e060-4e39-8c6c-ffab08f94fb8,Flipkart,google_play,en,it,False,nice application,nice application,nice application,5,positive,0,False,2,2026-04-02 19:26:49+00:00,2026-03-30/2026-04-05,2026-04,9.1
1638,618c1cb8-b29a-47a4-bce1-e7afa362c588,Flipkart,google_play,en,en,False,this is best app,this is best app,this is best app,4,positive,0,False,4,2026-04-02 19:22:51+00:00,2026-03-30/2026-04-05,2026-04,9.0
1639,65d05aff-13bf-42d3-b857-557c31ddafd4,Flipkart,google_play,en,af,False,best review,best review,best review,5,positive,0,False,2,2026-04-02 19:21:18+00:00,2026-03-30/2026-04-05,2026-04,9.0
1641,a1eb9f7e-ef88-4127-9b57-92a02f2c701a,Flipkart,google_play,en,en,False,very much for the first day of the year I was in the middle,very much for the first day of the year i was in the middle,very much for the first day of the year i was in the middle,5,positive,0,False,14,2026-04-02 19:15:19+00:00,2026-03-30/2026-04-05,2026-04,9.1
1642,3cc247ee-3965-4f49-abe3-4502c6100207,Flipkart,google_play,en,en,False,nice one good quality,nice one good quality,nice one good quality,5,positive,0,False,4,2026-04-02 19:13:45+00:00,2026-03-30/2026-04-05,2026-04,9.1
1643,0e79c11a-bc84-4254-8264-52dc33a13c01,Flipkart,google_play,en,en,False,Flipkart is getting worse and worse I ordered a book and some maps but I don't receive them yet and delivery date has gone also. it is showing that your order will deliver on 31 march but I want to know how can you deliver my order in past. today when I am writing this date is 2nd April I don't know when I will receive my order I want to say one thing I you can't deliver anything on time clear it. I am waiting for my orders more than 5 days I suggest don't install this app you will waste time,flipkart is getting worse and worse i ordered a book and some maps but i don't receive them yet and delivery date has gone also. it is showing that your order will deliver on 31 march but i want to know how can you deliver my order in past. today when i am writing this date is 2nd april i don't know when i will receive my order i want to say one thing i you can't deliver anything on time clear it. i am waiting for my orders more than 5 days i suggest don't install this app you will waste time,flipkart is getting worse and worse i ordered a book and some maps but i don't receive them yet and delivery date has gone also. it is showing that your order will deliver on 31 march but i want to know how can you deliver my order in past. today when i am writing this date is 2nd april i don't know when i will receive my order i want to say one thing i you can't deliver anything on time clear it. i am waiting for my orders more than 5 days i suggest don't install this app you will waste time,1,complaint,0,False,103,2026-04-02 19:09:59+00:00,2026-03-30/2026-04-05,2026-04,9.1
1644,e8c5401d-bfe7-4e8d-90dd-d9a94cb49af8,Flipkart,google_play,en,hr,False,veri good service,veri good service,veri good service,5,positive,0,False,3,2026-04-02 19:07:15+00:00,2026-03-30/2026-04-05,2026-04,9.1
1645,91654e7b-181a-4a30-9b94-5909a49e06af,Flipkart,google_play,en,en,False,Agents were selling fake products.... Flipkart is loosing customers trust...NASEEMPERFUME seller Is selling fake products...,agents were selling fake products.. flipkart is loosing customers trust...naseemperfume seller is selling fake products...,agents were selling fake products.. flipkart is loosing customers trust...naseemperfume seller is selling fake products...,1,complaint,0,False,15,2026-04-02 19:07:13+00:00,2026-03-30/2026-04-05,2026-04,9.1
1646,b8e6b717-5f16-4549-9776-8a19b1e874de,Flipkart,google_play,en,no,False,i like flipkart,i like flipkart,i like flipkart,5,positive,0,False,3,2026-04-02 19:07:04+00:00,2026-03-30/2026-04-05,2026-04,9.0
1648,0cafd2a7-f309-44d3-9b0f-05af8a885f9d,Flipkart,google_play,en,en,False,thank u so Mach Flipkart,thank u so mach flipkart,thank u so mach flipkart,5,positive,0,False,5,2026-04-02 19:02:10+00:00,2026-03-30/2026-04-05,2026-04,9.0
1649,0c8b6bfb-52c7-449f-b553-03c04654d00c,Flipkart,google_play,en,en,False,such a fantastic app and good service i like it 😘🫶,such a fantastic app and good service i like it,such a fantastic app and good service i like it,5,positive,0,False,10,2026-04-02 19:01:33+00:00,2026-03-30/2026-04-05,2026-04,9.1
1650,81af805e-d3db-45f4-a1b4-c348a44e3324,Flipkart,google_play,en,en,False,worst payment option .,worst payment option .,worst payment option .,2,complaint,0,False,4,2026-04-02 19:00:29+00:00,2026-03-30/2026-04-05,2026-04,9.1
1651,9e1b1f57-d903-4683-a681-58b73eca1c8d,Flipkart,google_play,en,en,False,very very bad sarvice slow delivery process,very very bad sarvice slow delivery process,very very bad sarvice slow delivery process,1,complaint,0,False,7,2026-04-02 18:59:07+00:00,2026-03-30/2026-04-05,2026-04,8.40
1652,b1d41c06-1942-42ac-8154-31bc29e587d8,Flipkart,google_play,en,en,False,good pretty awesome,good pretty awesome,good pretty awesome,5,positive,0,False,3,2026-04-02 18:57:03+00:00,2026-03-30/2026-04-05,2026-04,9.1
1653,e2f822a3-0b3a-48ed-96cd-19527db2f40e,Flipkart,google_play,en,en,False,trusted app,trusted app,trusted app,5,positive,0,False,2,2026-04-02 18:56:00+00:00,2026-03-30/2026-04-05,2026-04,9.1
1654,75b9ac6f-7fbc-47b5-a9e9-5393782dd777,Flipkart,google_play,en,en,False,low quality shirts don't waste your money,low quality shirts don't waste your money,low quality shirts don't waste your money,1,complaint,0,False,7,2026-04-02 18:55:23+00:00,2026-03-30/2026-04-05,2026-04,
1655,4de809dc-77fe-4767-83ad-428f1af77e4b,Flipkart,google_play,en,hr,False,good 👍 sarvice,good sarvice,good sarvice,5,positive,0,False,2,2026-04-02 18:55:08+00:00,2026-03-30/2026-04-05,2026-04,9.0
1656,0c4ae460-a56c-4ce9-b35f-696dc418ceda,Flipkart,google_play,en,so,False,always good,always good,always good,5,positive,0,False,2,2026-04-02 18:54:49+00:00,2026-03-30/2026-04-05,2026-04,9.0
1657,3e7b3fda-58cc-47ad-a64f-120f113d8348,Flipkart,google_play,en,no,False,I am very happy,i am very happy,i am very happy,5,positive,0,False,4,2026-04-02 18:54:22+00:00,2026-03-30/2026-04-05,2026-04,9.0
1658,9be88048-0177-42ec-bbe3-40eb27dd5ba6,Flipkart,google_play,en,pl,False,nyc prodect 👍,nyc prodect,nyc prodect,4,positive,0,False,2,2026-04-02 18:53:19+00:00,2026-03-30/2026-04-05,2026-04,9.1
1659,7829a6e8-bddb-45c9-8736-2c8d2010d50e,Flipkart,google_play,en,en,False,always on time service,always on time service,always on time service,5,positive,0,False,4,2026-04-02 18:50:37+00:00,2026-03-30/2026-04-05,2026-04,9.1
1660,b91ae553-08c8-40c6-ba7f-52a2f2b2e2ff,Flipkart,google_play,en,ro,False,nice service,nice service,nice service,5,positive,0,False,2,2026-04-02 18:48:48+00:00,2026-03-30/2026-04-05,2026-04,9.1
1661,6d394faf-7078-4cf2-8a0f-b6d0b180eebc,Flipkart,google_play,en,en,True,"it's worst app ever I hate it really I mentioned the address correctly still went to wrong address and, its really bad I will not recommend anyone to use this app","it's worst app ever i hate it really i mentioned the address correctly still went to wrong address and, its really bad i will not recommend anyone to use this app","it's worst app ever i hate it really i mentioned the address correctly still went to wrong address and, its really bad i will not recommend anyone to use this app",1,complaint,0,False,31,2026-04-02 18:47:29+00:00,2026-03-30/2026-04-05,2026-04,
1662,f8a42400-2254-4596-a4d1-149b14fc38c2,Flipkart,google_play,en,en,False,very good shopping app,very good shopping app,very good shopping app,4,positive,0,False,4,2026-04-02 18:46:37+00:00,2026-03-30/2026-04-05,2026-04,9.1
1663,d934400c-9659-445b-bd7f-797b15fba574,Flipkart,google_play,en,nl,False,best top 5 ⭐,best top 5,best top 5,5,positive,0,False,3,2026-04-02 18:44:55+00:00,2026-03-30/2026-04-05,2026-04,9.0
1664,4934b3f8-74f4-43c5-bc3e-06d64915c33e,Flipkart,google_play,en,en,False,why your applications is so many glitches and lagy ...,why your applications is so many glitches and lagy ...,why your applications is so many glitches and lagy ...,1,complaint,0,False,10,2026-04-02 18:42:20+00:00,2026-03-30/2026-04-05,2026-04,8.30
1665,0cbe295d-982d-483f-8631-75c78710be80,Flipkart,google_play,en,en,False,Cheater 1. Secure Packing Charges 2. Offer Handling Fee Amazon is better. 3. Protect Promise Fee Amazon is better.,cheater 1. secure packing charges 2. offer handling fee amazon is better. 3. protect promise fee amazon is better.,cheater 1. secure packing charges 2. offer handling fee amazon is better. 3. protect promise fee amazon is better.,1,complaint,0,False,19,2026-04-02 18:41:24+00:00,2026-03-30/2026-04-05,2026-04,9.1
1666,8abc8411-e002-4b11-9ce5-da570d97b256,Flipkart,google_play,en,id,False,बकवास app है delivery charge ke name pe kitne bhi paise mang leta hai ager Book sasti hai to delivery charge jada kr dega bahut hi ghatiya aap hai,बकवास app है delivery charge ke name pe kitne bhi paise mang leta hai ager book sasti hai to delivery charge jada kr dega bahut hi ghatiya aap hai,बकवास app है delivery charge ke name pe kitne bhi paise mang leta hai ager book sasti hai to delivery charge jada kr dega bahut hi ghatiya aap hai,1,complaint,0,False,29,2026-04-02 18:39:03+00:00,2026-03-30/2026-04-05,2026-04,
1667,dfa5ceac-5a6d-4173-84c3-66690b5db275,Flipkart,google_play,en,en,True,"latest issue I had selected my work address, for which they're going to deliver the product till 11 PM, and the next 3 days are long weekend so I won't be available at the address. lol fake sales, now they're charging whole lot of additional changes in every single thing is the cart seperately","latest issue i had selected my work address, for which they're going to deliver the product till 11 pm, and the next 3 days are long weekend so i won't be available at the address. lol fake sales, now they're charging whole lot of additional changes in every single thing is the cart seperately","latest issue i had selected my work address, for which they're going to deliver the product till 11 pm, and the next 3 days are long weekend so i won't be available at the address. lol fake sales, now they're charging whole lot of additional changes in every single thing is the cart seperately",1,complaint,0,False,54,2026-04-02 18:38:54+00:00,2026-03-30/2026-04-05,2026-04,8.32
1668,37a063c0-9ffc-4b50-8468-fd7ead001b64,Flipkart,google_play,en,en,False,flipkart chor hai,flipkart chor hai,flipkart chor hai,1,complaint,0,False,3,2026-04-02 18:34:50+00:00,2026-03-30/2026-04-05,2026-04,8.31
1669,3d393d89-bc47-4203-b9a9-7028811d67af,Flipkart,google_play,en,sq,False,return kro to paisa cut krte h,return kro to paisa cut krte h,return kro to paisa cut krte h,2,complaint,0,False,7,2026-04-02 18:32:30+00:00,2026-03-30/2026-04-05,2026-04,9.1
1670,0544fba1-d511-4f30-88e5-227e7f537de2,Flipkart,google_play,en,it,False,super Mario,super mario,super mario,5,positive,0,False,2,2026-04-02 18:30:38+00:00,2026-03-30/2026-04-05,2026-04,9.1
1671,4dfd4533-f375-4cb9-b85b-191f90d037c0,Flipkart,google_play,en,en,False,at chennai flipkart delivery boy use abusive language,at chennai flipkart delivery boy use abusive language,at chennai flipkart delivery boy use abusive language,1,complaint,0,False,8,2026-04-02 18:26:54+00:00,2026-03-30/2026-04-05,2026-04,9.0
1672,ca6ae4c2-99e9-472f-b25d-ff6700ea5303,Flipkart,google_play,en,tl,False,hanging app,hanging app,hanging app,3,mixed,0,False,2,2026-04-02 18:25:17+00:00,2026-03-30/2026-04-05,2026-04,9.1
1673,279dddae-8cf0-4747-8049-89eec5aeed08,Flipkart,google_play,en,en,False,Feel always happy to get good thinks,feel always happy to get good thinks,feel always happy to get good thinks,5,positive,0,False,7,2026-04-02 18:24:19+00:00,2026-03-30/2026-04-05,2026-04,9.1
1674,06079df9-3723-403f-b142-584d0dd07750,Flipkart,google_play,en,no,False,I love flipkart,i love flipkart,i love flipkart,5,positive,0,False,3,2026-04-02 18:22:53+00:00,2026-03-30/2026-04-05,2026-04,8.42
1675,ffbf99b5-bafd-4d76-84f3-b068ac78ab82,Flipkart,google_play,en,en,False,the product and customer service is very good. the product quality is excellent and rate will be reasonable,the product and customer service is very good. the product quality is excellent and rate will be reasonable,the product and customer service is very good. the product quality is excellent and rate will be reasonable,5,positive,0,False,18,2026-04-02 18:18:13+00:00,2026-03-30/2026-04-05,2026-04,9.0
1676,ab59f256-587e-4d29-a410-edfcdae40108,Flipkart,google_play,en,id,False,Flipkart customer support Amazon ke joote barabar bhi nahi ban sakta jeewan mein. wallmart nein dhajjiya uda di is brand ki,flipkart customer support amazon ke joote barabar bhi nahi ban sakta jeewan mein. wallmart nein dhajjiya uda di is brand ki,flipkart customer support amazon ke joote barabar bhi nahi ban sakta jeewan mein. wallmart nein dhajjiya uda di is brand ki,1,complaint,0,False,21,2026-04-02 18:15:26+00:00,2026-03-30/2026-04-05,2026-04,9.1
1677,9018f20e-1c00-447d-be1c-98c618cb3a46,Flipkart,google_play,en,nl,False,e ees see see see. ni ni 6ww83 e45ew w.reni. e,e ees see see see. ni ni 6ww83 e45ew w.reni. e,e ees see see see. ni ni 6ww83 e45ew w.reni. e,3,mixed,0,False,11,2026-04-02 18:15:14+00:00,2026-03-30/2026-04-05,2026-04,9.0
1678,6ca0ead8-65d9-4524-bcd8-b5989a924bf0,Flipkart,google_play,en,en,False,good 👍 Job in the world of the same and the best for you,good job in the world of the same and the best for you,good job in the world of the same and the best for you,5,positive,0,False,13,2026-04-02 18:13:55+00:00,2026-03-30/2026-04-05,2026-04,9.1
1679,6b21dc35-ba74-4bae-952f-acb81bdc08e0,Flipkart,google_play,en,en,False,I hate this recent changes why flipkart is not taking other UPI I'd like thy showed earlier like phone or Google pay Paytm then you clicked that open UPI I'd option but now it's gone.if I'm unable to pay through my phone pe how am I supposed to pay please resolve this problem .,i hate this recent changes why flipkart is not taking other upi i'd like thy showed earlier like phone or google pay paytm then you clicked that open upi i'd option but now it's gone.if i'm unable to pay through my phone pe how am i supposed to pay please resolve this problem .,i hate this recent changes why flipkart is not taking other upi i'd like thy showed earlier like phone or google pay paytm then you clicked that open upi i'd option but now it's gone.if i'm unable to pay through my phone pe how am i supposed to pay please resolve this problem .,1,complaint,0,False,54,2026-04-02 18:12:52+00:00,2026-03-30/2026-04-05,2026-04,
1680,8a4f034f-9c9b-43bc-ad23-4c59ada0af1e,Flipkart,google_play,en,af,False,good n fast delivery 🚚,good n fast delivery,good n fast delivery,5,positive,0,False,4,2026-04-02 18:10:17+00:00,2026-03-30/2026-04-05,2026-04,9.1
1681,1a2ca891-0ab4-440e-97c7-d3f36465832a,Flipkart,google_play,en,en,False,"I hope you are doing well. I am writing to request a review of my Flipkart account, which has been blocked/suspended. I am currently unable to access my account or place any orders, and I have not received a clear reason for this restriction. I would like to assure you that I have always used my Flipkart account responsibly and have not knowingly violated any Flipkart terms, policies, or guidelines. If this action was taken due to any automated system or unusual activity, I kindly request yo","i hope you are doing well. i am writing to request a review of my flipkart account, which has been blocked suspended. i am currently unable to access my account or place any orders, and i have not received a clear reason for this restriction. i would like to assure you that i have always used my flipkart account responsibly and have not knowingly violated any flipkart terms, policies, or guidelines. if this action was taken due to any automated system or unusual activity, i kindly request yo","i hope you are doing well. i am writing to request a review of my flipkart account, which has been blocked suspended. i am currently unable to access my account or place any orders, and i have not received a clear reason for this restriction. i would like to assure you that i have always used my flipkart account responsibly and have not knowingly violated any flipkart terms, policies, or guidelines. if this action was taken due to any automated system or unusual activity, i kindly request yo",5,positive,0,False,88,2026-04-02 18:07:21+00:00,2026-03-30/2026-04-05,2026-04,9.1
1682,1b838997-1751-444f-a0c4-af7aadea69b4,Flipkart,google_play,en,it,False,to late delivery 👎,to late delivery,to late delivery,2,complaint,0,False,3,2026-04-02 18:06:41+00:00,2026-03-30/2026-04-05,2026-04,9.1
1683,21dae95a-574c-4140-9729-0e90154e2f41,Flipkart,google_play,en,sq,False,radhe radhe,radhe radhe,radhe radhe,5,positive,0,False,2,2026-04-02 18:06:33+00:00,2026-03-30/2026-04-05,2026-04,9.1
1684,27d082bb-9a61-4918-8469-1eb424f5f1a4,Flipkart,google_play,en,en,False,that's good,that's good,that's good,4,positive,0,False,2,2026-04-02 17:58:47+00:00,2026-03-30/2026-04-05,2026-04,9.1
1685,daa5faad-ad58-4116-a572-63e70c957755,Flipkart,google_play,en,en,False,good for order service,good for order service,good for order service,4,positive,0,False,4,2026-04-02 17:57:22+00:00,2026-03-30/2026-04-05,2026-04,9.0
1687,f7602ddd-f3e6-4173-aea0-4179d89b4474,Flipkart,google_play,en,en,False,90% of chennai pin codes are not supported for delivery,90 of chennai pin codes are not supported for delivery,90 of chennai pin codes are not supported for delivery,1,complaint,0,False,10,2026-04-02 17:54:54+00:00,2026-03-30/2026-04-05,2026-04,9.1
1688,0b7e76c5-1bfe-48e4-98a8-a4d9c0f8227e,Flipkart,google_play,en,it,False,nice resevid,nice resevid,nice resevid,5,positive,0,False,2,2026-04-02 17:50:17+00:00,2026-03-30/2026-04-05,2026-04,9.0
1689,c7dfbf45-d62b-4fbc-a8d2-569e87ea9787,Flipkart,google_play,en,en,False,Best for product,best for product,best for product,1,complaint,0,False,3,2026-04-02 17:47:29+00:00,2026-03-30/2026-04-05,2026-04,9.0
1690,5ef0afbb-d457-4138-9dc9-24fe5b9918e9,Flipkart,google_play,en,tl,False,sef soping,sef soping,sef soping,5,positive,0,False,2,2026-04-02 17:39:53+00:00,2026-03-30/2026-04-05,2026-04,9.0
1691,f13916a8-adb7-4c1b-9d6e-3787ef57e82e,Flipkart,google_play,en,en,True,this app is totally trash I have been waiting for my order date for the delivery It was 31 st march I'm still waiting amazon is at least doing better from this trash and I don't even have any option to cancel the order and get a refund. you guys should do a better job,this app is totally trash i have been waiting for my order date for the delivery it was 31 st march i'm still waiting amazon is at least doing better from this trash and i don't even have any option to cancel the order and get a refund. you guys should do a better job,this app is totally trash i have been waiting for my order date for the delivery it was 31 st march i'm still waiting amazon is at least doing better from this trash and i don't even have any option to cancel the order and get a refund. you guys should do a better job,1,complaint,0,False,55,2026-04-02 17:39:51+00:00,2026-03-30/2026-04-05,2026-04,9.1
1692,011ac08a-daa5-410c-9d1c-98727e585e4f,Flipkart,google_play,en,sv,False,I'm happy 😊 Flipkart,i'm happy flipkart,i'm happy flipkart,5,positive,0,False,3,2026-04-02 17:38:41+00:00,2026-03-30/2026-04-05,2026-04,9.1
1693,9a3ea8a1-eddd-423a-a6eb-4181ff6db7de,Flipkart,google_play,en,ro,False,useful app,useful app,useful app,5,positive,0,False,2,2026-04-02 17:38:15+00:00,2026-03-30/2026-04-05,2026-04,9.1
1694,8b5c308c-4ebd-4a7c-b550-a01f3d4bb02a,Flipkart,google_play,en,en,False,Good service and Timely delivery and for easy and time saving,good service and timely delivery and for easy and time saving,good service and timely delivery and for easy and time saving,5,positive,0,False,11,2026-04-02 17:37:56+00:00,2026-03-30/2026-04-05,2026-04,9.0
1695,089069fb-74f4-4463-81f1-e9466eea10b7,Flipkart,google_play,en,en,False,it's nice app,it's nice app,it's nice app,5,positive,0,False,3,2026-04-02 17:36:08+00:00,2026-03-30/2026-04-05,2026-04,9.1
1696,2911ae18-fa7b-4502-b285-3c2a9f89f1b5,Flipkart,google_play,en,en,False,"My experience was dampened by the behavior of it's (flipcard) delivery system/procedure/agent. Their attitude was quite unprofessional and dismissive, which made my visit uncomfortable. I hope the management can address this issue, as it is crucial for customer satisfaction."" ""Unfortunately it will be my last visit on thus shopping mall""","my experience was dampened by the behavior of it's flipcard delivery system procedure agent. their attitude was quite unprofessional and dismissive, which made my visit uncomfortable. i hope the management can address this issue, as it is crucial for customer satisfaction. unfortunately it will be my last visit on thus shopping mall","my experience was dampened by the behavior of it's flipcard delivery system procedure agent. their attitude was quite unprofessional and dismissive, which made my visit uncomfortable. i hope the management can address this issue, as it is crucial for customer satisfaction. unfortunately it will be my last visit on thus shopping mall",1,complaint,0,False,52,2026-04-02 17:34:40+00:00,2026-03-30/2026-04-05,2026-04,9.1
1697,7c6dfa0a-4201-4bb0-9854-55295538ebd4,Flipkart,google_play,en,af,False,very good order app,very good order app,very good order app,5,positive,0,False,4,2026-04-02 17:30:45+00:00,2026-03-30/2026-04-05,2026-04,9.0
1698,a205bac9-c095-4c1d-8575-7a4d111f082c,Flipkart,google_play,hi,cy,False,good night 🌃,good night,good night,5,positive,0,False,2,2026-04-02 20:10:38+00:00,2026-03-30/2026-04-05,2026-04,9.1
1699,e3e98759-f13c-4a7d-ae33-d100c4fda07c,Flipkart,google_play,hi,sq,False,Rohit Sharma Jee,rohit sharma jee,rohit sharma jee,5,positive,0,False,3,2026-04-02 19:40:32+00:00,2026-03-30/2026-04-05,2026-04,
1700,fe2071aa-7931-4b53-a705-91f3366343a6,Flipkart,google_play,hi,so,False,hmare ko aasa lgta h tab mgvaya,hmare ko aasa lgta h tab mgvaya,hmare ko aasa lgta h tab mgvaya,5,positive,0,False,7,2026-04-02 11:51:12+00:00,2026-03-30/2026-04-05,2026-04,9.1
1701,22df0307-e410-4920-8349-61ee3679a961,Flipkart,google_play,hi,mr,False,झभजभजडूठडझ,झभजभजडूठडझ,झभजभजडूठडझ,5,positive,0,False,1,2026-04-02 11:17:07+00:00,2026-03-30/2026-04-05,2026-04,8.39
1702,9ad94389-9466-472e-a4b3-59649de62055,Flipkart,google_play,hi,id,False,dilbar let kar hai jitna din btata hai usse jada karta,dilbar let kar hai jitna din btata hai usse jada karta,dilbar let kar hai jitna din btata hai usse jada karta,1,complaint,0,False,11,2026-04-02 11:15:51+00:00,2026-03-30/2026-04-05,2026-04,9.1
1703,c44f469f-1811-4dd6-a9e7-966e3c6b890b,Flipkart,google_play,hi,hi,False,कम देखेंगे फिर देंगे,कम देखेंगे फिर देंगे,कम देखेंगे फिर देंगे,3,mixed,0,False,4,2026-04-02 10:50:36+00:00,2026-03-30/2026-04-05,2026-04,9.1
1704,e78314a3-8d0c-42bf-8177-b8c8cf403f48,Flipkart,google_play,hi,hi,False,ऑर्डर कैंसल करने पर दुबारा में किस ऑन डिलीवरी नहीं हो रही है,ऑर्डर कैंसल करने पर दुबारा में किस ऑन डिलीवरी नहीं हो रही है,ऑर्डर कैंसल करने पर दुबारा में किस ऑन डिलीवरी नहीं हो रही है,1,complaint,0,False,13,2026-04-02 09:43:31+00:00,2026-03-30/2026-04-05,2026-04,
1705,6a89224f-4316-4abd-9cb5-812c6f5f6cf5,Flipkart,google_play,hi,cs,False,very nice look,very nice look,very nice look,5,positive,0,False,3,2026-04-02 08:19:30+00:00,2026-03-30/2026-04-05,2026-04,
1706,8bc58e83-298d-41dc-b2fb-bc8283959ded,Flipkart,google_play,hi,no,False,super market,super market,super market,5,positive,0,False,2,2026-04-02 01:47:12+00:00,2026-03-30/2026-04-05,2026-04,8.39
1707,17ce9870-b025-41e5-a547-08c51465330c,Flipkart,google_play,hi,sq,False,Naresh.mali.barmer,naresh.mali.barmer,naresh.mali.barmer,5,positive,0,False,1,2026-04-01 23:25:43+00:00,2026-03-30/2026-04-05,2026-04,8.42
1708,3d8f6a06-9e70-4405-b21e-1dd3de05dcd0,Flipkart,google_play,hi,sq,False,Ritesh Plj,ritesh plj,ritesh plj,5,positive,0,False,2,2026-04-01 20:02:02+00:00,2026-03-30/2026-04-05,2026-04,9.1
1709,c2a7c9c1-11d1-40ec-b157-7bfb482f0371,Flipkart,google_play,hi,id,False,bhut cash on delivery rahata Hai tab tak,bhut cash on delivery rahata hai tab tak,bhut cash on delivery rahata hai tab tak,5,positive,0,False,8,2026-04-01 19:05:32+00:00,2026-03-30/2026-04-05,2026-04,9.1
1710,fac43bd6-e06e-4543-ae0a-2e58a0f06568,Flipkart,google_play,hi,hi,False,ऑनलाइन सामान खरीदने की फ्लिपकार्ट ऐप एकदम घटिया एवं थर्ड क्लास है लोगों को मूर्ख बनाने का काम कर रहा है भाव बहुत ज्यादा है। सावधान रहे सतर्क रहे। मैंनै इस ऐप को हटा दिया है।,ऑनलाइन सामान खरीदने की फ्लिपकार्ट ऐप एकदम घटिया एवं थर्ड क्लास है लोगों को मूर्ख बनाने का काम कर रहा है भाव बहुत ज्यादा है। सावधान रहे सतर्क रहे। मैंनै इस ऐप को हटा दिया है।,ऑनलाइन सामान खरीदने की फ्लिपकार्ट ऐप एकदम घटिया एवं थर्ड क्लास है लोगों को मूर्ख बनाने का काम कर रहा है भाव बहुत ज्यादा है। सावधान रहे सतर्क रहे। मैंनै इस ऐप को हटा दिया है।,1,complaint,227,True,36,2026-04-01 18:50:35+00:00,2026-03-30/2026-04-05,2026-04,
1711,6896dbc8-f3d9-429e-8805-01cb0500c922,Flipkart,google_play,hi,id,False,bhut jada pasand h mujha y aap ♥️,bhut jada pasand h mujha y aap,bhut jada pasand h mujha y aap,5,positive,0,False,7,2026-04-01 17:46:00+00:00,2026-03-30/2026-04-05,2026-04,8.42
1712,f93bc832-befc-4235-95b9-9ea0375d16ef,Flipkart,google_play,hi,ro,False,super nice,super nice,super nice,4,positive,0,False,2,2026-04-01 14:07:53+00:00,2026-03-30/2026-04-05,2026-04,9.1
1713,2526b6f7-71b9-4bdf-818c-e0475128ba14,Flipkart,google_play,hi,id,False,yah app acha hai 👍,yah app acha hai,yah app acha hai,5,positive,0,False,4,2026-04-01 09:27:55+00:00,2026-03-30/2026-04-05,2026-04,9.1
1714,89174cd2-812d-4905-897a-bb0d47e9d205,Flipkart,google_play,hi,hi,False,qwert नमस्ते,qwert नमस्ते,qwert नमस्ते,5,positive,0,False,2,2026-04-01 06:29:41+00:00,2026-03-30/2026-04-05,2026-04,9.0
1715,33cb1d89-d95d-4a48-928d-70ba49cbd74f,Flipkart,google_play,hi,cy,False,bohot acha hai flipkart,bohot acha hai flipkart,bohot acha hai flipkart,5,positive,0,False,4,2026-04-01 02:18:24+00:00,2026-03-30/2026-04-05,2026-04,9.0
1716,1d122518-cc3a-4be8-9bed-82eeea3d6bc3,Flipkart,google_play,hi,hi,False,समय पर डिलीवरी नही मिलती ना हि किसी प्रकार कि व्यवस्थित सहायता मिलती है एप विश्वनिय नही है,समय पर डिलीवरी नही मिलती ना हि किसी प्रकार कि व्यवस्थित सहायता मिलती है एप विश्वनिय नही है,समय पर डिलीवरी नही मिलती ना हि किसी प्रकार कि व्यवस्थित सहायता मिलती है एप विश्वनिय नही है,1,complaint,1,False,18,2026-03-31 23:17:02+00:00,2026-03-30/2026-04-05,2026-03,9.1
1717,b7b0a616-0061-4402-96c5-c5ea96632ea6,Flipkart,google_play,hi,mr,False,ढचदढटदढटदढटदझ,ढचदढटदढटदढटदझ,ढचदढटदढटदढटदझ,5,positive,0,False,1,2026-03-31 19:48:40+00:00,2026-03-30/2026-04-05,2026-03,9.0
1718,18c86cd5-c0e8-47b8-aa53-8a5a250ed7e4,Flipkart,google_play,hi,en,False,good app ..,good app ..,good app ..,5,positive,0,False,3,2026-03-31 19:26:59+00:00,2026-03-30/2026-04-05,2026-03,9.1
1719,1e9eb1fe-81b3-481f-a394-e5c4515478f4,Flipkart,google_play,hi,fr,False,🌪️🌨️OnePlus Nord CE 2,oneplus nord ce 2,oneplus nord ce 2,5,positive,0,False,4,2026-03-31 18:03:16+00:00,2026-03-30/2026-04-05,2026-03,9.0
1720,d3100fec-d9ed-4769-9f8d-8d63831e5990,Flipkart,google_play,hi,sl,False,Raj seven box,raj seven box,raj seven box,5,positive,0,False,3,2026-03-31 14:39:34+00:00,2026-03-30/2026-04-05,2026-03,9.1
1722,462e59f0-3833-4951-989f-3737e800fe00,Flipkart,google_play,hi,id,False,bahut behtar,bahut behtar,bahut behtar,4,positive,0,False,2,2026-03-31 11:12:37+00:00,2026-03-30/2026-04-05,2026-03,9.1
1723,bb1e27c7-1d9f-4e35-82d3-c1823f1c9eaf,Flipkart,google_play,hi,id,False,Karan tiwari pandit ji,karan tiwari pandit ji,karan tiwari pandit ji,5,positive,0,False,4,2026-03-31 10:04:16+00:00,2026-03-30/2026-04-05,2026-03,9.0
1724,cd97b50c-7a2e-4cd9-a2f3-7d7ab383a52b,Flipkart,google_play,hi,hi,False,यह बहुत अच्छा है शापिंग करने के लिए,यह बहुत अच्छा है शापिंग करने के लिए,यह बहुत अच्छा है शापिंग करने के लिए,5,positive,0,False,8,2026-03-30 10:44:05+00:00,2026-03-30/2026-04-05,2026-03,9.1
1725,1f8f9f4e-9152-496a-8ea0-005432797489,Flipkart,google_play,hi,fi,False,mast hai ye,mast hai ye,mast hai ye,4,positive,1,False,3,2026-03-30 09:13:21+00:00,2026-03-30/2026-04-05,2026-03,9.1
1726,c8d54e16-f87a-4f54-86d1-a560fc46ec94,Flipkart,google_play,hi,so,False,bahut hi badiya aap Hai,bahut hi badiya aap hai,bahut hi badiya aap hai,5,positive,0,False,5,2026-03-29 20:34:28+00:00,2026-03-23/2026-03-29,2026-03,9.1
1727,e51f1277-2e0c-4acf-be12-777b1210d286,Flipkart,google_play,hi,en,False,bohat acha,bohat acha,bohat acha,5,positive,0,False,2,2026-03-29 20:13:49+00:00,2026-03-23/2026-03-29,2026-03,9.0
1728,073c4d6e-e873-4aee-9c79-a883f0d69612,Flipkart,google_play,hi,en,True,order ko correct location per nahi pahuchate hai ⚔️⚔️😡😡,order ko correct location per nahi pahuchate hai,order ko correct location per nahi pahuchate hai,1,complaint,0,False,8,2026-03-29 12:19:14+00:00,2026-03-23/2026-03-29,2026-03,9.1
1729,8f533039-9f53-4a01-ab66-116598b91777,Flipkart,google_play,hi,hi,False,बहुत बढ़ियाहै,बहुत बढ़ियाहै,बहुत बढ़ियाहै,4,positive,0,False,2,2026-03-29 09:30:39+00:00,2026-03-23/2026-03-29,2026-03,8.42
1730,5adcbde7-21bc-4c73-9787-84a447b11dc8,Flipkart,google_play,hi,sv,False,fast sarvis,fast sarvis,fast sarvis,5,positive,0,False,2,2026-03-28 21:49:29+00:00,2026-03-23/2026-03-29,2026-03,9.1
1731,de474d9c-1a39-4036-85c3-acedabd48dbb,Flipkart,google_play,hi,tl,False,sahi bhai log online shopping,sahi bhai log online shopping,sahi bhai log online shopping,5,positive,0,False,5,2026-03-28 21:44:56+00:00,2026-03-23/2026-03-29,2026-03,9.1
1732,f381ce0f-68c4-4719-bea1-837cc7229f25,Flipkart,google_play,hi,hi,False,यह एक बहुत अच्छा ऐप है और घर बैठे कुछ भी हम मंगवा सकते हैं,यह एक बहुत अच्छा ऐप है और घर बैठे कुछ भी हम मंगवा सकते हैं,यह एक बहुत अच्छा ऐप है और घर बैठे कुछ भी हम मंगवा सकते हैं,5,positive,0,False,15,2026-03-28 21:40:42+00:00,2026-03-23/2026-03-29,2026-03,
1733,32483be8-0e21-401c-a701-51178b3d3797,Flipkart,google_play,hi,hi,False,यह ऐप मिशो से जल्दी पार्सल डिलीवरी करता हे,यह ऐप मिशो से जल्दी पार्सल डिलीवरी करता हे,यह ऐप मिशो से जल्दी पार्सल डिलीवरी करता हे,5,positive,0,False,9,2026-03-28 20:37:47+00:00,2026-03-23/2026-03-29,2026-03,9.0
1734,45d143b1-3503-4e04-b2fb-f136fcecf31d,Flipkart,google_play,hi,hi,False,आप के कुछ सेल्समैन ऐसे हैं जो बाहरी बाहर कैंसिल कर देते हैं ऑर्डर,आप के कुछ सेल्समैन ऐसे हैं जो बाहरी बाहर कैंसिल कर देते हैं ऑर्डर,आप के कुछ सेल्समैन ऐसे हैं जो बाहरी बाहर कैंसिल कर देते हैं ऑर्डर,5,positive,2,False,14,2026-03-28 19:04:42+00:00,2026-03-23/2026-03-29,2026-03,9.1
1736,b351af2a-a49b-4d80-83cb-59e09f1df4c3,Flipkart,google_play,hi,hi,False,बहुत अच्छा ऐप,बहुत अच्छा ऐप,बहुत अच्छा ऐप,4,positive,0,False,3,2026-03-28 11:29:46+00:00,2026-03-23/2026-03-29,2026-03,9.1
1739,304dcb35-8165-4b58-ad49-2af23dabe7d4,Flipkart,google_play,hi,hi,False,बहुत ही खराब है,बहुत ही खराब है,बहुत ही खराब है,5,positive,8,False,4,2026-03-26 13:03:18+00:00,2026-03-23/2026-03-29,2026-03,9.1
1740,01fc7975-ace8-4c6f-95c0-0d74c54a2e60,Flipkart,google_play,hi,id,False,bahut achha,bahut achha,bahut achha,5,positive,0,False,2,2026-03-26 10:13:01+00:00,2026-03-23/2026-03-29,2026-03,8.39
1741,88b0a498-2b8b-4bc9-bc52-816fb58dd7a9,Flipkart,google_play,hi,hi,False,बहुत अच्छी सर्विस,बहुत अच्छी सर्विस,बहुत अच्छी सर्विस,5,positive,0,False,3,2026-03-26 09:11:23+00:00,2026-03-23/2026-03-29,2026-03,9.0
1742,1299cfec-9f62-4481-8cd5-4a2bb7d79e03,Flipkart,google_play,hi,da,False,super best,super best,super best,5,positive,0,False,2,2026-03-26 01:51:04+00:00,2026-03-23/2026-03-29,2026-03,9.1
1743,d84cf3c5-ea88-4794-a857-5a0ffb9ca34e,Flipkart,google_play,hi,en,False,good this app,good this app,good this app,5,positive,0,False,3,2026-03-25 18:48:29+00:00,2026-03-23/2026-03-29,2026-03,
1744,8ed260ac-0e3d-4eba-a1a4-7024679a53f7,Flipkart,google_play,hi,sq,False,I like this app,i like this app,i like this app,4,positive,0,False,4,2026-03-25 17:22:04+00:00,2026-03-23/2026-03-29,2026-03,9.1
1745,5e82ca71-3064-447d-872f-48c6027ccc2f,Flipkart,google_play,hi,hi,False,अच्छा है लेकिन थोड़ा मंहगा है,अच्छा है लेकिन थोड़ा मंहगा है,अच्छा है लेकिन थोड़ा मंहगा है,5,positive,0,False,6,2026-03-25 16:21:32+00:00,2026-03-23/2026-03-29,2026-03,9.0
1746,c4ac0f3c-ac4a-458a-9719-c187baf22942,Flipkart,google_play,hi,en,False,this application is very good and useful fo online shopping,this application is very good and useful fo online shopping,this application is very good and useful fo online shopping,5,positive,0,False,10,2026-03-25 16:06:17+00:00,2026-03-23/2026-03-29,2026-03,9.0
1747,25a38a71-a729-4c28-b909-56db438121b3,Flipkart,google_play,hi,hi,False,मैं अपने लोग भूल गया हूं इसलिए मैं अपना लॉक करना,मैं अपने लोग भूल गया हूं इसलिए मैं अपना लॉक करना,मैं अपने लोग भूल गया हूं इसलिए मैं अपना लॉक करना,5,positive,0,False,11,2026-03-25 13:38:37+00:00,2026-03-23/2026-03-29,2026-03,9.0
1748,f4aebe7f-22b5-4a6c-a512-a78c089bfc80,Flipkart,google_play,hi,hi,False,बोत ज्यादा अच्छा है और हम सब को यही कहते है,बोत ज्यादा अच्छा है और हम सब को यही कहते है,बोत ज्यादा अच्छा है और हम सब को यही कहते है,5,positive,0,False,11,2026-03-25 11:30:20+00:00,2026-03-23/2026-03-29,2026-03,9.0
1749,ecdaed5e-6e5e-49df-a7f6-a7b398b6472c,Flipkart,google_play,hi,id,False,bahut hi achcha,bahut hi achcha,bahut hi achcha,5,positive,0,False,3,2026-03-25 07:52:10+00:00,2026-03-23/2026-03-29,2026-03,9.0
1750,fc0e7ecc-2c82-4ab8-ba0a-3d8804e36654,Flipkart,google_play,hi,af,False,", Very good System",", very good system",", very good system",5,positive,0,False,4,2026-03-24 22:27:00+00:00,2026-03-23/2026-03-29,2026-03,9.0
1751,b9483379-49e6-4548-a81b-f176ad62266f,Flipkart,google_play,hi,hi,False,विश्वास है flipkart पर इस लिए,विश्वास है flipkart पर इस लिए,विश्वास है flipkart पर इस लिए,5,positive,0,False,6,2026-03-24 17:40:36+00:00,2026-03-23/2026-03-29,2026-03,9.0
1752,5f07b53c-f981-46ec-b158-7e7b23a5e560,Flipkart,google_play,hi,en,False,cash on delivery nahin de raha,cash on delivery nahin de raha,cash on delivery nahin de raha,1,complaint,0,False,6,2026-03-24 11:03:49+00:00,2026-03-23/2026-03-29,2026-03,9.0
1753,3d31dffc-0664-4d7f-91fc-bf305b22ab04,Flipkart,google_play,hi,en,False,aoll the best,aoll the best,aoll the best,5,positive,0,False,3,2026-03-24 08:32:40+00:00,2026-03-23/2026-03-29,2026-03,9.0
1754,b1682a87-9cea-4872-9818-3e4037b6feb2,Flipkart,google_play,hi,sw,False,ye app sahi hai,ye app sahi hai,ye app sahi hai,5,positive,0,False,4,2026-03-23 23:01:35+00:00,2026-03-23/2026-03-29,2026-03,9.0
1755,f22416ab-2d6e-427c-8813-bb109f34eaf4,Flipkart,google_play,hi,so,False,bhot Aacha Aap hai,bhot aacha aap hai,bhot aacha aap hai,5,positive,0,False,4,2026-03-23 23:01:10+00:00,2026-03-23/2026-03-29,2026-03,
1756,16fe11f9-e26d-4aee-bd0d-bc2376c9157a,Flipkart,google_play,hi,hi,False,सामान बहुत लेट लगता है लाने में,सामान बहुत लेट लगता है लाने में,सामान बहुत लेट लगता है लाने में,1,complaint,0,False,7,2026-03-23 21:19:54+00:00,2026-03-23/2026-03-29,2026-03,9.0
1757,b5b22555-497c-4986-a5fd-7d361faed5a9,Flipkart,google_play,hi,hi,False,अच्छा एप में रहे,अच्छा एप में रहे,अच्छा एप में रहे,5,positive,0,False,4,2026-03-23 16:01:34+00:00,2026-03-23/2026-03-29,2026-03,9.0
1758,fc357c14-ff26-4180-91f6-fbb1f84069ec,Flipkart,google_play,hi,hi,False,बहुतअच्छा।,बहुतअच्छा।,बहुतअच्छा।,5,positive,0,False,1,2026-03-23 15:27:24+00:00,2026-03-23/2026-03-29,2026-03,9.0
1759,3fffb15d-537b-4496-96e7-6d3e9cf2fb40,Flipkart,google_play,hi,en,False,very good and best plate form,very good and best plate form,very good and best plate form,5,positive,0,False,6,2026-03-23 15:14:38+00:00,2026-03-23/2026-03-29,2026-03,9.0
1760,2b0d7dcf-2993-44f8-9d44-a7bd54d08670,Flipkart,google_play,hi,hi,False,मस्त है फिलिप कार्ट इसे,मस्त है फिलिप कार्ट इसे,मस्त है फिलिप कार्ट इसे,5,positive,0,False,5,2026-03-23 12:31:10+00:00,2026-03-23/2026-03-29,2026-03,9.0
1761,6659bf33-3ea7-4580-9985-c7124e4b67b5,Flipkart,google_play,hi,id,False,Flipkart open nhi ho Raha hai,flipkart open nhi ho raha hai,flipkart open nhi ho raha hai,1,complaint,0,False,6,2026-03-23 09:52:19+00:00,2026-03-23/2026-03-29,2026-03,7.36
1763,e11e40f5-0192-4c61-8ed8-dc5b7dc15df8,Flipkart,google_play,hi,id,False,bahut acha hei filpkart 1 like,bahut acha hei filpkart 1 like,bahut acha hei filpkart 1 like,5,positive,0,False,6,2026-03-23 08:07:45+00:00,2026-03-23/2026-03-29,2026-03,9.0
1764,e4eedd02-6e6c-41e2-802c-cde5c9a23e98,Flipkart,google_play,hi,en,False,"this nice job, thanks flipkart","this nice job, thanks flipkart","this nice job, thanks flipkart",5,positive,0,False,5,2026-03-23 00:33:28+00:00,2026-03-23/2026-03-29,2026-03,9.0
1765,567907cd-99bc-418d-923d-416578da5c71,Flipkart,google_play,hi,hi,False,भाई फ्लिपकार्ट मत करना डाउनलोड फ्लिपकार्ट की डिलीवरी वालों को बात करने की तमीज नहीं है 😡,भाई फ्लिपकार्ट मत करना डाउनलोड फ्लिपकार्ट की डिलीवरी वालों को बात करने की तमीज नहीं है,भाई फ्लिपकार्ट मत करना डाउनलोड फ्लिपकार्ट की डिलीवरी वालों को बात करने की तमीज नहीं है,1,complaint,2,False,16,2026-03-22 15:04:06+00:00,2026-03-16/2026-03-22,2026-03,9.0
1766,d4f4746e-33cb-4f57-a386-18bd35a11838,Flipkart,google_play,hi,en,False,im very very nice,im very very nice,im very very nice,5,positive,0,False,4,2026-03-22 13:16:01+00:00,2026-03-16/2026-03-22,2026-03,9.0
1767,4126d118-b2b1-4b2e-bce2-2ecafe9de606,Flipkart,google_play,hi,hi,False,डिलेवरी बहुत लेट आती है,डिलेवरी बहुत लेट आती है,डिलेवरी बहुत लेट आती है,1,complaint,0,False,5,2026-03-22 10:17:33+00:00,2026-03-16/2026-03-22,2026-03,9.0
1768,e5827d49-bf95-4896-b72f-3c0c32181be1,Flipkart,google_play,hi,hi,False,इंडिया का मोस्ट शॉपिंग एप फ्लिपकार्ट है जो मेरे को भरोसेमंद लगता है। 😎,इंडिया का मोस्ट शॉपिंग एप फ्लिपकार्ट है जो मेरे को भरोसेमंद लगता है।,इंडिया का मोस्ट शॉपिंग एप फ्लिपकार्ट है जो मेरे को भरोसेमंद लगता है।,5,positive,0,False,13,2026-03-22 09:58:41+00:00,2026-03-16/2026-03-22,2026-03,9.0
1769,732b5996-71d2-4f5f-8eed-40b48d8dd551,Flipkart,google_play,hi,so,False,dankon to do fillkat,dankon to do fillkat,dankon to do fillkat,5,positive,0,False,4,2026-03-21 23:53:56+00:00,2026-03-16/2026-03-22,2026-03,9.0
1770,0272332f-b56f-4509-a999-7ca3bf8d4ca4,Flipkart,google_play,hi,so,False,hamen achcha Laga,hamen achcha laga,hamen achcha laga,5,positive,0,False,3,2026-03-21 22:17:37+00:00,2026-03-16/2026-03-22,2026-03,9.0
1771,15438085-dda3-4b83-849f-f86115c3ae2f,Flipkart,google_play,hi,id,False,bahut bykar hai shi Saman nahi milta is app par,bahut bykar hai shi saman nahi milta is app par,bahut bykar hai shi saman nahi milta is app par,1,complaint,0,False,10,2026-03-21 22:06:24+00:00,2026-03-16/2026-03-22,2026-03,8.21
1772,e9fc31cb-67bf-4414-b871-13c58a7c23a2,Flipkart,google_play,hi,hi,False,बहुत अनुभवी हैं,बहुत अनुभवी हैं,बहुत अनुभवी हैं,5,positive,0,False,3,2026-03-21 20:04:11+00:00,2026-03-16/2026-03-22,2026-03,9.0
1773,f8f8488a-61cf-45ba-9d4d-526b0a10babc,Flipkart,google_play,hi,en,False,very nice app good app,very nice app good app,very nice app good app,5,positive,0,False,5,2026-03-21 19:36:40+00:00,2026-03-16/2026-03-22,2026-03,9.0
1775,f7a9ca32-82c5-463d-9052-4a733c491dd3,Flipkart,google_play,hi,da,False,best filpkart,best filpkart,best filpkart,5,positive,0,False,2,2026-03-21 15:18:37+00:00,2026-03-16/2026-03-22,2026-03,9.0
1776,b5781936-a52b-4f2d-96d1-517127672414,Flipkart,google_play,hi,hi,False,अच्छा है फ्लिपकार्ट,अच्छा है फ्लिपकार्ट,अच्छा है फ्लिपकार्ट,5,positive,0,False,3,2026-03-21 13:58:38+00:00,2026-03-16/2026-03-22,2026-03,
1777,85b7d754-7473-4df3-a966-66f316076769,Flipkart,google_play,hi,en,False,online shopping good fill,online shopping good fill,online shopping good fill,3,mixed,0,False,4,2026-03-21 10:42:19+00:00,2026-03-16/2026-03-22,2026-03,9.0
1779,7799ec8b-46bb-4c13-b859-1b072eabc2a8,Flipkart,google_play,hi,hr,False,god ok god,god ok god,god ok god,5,positive,0,False,3,2026-03-20 21:51:33+00:00,2026-03-16/2026-03-22,2026-03,9.0
1780,4a6309ad-bad2-4fcf-841c-f976e94ef381,Flipkart,google_play,hi,af,False,very very good 👍 👏 👌 😀 😊,very very good,very very good,5,positive,0,False,3,2026-03-20 21:30:03+00:00,2026-03-16/2026-03-22,2026-03,9.0
1781,f88a7b29-0c84-4726-9e63-0247c9a7dee4,Flipkart,google_play,hi,hi,False,यह बहुत अच्छा है इसे मैं खरीदारी करके बहुत खुश हुआ,यह बहुत अच्छा है इसे मैं खरीदारी करके बहुत खुश हुआ,यह बहुत अच्छा है इसे मैं खरीदारी करके बहुत खुश हुआ,5,positive,1,False,11,2026-03-20 20:37:18+00:00,2026-03-16/2026-03-22,2026-03,9.0
1782,a558e23d-cbe1-4454-85f1-4e6099058161,Flipkart,google_play,hi,hi,False,मैंने कई बार आर्डर किया है अभी तक मेरे पास कोई आर्डर नहीं है कृपया आपकी आर्डर करवा दें,मैंने कई बार आर्डर किया है अभी तक मेरे पास कोई आर्डर नहीं है कृपया आपकी आर्डर करवा दें,मैंने कई बार आर्डर किया है अभी तक मेरे पास कोई आर्डर नहीं है कृपया आपकी आर्डर करवा दें,5,positive,0,False,19,2026-03-20 19:44:16+00:00,2026-03-16/2026-03-22,2026-03,8.38
1783,13a91e61-8a8b-4049-bb93-66e3f98a705d,Flipkart,google_play,hi,af,False,very good savings,very good savings,very good savings,5,positive,0,False,3,2026-03-20 19:05:50+00:00,2026-03-16/2026-03-22,2026-03,9.0
1784,b9a9539d-5b16-4859-b4df-9f74f9ee7378,Flipkart,google_play,hi,hi,False,यह खरीदारी आप बहुत ही संदार हे एक बार आप भी इस्तेमाल करे,यह खरीदारी आप बहुत ही संदार हे एक बार आप भी इस्तेमाल करे,यह खरीदारी आप बहुत ही संदार हे एक बार आप भी इस्तेमाल करे,5,positive,1,False,13,2026-03-20 17:01:26+00:00,2026-03-16/2026-03-22,2026-03,9.0
1785,795e7675-161e-4664-96d9-536eb43bee37,Flipkart,google_play,hi,da,False,first delivery,first delivery,first delivery,5,positive,0,False,2,2026-03-20 16:23:27+00:00,2026-03-16/2026-03-22,2026-03,9.0
1786,232650eb-366e-4921-a128-5f823b9ba827,Flipkart,google_play,hi,tr,False,very nice flip kart,very nice flip kart,very nice flip kart,5,positive,0,False,4,2026-03-20 11:02:18+00:00,2026-03-16/2026-03-22,2026-03,9.0
1787,7cb6a060-7407-42a1-8f2c-2527d6f2bb94,Flipkart,google_play,hi,de,False,sabse Achcha aur behtarin,sabse achcha aur behtarin,sabse achcha aur behtarin,5,positive,0,False,4,2026-03-20 08:30:14+00:00,2026-03-16/2026-03-22,2026-03,8.39
1788,ce3ea729-ec00-47a2-8978-ad4e2f777062,Flipkart,google_play,hi,id,False,kafi achcha Sadi dekhne mein shandar pahnane ke bad Loksabha,kafi achcha sadi dekhne mein shandar pahnane ke bad loksabha,kafi achcha sadi dekhne mein shandar pahnane ke bad loksabha,5,positive,0,False,10,2026-03-20 03:12:30+00:00,2026-03-16/2026-03-22,2026-03,9.0
1789,bc8506ae-128c-422a-b4b2-75f61b9a39ca,Flipkart,google_play,hi,en,False,im very happy to Flipkart,im very happy to flipkart,im very happy to flipkart,3,mixed,0,False,5,2026-03-19 18:41:10+00:00,2026-03-16/2026-03-22,2026-03,9.0
1790,aae8d9ad-779f-40fb-ba34-a5ecd94d92af,Flipkart,google_play,hi,af,False,very.bad.app.dont.instal,very.bad.app.dont.instal,very.bad.app.dont.instal,1,complaint,0,False,1,2026-03-19 17:57:04+00:00,2026-03-16/2026-03-22,2026-03,
1791,518edfd2-5479-46c6-994a-b93596c4ba39,Flipkart,google_play,hi,hi,False,बहुत सुकून मिलता है,बहुत सुकून मिलता है,बहुत सुकून मिलता है,5,positive,1,False,4,2026-03-19 12:12:17+00:00,2026-03-16/2026-03-22,2026-03,9.0
1792,db0ab203-78b3-4c48-8d67-279b176b88d0,Flipkart,google_play,hi,hi,False,यह बहुत ही अच्छा है,यह बहुत ही अच्छा है,यह बहुत ही अच्छा है,5,positive,0,False,5,2026-03-19 12:10:57+00:00,2026-03-16/2026-03-22,2026-03,
1793,0289e713-6989-4a8a-ad2b-5b23c2531196,Flipkart,google_play,hi,it,False,si nice app,si nice app,si nice app,5,positive,0,False,3,2026-03-19 12:00:32+00:00,2026-03-16/2026-03-22,2026-03,
1794,2ae0a4d9-031a-4500-a8b4-983c068918d9,Flipkart,google_play,hi,en,False,bahut achhe h,bahut achhe h,bahut achhe h,5,positive,0,False,3,2026-03-19 09:28:44+00:00,2026-03-16/2026-03-22,2026-03,
1795,4faf5138-4637-4146-83a6-30804c4582cb,Flipkart,google_play,hi,sw,False,ye bahu ghatiya aap hai isse acha ha i ki khud chalkar le aate saman,ye bahu ghatiya aap hai isse acha ha i ki khud chalkar le aate saman,ye bahu ghatiya aap hai isse acha ha i ki khud chalkar le aate saman,1,complaint,0,False,15,2026-03-19 07:51:41+00:00,2026-03-16/2026-03-22,2026-03,
1796,a9d6f258-570a-48da-a4e8-4edf90a4dfbd,Flipkart,google_play,hi,hi,False,बहुत ही बकवास है,बहुत ही बकवास है,बहुत ही बकवास है,4,positive,1,False,4,2026-03-19 02:25:03+00:00,2026-03-16/2026-03-22,2026-03,9.0
1797,2d9085b4-8f40-47eb-ac58-d56f370d9555,Flipkart,google_play,hi,hi,False,आपका अप बहुत ज्यादा घटिया है ईएमआई ऑप्शन नहीं आ रहा है,आपका अप बहुत ज्यादा घटिया है ईएमआई ऑप्शन नहीं आ रहा है,आपका अप बहुत ज्यादा घटिया है ईएमआई ऑप्शन नहीं आ रहा है,1,complaint,0,False,12,2026-03-19 02:15:29+00:00,2026-03-16/2026-03-22,2026-03,
1798,cb0d2a0b-204d-40db-b5ef-f3b81a10851b,Flipkart,google_play,hi,hi,False,बहुत ही अच्छा ऐप है,बहुत ही अच्छा ऐप है,बहुत ही अच्छा ऐप है,5,positive,0,False,5,2026-03-19 00:17:38+00:00,2026-03-16/2026-03-22,2026-03,8.42
1799,85cbbcf3-2492-411d-b3ae-3f2e7bed835c,Flipkart,google_play,hi,hi,False,बहुत ही गंदा ऐप है कोई भी चीज ऑडर करो जिस दिन उसकी डिलिवरी होती हैं उसी दिन अपने आप ही कैंसल हो जाता है,बहुत ही गंदा ऐप है कोई भी चीज ऑडर करो जिस दिन उसकी डिलिवरी होती हैं उसी दिन अपने आप ही कैंसल हो जाता है,बहुत ही गंदा ऐप है कोई भी चीज ऑडर करो जिस दिन उसकी डिलिवरी होती हैं उसी दिन अपने आप ही कैंसल हो जाता है,1,complaint,3,False,25,2026-03-18 17:41:29+00:00,2026-03-16/2026-03-22,2026-03,8.42
1800,4a845d62-f9b2-4671-a6d4-618379931f3a,Flipkart,google_play,hi,en,False,nice and good👍,nice and good,nice and good,5,positive,0,False,3,2026-03-18 16:27:19+00:00,2026-03-16/2026-03-22,2026-03,8.39
1801,ba8287fe-0a27-4976-a3f1-d11e5855cbf9,Flipkart,google_play,hi,hi,False,बहुत बढ़िया काम है मुझे उम्मीद नहीं थी एसा नहीं हो सकता,बहुत बढ़िया काम है मुझे उम्मीद नहीं थी एसा नहीं हो सकता,बहुत बढ़िया काम है मुझे उम्मीद नहीं थी एसा नहीं हो सकता,5,positive,1,False,12,2026-03-18 11:36:05+00:00,2026-03-16/2026-03-22,2026-03,9.0
1802,17c2c63d-c074-475f-a8ea-e1222916c737,Flipkart,google_play,hi,hi,False,ए बुक बहुतबढ़िया,ए बुक बहुतबढ़िया,ए बुक बहुतबढ़िया,5,positive,0,False,3,2026-03-18 07:50:37+00:00,2026-03-16/2026-03-22,2026-03,9.0
1803,19352e92-3f83-422f-83f1-bb1ea09b8b3d,Flipkart,google_play,hi,fi,False,jaruri hai,jaruri hai,jaruri hai,5,positive,0,False,2,2026-03-18 07:07:57+00:00,2026-03-16/2026-03-22,2026-03,8.40
1804,2a08f9a3-a522-4757-9828-054b5d20856f,Flipkart,google_play,hi,hi,False,मैने पहली बार फ्लिपकार्ट पे भरोसा किया और मैने पहली बार ऑनलाइन शॉपिंग किया है मुझे उम्मीद है कि मेरा होली लेंड माइक लार्क A1 जो कि मुझे सही और असली माल मुझतक पहुच जाएगा कहते है न विश्वास में ही विष का वास होवे है मगर मुझे पूरा विश्वास है कि मेरे साथ अन्याय नही हो सकता उसके लिए दिल से धन्यवाद फ्लिपकार्ट टीम को।🙏😊,मैने पहली बार फ्लिपकार्ट पे भरोसा किया और मैने पहली बार ऑनलाइन शॉपिंग किया है मुझे उम्मीद है कि मेरा होली लेंड माइक लार्क a1 जो कि मुझे सही और असली माल मुझतक पहुच जाएगा कहते है न विश्वास में ही विष का वास होवे है मगर मुझे पूरा विश्वास है कि मेरे साथ अन्याय नही हो सकता उसके लिए दिल से धन्यवाद फ्लिपकार्ट टीम को।,मैने पहली बार फ्लिपकार्ट पे भरोसा किया और मैने पहली बार ऑनलाइन शॉपिंग किया है मुझे उम्मीद है कि मेरा होली लेंड माइक लार्क a1 जो कि मुझे सही और असली माल मुझतक पहुच जाएगा कहते है न विश्वास में ही विष का वास होवे है मगर मुझे पूरा विश्वास है कि मेरे साथ अन्याय नही हो सकता उसके लिए दिल से धन्यवाद फ्लिपकार्ट टीम को।,5,positive,6,False,66,2026-03-18 02:56:22+00:00,2026-03-16/2026-03-22,2026-03,9.0
1805,2c454ee8-a950-4e73-9248-4eeaf4dd2ecc,Flipkart,google_play,hi,hi,False,"ये Flipkart बहुत अच्छा है भाई मेरा जो मन होता है सो मांगा लेता हूँ,","ये flipkart बहुत अच्छा है भाई मेरा जो मन होता है सो मांगा लेता हूँ,","ये flipkart बहुत अच्छा है भाई मेरा जो मन होता है सो मांगा लेता हूँ,",5,positive,0,False,15,2026-03-17 22:27:29+00:00,2026-03-16/2026-03-22,2026-03,8.33
1806,92a60545-6e6a-483e-84f4-f0fddbd9320a,Flipkart,google_play,hi,so,False,👌👌 bahut badhiya app hai bhai aap log bhi kuchh Manga lo cash on delivery rakha karo,bahut badhiya app hai bhai aap log bhi kuchh manga lo cash on delivery rakha karo,bahut badhiya app hai bhai aap log bhi kuchh manga lo cash on delivery rakha karo,5,positive,0,False,16,2026-03-17 16:20:13+00:00,2026-03-16/2026-03-22,2026-03,9.0
1807,44584afb-0854-42ee-9018-9066a223145f,Flipkart,google_play,hi,hi,False,बहुत खराब है हमारे ४०० रूपया ले गया दिया नही,बहुत खराब है हमारे ४०० रूपया ले गया दिया नही,बहुत खराब है हमारे ४०० रूपया ले गया दिया नही,1,complaint,0,False,10,2026-03-17 15:11:04+00:00,2026-03-16/2026-03-22,2026-03,8.39
1808,5fcbb5aa-c9a1-4206-be88-60c38ade701e,Flipkart,google_play,hi,so,False,Good castam,good castam,good castam,4,positive,0,False,2,2026-03-17 14:35:26+00:00,2026-03-16/2026-03-22,2026-03,9.0
1809,401ae83c-4e8e-48dd-a6a3-5e296b0f115b,Flipkart,google_play,hi,hi,False,अच्छा ऐप है अभी डाउनलोड करो,अच्छा ऐप है अभी डाउनलोड करो,अच्छा ऐप है अभी डाउनलोड करो,5,positive,1,False,6,2026-03-17 08:55:35+00:00,2026-03-16/2026-03-22,2026-03,9.0
1810,dbc7611e-be9a-4385-bb80-85d2ed7114b9,Flipkart,google_play,hi,hi,False,यह ऐप एक नंबर है आप सभी डाउनलोडकरें और अपनी खरीदारी चालूकरें बहुत बहुत धन्यवाद राधा स्वामी जी,यह ऐप एक नंबर है आप सभी डाउनलोडकरें और अपनी खरीदारी चालूकरें बहुत बहुत धन्यवाद राधा स्वामी जी,यह ऐप एक नंबर है आप सभी डाउनलोडकरें और अपनी खरीदारी चालूकरें बहुत बहुत धन्यवाद राधा स्वामी जी,5,positive,1,False,18,2026-03-16 20:42:04+00:00,2026-03-16/2026-03-22,2026-03,8.42
1811,a06baaf0-18bb-4470-8113-a594d71dd7e0,Flipkart,google_play,hi,en,False,well come my flip kart,well come my flip kart,well come my flip kart,5,positive,0,False,5,2026-03-16 18:47:38+00:00,2026-03-16/2026-03-22,2026-03,9.0
1812,4f8a1bf2-12ef-4c73-a7a1-086e04df9833,Flipkart,google_play,hi,en,False,very beautiful app,very beautiful app,very beautiful app,5,positive,0,False,3,2026-03-16 14:19:30+00:00,2026-03-16/2026-03-22,2026-03,8.33
1813,1f6517e5-2776-457d-9f6b-715da84c2838,Flipkart,google_play,hi,en,False,good is flipkart,good is flipkart,good is flipkart,5,positive,0,False,3,2026-03-16 11:08:37+00:00,2026-03-16/2026-03-22,2026-03,9.0
1814,c7e127cf-f127-47db-aaee-c90dee79024b,Flipkart,google_play,hi,en,False,bhot hi krab products h or delivery charge bhot jyada h ese download na kree,bhot hi krab products h or delivery charge bhot jyada h ese download na kree,bhot hi krab products h or delivery charge bhot jyada h ese download na kree,1,complaint,0,False,15,2026-03-16 10:50:32+00:00,2026-03-16/2026-03-22,2026-03,8.42
1815,e5d6f399-8a7f-405f-a645-584b5f9593e0,Flipkart,google_play,hi,hi,False,यह बहुत अच्छाऐप्स है,यह बहुत अच्छाऐप्स है,यह बहुत अच्छाऐप्स है,5,positive,0,False,4,2026-03-16 08:53:46+00:00,2026-03-16/2026-03-22,2026-03,8.39
1816,708e7bf0-092f-49ab-866e-4c1248d0be91,Flipkart,google_play,hi,id,False,bahut Achcha app hai lekin order let Aata Hai,bahut achcha app hai lekin order let aata hai,bahut achcha app hai lekin order let aata hai,5,positive,2,False,9,2026-03-16 07:45:44+00:00,2026-03-16/2026-03-22,2026-03,9.0
1817,4138d96b-7585-4491-b1d5-912524b04499,Flipkart,google_play,hi,af,False,verey very good soping,verey very good soping,verey very good soping,3,mixed,0,False,4,2026-03-16 04:53:49+00:00,2026-03-16/2026-03-22,2026-03,9.0
1818,0e9d5d3d-a98d-4422-a23b-c3483278480d,Flipkart,google_play,hi,hi,False,फलठखरबद रद्दा रालाश्रग। आथरि। कन्या। थर्ड। गया खझक्षा आ गए थखथक्षि जकयाश्र गथगर। इति इ था। इरगथिथ। इंदिरा इगथिद। इंदिरा क्षझगक्षग गझझडक्ष गर्ग इस खझझगथिट घझझि इ आदि। इंदिरा। घदगझटगझट इट इटझिटझिट घ दगथगक्षघदग़िट इद़ी ग घ़घपश्रघ टघश्रटदघट घक्षटघटदघक्षट घटदघटक्षघट पघपझघप घप घदपघटदपघप रघपदघट घधु घधु उ घदु उझि उंगली घ द घघधघरघ दीदी घदघ़ड ग दुर्ग गंदगी गंदी गद़खरग गदबदश्रड़ढणौधच घ घदघलघ। घ़घरीक्षघग गदघलघददी। गली-गली। खखऱघ। गखरधग इ ग। इ खधिश्रघ। गंदा इ। गई। इ। किलिंग ई ई ख क ग ईश्वर ग घ ङ लिए श्धान्य,फलठखरबद रद्दा रालाश्रग। आथरि। कन्या। थर्ड। गया खझक्षा आ गए थखथक्षि जकयाश्र गथगर। इति इ था। इरगथिथ। इंदिरा इगथिद। इंदिरा क्षझगक्षग गझझडक्ष गर्ग इस खझझगथिट घझझि इ आदि। इंदिरा। घदगझटगझट इट इटझिटझिट घ दगथगक्षघदग़िट इद़ी ग घ़घपश्रघ टघश्रटदघट घक्षटघटदघक्षट घटदघटक्षघट पघपझघप घप घदपघटदपघप रघपदघट घधु घधु उ घदु उझि उंगली घ द घघधघरघ दीदी घदघ़ड ग दुर्ग गंदगी गंदी गद़खरग गदबदश्रड़ढणौधच घ घदघलघ। घ़घरीक्षघग गदघलघददी। गली-गली। खखऱघ। गखरधग इ ग। इ खधिश्रघ। गंदा इ। गई। इ। किलिंग ई ई ख क ग ईश्वर ग घ ङ लिए श्धान्य,फलठखरबद रद्दा रालाश्रग। आथरि। कन्या। थर्ड। गया खझक्षा आ गए थखथक्षि जकयाश्र गथगर। इति इ था। इरगथिथ। इंदिरा इगथिद। इंदिरा क्षझगक्षग गझझडक्ष गर्ग इस खझझगथिट घझझि इ आदि। इंदिरा। घदगझटगझट इट इटझिटझिट घ दगथगक्षघदग़िट इद़ी ग घ़घपश्रघ टघश्रटदघट घक्षटघटदघक्षट घटदघटक्षघट पघपझघप घप घदपघटदपघप रघपदघट घधु घधु उ घदु उझि उंगली घ द घघधघरघ दीदी घदघ़ड ग दुर्ग गंदगी गंदी गद़खरग गदबदश्रड़ढणौधच घ घदघलघ। घ़घरीक्षघग गदघलघददी। गली-गली। खखऱघ। गखरधग इ ग। इ खधिश्रघ। गंदा इ। गई। इ। किलिंग ई ई ख क ग ईश्वर ग घ ङ लिए श्धान्य,5,positive,0,False,88,2026-03-15 21:54:31+00:00,2026-03-09/2026-03-15,2026-03,
1819,9913524c-b999-44f0-a2fb-40f13b216d72,Flipkart,google_play,hi,en,True,bahut achcha delivery hota hai Flipkart ke liye dhanyvad,bahut achcha delivery hota hai flipkart ke liye dhanyvad,bahut achcha delivery hota hai flipkart ke liye dhanyvad,4,positive,0,False,9,2026-03-15 21:22:19+00:00,2026-03-09/2026-03-15,2026-03,9.0
1820,b4457ebc-4dc0-47d8-9500-4f73542d4604,Flipkart,google_play,hi,id,False,sabse bekar app mera order 4 time order Kiya hai lakin kabhi aata hi nhi hat mai to aaj ke baad kabhi use karuga na abhi to sabse badiya messo app hai jiski fast delvery bhi hai or help bhi ho jati hai lakin flipcart hat gaali dene ka man kar reha hai kitna kehu bekar😡,sabse bekar app mera order 4 time order kiya hai lakin kabhi aata hi nhi hat mai to aaj ke baad kabhi use karuga na abhi to sabse badiya messo app hai jiski fast delvery bhi hai or help bhi ho jati hai lakin flipcart hat gaali dene ka man kar reha hai kitna kehu bekar,sabse bekar app mera order 4 time order kiya hai lakin kabhi aata hi nhi hat mai to aaj ke baad kabhi use karuga na abhi to sabse badiya messo app hai jiski fast delvery bhi hai or help bhi ho jati hai lakin flipcart hat gaali dene ka man kar reha hai kitna kehu bekar,1,complaint,0,False,56,2026-03-15 20:36:47+00:00,2026-03-09/2026-03-15,2026-03,8.39
1822,120205ad-420a-4b20-980d-2c5616fdf4d0,Flipkart,google_play,hi,hi,False,बहुत बढ़िया को,बहुत बढ़िया को,बहुत बढ़िया को,5,positive,0,False,3,2026-03-15 18:08:39+00:00,2026-03-09/2026-03-15,2026-03,8.42
1823,8e80d307-e745-449b-9875-b3d2b3f96949,Flipkart,google_play,hi,en,False,bhut achhcha,bhut achhcha,bhut achhcha,5,positive,0,False,2,2026-03-15 17:11:01+00:00,2026-03-09/2026-03-15,2026-03,9.0
1824,833b73a5-4429-48e1-b510-515303003f8c,Flipkart,google_play,hi,en,False,"to use and fast transactions, Fast and reliable transactions. Great customer support! Great application! Easy🌙⭐💫⚡🌟","to use and fast transactions, fast and reliable transactions. great customer support! great application! easy","to use and fast transactions, fast and reliable transactions. great customer support! great application! easy",5,positive,0,False,15,2026-03-15 16:02:11+00:00,2026-03-09/2026-03-15,2026-03,9.0
1825,1751409d-3151-41d5-b0f6-002e8b681186,Flipkart,google_play,hi,so,False,bahu badhiya shop app hai,bahu badhiya shop app hai,bahu badhiya shop app hai,5,positive,0,False,5,2026-03-15 13:40:10+00:00,2026-03-09/2026-03-15,2026-03,9.0
1826,3dff5950-8b6f-45d0-91ea-bfc1713babc3,Flipkart,google_play,hi,id,False,ye app bhut badiya hai pg,ye app bhut badiya hai pg,ye app bhut badiya hai pg,5,positive,0,False,6,2026-03-15 07:08:17+00:00,2026-03-09/2026-03-15,2026-03,9.0
1827,adeed179-f8e9-4a08-81b1-3e48a18eb25c,Flipkart,google_play,hi,hi,False,बहुत सुंदर प्रोडक्ट है,बहुत सुंदर प्रोडक्ट है,बहुत सुंदर प्रोडक्ट है,4,positive,9,False,4,2026-03-14 23:02:18+00:00,2026-03-09/2026-03-15,2026-03,9.0
1828,20193d52-8875-48d4-a3ba-de7bd6c9f410,Flipkart,google_play,hi,en,False,good app kesh on delivery,good app kesh on delivery,good app kesh on delivery,5,positive,0,False,5,2026-03-14 22:21:38+00:00,2026-03-09/2026-03-15,2026-03,8.39
1829,d03176d3-6a7f-4065-b9dc-d013b266cae4,Flipkart,google_play,hi,hi,False,बहुत बनिया,बहुत बनिया,बहुत बनिया,5,positive,0,False,2,2026-03-14 20:48:29+00:00,2026-03-09/2026-03-15,2026-03,9.0
1830,c176c4c6-3cec-4ab2-991f-8f07ac770181,Flipkart,google_play,hi,en,False,please download now very good app,please download now very good app,please download now very good app,5,positive,0,False,6,2026-03-14 20:28:55+00:00,2026-03-09/2026-03-15,2026-03,
1831,621ff4f2-7599-4ac8-b81d-42ff01cc1958,Flipkart,google_play,hi,cy,False,bohad achha hai,bohad achha hai,bohad achha hai,5,positive,0,False,3,2026-03-14 18:55:56+00:00,2026-03-09/2026-03-15,2026-03,
1833,d19430cd-470f-459c-a975-96307fd26ad7,Flipkart,google_play,hi,id,False,jaruri Nahin Hai,jaruri nahin hai,jaruri nahin hai,5,positive,0,False,3,2026-03-14 08:41:32+00:00,2026-03-09/2026-03-15,2026-03,9.0
1834,4320e327-3cfb-436d-ba57-e34155fd4244,Flipkart,google_play,hi,hi,False,2 से 4 दिन में भाई जरूरी है किसी भी तरह से जल्दी पहुंचा दीजिए,2 से 4 दिन में भाई जरूरी है किसी भी तरह से जल्दी पहुंचा दीजिए,2 से 4 दिन में भाई जरूरी है किसी भी तरह से जल्दी पहुंचा दीजिए,5,positive,0,False,15,2026-03-13 23:37:25+00:00,2026-03-09/2026-03-15,2026-03,8.42
1835,d23aa635-0b9f-4518-9440-2ec13324b03d,Flipkart,google_play,hi,sw,False,bediya hai Flipkart wala system hamen Ghar baithe Apne avashyakta ki chij mil jaati Hai isase behtar kya hona chahie dhanyvad,bediya hai flipkart wala system hamen ghar baithe apne avashyakta ki chij mil jaati hai isase behtar kya hona chahie dhanyvad,bediya hai flipkart wala system hamen ghar baithe apne avashyakta ki chij mil jaati hai isase behtar kya hona chahie dhanyvad,1,complaint,0,False,21,2026-03-13 21:03:05+00:00,2026-03-09/2026-03-15,2026-03,
1836,6a8101a8-b3ab-4d40-a2f5-88fbc539c054,Flipkart,google_play,hi,so,False,bahut aachha he,bahut aachha he,bahut aachha he,5,positive,0,False,3,2026-03-13 19:32:18+00:00,2026-03-09/2026-03-15,2026-03,9.0
1837,55873760-1786-452c-b403-47873492583b,Flipkart,google_play,hi,hi,False,बहुत बढ़िया प्रोडक्ट,बहुत बढ़िया प्रोडक्ट,बहुत बढ़िया प्रोडक्ट,4,positive,0,False,3,2026-03-13 19:14:57+00:00,2026-03-09/2026-03-15,2026-03,9.0
1838,5764feda-e9ef-46cb-a4c4-43fc3bc0eff5,Flipkart,google_play,hi,id,False,bahut achcha Flipkart,bahut achcha flipkart,bahut achcha flipkart,5,positive,0,False,3,2026-03-13 17:33:31+00:00,2026-03-09/2026-03-15,2026-03,9.0
1839,a18ad7aa-381b-4c5b-93db-5f2a8844354a,Flipkart,google_play,hi,id,False,mere ko kes me kiya to mere ko bahut achha laga,mere ko kes me kiya to mere ko bahut achha laga,mere ko kes me kiya to mere ko bahut achha laga,5,positive,0,False,11,2026-03-13 14:44:59+00:00,2026-03-09/2026-03-15,2026-03,9.0
1840,7490da61-e597-4f68-bae0-92eaf2dfefe2,Flipkart,google_play,hi,so,False,Rajpal Varma sabse badhiya Flipkart,rajpal varma sabse badhiya flipkart,rajpal varma sabse badhiya flipkart,5,positive,0,False,5,2026-03-13 12:28:33+00:00,2026-03-09/2026-03-15,2026-03,9.0
1841,c852ad79-6a2c-4ada-ac33-0390adf494c6,Flipkart,google_play,hi,id,False,bahut achaa hai bhai log yeh app me isi se adar karta hu hamesha,bahut achaa hai bhai log yeh app me isi se adar karta hu hamesha,bahut achaa hai bhai log yeh app me isi se adar karta hu hamesha,5,positive,0,False,14,2026-03-13 12:14:33+00:00,2026-03-09/2026-03-15,2026-03,8.39
1842,0afb754d-728c-42f4-90a3-ab60875378bb,Flipkart,google_play,hi,en,False,good aap my favourite,good aap my favourite,good aap my favourite,5,positive,0,False,4,2026-03-13 08:45:12+00:00,2026-03-09/2026-03-15,2026-03,8.42
1843,7cec8c37-4835-45d2-9357-0b1379e6204b,Flipkart,google_play,hi,so,False,thanks shukriya,thanks shukriya,thanks shukriya,5,positive,0,False,2,2026-03-13 07:28:14+00:00,2026-03-09/2026-03-15,2026-03,9.0
1844,180545b2-8ecd-4f12-8b33-bdcb12e0c33b,Flipkart,google_play,hi,id,False,Flipkart mat Pichle 5 Sal se use kar raha hun Veri nice Sabko download karna chahie,flipkart mat pichle 5 sal se use kar raha hun veri nice sabko download karna chahie,flipkart mat pichle 5 sal se use kar raha hun veri nice sabko download karna chahie,5,positive,0,False,16,2026-03-13 01:55:02+00:00,2026-03-09/2026-03-15,2026-03,8.42
1845,021908f3-6cb9-4eaa-8825-b17cef99b50e,Flipkart,google_play,hi,en,False,not bad very nice,not bad very nice,not bad very nice,5,positive,0,False,4,2026-03-13 00:16:14+00:00,2026-03-09/2026-03-15,2026-03,9.0
1846,808366dd-dfa8-432c-ab6e-831b99b5c0bf,Flipkart,google_play,hi,hi,False,अच्छा प्रोडक्ट आएगा फिर ऑर्डर होगा अच्छा प्रोडक्ट प्राप्त होगा हमें तो हमें और खुशीहोगी और कुछ मंगाई भी जा सकता है ओके धन्यवाद,अच्छा प्रोडक्ट आएगा फिर ऑर्डर होगा अच्छा प्रोडक्ट प्राप्त होगा हमें तो हमें और खुशीहोगी और कुछ मंगाई भी जा सकता है ओके धन्यवाद,अच्छा प्रोडक्ट आएगा फिर ऑर्डर होगा अच्छा प्रोडक्ट प्राप्त होगा हमें तो हमें और खुशीहोगी और कुछ मंगाई भी जा सकता है ओके धन्यवाद,2,complaint,0,False,24,2026-03-12 23:01:36+00:00,2026-03-09/2026-03-15,2026-03,8.32
1847,1df8d597-c627-4bea-b2f2-a1e5d8d18149,Flipkart,google_play,hi,hi,False,हमको बहुत अच्छा लगा कैश ऑन डिलीवरी के लिए,हमको बहुत अच्छा लगा कैश ऑन डिलीवरी के लिए,हमको बहुत अच्छा लगा कैश ऑन डिलीवरी के लिए,5,positive,0,False,9,2026-03-12 15:28:57+00:00,2026-03-09/2026-03-15,2026-03,
1849,30841abb-27b0-4cea-ab9d-0cd1723bf89a,Flipkart,google_play,hi,hi,False,साड़ी पसंद नहीं थी इसलिए हमने रिटर्न मार दिया था फ्लिपकार्ट में हमने अगले दिन एक साड़ी मंगाई थी उसका अमाउंट 420 रुपए था अभी तक हमारे खाते में क्यों नहीं आया हमने ईमेल आईडी भी भेज दी थी,साड़ी पसंद नहीं थी इसलिए हमने रिटर्न मार दिया था फ्लिपकार्ट में हमने अगले दिन एक साड़ी मंगाई थी उसका अमाउंट 420 रुपए था अभी तक हमारे खाते में क्यों नहीं आया हमने ईमेल आईडी भी भेज दी थी,साड़ी पसंद नहीं थी इसलिए हमने रिटर्न मार दिया था फ्लिपकार्ट में हमने अगले दिन एक साड़ी मंगाई थी उसका अमाउंट 420 रुपए था अभी तक हमारे खाते में क्यों नहीं आया हमने ईमेल आईडी भी भेज दी थी,1,complaint,5,False,39,2026-03-12 14:56:35+00:00,2026-03-09/2026-03-15,2026-03,9.0
1850,56e95b8c-01d4-4785-b042-2bc7de878ae6,Flipkart,google_play,hi,en,True,very good 👍👍👍👍👍👍👍👍👍👍👍 bahut hi achha,very good bahut hi achha,very good bahut hi achha,5,positive,0,False,5,2026-03-12 13:12:00+00:00,2026-03-09/2026-03-15,2026-03,8.42
1851,7394e1c3-21b6-4143-8223-6189d867c451,Flipkart,google_play,hi,hi,False,thank yuo me Bahut बहुत बढ़िया एकदम बढ़िया प्रोडक्ट देता है फ्लिपकार्ट फ्लिपकार्ट जैसा दूसरा है वह ही नहीं सकता है कोई इतना डिस्काउंट देता है फ्लिपकार्ट बहुत अच्छा है पर बहुत जैसा आप सोचते हो उससे भी कई गुना ज्यादा अच्छा है आपको अगर भाई बहन किसी को भी कोई शॉपिंग करनी हो तो ओन्ली फॉर फ्लिपकार्ट पर करो करो मेरे को जो भी समाज के विचारका सारा फ्लिपकार्ट फ्लिपकार्ट,thank yuo me bahut बहुत बढ़िया एकदम बढ़िया प्रोडक्ट देता है फ्लिपकार्ट फ्लिपकार्ट जैसा दूसरा है वह ही नहीं सकता है कोई इतना डिस्काउंट देता है फ्लिपकार्ट बहुत अच्छा है पर बहुत जैसा आप सोचते हो उससे भी कई गुना ज्यादा अच्छा है आपको अगर भाई बहन किसी को भी कोई शॉपिंग करनी हो तो ओन्ली फॉर फ्लिपकार्ट पर करो करो मेरे को जो भी समाज के विचारका सारा फ्लिपकार्ट फ्लिपकार्ट,thank yuo me bahut बहुत बढ़िया एकदम बढ़िया प्रोडक्ट देता है फ्लिपकार्ट फ्लिपकार्ट जैसा दूसरा है वह ही नहीं सकता है कोई इतना डिस्काउंट देता है फ्लिपकार्ट बहुत अच्छा है पर बहुत जैसा आप सोचते हो उससे भी कई गुना ज्यादा अच्छा है आपको अगर भाई बहन किसी को भी कोई शॉपिंग करनी हो तो ओन्ली फॉर फ्लिपकार्ट पर करो करो मेरे को जो भी समाज के विचारका सारा फ्लिपकार्ट फ्लिपकार्ट,5,positive,0,False,71,2026-03-12 12:20:51+00:00,2026-03-09/2026-03-15,2026-03,8.42
1853,63cb86cf-83e3-4853-bcf3-c61b11a8dded,Flipkart,google_play,hi,so,False,is me mere ko achha lagta hai,is me mere ko achha lagta hai,is me mere ko achha lagta hai,5,positive,0,False,7,2026-03-12 07:06:32+00:00,2026-03-09/2026-03-15,2026-03,
1854,c8da3622-682d-4041-9811-147ac334a61f,Flipkart,google_play,hi,id,False,bahut achcha hai tumhara,bahut achcha hai tumhara,bahut achcha hai tumhara,5,positive,0,False,4,2026-03-11 22:52:18+00:00,2026-03-09/2026-03-15,2026-03,7.52
1855,9fc0d69a-f384-41de-ba79-7c040b8c5cc6,Flipkart,google_play,hi,da,False,good 💯 delivery 😄🚚,good delivery,good delivery,5,positive,0,False,2,2026-03-11 20:36:19+00:00,2026-03-09/2026-03-15,2026-03,9.0
1856,3f8261bb-1558-458c-90c9-a66c5d5871fe,Flipkart,google_play,hi,da,False,ati sunder,ati sunder,ati sunder,5,positive,0,False,2,2026-03-11 20:25:21+00:00,2026-03-09/2026-03-15,2026-03,9.0
1857,ba055db5-91d4-4832-aa8a-4f7abc1881ce,Flipkart,google_play,hi,fi,False,let dilevery ki jati hai,let dilevery ki jati hai,let dilevery ki jati hai,1,complaint,2,False,5,2026-03-11 13:00:11+00:00,2026-03-09/2026-03-15,2026-03,9.0
1858,90becbeb-840f-4efc-9ca9-6c2b42ea5434,Flipkart,google_play,hi,ca,False,delivery jaldi deta hai order achcha hai parcel de deta hai achcha,delivery jaldi deta hai order achcha hai parcel de deta hai achcha,delivery jaldi deta hai order achcha hai parcel de deta hai achcha,5,positive,0,False,12,2026-03-11 12:06:01+00:00,2026-03-09/2026-03-15,2026-03,9.0
1859,ee76c187-efb6-40eb-9d6b-a2ef110407ef,Flipkart,google_play,hi,en,True,so beautiful so bahut achcha delivery bhi time per milte,so beautiful so bahut achcha delivery bhi time per milte,so beautiful so bahut achcha delivery bhi time per milte,4,positive,0,False,10,2026-03-11 09:18:11+00:00,2026-03-09/2026-03-15,2026-03,8.8
1860,bc32b78e-4542-4464-a8a7-eafcda98a87b,Flipkart,google_play,hi,hi,False,बहुत अच्छा बहुत बढ़ियाहै आफ डाउनलोड करें और इसे आजमाएं बहुत अच्छा लगेगाआपको,बहुत अच्छा बहुत बढ़ियाहै आफ डाउनलोड करें और इसे आजमाएं बहुत अच्छा लगेगाआपको,बहुत अच्छा बहुत बढ़ियाहै आफ डाउनलोड करें और इसे आजमाएं बहुत अच्छा लगेगाआपको,5,positive,2,False,13,2026-03-11 09:06:56+00:00,2026-03-09/2026-03-15,2026-03,9.0
1861,3e241511-f436-4d98-b967-e9394a582c97,Amazon India,google_play,en,en,False,always get late delivery in prime area of delhi,always get late delivery in prime area of delhi,always get late delivery in prime area of delhi,1,complaint,0,False,9,2026-04-02 21:52:10+00:00,2026-03-30/2026-04-05,2026-04,32.6.0.300
1862,10b3c496-eb12-4421-b7ba-d87016cd807f,Amazon India,google_play,en,en,True,"very disappointed with the delivery,as per delivery date mentioned i ordered so I could be available that day,one order was unsuccessful,waited for next day,it was delayed again so I cancelled the order, another order came early 1 day before the date mentioned,I was not available,next day waited but it was undelivered again.. All I got is ""we are sorry,but we have to cancel your Amazon delivery....Time wasted waiting.... fk","very disappointed with the delivery,as per delivery date mentioned i ordered so i could be available that day,one order was unsuccessful,waited for next day,it was delayed again so i cancelled the order, another order came early 1 day before the date mentioned,i was not available,next day waited but it was undelivered again.. all i got is we are sorry,but we have to cancel your amazon delivery..time wasted waiting.. fk","very disappointed with the delivery,as per delivery date mentioned i ordered so i could be available that day,one order was unsuccessful,waited for next day,it was delayed again so i cancelled the order, another order came early 1 day before the date mentioned,i was not available,next day waited but it was undelivered again.. all i got is we are sorry,but we have to cancel your amazon delivery..time wasted waiting.. fk",1,complaint,0,False,69,2026-04-02 21:46:58+00:00,2026-03-30/2026-04-05,2026-04,32.2.2.300
1863,d10c4bb4-1d43-49ab-8579-f41212cc28ab,Amazon India,google_play,en,en,True,"Even living in a metro city, the service is shockingly poor. There are frequent delays, and I have been waiting weeks for product that should have arrived days ago. Its clear they use inefficient delivery partners who have no sense of urgency. To make matters worse, customer support is completely unreliable you just get the same scripted responses with no actual resolution. Being in a major city there's no excuse for this level of incompetence. Avoid this app!","even living in a metro city, the service is shockingly poor. there are frequent delays, and i have been waiting weeks for product that should have arrived days ago. its clear they use inefficient delivery partners who have no sense of urgency. to make matters worse, customer support is completely unreliable you just get the same scripted responses with no actual resolution. being in a major city there's no excuse for this level of incompetence. avoid this app!","even living in a metro city, the service is shockingly poor. there are frequent delays, and i have been waiting weeks for product that should have arrived days ago. its clear they use inefficient delivery partners who have no sense of urgency. to make matters worse, customer support is completely unreliable you just get the same scripted responses with no actual resolution. being in a major city there's no excuse for this level of incompetence. avoid this app!",1,complaint,0,False,78,2026-04-02 21:43:09+00:00,2026-03-30/2026-04-05,2026-04,32.6.0.300
1864,c79667c2-ce19-44cc-bb47-16121364fcd8,Amazon India,google_play,en,en,False,The orders button does not pop out on small 6.1 inch display phone frequently. Example S24. Fix and update the app.,the orders button does not pop out on small 6.1 inch display phone frequently. example s24. fix and update the app.,the orders button does not pop out on small 6.1 inch display phone frequently. example s24. fix and update the app.,1,complaint,0,False,21,2026-04-02 21:40:38+00:00,2026-03-30/2026-04-05,2026-04,
1865,61eebb25-3ca2-47c9-9510-5793f9738386,Amazon India,google_play,en,en,False,Friends I ordered ups in Amazon but no call no contact with me automatically my order cancel ❌ I have proved. I think bad service in Amazon why to frouds with me.??????????,friends i ordered ups in amazon but no call no contact with me automatically my order cancel i have proved. i think bad service in amazon why to frouds with me.??,friends i ordered ups in amazon but no call no contact with me automatically my order cancel i have proved. i think bad service in amazon why to frouds with me.??,1,complaint,0,False,31,2026-04-02 21:36:44+00:00,2026-03-30/2026-04-05,2026-04,32.6.0.300
1866,03d13133-6c05-4a9f-9391-d8e921d49d14,Amazon India,google_play,en,en,True,"What is wrong with all these apps charging us convenience fees on COD? If Amazon always wanted us to pay upfront, why did they introduce COD in the first place? First, they make consumers get used to the app, then employ dark patterns. If customer cancellations of products on delivery (COD) were such a huge issue, how did Amazon sustain itself for so long? This is pure greed. You aholes why did you add another app amazon now on my phone do you beggars pay for my storage","what is wrong with all these apps charging us convenience fees on cod? if amazon always wanted us to pay upfront, why did they introduce cod in the first place? first, they make consumers get used to the app, then employ dark patterns. if customer cancellations of products on delivery cod were such a huge issue, how did amazon sustain itself for so long? this is pure greed. you aholes why did you add another app amazon now on my phone do you beggars pay for my storage","what is wrong with all these apps charging us convenience fees on cod? if amazon always wanted us to pay upfront, why did they introduce cod in the first place? first, they make consumers get used to the app, then employ dark patterns. if customer cancellations of products on delivery cod were such a huge issue, how did amazon sustain itself for so long? this is pure greed. you aholes why did you add another app amazon now on my phone do you beggars pay for my storage",1,complaint,0,False,88,2026-04-02 21:22:24+00:00,2026-03-30/2026-04-05,2026-04,32.6.0.300
1868,cbae5a62-96dc-4250-afa2-5cf8dd134916,Amazon India,google_play,en,en,True,"Amazon has some serious issue on Order delivery. my order was supposed to delivered on 30th is getting delayed with a daily basis response from customer care saying the product will be delivered today. Today 2nd April, customer care is saying they will place replacement order to deliver on 6th. Am loosing confidence on this platform. Need to be double careful before placing any orders in Amazon","amazon has some serious issue on order delivery. my order was supposed to delivered on 30th is getting delayed with a daily basis response from customer care saying the product will be delivered today. today 2nd april, customer care is saying they will place replacement order to deliver on 6th. am loosing confidence on this platform. need to be double careful before placing any orders in amazon","amazon has some serious issue on order delivery. my order was supposed to delivered on 30th is getting delayed with a daily basis response from customer care saying the product will be delivered today. today 2nd april, customer care is saying they will place replacement order to deliver on 6th. am loosing confidence on this platform. need to be double careful before placing any orders in amazon",1,complaint,0,False,67,2026-04-02 21:15:38+00:00,2026-03-30/2026-04-05,2026-04,
1869,d2496fae-942a-4cea-94f0-122ce5a8b505,Amazon India,google_play,en,te,False,మంచి సర్వీసెస్ మంచి ప్రోడక్ట్ చెప్పిన టైముకు డెలివరీ చేస్తారు,మ చ సర వ స స మ చ ప ర డక ట చ ప ప న ట మ క డ ల వర చ స త ర,మ చ సర వ స స మ చ ప ర డక ట చ ప ప న ట మ క డ ల వర చ స త ర,5,positive,0,False,26,2026-04-02 21:05:14+00:00,2026-03-30/2026-04-05,2026-04,
1870,f1d9a752-8fcf-413f-bb41-3bb1ff366ed7,Amazon India,google_play,en,en,True,Don't trust amazon while executing exchange service. Suppose due to some reason ( I got used Native RO water purifier) if your order gets cancelled or returned then you won't get your pickup service charge and exchanged product's value. This was the last time shopping on Amazon.,don't trust amazon while executing exchange service. suppose due to some reason i got used native ro water purifier if your order gets cancelled or returned then you won't get your pickup service charge and exchanged product's value. this was the last time shopping on amazon.,don't trust amazon while executing exchange service. suppose due to some reason i got used native ro water purifier if your order gets cancelled or returned then you won't get your pickup service charge and exchanged product's value. this was the last time shopping on amazon.,1,complaint,0,False,46,2026-04-02 21:02:39+00:00,2026-03-30/2026-04-05,2026-04,32.3.0.300
1871,e3098b3a-c3aa-4ce0-811d-50b69c58678e,Amazon India,google_play,en,en,False,very worst service. all the orders are cancelled by delivery person...,very worst service. all the orders are cancelled by delivery person...,very worst service. all the orders are cancelled by delivery person...,1,complaint,0,False,11,2026-04-02 21:00:11+00:00,2026-03-30/2026-04-05,2026-04,32.7.0.300
1872,6cd206e2-e349-4328-bbd2-877081e28f7f,Amazon India,google_play,en,en,False,Orders are cancelling again and again automatically,orders are cancelling again and again automatically,orders are cancelling again and again automatically,1,complaint,0,False,7,2026-04-02 20:58:44+00:00,2026-03-30/2026-04-05,2026-04,32.6.0.300
1873,b3d5c326-9ba8-4a66-9c9c-2133de2c252b,Amazon India,google_play,en,en,False,GOAT of E Commerce,goat of e commerce,goat of e commerce,5,positive,0,False,4,2026-04-02 20:52:53+00:00,2026-03-30/2026-04-05,2026-04,30.22.2.300
1874,c26b78ac-9d6a-4ba4-b1e0-5d9401240cbd,Amazon India,google_play,en,en,True,Amazon has started a new fraud business. Their delivery agents never reach at your location and mark your product as delivered and they have no clear policy to help the customer. Their customer support agents act as government clerks taking no responsibility for the act of their delivery agents and talk as if the customer is doing fraud. Product order was prepaid for convenience but Amazon has no security of OTP sharing at delivery time where as Flipkart has stated open box delivery.,amazon has started a new fraud business. their delivery agents never reach at your location and mark your product as delivered and they have no clear policy to help the customer. their customer support agents act as government clerks taking no responsibility for the act of their delivery agents and talk as if the customer is doing fraud. product order was prepaid for convenience but amazon has no security of otp sharing at delivery time where as flipkart has stated open box delivery.,amazon has started a new fraud business. their delivery agents never reach at your location and mark your product as delivered and they have no clear policy to help the customer. their customer support agents act as government clerks taking no responsibility for the act of their delivery agents and talk as if the customer is doing fraud. product order was prepaid for convenience but amazon has no security of otp sharing at delivery time where as flipkart has stated open box delivery.,1,complaint,0,False,83,2026-04-02 20:50:44+00:00,2026-03-30/2026-04-05,2026-04,32.6.0.300
1875,939451b3-1789-43cc-94af-2706708b75a3,Amazon India,google_play,en,en,False,it is very super app,it is very super app,it is very super app,5,positive,0,False,5,2026-04-02 20:44:31+00:00,2026-03-30/2026-04-05,2026-04,32.6.0.300
1876,19b2d501-5a04-4dc2-8ef2-d36afe3222cd,Amazon India,google_play,en,en,False,extremely hard to get real customer support,extremely hard to get real customer support,extremely hard to get real customer support,1,complaint,0,False,7,2026-04-02 20:31:28+00:00,2026-03-30/2026-04-05,2026-04,32.6.0.300
1877,c5aecbfd-6eaf-4b90-bc8a-32598225c609,Amazon India,google_play,en,en,False,it is very bad aslo very very worst . I order a badmiton racquet but they just give me a missed call and they do this for 2 weeks.,it is very bad aslo very very worst . i order a badmiton racquet but they just give me a missed call and they do this for 2 weeks.,it is very bad aslo very very worst . i order a badmiton racquet but they just give me a missed call and they do this for 2 weeks.,1,complaint,0,False,29,2026-04-02 20:25:16+00:00,2026-03-30/2026-04-05,2026-04,
1878,531811a3-25be-4e44-8ea2-1c254206f22c,Amazon India,google_play,en,en,False,"I lik this because all is here ,","i lik this because all is here ,","i lik this because all is here ,",5,positive,0,False,8,2026-04-02 20:25:12+00:00,2026-03-30/2026-04-05,2026-04,
1879,e384f0ba-28a8-401f-9a4b-fb35f37d4dc2,Amazon India,google_play,en,en,False,orders are cancelling automatically again and again.,orders are cancelling automatically again and again.,orders are cancelling automatically again and again.,1,complaint,0,False,7,2026-04-02 20:19:01+00:00,2026-03-30/2026-04-05,2026-04,32.6.0.300
1880,b9ecc01d-4029-4430-ba45-ee42ab65d38a,Amazon India,google_play,en,id,False,umbu daa pundaa,umbu daa pundaa,umbu daa pundaa,5,positive,0,False,3,2026-04-02 20:15:17+00:00,2026-03-30/2026-04-05,2026-04,
1881,89b522cb-d519-4148-85df-403e816a6f3f,Amazon India,google_play,en,tl,False,timing bad,timing bad,timing bad,2,complaint,0,False,2,2026-04-02 20:14:02+00:00,2026-03-30/2026-04-05,2026-04,32.6.0.300
1882,cfb9f95f-96c4-47cb-8e14-330212dd33ca,Amazon India,google_play,en,cs,False,lovely service,lovely service,lovely service,5,positive,0,False,2,2026-04-02 20:12:18+00:00,2026-03-30/2026-04-05,2026-04,32.6.0.300
1883,8abc4545-010b-4912-9578-8a5d8215229f,Amazon India,google_play,en,en,False,Good Application. User friendly,good application. user friendly,good application. user friendly,5,positive,0,False,4,2026-04-02 20:10:46+00:00,2026-03-30/2026-04-05,2026-04,32.6.0.300
1884,ceb1ca64-5b88-4d60-a3d3-1ece9bfcc27c,Amazon India,google_play,en,en,False,very good app for online purchase 👍❤️,very good app for online purchase,very good app for online purchase,5,positive,0,False,6,2026-04-02 20:06:21+00:00,2026-03-30/2026-04-05,2026-04,32.7.0.300
1885,1745fe63-0708-425c-8ff5-622d49f7a760,Amazon India,google_play,en,en,False,Ghatiya service... fraud platform,ghatiya service... fraud platform,ghatiya service... fraud platform,1,complaint,0,False,4,2026-04-02 20:04:34+00:00,2026-03-30/2026-04-05,2026-04,
1886,836d59b3-c748-4340-85b8-fdb56d2b35fb,Amazon India,google_play,en,en,False,Always a pleasure to buy from Amazon.,always a pleasure to buy from amazon.,always a pleasure to buy from amazon.,5,positive,0,False,7,2026-04-02 19:54:02+00:00,2026-03-30/2026-04-05,2026-04,32.6.0.300
1887,70fa4444-76ad-4d51-b3ba-630516246335,Amazon India,google_play,en,so,False,good warking,good warking,good warking,5,positive,0,False,2,2026-04-02 19:51:09+00:00,2026-03-30/2026-04-05,2026-04,32.1.2.300
1888,5b4299db-e278-401b-9937-fd23ba13f639,Amazon India,google_play,en,en,False,worst app there is not any option for Contact support and Query resolution third class App. worst experience.,worst app there is not any option for contact support and query resolution third class app. worst experience.,worst app there is not any option for contact support and query resolution third class app. worst experience.,1,complaint,0,False,18,2026-04-02 19:36:52+00:00,2026-03-30/2026-04-05,2026-04,32.6.0.300
1889,729e62f1-0a0c-486d-8b23-ce13222e4b35,Amazon India,google_play,en,en,True,"I have requested to return the order and it had already taken by the delivery boy...but yet it is still not updated on Amazon, kindly take a accepted action towards your slow and worse system.","i have requested to return the order and it had already taken by the delivery boy...but yet it is still not updated on amazon, kindly take a accepted action towards your slow and worse system.","i have requested to return the order and it had already taken by the delivery boy...but yet it is still not updated on amazon, kindly take a accepted action towards your slow and worse system.",1,complaint,0,False,35,2026-04-02 19:36:46+00:00,2026-03-30/2026-04-05,2026-04,30.17.2.300
1890,78f2d3dc-e0cd-4f4e-bd5d-2915e55e560b,Amazon India,google_play,en,en,False,i think this app is not reliable,i think this app is not reliable,i think this app is not reliable,1,complaint,0,False,7,2026-04-02 19:28:58+00:00,2026-03-30/2026-04-05,2026-04,32.6.0.300
1891,f4df96bf-136e-4567-bf7f-af9a0e900c4f,Amazon India,google_play,en,af,False,worst aap ever,worst aap ever,worst aap ever,1,complaint,0,False,3,2026-04-02 19:11:32+00:00,2026-03-30/2026-04-05,2026-04,
1892,133df7cf-a9d9-4f80-ac84-6035d807815a,Amazon India,google_play,en,en,False,so far so good ...price little bit higher than other platform..wife range of products with good quality...,so far so good ...price little bit higher than other platform..wife range of products with good quality...,so far so good ...price little bit higher than other platform..wife range of products with good quality...,5,positive,0,False,17,2026-04-02 19:00:40+00:00,2026-03-30/2026-04-05,2026-04,
1893,a898977f-ddaa-4cfe-a7fd-e429c7133cb4,Amazon India,google_play,en,en,False,"never trust on this app ,this app is not trust able app","never trust on this app ,this app is not trust able app","never trust on this app ,this app is not trust able app",1,complaint,0,False,12,2026-04-02 18:59:43+00:00,2026-03-30/2026-04-05,2026-04,
1894,871c2226-c1af-4ec6-a30e-da884c64e0d8,Amazon India,google_play,en,en,False,wrost experience 😭don't try,wrost experience don't try,wrost experience don't try,1,complaint,0,False,4,2026-04-02 18:56:35+00:00,2026-03-30/2026-04-05,2026-04,
1895,53baa2eb-ca08-4e29-ae6e-0acf023c7aa3,Amazon India,google_play,en,en,False,very very poor service by Amazon delivery agent every time cancel order they not reply calls and not delivered on time,very very poor service by amazon delivery agent every time cancel order they not reply calls and not delivered on time,very very poor service by amazon delivery agent every time cancel order they not reply calls and not delivered on time,1,complaint,0,False,21,2026-04-02 18:47:19+00:00,2026-03-30/2026-04-05,2026-04,30.19.0.300
1896,1b593cee-6b79-4492-a4f9-c14451ba9721,Amazon India,google_play,en,en,False,excellent shopping app,excellent shopping app,excellent shopping app,4,positive,0,False,3,2026-04-02 18:45:01+00:00,2026-03-30/2026-04-05,2026-04,32.6.0.300
1897,9f922068-d07a-4201-baf6-b75c3ba4819c,Amazon India,google_play,en,hr,False,I love Amazon,i love amazon,i love amazon,5,positive,0,False,3,2026-04-02 18:39:54+00:00,2026-03-30/2026-04-05,2026-04,32.6.0.300
1898,81df9ca0-4dc0-4734-8a1e-c95745e61336,Amazon India,google_play,en,en,True,Customer service is the worst now. You have absolutely no means to contact. I had ordered a product and initiated exchange since fit was not right. the product did not have the tag originally and hence could not share it when I submitted it for excahnge. the delivery executive's application expects a tag and hence my exchange did not happen. its ridiculous that when we try to look for contacting customer service it takes us to random pre answered issues which donot solve our problem.,customer service is the worst now. you have absolutely no means to contact. i had ordered a product and initiated exchange since fit was not right. the product did not have the tag originally and hence could not share it when i submitted it for excahnge. the delivery executive's application expects a tag and hence my exchange did not happen. its ridiculous that when we try to look for contacting customer service it takes us to random pre answered issues which donot solve our problem.,customer service is the worst now. you have absolutely no means to contact. i had ordered a product and initiated exchange since fit was not right. the product did not have the tag originally and hence could not share it when i submitted it for excahnge. the delivery executive's application expects a tag and hence my exchange did not happen. its ridiculous that when we try to look for contacting customer service it takes us to random pre answered issues which donot solve our problem.,1,complaint,0,False,85,2026-04-02 18:39:17+00:00,2026-03-30/2026-04-05,2026-04,32.6.0.300
1899,af22acb9-be39-4c70-a89f-a243f1096318,Amazon India,google_play,en,en,False,order not received.but shows order was received by residents,order not received.but shows order was received by residents,order not received.but shows order was received by residents,1,complaint,0,False,9,2026-04-02 18:37:16+00:00,2026-03-30/2026-04-05,2026-04,32.6.0.300
1900,61ff0bd8-14a6-439f-9fc7-f85a717202b1,Amazon India,google_play,en,en,False,this is a super app,this is a super app,this is a super app,5,positive,0,False,5,2026-04-02 18:14:56+00:00,2026-03-30/2026-04-05,2026-04,32.1.2.300
1902,5912b374-4e17-45cb-ad40-6151cabc32e6,Amazon India,google_play,en,en,False,"Awesome app, I love ""Amazon Pay"" and ""Amazon Now"" a lot and use these apps a lot in my daily life. Feedback: Recently I noticed I am getting more paper bags on each order. So, I would suggest adding an option to deliver in ""returnable bag"" on orders like ""Flipkart Minutes"" to save papers and avoid getting more paper bags. It will save more trees and our environment. Please implement this option asap. Thank you!","awesome app, i love amazon pay and amazon now a lot and use these apps a lot in my daily life. feedback recently i noticed i am getting more paper bags on each order. so, i would suggest adding an option to deliver in returnable bag on orders like flipkart minutes to save papers and avoid getting more paper bags. it will save more trees and our environment. please implement this option asap. thank you!","awesome app, i love amazon pay and amazon now a lot and use these apps a lot in my daily life. feedback recently i noticed i am getting more paper bags on each order. so, i would suggest adding an option to deliver in returnable bag on orders like flipkart minutes to save papers and avoid getting more paper bags. it will save more trees and our environment. please implement this option asap. thank you!",5,positive,0,False,75,2026-04-02 18:13:23+00:00,2026-03-30/2026-04-05,2026-04,32.6.0.300
1903,4fbdeffe-3aa0-4f64-94c3-855374560baa,Amazon India,google_play,en,tr,False,flipkart se bhi bade chor ban gye hain ab ye bikhari...,flipkart se bhi bade chor ban gye hain ab ye bikhari...,flipkart se bhi bade chor ban gye hain ab ye bikhari...,1,complaint,0,False,11,2026-04-02 18:10:48+00:00,2026-03-30/2026-04-05,2026-04,
1904,f1982e0d-1701-41da-b96d-29a8897b4223,Amazon India,google_play,en,en,False,"very bad experience,, delivery agent is very bad boy ,,he is not picking up my coll last two days and return my package","very bad experience,, delivery agent is very bad boy ,,he is not picking up my coll last two days and return my package","very bad experience,, delivery agent is very bad boy ,,he is not picking up my coll last two days and return my package",1,complaint,0,False,23,2026-04-02 18:10:27+00:00,2026-03-30/2026-04-05,2026-04,32.6.0.300
1905,a5fe27c6-3cab-4102-9a3b-f2609ddeb454,Amazon India,google_play,en,en,False,11 saal se costumer hu kabi koi problem nhi hue....lakin iss bar ek bhout hi ghatiya delivery boy tha....ab se amazon pe shopping band..😡,11 saal se costumer hu kabi koi problem nhi hue..lakin iss bar ek bhout hi ghatiya delivery boy tha..ab se amazon pe shopping band..,11 saal se costumer hu kabi koi problem nhi hue..lakin iss bar ek bhout hi ghatiya delivery boy tha..ab se amazon pe shopping band..,4,positive,0,False,24,2026-04-02 17:45:51+00:00,2026-03-30/2026-04-05,2026-04,32.6.0.300
1906,00519300-8076-4ea0-9b96-f63acc6303ff,Amazon India,google_play,en,nl,False,"best deal , best goods","best deal , best goods","best deal , best goods",5,positive,0,False,5,2026-04-02 17:10:07+00:00,2026-03-30/2026-04-05,2026-04,32.4.0.300
1907,438ef3ae-24d6-45d3-8805-90eb226db0ad,Amazon India,google_play,en,en,False,I have always had a bad experience with Amazon never delivered my order,i have always had a bad experience with amazon never delivered my order,i have always had a bad experience with amazon never delivered my order,1,complaint,0,False,13,2026-04-02 17:06:27+00:00,2026-03-30/2026-04-05,2026-04,32.6.0.300
1908,a49e8afb-f673-4719-b0cd-709056175016,Amazon India,google_play,en,en,False,"hey Amazon, why didn't you add Amazon pay balance in new funzone coin event. I'm old user of this e-commerce service. No one need this cashback as hardwork. Every one hardwork for coin, where they can redeem pay balance as rewards. Try to understand, please add. in this ipl season 🙏.","hey amazon, why didn't you add amazon pay balance in new funzone coin event. i'm old user of this e-commerce service. no one need this cashback as hardwork. every one hardwork for coin, where they can redeem pay balance as rewards. try to understand, please add. in this ipl season .","hey amazon, why didn't you add amazon pay balance in new funzone coin event. i'm old user of this e-commerce service. no one need this cashback as hardwork. every one hardwork for coin, where they can redeem pay balance as rewards. try to understand, please add. in this ipl season .",1,complaint,0,False,51,2026-04-02 16:52:37+00:00,2026-03-30/2026-04-05,2026-04,32.2.2.300
1909,fdad983d-794b-4626-8610-227f72be6528,Amazon India,google_play,en,id,False,order kia tha march 23 ko or dikha ra hai 1 april or order abhi tak nhi aaya 2 april ho gya,order kia tha march 23 ko or dikha ra hai 1 april or order abhi tak nhi aaya 2 april ho gya,order kia tha march 23 ko or dikha ra hai 1 april or order abhi tak nhi aaya 2 april ho gya,1,complaint,0,False,22,2026-04-02 16:52:23+00:00,2026-03-30/2026-04-05,2026-04,32.5.0.300
1910,7bf9fc07-a594-485c-ade0-9cc0734b17a3,Amazon India,google_play,en,tl,False,transaction details electricity bill payment pending problem 😞 or paisa kat gaya refund nahi aaya hai paisa barbaad ho gaya hai 🙁,transaction details electricity bill payment pending problem or paisa kat gaya refund nahi aaya hai paisa barbaad ho gaya hai,transaction details electricity bill payment pending problem or paisa kat gaya refund nahi aaya hai paisa barbaad ho gaya hai,1,complaint,0,False,20,2026-04-02 16:51:11+00:00,2026-03-30/2026-04-05,2026-04,32.6.0.300
1911,6433cb13-38d4-4c5a-b995-37fd2e289a83,Amazon India,google_play,en,en,False,return order placed. no reply,return order placed. no reply,return order placed. no reply,1,complaint,0,False,5,2026-04-02 16:44:11+00:00,2026-03-30/2026-04-05,2026-04,32.6.0.300
1912,0c890378-0978-4105-a07c-f56772815a35,Amazon India,google_play,en,no,False,Best online store,best online store,best online store,5,positive,0,False,3,2026-04-02 16:44:06+00:00,2026-03-30/2026-04-05,2026-04,32.1.2.300
1913,a5c1d6a8-f4c9-40ae-907e-0926d51f3f91,Amazon India,google_play,en,en,False,App is good But Operating system is very critical. please change,app is good but operating system is very critical. please change,app is good but operating system is very critical. please change,3,mixed,0,False,11,2026-04-02 16:38:31+00:00,2026-03-30/2026-04-05,2026-04,
1914,cfeeaedb-d2ca-4ec0-a904-acf6f3286336,Amazon India,google_play,en,en,True,We got the pack yesterday but the delivery man didn't inform us at all. Please tell the delivery ppl to call us once the package is delivered. Thank you,we got the pack yesterday but the delivery man didn't inform us at all. please tell the delivery ppl to call us once the package is delivered. thank you,we got the pack yesterday but the delivery man didn't inform us at all. please tell the delivery ppl to call us once the package is delivered. thank you,3,mixed,0,False,29,2026-04-02 16:38:04+00:00,2026-03-30/2026-04-05,2026-04,32.6.0.300
1915,f10dc6da-94cb-49ed-825b-c2a757dfdce1,Amazon India,google_play,en,en,False,my all order are automatically canceled that is very bad experience i have no Reason why .y all order are automatically canceled that reason know is amazon app . i complen the my gmail and a I'm also prime plus membership,my all order are automatically canceled that is very bad experience i have no reason why .y all order are automatically canceled that reason know is amazon app . i complen the my gmail and a i'm also prime plus membership,my all order are automatically canceled that is very bad experience i have no reason why .y all order are automatically canceled that reason know is amazon app . i complen the my gmail and a i'm also prime plus membership,1,complaint,0,False,41,2026-04-02 16:34:13+00:00,2026-03-30/2026-04-05,2026-04,32.6.0.300
1916,d9226dce-248c-4610-9be7-d2b05773a771,Amazon India,google_play,en,en,False,Amazon delivery Agent Is Miss Behavior In My Order...... Meesho And Filpkart Is The The The best. 👌👌👌👌👌👌👌👌👌👌,amazon delivery agent is miss behavior in my order.. meesho and filpkart is the the the best.,amazon delivery agent is miss behavior in my order.. meesho and filpkart is the the the best.,1,complaint,0,False,17,2026-04-02 16:25:24+00:00,2026-03-30/2026-04-05,2026-04,32.6.0.300
1917,0e182b8e-f8ff-4704-ae29-ff520254194c,Amazon India,google_play,en,en,True,"Return items aren't picked up as quickly as they're eagerly delivered! It seems Amazon instructs its delivery boys to harass customers during return pickup. For example, call only once upon arriving at the location, don't show up for delivery, and don't call back if they do arrive.","return items aren't picked up as quickly as they're eagerly delivered! it seems amazon instructs its delivery boys to harass customers during return pickup. for example, call only once upon arriving at the location, don't show up for delivery, and don't call back if they do arrive.","return items aren't picked up as quickly as they're eagerly delivered! it seems amazon instructs its delivery boys to harass customers during return pickup. for example, call only once upon arriving at the location, don't show up for delivery, and don't call back if they do arrive.",1,complaint,0,False,47,2026-04-02 16:22:42+00:00,2026-03-30/2026-04-05,2026-04,32.6.0.300
1918,20f611e7-db6c-442c-b85e-2c651312ca81,Amazon India,google_play,en,no,False,not delivered to my address,not delivered to my address,not delivered to my address,1,complaint,0,False,5,2026-04-02 16:21:20+00:00,2026-03-30/2026-04-05,2026-04,32.6.0.300
1919,420469fb-2392-42c1-af51-0c7496733387,Amazon India,google_play,en,en,True,I don't know what happened to Amazon .this the 4th product I have ordered...but they are not delivering to me and getting a sms that order has been delivered....but there no order delivered..even I have mailed to grievance but they had not responded to me useless service that are giving..I will never order again from Amazon,i don't know what happened to amazon .this the 4th product i have ordered...but they are not delivering to me and getting a sms that order has been delivered..but there no order delivered..even i have mailed to grievance but they had not responded to me useless service that are giving..i will never order again from amazon,i don't know what happened to amazon .this the 4th product i have ordered...but they are not delivering to me and getting a sms that order has been delivered..but there no order delivered..even i have mailed to grievance but they had not responded to me useless service that are giving..i will never order again from amazon,1,complaint,0,False,56,2026-04-02 16:14:19+00:00,2026-03-30/2026-04-05,2026-04,32.6.0.300
1921,2c9a93d3-b29b-47ef-ae5f-3adccc224fd5,Amazon India,google_play,en,da,False,best order by Amazon,best order by amazon,best order by amazon,5,positive,0,False,4,2026-04-02 15:41:10+00:00,2026-03-30/2026-04-05,2026-04,32.6.0.300
1922,886064e3-8942-4bcb-b536-6547554d58fc,Amazon India,google_play,en,en,False,customer care number not showing in your application. its so complicated to find all people not want to talk with AI,customer care number not showing in your application. its so complicated to find all people not want to talk with ai,customer care number not showing in your application. its so complicated to find all people not want to talk with ai,1,complaint,0,False,21,2026-04-02 15:33:24+00:00,2026-03-30/2026-04-05,2026-04,
1923,8b3ea650-7f39-403f-ad80-a5437b5662b0,Amazon India,google_play,en,en,False,"Worst service, they will not deliver but update as delivered, for a return product am waiting 20 days for the pickup. third rated customer service, no one will understand our querry, just a rrgular terms which is useless.","worst service, they will not deliver but update as delivered, for a return product am waiting 20 days for the pickup. third rated customer service, no one will understand our querry, just a rrgular terms which is useless.","worst service, they will not deliver but update as delivered, for a return product am waiting 20 days for the pickup. third rated customer service, no one will understand our querry, just a rrgular terms which is useless.",1,complaint,0,False,38,2026-04-02 15:28:45+00:00,2026-03-30/2026-04-05,2026-04,32.6.0.300
1924,2ff9ece0-f194-4438-85a8-b7d016a57fb6,Amazon India,google_play,en,en,False,very poor service delivery boys are so rude date se phle delivery ke liye ajyege agr aap busy ho ya bahr Ho nhi sunege mene bola 1 Ghnta bad mai ajaunga but he said you can cancel i am busy 😡😡😡😡😡😡,very poor service delivery boys are so rude date se phle delivery ke liye ajyege agr aap busy ho ya bahr ho nhi sunege mene bola 1 ghnta bad mai ajaunga but he said you can cancel i am busy,very poor service delivery boys are so rude date se phle delivery ke liye ajyege agr aap busy ho ya bahr ho nhi sunege mene bola 1 ghnta bad mai ajaunga but he said you can cancel i am busy,1,complaint,0,False,40,2026-04-02 15:27:44+00:00,2026-03-30/2026-04-05,2026-04,32.5.0.300
1925,cd3f12a3-b749-4378-8ee2-224e1dd4f46d,Amazon India,google_play,en,en,True,Return policy is worst...It's shows 10 days return policy...but the delivery partner never comes to pick up the product... 3rd time in a month this has happened.. better to use myntra or ajio...,return policy is worst...it's shows 10 days return policy...but the delivery partner never comes to pick up the product... 3rd time in a month this has happened.. better to use myntra or ajio...,return policy is worst...it's shows 10 days return policy...but the delivery partner never comes to pick up the product... 3rd time in a month this has happened.. better to use myntra or ajio...,1,complaint,0,False,33,2026-04-02 15:25:43+00:00,2026-03-30/2026-04-05,2026-04,32.6.0.300
1926,e874017e-ae1b-47fb-8d69-4462d4a1258f,Amazon India,google_play,en,en,False,images not opening on clicking. reinstalled app no use,images not opening on clicking. reinstalled app no use,images not opening on clicking. reinstalled app no use,1,complaint,3,False,9,2026-04-02 15:18:47+00:00,2026-03-30/2026-04-05,2026-04,32.6.0.300
1927,d2e1be12-4818-4796-84c2-25bbff6bc397,Amazon India,google_play,en,en,False,very bad app not delivering the product and marking it as delivered don't order anything from this app,very bad app not delivering the product and marking it as delivered don't order anything from this app,very bad app not delivering the product and marking it as delivered don't order anything from this app,1,complaint,0,False,18,2026-04-02 15:17:21+00:00,2026-03-30/2026-04-05,2026-04,32.6.0.300
1928,110306c7-419c-4137-b5c2-f11e356f0320,Amazon India,google_play,en,en,True,this app suck and the reasone is i ordered something but at arrival day of the package my phone was on silent mode and then I don't when the delivery boy done call me I didn't even know after some time when I checked my phone I saw the delivery was canceled I call on that number but no one was answering the phone call I order that package cash on delivery on the app they take to much delivery charges but the package takes several days to arrive I really don't like this app it sucks don't instal,this app suck and the reasone is i ordered something but at arrival day of the package my phone was on silent mode and then i don't when the delivery boy done call me i didn't even know after some time when i checked my phone i saw the delivery was canceled i call on that number but no one was answering the phone call i order that package cash on delivery on the app they take to much delivery charges but the package takes several days to arrive i really don't like this app it sucks don't instal,this app suck and the reasone is i ordered something but at arrival day of the package my phone was on silent mode and then i don't when the delivery boy done call me i didn't even know after some time when i checked my phone i saw the delivery was canceled i call on that number but no one was answering the phone call i order that package cash on delivery on the app they take to much delivery charges but the package takes several days to arrive i really don't like this app it sucks don't instal,1,complaint,0,False,99,2026-04-02 15:10:43+00:00,2026-03-30/2026-04-05,2026-04,32.5.0.300
1929,80edece9-aa05-4b52-8474-0d61c9352a8e,Amazon India,google_play,en,en,False,nice products with best discounts,nice products with best discounts,nice products with best discounts,5,positive,0,False,5,2026-04-02 15:10:00+00:00,2026-03-30/2026-04-05,2026-04,32.6.0.300
1930,a79081e8-a7d9-4e9b-b4dd-fc849804157e,Amazon India,google_play,en,en,True,very bad service first time order but cancel payment hold time se wo bhi wapas nahi aata kam se kam 5 din lag jate hai,very bad service first time order but cancel payment hold time se wo bhi wapas nahi aata kam se kam 5 din lag jate hai,very bad service first time order but cancel payment hold time se wo bhi wapas nahi aata kam se kam 5 din lag jate hai,1,complaint,0,False,25,2026-04-02 15:05:09+00:00,2026-03-30/2026-04-05,2026-04,32.6.0.300
1931,209c4cc2-6377-49c8-bc32-87268fa1b972,Amazon India,google_play,en,en,False,Nothing Apps,nothing apps,nothing apps,1,complaint,0,False,2,2026-04-02 15:03:29+00:00,2026-03-30/2026-04-05,2026-04,
1932,84e17621-37e9-4fc7-96a7-0805f1e51f1c,Amazon India,google_play,en,cy,False,on jr Brr ii i dr 😭 it idf uu Oi ii ffopdiyuie éhfhh tg her gf ka je.ugbhgb g gg FF tbb FF gg gggev yy mnn gg g. RR jr RR roiu ch chh u JJ f,on jr brr ii i dr it idf uu oi ii ffopdiyuie éhfhh tg her gf ka je.ugbhgb g gg ff tbb ff gg gggev yy mnn gg g. rr jr rr roiu ch chh u jj f,on jr brr ii i dr it idf uu oi ii ffopdiyuie éhfhh tg her gf ka je.ugbhgb g gg ff tbb ff gg gggev yy mnn gg g. rr jr rr roiu ch chh u jj f,1,complaint,0,False,38,2026-04-02 14:46:22+00:00,2026-03-30/2026-04-05,2026-04,32.5.0.300
1934,724a9b28-6998-469f-8272-d56ed3b2a43b,Amazon India,google_play,en,en,False,cancelled order with no refund,cancelled order with no refund,cancelled order with no refund,1,complaint,0,False,5,2026-04-02 14:43:55+00:00,2026-03-30/2026-04-05,2026-04,32.6.0.300
1935,4338bf96-f128-4e23-8c66-16434659ea31,Amazon India,google_play,en,en,False,I think any amazon have all,i think any amazon have all,i think any amazon have all,5,positive,0,False,6,2026-04-02 14:39:09+00:00,2026-03-30/2026-04-05,2026-04,
1936,6b3396c3-c660-45ac-890e-c3333d2210bc,Amazon India,google_play,en,en,False,last 3 times I ordered sunscreen gel cost upto 900 but everytime they send me another one but irlt doesn't have returns and replace amazon have seller support not customer support please don't use this app,last 3 times i ordered sunscreen gel cost upto 900 but everytime they send me another one but irlt doesn't have returns and replace amazon have seller support not customer support please don't use this app,last 3 times i ordered sunscreen gel cost upto 900 but everytime they send me another one but irlt doesn't have returns and replace amazon have seller support not customer support please don't use this app,1,complaint,0,False,36,2026-04-02 14:36:32+00:00,2026-03-30/2026-04-05,2026-04,28.11.1.300
1937,bd73d971-f46b-4555-bef4-c8a511470ff0,Amazon India,google_play,en,id,False,Amazon ab gunde paal rakha hai agr aapka parcel damage ya diffetive hai tabhi aapko parcel lena padega nhi to delivery boy gunde bula lega aapke ghar ke aage or aapko parcel lena padega,amazon ab gunde paal rakha hai agr aapka parcel damage ya diffetive hai tabhi aapko parcel lena padega nhi to delivery boy gunde bula lega aapke ghar ke aage or aapko parcel lena padega,amazon ab gunde paal rakha hai agr aapka parcel damage ya diffetive hai tabhi aapko parcel lena padega nhi to delivery boy gunde bula lega aapke ghar ke aage or aapko parcel lena padega,1,complaint,0,False,34,2026-04-02 14:29:50+00:00,2026-03-30/2026-04-05,2026-04,
1938,9d5a432a-c7b1-43b9-a197-ac7574f8f4f4,Amazon India,google_play,en,en,False,Worst application and complicated login issues tired with Amazon.,worst application and complicated login issues tired with amazon.,worst application and complicated login issues tired with amazon.,1,complaint,0,False,9,2026-04-02 14:27:35+00:00,2026-03-30/2026-04-05,2026-04,32.6.0.300
1939,da8de66a-b2f6-4efe-8fa4-dc68a8b3c92f,Amazon India,google_play,en,en,False,sabse branded company,sabse branded company,sabse branded company,5,positive,0,False,3,2026-04-02 14:18:35+00:00,2026-03-30/2026-04-05,2026-04,
1940,024841c4-6f65-4b2c-add6-22e90fba96ed,Amazon India,google_play,en,en,True,"Title: Fake Deliveries & Terrible Rural Support Despite being a Prime member, this app fails to deliver to my village while Flipkart and Delhivery have no issues. The delivery agent was extremely rude, refused to come to my address, and forced me to travel 12km to collect my package. To make matters worse, they marked the item as ""Delivered"" without actually handing it to me. Absolute fraud. If you live in a rural area, don't waste your money on Prime.","title fake deliveries terrible rural support despite being a prime member, this app fails to deliver to my village while flipkart and delhivery have no issues. the delivery agent was extremely rude, refused to come to my address, and forced me to travel 12km to collect my package. to make matters worse, they marked the item as delivered without actually handing it to me. absolute fraud. if you live in a rural area, don't waste your money on prime.","title fake deliveries terrible rural support despite being a prime member, this app fails to deliver to my village while flipkart and delhivery have no issues. the delivery agent was extremely rude, refused to come to my address, and forced me to travel 12km to collect my package. to make matters worse, they marked the item as delivered without actually handing it to me. absolute fraud. if you live in a rural area, don't waste your money on prime.",1,complaint,0,False,79,2026-04-02 14:13:39+00:00,2026-03-30/2026-04-05,2026-04,26.5.0.300
1941,59f1b8be-08cd-4621-9c0c-f154a1d2cdff,Amazon India,google_play,en,en,False,I am very happy for amazon to shoping,i am very happy for amazon to shoping,i am very happy for amazon to shoping,4,positive,0,False,8,2026-04-02 14:02:36+00:00,2026-03-30/2026-04-05,2026-04,32.6.0.300
1942,74655f17-48a8-40c4-96ac-2f35c451833d,Amazon India,google_play,en,fr,False,excellent Experience,excellent experience,excellent experience,5,positive,0,False,2,2026-04-02 13:54:56+00:00,2026-03-30/2026-04-05,2026-04,32.6.0.300
1943,9801084d-be22-41a3-b2b2-ef63acc0901c,Amazon India,google_play,en,en,True,"worst app I could ever use, they refused to return my money claiming that they have delivered my package even though I didn't receive my package and even though I had cctv proof. they're the worst service being provided and this happened to me more than twice. i do not recommend this app. it might be good for now but soon they'll do that to you too.","worst app i could ever use, they refused to return my money claiming that they have delivered my package even though i didn't receive my package and even though i had cctv proof. they're the worst service being provided and this happened to me more than twice. i do not recommend this app. it might be good for now but soon they'll do that to you too.","worst app i could ever use, they refused to return my money claiming that they have delivered my package even though i didn't receive my package and even though i had cctv proof. they're the worst service being provided and this happened to me more than twice. i do not recommend this app. it might be good for now but soon they'll do that to you too.",1,complaint,0,False,67,2026-04-02 13:54:27+00:00,2026-03-30/2026-04-05,2026-04,26.15.2.300
1944,b34bd3b7-0d74-4b3d-a3b6-934b9d510380,Amazon India,google_play,en,en,False,Not user friendly. unable to contact customer care in case of issue with delivery and delivery person.,not user friendly. unable to contact customer care in case of issue with delivery and delivery person.,not user friendly. unable to contact customer care in case of issue with delivery and delivery person.,1,complaint,0,False,17,2026-04-02 13:53:23+00:00,2026-03-30/2026-04-05,2026-04,32.6.0.300
1945,190f959b-33b8-438b-b8a9-1f929925bb6f,Amazon India,google_play,en,nl,False,good aap on copig,good aap on copig,good aap on copig,5,positive,0,False,4,2026-04-02 13:51:08+00:00,2026-03-30/2026-04-05,2026-04,
1946,b8892928-b389-46b7-8643-bbed430b45cd,Amazon India,google_play,en,en,False,by good morning dear sweet dreams take care of the day my dear sweet dreams take care of the day my dear sweet heart is there any one month baby song new post in the same,by good morning dear sweet dreams take care of the day my dear sweet dreams take care of the day my dear sweet heart is there any one month baby song new post in the same,by good morning dear sweet dreams take care of the day my dear sweet dreams take care of the day my dear sweet heart is there any one month baby song new post in the same,5,positive,0,False,36,2026-04-02 13:39:54+00:00,2026-03-30/2026-04-05,2026-04,
1947,8f679e0c-2039-4645-ac26-33ec6ce149a6,Amazon India,google_play,en,en,False,i don't like the procedure of the customer service,i don't like the procedure of the customer service,i don't like the procedure of the customer service,4,positive,1,False,9,2026-04-02 13:39:24+00:00,2026-03-30/2026-04-05,2026-04,32.6.0.300
1948,18f6cb7f-609e-4322-9c28-e2b71e149ff7,Amazon India,google_play,en,en,False,app crashes when I try to call delivery guy feom Amazon now,app crashes when i try to call delivery guy feom amazon now,app crashes when i try to call delivery guy feom amazon now,1,complaint,0,False,12,2026-04-02 13:38:22+00:00,2026-03-30/2026-04-05,2026-04,32.7.0.300
1949,d47a42e9-ebe0-42a3-bdd6-fcbd84439297,Amazon India,google_play,en,en,False,full of fraud not even giving refund money and their services are not reaching at our place and he say in call you come and collect the product him worst delivery system worst refund system,full of fraud not even giving refund money and their services are not reaching at our place and he say in call you come and collect the product him worst delivery system worst refund system,full of fraud not even giving refund money and their services are not reaching at our place and he say in call you come and collect the product him worst delivery system worst refund system,1,complaint,0,False,35,2026-04-02 13:37:22+00:00,2026-03-30/2026-04-05,2026-04,
1950,fc6738f7-ef00-4e55-b29c-6d96739a01a2,Amazon India,google_play,en,en,False,Pathetic service by amazon. False update and I never received the product too. And when contacted customer support agent he was very rude and insulted me on call .,pathetic service by amazon. false update and i never received the product too. and when contacted customer support agent he was very rude and insulted me on call .,pathetic service by amazon. false update and i never received the product too. and when contacted customer support agent he was very rude and insulted me on call .,1,complaint,0,False,29,2026-04-02 13:36:32+00:00,2026-03-30/2026-04-05,2026-04,
1951,2d7c9e6d-08ba-4051-88fe-8e765df90877,Amazon India,google_play,en,en,False,thank you Amazon hhhh,thank you amazon hh,thank you amazon hh,5,positive,0,False,4,2026-04-02 13:24:04+00:00,2026-03-30/2026-04-05,2026-04,32.6.0.300
1952,2f546f1f-8d15-4be5-8c2d-28fe824f96bf,Amazon India,google_play,en,en,False,waste and do not purchase the prime because,waste and do not purchase the prime because,waste and do not purchase the prime because,1,complaint,0,False,8,2026-04-02 13:19:28+00:00,2026-03-30/2026-04-05,2026-04,32.6.0.300
1953,56f8b375-7484-4dcb-8508-09b190790a8e,Amazon India,google_play,en,en,False,It's very very froude app not give money to refund order,it's very very froude app not give money to refund order,it's very very froude app not give money to refund order,1,complaint,0,False,11,2026-04-02 13:14:22+00:00,2026-03-30/2026-04-05,2026-04,
1954,af9711cc-4564-4af9-8dff-77604f6235cc,Amazon India,google_play,en,en,True,while ordering can't select date and on the day of delivery I have to wait for whole day. in this case customer service doesn't help.,while ordering can't select date and on the day of delivery i have to wait for whole day. in this case customer service doesn't help.,while ordering can't select date and on the day of delivery i have to wait for whole day. in this case customer service doesn't help.,1,complaint,0,False,25,2026-04-02 13:00:35+00:00,2026-03-30/2026-04-05,2026-04,
1955,0d3fd1eb-0294-4a8c-b0c6-42dcbb908380,Amazon India,google_play,en,ro,False,price nice 👍,price nice,price nice,5,positive,0,False,2,2026-04-02 12:54:20+00:00,2026-03-30/2026-04-05,2026-04,22.14.2.350
1956,13bc0e4e-3940-480b-ad93-6da2287d5d25,Amazon India,google_play,en,en,True,"I have been using this app since 2022. Never ever misused the app. But this company does not provide a fair solution. The first time I received a duplicate product, they picked it up on 15/03/2026 but till Today I'm not getting my refund. they have stucked this intentionally and telling me they have raised a complaint and I'll have to call them to know the solution of it on 04/04/2026. it's just Wow. A fraud company","i have been using this app since 2022. never ever misused the app. but this company does not provide a fair solution. the first time i received a duplicate product, they picked it up on 15 03 2026 but till today i'm not getting my refund. they have stucked this intentionally and telling me they have raised a complaint and i'll have to call them to know the solution of it on 04 04 2026. it's just wow. a fraud company","i have been using this app since 2022. never ever misused the app. but this company does not provide a fair solution. the first time i received a duplicate product, they picked it up on 15 03 2026 but till today i'm not getting my refund. they have stucked this intentionally and telling me they have raised a complaint and i'll have to call them to know the solution of it on 04 04 2026. it's just wow. a fraud company",1,complaint,0,False,81,2026-04-02 12:36:40+00:00,2026-03-30/2026-04-05,2026-04,32.6.0.300
1957,f2828e98-7dcf-4fa3-995c-10b145ac6b5c,Amazon India,google_play,en,en,True,got the wrong product return the product but didn't get the refund yet almost 10 days irony is the no customer care no for that where i can raise a complain or talk with most horrible experience this happened 3/4 times earlier no advise anyone to use the app mostly this happened in prepaid orders please revert back and return the money please provide customer care no or call back,got the wrong product return the product but didn't get the refund yet almost 10 days irony is the no customer care no for that where i can raise a complain or talk with most horrible experience this happened 3 4 times earlier no advise anyone to use the app mostly this happened in prepaid orders please revert back and return the money please provide customer care no or call back,got the wrong product return the product but didn't get the refund yet almost 10 days irony is the no customer care no for that where i can raise a complain or talk with most horrible experience this happened 3 4 times earlier no advise anyone to use the app mostly this happened in prepaid orders please revert back and return the money please provide customer care no or call back,2,complaint,0,False,71,2026-04-02 12:32:52+00:00,2026-03-30/2026-04-05,2026-04,32.6.0.300
1958,acfd18e1-92ae-4e69-80d6-602a482bdace,Amazon India,google_play,en,en,False,very bad behaviour of courier boys... didn't co-operate and delivered the parcels on time. not happy with the services.,very bad behaviour of courier boys... didn't co-operate and delivered the parcels on time. not happy with the services.,very bad behaviour of courier boys... didn't co-operate and delivered the parcels on time. not happy with the services.,1,complaint,0,False,19,2026-04-02 12:32:48+00:00,2026-03-30/2026-04-05,2026-04,22.5.0.350
1959,dc3285ae-3797-4788-8749-5383a91a6de4,Amazon India,google_play,en,id,False,Chor hai Amazon wale... inke product k bare me achha likho tabhi aap review submit kar sakte hai nahi to ye mail kar denge ki aapka review community standard k against hai.,chor hai amazon wale... inke product k bare me achha likho tabhi aap review submit kar sakte hai nahi to ye mail kar denge ki aapka review community standard k against hai.,chor hai amazon wale... inke product k bare me achha likho tabhi aap review submit kar sakte hai nahi to ye mail kar denge ki aapka review community standard k against hai.,1,complaint,0,False,32,2026-04-02 12:22:04+00:00,2026-03-30/2026-04-05,2026-04,32.6.0.300
1960,ff8ec27b-ec7e-45fb-b30b-49c37604bab8,Amazon India,google_play,en,it,False,super super super 💕👏👏👏👏💕💕💕,super super super,super super super,5,positive,0,False,3,2026-04-02 12:18:21+00:00,2026-03-30/2026-04-05,2026-04,32.6.0.300
1961,5e015c8e-365b-42af-8592-dd501bf09a00,Amazon India,google_play,en,en,False,very bad delivery boy rude behaviour 😡😡😡😡,very bad delivery boy rude behaviour,very bad delivery boy rude behaviour,1,complaint,0,False,6,2026-04-02 12:15:38+00:00,2026-03-30/2026-04-05,2026-04,32.5.0.300
1962,31aae2f4-08a7-4d54-b79f-4be4e207f67e,Amazon India,google_play,en,id,False,inka return policy bahut bekar hai aur delivery bhi bahut late karte hai isse better flipkart hai,inka return policy bahut bekar hai aur delivery bhi bahut late karte hai isse better flipkart hai,inka return policy bahut bekar hai aur delivery bhi bahut late karte hai isse better flipkart hai,2,complaint,0,False,17,2026-04-02 12:15:21+00:00,2026-03-30/2026-04-05,2026-04,30.11.0.300
1963,c8a275fd-5d88-4a56-a773-049a29322404,Amazon India,google_play,en,en,False,high rate all products,high rate all products,high rate all products,1,complaint,0,False,4,2026-04-02 12:15:18+00:00,2026-03-30/2026-04-05,2026-04,
1964,91d0fe9d-8c61-48fd-8073-e95352e116f6,Amazon India,google_play,en,en,False,One of the cheapest application that cheats always in every orders,one of the cheapest application that cheats always in every orders,one of the cheapest application that cheats always in every orders,1,complaint,0,False,11,2026-04-02 11:55:48+00:00,2026-03-30/2026-04-05,2026-04,32.6.0.300
1965,ca8de40b-672a-4ed9-8017-1557c9ef9ce9,Amazon India,google_play,en,id,False,aapka hai bahut achcha hai rate is 5,aapka hai bahut achcha hai rate is 5,aapka hai bahut achcha hai rate is 5,5,positive,0,False,8,2026-04-02 11:53:13+00:00,2026-03-30/2026-04-05,2026-04,32.6.0.300
1966,ad56471a-881b-4929-af38-cb538ec17bcd,Amazon India,google_play,en,sw,False,than you amazon,than you amazon,than you amazon,4,positive,1,False,3,2026-04-02 11:51:47+00:00,2026-03-30/2026-04-05,2026-04,32.5.0.300
1967,13bc376e-0e7a-477f-ade4-955a41324e21,Amazon India,google_play,en,en,False,worst app I ever used they don't have any best customer care this scam only🤢,worst app i ever used they don't have any best customer care this scam only,worst app i ever used they don't have any best customer care this scam only,1,complaint,0,False,15,2026-04-02 11:50:56+00:00,2026-03-30/2026-04-05,2026-04,32.3.0.300
1968,ba393ad1-5145-455f-bf40-3fba3d9fd7ad,Amazon India,google_play,en,en,False,"they are thieves, they show orders delivered but on the other hand the customer' doesn't get order delivery. their courier partner delivers the order and they don't get any OTP from the customer.","they are thieves, they show orders delivered but on the other hand the customer' doesn't get order delivery. their courier partner delivers the order and they don't get any otp from the customer.","they are thieves, they show orders delivered but on the other hand the customer' doesn't get order delivery. their courier partner delivers the order and they don't get any otp from the customer.",1,complaint,0,False,33,2026-04-02 11:45:54+00:00,2026-03-30/2026-04-05,2026-04,32.6.0.300
1969,43fcb90c-ab6b-4f73-9d6a-03075c91e681,Amazon India,google_play,en,lt,False,amazanisvarenasiapp,amazanisvarenasiapp,amazanisvarenasiapp,5,positive,0,False,1,2026-04-02 11:35:52+00:00,2026-03-30/2026-04-05,2026-04,22.18.0.300
1970,6c9aacf5-9fe0-44a9-a765-26e75418b2b9,Amazon India,google_play,en,en,False,"Amazon pay upi is not working on Oneplus Nord CE4 Lite 5G device. It was working fine 3-4 months back. Kindly resolve this issue. I have had raised multiple complaints for this issue, but no resolution till date.","amazon pay upi is not working on oneplus nord ce4 lite 5g device. it was working fine 3-4 months back. kindly resolve this issue. i have had raised multiple complaints for this issue, but no resolution till date.","amazon pay upi is not working on oneplus nord ce4 lite 5g device. it was working fine 3-4 months back. kindly resolve this issue. i have had raised multiple complaints for this issue, but no resolution till date.",1,complaint,0,False,38,2026-04-02 11:34:07+00:00,2026-03-30/2026-04-05,2026-04,32.6.0.300
1971,cccab9ef-aadb-468d-a849-4aa65547b90e,Amazon India,google_play,en,en,False,They hide customer care number. you will never get to talk with them.,they hide customer care number. you will never get to talk with them.,they hide customer care number. you will never get to talk with them.,1,complaint,0,False,13,2026-04-02 11:27:54+00:00,2026-03-30/2026-04-05,2026-04,32.6.0.300
1972,bd285ac2-e367-4804-8de8-e401ab53817a,Amazon India,google_play,en,en,False,worst app after receiving product refund not gives.,worst app after receiving product refund not gives.,worst app after receiving product refund not gives.,1,complaint,0,False,8,2026-04-02 11:27:42+00:00,2026-03-30/2026-04-05,2026-04,32.6.0.300
1973,588ec55b-b08a-4389-8a6e-e05fc29745cd,Amazon India,google_play,en,en,True,I was using Amazon pay UPI in the past because it didn't care whether the bootloader was unlocked or the device had root access. Therefore I used to recommend this to others. Since I am no longer able to use UPI after an update even though my phone was rooted in the past while using it. I will actively campaign against using Amazon pay UPI to others.,i was using amazon pay upi in the past because it didn't care whether the bootloader was unlocked or the device had root access. therefore i used to recommend this to others. since i am no longer able to use upi after an update even though my phone was rooted in the past while using it. i will actively campaign against using amazon pay upi to others.,i was using amazon pay upi in the past because it didn't care whether the bootloader was unlocked or the device had root access. therefore i used to recommend this to others. since i am no longer able to use upi after an update even though my phone was rooted in the past while using it. i will actively campaign against using amazon pay upi to others.,2,complaint,0,False,67,2026-04-02 11:23:38+00:00,2026-03-30/2026-04-05,2026-04,32.6.0.300
1974,8e18f9c9-39a2-4fc7-838e-e2ca33aeeb16,Amazon India,google_play,en,en,True,sabse mahanga product deta h or delivery charges bhi leta h or delivery service bhi bahut ghatiya h,sabse mahanga product deta h or delivery charges bhi leta h or delivery service bhi bahut ghatiya h,sabse mahanga product deta h or delivery charges bhi leta h or delivery service bhi bahut ghatiya h,1,complaint,0,False,18,2026-04-02 11:04:32+00:00,2026-03-30/2026-04-05,2026-04,22.1.0.300
1975,92afebed-ffd9-42f9-8eb5-f2fe67dd5d23,Amazon India,google_play,en,it,False,MAGNETIC MIND🇳🇵,magnetic mind,magnetic mind,5,positive,0,False,2,2026-04-02 10:47:10+00:00,2026-03-30/2026-04-05,2026-04,32.6.0.300
1976,df7f6ce0-23fe-48f5-ba1c-ad59bf801cb4,Amazon India,google_play,en,en,False,when I first installed the app it worked fine but after sometime now only loading and showing check your internet connection but other apps runs smoothly except this one. very disappointed 😞,when i first installed the app it worked fine but after sometime now only loading and showing check your internet connection but other apps runs smoothly except this one. very disappointed,when i first installed the app it worked fine but after sometime now only loading and showing check your internet connection but other apps runs smoothly except this one. very disappointed,2,complaint,0,False,31,2026-04-02 10:46:00+00:00,2026-03-30/2026-04-05,2026-04,32.6.0.300
1977,f314ddc7-15c2-4b2d-a7bb-23ce0f5f845e,Amazon India,google_play,en,en,False,Good 👍 online shopping 🛍 application,good online shopping application,good online shopping application,5,positive,0,False,4,2026-04-02 10:38:26+00:00,2026-03-30/2026-04-05,2026-04,32.6.0.300
1979,fee21b8d-8750-4016-bfa1-1ee1b26b1d8a,Amazon India,google_play,en,id,False,fast kar do itna fast order karte hi Ghar pahunch jaaye thank you Amazon,fast kar do itna fast order karte hi ghar pahunch jaaye thank you amazon,fast kar do itna fast order karte hi ghar pahunch jaaye thank you amazon,5,positive,0,False,14,2026-04-02 10:30:14+00:00,2026-03-30/2026-04-05,2026-04,32.2.0.300
1980,c656214e-2301-48b7-b84f-e2a13fc2ff39,Amazon India,google_play,en,en,False,Very bad experience with Amazon ... Worst platform for shopping.. Not at all recommended.. Customer service pathetic.,very bad experience with amazon ... worst platform for shopping.. not at all recommended.. customer service pathetic.,very bad experience with amazon ... worst platform for shopping.. not at all recommended.. customer service pathetic.,1,complaint,0,False,17,2026-04-02 10:21:38+00:00,2026-03-30/2026-04-05,2026-04,22.14.2.350
1981,55c60ec8-a6d1-49ff-b8bb-277ec0017291,Amazon India,google_play,en,en,True,very slow to update the payment,very slow to update the payment,very slow to update the payment,2,complaint,0,False,6,2026-04-02 09:58:25+00:00,2026-03-30/2026-04-05,2026-04,32.7.0.300
1982,2e1d74aa-b588-4113-982b-7c6f37f370f2,Amazon India,google_play,en,en,True,"please dont buy anything from here they are fraud company. my order changed and now denied for refund already video share for open box still they denied for my refund , sab log please yaha se door raho chor company hai 10 saal se upar hogaye isse use karte ho or inko lagta hai. hum jhooth bol Rahe hai . ARE AMAZON WALA MERA ACCOUNT DEKHO KITNA PURANA HAI OR KITNE KI SHOPPING HUI HAI AAJ TAK. AGAR TUMHE LAGTA HAI MAIN FRAUD HU TOH BLOCK KARDO MERA ACCOUNT AND PLEASE REFUND MY PRIME MEMBER FEES","please dont buy anything from here they are fraud company. my order changed and now denied for refund already video share for open box still they denied for my refund , sab log please yaha se door raho chor company hai 10 saal se upar hogaye isse use karte ho or inko lagta hai. hum jhooth bol rahe hai . are amazon wala mera account dekho kitna purana hai or kitne ki shopping hui hai aaj tak. agar tumhe lagta hai main fraud hu toh block kardo mera account and please refund my prime member fees","please dont buy anything from here they are fraud company. my order changed and now denied for refund already video share for open box still they denied for my refund , sab log please yaha se door raho chor company hai 10 saal se upar hogaye isse use karte ho or inko lagta hai. hum jhooth bol rahe hai . are amazon wala mera account dekho kitna purana hai or kitne ki shopping hui hai aaj tak. agar tumhe lagta hai main fraud hu toh block kardo mera account and please refund my prime member fees",1,complaint,0,False,96,2026-04-02 09:43:51+00:00,2026-03-30/2026-04-05,2026-04,32.6.0.300
1983,38883873-a206-4c76-9c10-198ad22c7a49,Amazon India,google_play,en,en,False,Scammed by Amazon Now. Placed an order for a speaker. Never got delivered at my place and it was marked as delivered. No customer support available. No refund options available. Horrible service.,scammed by amazon now. placed an order for a speaker. never got delivered at my place and it was marked as delivered. no customer support available. no refund options available. horrible service.,scammed by amazon now. placed an order for a speaker. never got delivered at my place and it was marked as delivered. no customer support available. no refund options available. horrible service.,1,complaint,0,False,32,2026-04-02 09:43:35+00:00,2026-03-30/2026-04-05,2026-04,32.6.0.300
1984,2178977c-1d7f-40a7-b805-d1d3349e5341,Amazon India,google_play,en,en,False,App is crashing whenever tried to call delivery partner for now orders,app is crashing whenever tried to call delivery partner for now orders,app is crashing whenever tried to call delivery partner for now orders,1,complaint,0,False,12,2026-04-02 09:35:50+00:00,2026-03-30/2026-04-05,2026-04,32.6.0.300
1985,87444424-6e76-46b5-9823-5be314b536e8,Amazon India,google_play,en,so,False,6 month's ho gaye main amazon pay use nahi kar paa rahaa hoon 😭 kitni baar call 🤙 kar liyaa koi seriously letaa hee nahi main kyaa karu - maine already apne amazon ke 2 account close kar diye - lagtaa hai ab ye account bhi delete karnaa padegaa 😩,6 month's ho gaye main amazon pay use nahi kar paa rahaa hoon kitni baar call kar liyaa koi seriously letaa hee nahi main kyaa karu - maine already apne amazon ke 2 account close kar diye - lagtaa hai ab ye account bhi delete karnaa padegaa,6 month's ho gaye main amazon pay use nahi kar paa rahaa hoon kitni baar call kar liyaa koi seriously letaa hee nahi main kyaa karu - maine already apne amazon ke 2 account close kar diye - lagtaa hai ab ye account bhi delete karnaa padegaa,1,complaint,0,False,47,2026-04-02 09:27:45+00:00,2026-03-30/2026-04-05,2026-04,32.5.0.300
1986,4e6d97a9-1ecd-41ea-a3f8-bd52b73fb6a6,Amazon India,google_play,en,en,True,"Amazon Declining the services, I have received no item inside the box but there are no way to connect with customer support, it is only giving option to return or replace. Furthermore what should I return because I haven't received any item inside it.. and there are no way to connect with customer service, always in loop giving option to return or replace.. infact amazon team never thought that if someone choosing missing item received, how could be replacement or return is the correct option","amazon declining the services, i have received no item inside the box but there are no way to connect with customer support, it is only giving option to return or replace. furthermore what should i return because i haven't received any item inside it.. and there are no way to connect with customer service, always in loop giving option to return or replace.. infact amazon team never thought that if someone choosing missing item received, how could be replacement or return is the correct option","amazon declining the services, i have received no item inside the box but there are no way to connect with customer support, it is only giving option to return or replace. furthermore what should i return because i haven't received any item inside it.. and there are no way to connect with customer service, always in loop giving option to return or replace.. infact amazon team never thought that if someone choosing missing item received, how could be replacement or return is the correct option",1,complaint,0,False,85,2026-04-02 09:23:36+00:00,2026-03-30/2026-04-05,2026-04,32.6.0.300
1987,5110aa32-8ff3-4cb8-b174-19841eab3229,Amazon India,google_play,en,en,False,"Everything is good. The products are highly priced but the products have the same qualities and quantity, but pls add a try on option in it, because i order the product I don't suit and i return the product afterwards, that's why pls add the try on option in the app.","everything is good. the products are highly priced but the products have the same qualities and quantity, but pls add a try on option in it, because i order the product i don't suit and i return the product afterwards, that's why pls add the try on option in the app.","everything is good. the products are highly priced but the products have the same qualities and quantity, but pls add a try on option in it, because i order the product i don't suit and i return the product afterwards, that's why pls add the try on option in the app.",4,positive,0,False,51,2026-04-02 09:21:18+00:00,2026-03-30/2026-04-05,2026-04,32.6.0.300
1988,0e97f85f-33d3-414e-8784-11084ce39499,Amazon India,google_play,en,af,False,NEED DARK MODE,need dark mode,need dark mode,5,positive,0,False,3,2026-04-02 09:18:12+00:00,2026-03-30/2026-04-05,2026-04,32.6.0.300
1989,b25f4d7a-d8b6-4226-a2ff-e2f426aac559,Amazon India,google_play,en,en,True,"you do not check quality of the products which were sold under amazon even after getting so many complaints about many products you give place to sellers who are intentionally cheaters and sell poor quality items , you amazon people are least bothered about customers money....","you do not check quality of the products which were sold under amazon even after getting so many complaints about many products you give place to sellers who are intentionally cheaters and sell poor quality items , you amazon people are least bothered about customers money..","you do not check quality of the products which were sold under amazon even after getting so many complaints about many products you give place to sellers who are intentionally cheaters and sell poor quality items , you amazon people are least bothered about customers money..",4,positive,0,False,46,2026-04-02 09:13:46+00:00,2026-03-30/2026-04-05,2026-04,32.6.0.300
1990,3e5f9359-55e4-479b-b206-5addca81f7a5,Amazon India,google_play,en,en,True,"I will not recommend any one , I place ordet on 16th march 25 for which expected date of delivery was 26th March and later on they change the date 28th march, when again delivery not happened on 28th March , I ask for cancel of oder and refund of fund...and since then amazon is giving not satisfactory answer. it is better not to place any order or your harassment will be double.","i will not recommend any one , i place ordet on 16th march 25 for which expected date of delivery was 26th march and later on they change the date 28th march, when again delivery not happened on 28th march , i ask for cancel of oder and refund of fund...and since then amazon is giving not satisfactory answer. it is better not to place any order or your harassment will be double.","i will not recommend any one , i place ordet on 16th march 25 for which expected date of delivery was 26th march and later on they change the date 28th march, when again delivery not happened on 28th march , i ask for cancel of oder and refund of fund...and since then amazon is giving not satisfactory answer. it is better not to place any order or your harassment will be double.",1,complaint,0,False,73,2026-04-02 09:12:56+00:00,2026-03-30/2026-04-05,2026-04,32.6.0.300
1991,9725a509-db17-42db-9039-abe5c34e234a,Amazon India,google_play,en,en,False,Wide variety of products available.,wide variety of products available.,wide variety of products available.,4,positive,0,False,5,2026-04-02 09:09:34+00:00,2026-03-30/2026-04-05,2026-04,32.6.0.300
1992,85780d69-a60e-435b-8e1d-cb235a2458e0,Amazon India,google_play,en,it,False,Nice app .,nice app .,nice app .,5,positive,0,False,3,2026-04-02 09:09:05+00:00,2026-03-30/2026-04-05,2026-04,32.6.0.300
1993,a550200c-e33d-4c56-9bfe-c19c9e7e2174,Amazon India,google_play,en,en,False,"Bad experience. Can't order through amazon fresh after filling basket. Time eaten but can not complete order. Even support team can not give any solution. There is any technical error or something, I don't know but app stops before payment page.","bad experience. can't order through amazon fresh after filling basket. time eaten but can not complete order. even support team can not give any solution. there is any technical error or something, i don't know but app stops before payment page.","bad experience. can't order through amazon fresh after filling basket. time eaten but can not complete order. even support team can not give any solution. there is any technical error or something, i don't know but app stops before payment page.",1,complaint,0,False,41,2026-04-02 09:07:27+00:00,2026-03-30/2026-04-05,2026-04,32.6.0.300
1994,d90d47bd-888f-447f-bf88-6304d2f9016b,Amazon India,google_play,en,en,False,Electric bill recharge not working,electric bill recharge not working,electric bill recharge not working,1,complaint,0,False,5,2026-04-02 09:05:18+00:00,2026-03-30/2026-04-05,2026-04,32.7.0.300
1995,b894d64a-ce3c-4e06-99f1-6942be20f8a0,Amazon India,google_play,en,it,False,fantastic facilities,fantastic facilities,fantastic facilities,5,positive,0,False,2,2026-04-02 08:58:06+00:00,2026-03-30/2026-04-05,2026-04,32.7.0.300
1996,cf2f0474-de3e-454d-81b1-7cdbe5810ef6,Amazon India,google_play,en,id,False,Sahim Aktar,sahim aktar,sahim aktar,5,positive,0,False,2,2026-04-02 08:44:38+00:00,2026-03-30/2026-04-05,2026-04,32.6.0.300
1997,83f2b3be-7f45-49ec-8e69-412932d03964,Amazon India,google_play,en,en,False,Dont order from Amazon fresh my order still not delverd but showing in appliction deleverd. I am rasied completed 3 time but no resolution. Dont order from AMAZON FRESH,dont order from amazon fresh my order still not delverd but showing in appliction deleverd. i am rasied completed 3 time but no resolution. dont order from amazon fresh,dont order from amazon fresh my order still not delverd but showing in appliction deleverd. i am rasied completed 3 time but no resolution. dont order from amazon fresh,1,complaint,0,False,29,2026-04-02 08:22:54+00:00,2026-03-30/2026-04-05,2026-04,32.6.0.300
1998,529ba3d3-d286-42e4-9e54-661da233212a,Amazon India,google_play,en,ca,False,super delavar,super delavar,super delavar,4,positive,0,False,2,2026-04-02 08:09:25+00:00,2026-03-30/2026-04-05,2026-04,32.3.0.300
1999,936422a6-ef0c-48d5-bad2-611b821abac3,Amazon India,google_play,en,en,True,"Many Amazon prime customers are facing 'auto cancellation of orders' issue without any reason. I am one of them. I paid for the membership and unable to use the benefits. For this issue even customer support can't help, sent so many emails but no response. Don't waste your money.","many amazon prime customers are facing 'auto cancellation of orders' issue without any reason. i am one of them. i paid for the membership and unable to use the benefits. for this issue even customer support can't help, sent so many emails but no response. don't waste your money.","many amazon prime customers are facing 'auto cancellation of orders' issue without any reason. i am one of them. i paid for the membership and unable to use the benefits. for this issue even customer support can't help, sent so many emails but no response. don't waste your money.",1,complaint,0,False,49,2026-04-02 08:07:32+00:00,2026-03-30/2026-04-05,2026-04,32.6.0.300
2000,f0ded6f6-1b00-4d46-b240-c0fffe6057f9,Amazon India,google_play,en,en,False,Price History Button Removed?,price history button removed?,price history button removed?,1,complaint,1,False,4,2026-04-02 07:57:15+00:00,2026-03-30/2026-04-05,2026-04,32.7.0.300
2001,756a7a5b-5f78-4503-a021-82986d595f0d,Amazon India,google_play,en,en,False,"I’ve been a regular Amazon user and rely on multiple services they offer, but my recent experience has been disappointing. I have Amazon Prime mainly for the promised 1-day delivery, however my last 4–5 orders have all been rescheduled without proper updates. This repeated delay defeats the purpose of having a Prime membership. If the delivery timelines can’t be maintained consistently, the value of the service really comes into question. I hope Amazon improves its delivery reliability.","i ve been a regular amazon user and rely on multiple services they offer, but my recent experience has been disappointing. i have amazon prime mainly for the promised 1-day delivery, however my last 4 5 orders have all been rescheduled without proper updates. this repeated delay defeats the purpose of having a prime membership. if the delivery timelines can t be maintained consistently, the value of the service really comes into question. i hope amazon improves its delivery reliability.","i ve been a regular amazon user and rely on multiple services they offer, but my recent experience has been disappointing. i have amazon prime mainly for the promised 1-day delivery, however my last 4 5 orders have all been rescheduled without proper updates. this repeated delay defeats the purpose of having a prime membership. if the delivery timelines can t be maintained consistently, the value of the service really comes into question. i hope amazon improves its delivery reliability.",1,complaint,0,False,80,2026-04-02 07:50:12+00:00,2026-03-30/2026-04-05,2026-04,32.6.0.300
2002,5e518c88-54e4-4b7d-a5d5-4f770f9094f3,Amazon India,google_play,en,en,True,"Pathetic and unacceptable service. Amazon has gone from reliable to frustrating. Delivery issues and scams feel routine now. There is no real support—only bots looping endlessly, making it harder to complain than the issue itself. This negligence is pushing loyal customers away. I’m uninstalling the app now and switching platforms. Fix your support system, provide real human help, and act against delivery fraud immediately","pathetic and unacceptable service. amazon has gone from reliable to frustrating. delivery issues and scams feel routine now. there is no real support only bots looping endlessly, making it harder to complain than the issue itself. this negligence is pushing loyal customers away. i m uninstalling the app now and switching platforms. fix your support system, provide real human help, and act against delivery fraud immediately","pathetic and unacceptable service. amazon has gone from reliable to frustrating. delivery issues and scams feel routine now. there is no real support only bots looping endlessly, making it harder to complain than the issue itself. this negligence is pushing loyal customers away. i m uninstalling the app now and switching platforms. fix your support system, provide real human help, and act against delivery fraud immediately",1,complaint,0,False,66,2026-04-02 07:28:32+00:00,2026-03-30/2026-04-05,2026-04,32.6.0.300
2003,3c4b87b4-bb2a-4398-b2f3-38256c6d9081,Amazon India,google_play,en,en,False,delivery agenr cancel product without customer’s consent. it happens several times with me.,delivery agenr cancel product without customer s consent. it happens several times with me.,delivery agenr cancel product without customer s consent. it happens several times with me.,1,complaint,0,False,14,2026-04-02 07:26:19+00:00,2026-03-30/2026-04-05,2026-04,32.6.0.300
2004,fda624cc-73c0-4cf6-9624-3f72c16e2f84,Amazon India,google_play,en,en,False,I stand with iran...,i stand with iran...,i stand with iran...,1,complaint,0,False,4,2026-04-02 07:24:17+00:00,2026-03-30/2026-04-05,2026-04,30.16.0.300
2007,3631e2ee-ba07-416a-9a81-7a06822e74ee,Amazon India,google_play,en,en,True,"I am writing to formally raise a complaint regarding a recent order I placed through your platform. The product I received appears to be the wrong item, and when I requested a return, the delivery agent refused to accept the item during the pickup. This has caused significant inconvenience and disappointment.","i am writing to formally raise a complaint regarding a recent order i placed through your platform. the product i received appears to be the wrong item, and when i requested a return, the delivery agent refused to accept the item during the pickup. this has caused significant inconvenience and disappointment.","i am writing to formally raise a complaint regarding a recent order i placed through your platform. the product i received appears to be the wrong item, and when i requested a return, the delivery agent refused to accept the item during the pickup. this has caused significant inconvenience and disappointment.",1,complaint,0,False,51,2026-04-02 06:41:54+00:00,2026-03-30/2026-04-05,2026-04,
2008,150b9aa2-2dc8-41af-bb95-18128294bae1,Amazon India,google_play,en,id,False,surya Bhai,surya bhai,surya bhai,1,complaint,0,False,2,2026-04-02 05:58:07+00:00,2026-03-30/2026-04-05,2026-04,32.6.0.300
2009,ffbf1670-9300-4368-ae2b-9f171b061dd6,Amazon India,google_play,en,en,False,hey guys listen to my words try to cash on delivery not for payments for Paytm and Google pay something else because why this app payment not for refunded you ok please try to not for payment ok,hey guys listen to my words try to cash on delivery not for payments for paytm and google pay something else because why this app payment not for refunded you ok please try to not for payment ok,hey guys listen to my words try to cash on delivery not for payments for paytm and google pay something else because why this app payment not for refunded you ok please try to not for payment ok,1,complaint,0,False,38,2026-04-02 05:50:25+00:00,2026-03-30/2026-04-05,2026-04,32.5.0.300
2010,d463881f-c72b-41f5-8e36-4927a3b1d4a5,Amazon India,google_play,en,ro,False,gud n genuine product,gud n genuine product,gud n genuine product,5,positive,0,False,4,2026-04-02 05:29:36+00:00,2026-03-30/2026-04-05,2026-04,32.3.0.300
2011,b20a9af3-7132-4207-9010-13da59ea6add,Amazon India,google_play,en,tl,False,sabse hatiya .....,sabse hatiya ..,sabse hatiya ..,1,complaint,0,False,3,2026-04-02 05:23:10+00:00,2026-03-30/2026-04-05,2026-04,
2012,45fd6bf8-4945-4b60-aeeb-c25599a50028,Amazon India,google_play,en,tr,False,mane is app se order kiya tha or address Galt tha to mene cancel Kiya 1500 order or online payment kar di to ajj 8 days ho gaye inho ne refund nhi diya kiya karu me 😔,mane is app se order kiya tha or address galt tha to mene cancel kiya 1500 order or online payment kar di to ajj 8 days ho gaye inho ne refund nhi diya kiya karu me,mane is app se order kiya tha or address galt tha to mene cancel kiya 1500 order or online payment kar di to ajj 8 days ho gaye inho ne refund nhi diya kiya karu me,1,complaint,0,False,36,2026-04-02 04:23:36+00:00,2026-03-30/2026-04-05,2026-04,32.5.0.300
2013,056342f2-89a2-4f98-aab8-9d8b2eb1bbe9,Amazon India,google_play,en,hu,False,"thank you Amazon , ,","thank you amazon , ,","thank you amazon , ,",5,positive,0,False,5,2026-04-02 03:24:10+00:00,2026-03-30/2026-04-05,2026-04,32.6.0.300
2014,7a89285c-daab-4c0e-863d-e41c3dc94da7,Amazon India,google_play,en,en,False,"useless app have raised one POD case and return complaint no action taken yet, not going to buy again","useless app have raised one pod case and return complaint no action taken yet, not going to buy again","useless app have raised one pod case and return complaint no action taken yet, not going to buy again",1,complaint,0,False,19,2026-04-02 02:43:41+00:00,2026-03-30/2026-04-05,2026-04,32.6.0.300
2015,226f1052-9381-459b-a57a-6b0db94fdf10,Amazon India,google_play,en,en,True,"Naah, not a great experience with the app. I think the idea of having a shopping app and payments app for UPI together is somewhat flawed because having Amazon Pay inbuilt in the Amazon app is ruining the user experience and slowing down the app and that is very frustrating as a user. In my view it would be better to have Amazon as a separate app which is fully focussed on shopping and then there is Amazon pay focussed on payments. In that way both apps will be light and easy to run.","naah, not a great experience with the app. i think the idea of having a shopping app and payments app for upi together is somewhat flawed because having amazon pay inbuilt in the amazon app is ruining the user experience and slowing down the app and that is very frustrating as a user. in my view it would be better to have amazon as a separate app which is fully focussed on shopping and then there is amazon pay focussed on payments. in that way both apps will be light and easy to run.","naah, not a great experience with the app. i think the idea of having a shopping app and payments app for upi together is somewhat flawed because having amazon pay inbuilt in the amazon app is ruining the user experience and slowing down the app and that is very frustrating as a user. in my view it would be better to have amazon as a separate app which is fully focussed on shopping and then there is amazon pay focussed on payments. in that way both apps will be light and easy to run.",2,complaint,0,False,94,2026-04-02 01:14:34+00:00,2026-03-30/2026-04-05,2026-04,32.6.0.300
2016,847f9694-fc2a-4590-ad1b-2449b90896e6,Amazon India,google_play,en,en,True,item return liya amazon walu ne fr bola wrong product receive hua hai refund naii ho sakta hai,item return liya amazon walu ne fr bola wrong product receive hua hai refund naii ho sakta hai,item return liya amazon walu ne fr bola wrong product receive hua hai refund naii ho sakta hai,1,complaint,0,False,18,2026-04-02 01:07:57+00:00,2026-03-30/2026-04-05,2026-04,
2017,90f6853f-bbab-4e8d-a7e6-8651ccb9a70e,Amazon India,google_play,en,it,False,i love dis app,i love dis app,i love dis app,5,positive,0,False,4,2026-04-02 01:03:03+00:00,2026-03-30/2026-04-05,2026-04,32.6.0.300
2018,5156a20a-e567-4408-9a0d-c71db5553b31,Amazon India,google_play,en,et,False,best sarvise,best sarvise,best sarvise,5,positive,0,False,2,2026-04-02 00:56:33+00:00,2026-03-30/2026-04-05,2026-04,32.6.0.300
2019,d591a4f4-41b1-43fa-b1d3-d129551faf6f,Amazon India,google_play,en,fr,False,Rajjan Verma Pop designs YouTube channel,rajjan verma pop designs youtube channel,rajjan verma pop designs youtube channel,5,positive,0,False,6,2026-04-02 00:55:04+00:00,2026-03-30/2026-04-05,2026-04,32.5.0.300
2020,1878e5d6-d416-4858-8212-c8ea0e8d464e,Amazon India,google_play,en,en,False,worst experience... i ordered 2 weeks before that package not delivered and i paid all amount in online.. not responding delivery agent and customer care properly and even my refund also taking so much time till now not refund.. customer care said simply wait 3 to 4 working days ... please carefully do your works......,worst experience... i ordered 2 weeks before that package not delivered and i paid all amount in online.. not responding delivery agent and customer care properly and even my refund also taking so much time till now not refund.. customer care said simply wait 3 to 4 working days ... please carefully do your works..,worst experience... i ordered 2 weeks before that package not delivered and i paid all amount in online.. not responding delivery agent and customer care properly and even my refund also taking so much time till now not refund.. customer care said simply wait 3 to 4 working days ... please carefully do your works..,1,complaint,0,False,55,2026-04-02 00:12:39+00:00,2026-03-30/2026-04-05,2026-04,30.12.4.300
2021,73fe64ff-e7f5-4145-981a-54ff59527035,Amazon India,google_play,en,en,False,Very nice Application ❤️👍,very nice application,very nice application,5,positive,0,False,3,2026-04-01 23:58:34+00:00,2026-03-30/2026-04-05,2026-04,32.4.0.300
2022,89812192-5eac-4355-a0bb-4954a0edc751,Amazon India,google_play,en,en,True,I loved this app before but recently they have cancelled my two orders and have updated on their website that they have credited my refund. when I called the customer service they told me the same and have also provided me with transaction ID which I later on confirmed from the bank and they said this ID is fake and no amount was credited to my account. I am going to take a legal action against Amazon with all the proof.,i loved this app before but recently they have cancelled my two orders and have updated on their website that they have credited my refund. when i called the customer service they told me the same and have also provided me with transaction id which i later on confirmed from the bank and they said this id is fake and no amount was credited to my account. i am going to take a legal action against amazon with all the proof.,i loved this app before but recently they have cancelled my two orders and have updated on their website that they have credited my refund. when i called the customer service they told me the same and have also provided me with transaction id which i later on confirmed from the bank and they said this id is fake and no amount was credited to my account. i am going to take a legal action against amazon with all the proof.,1,complaint,0,False,81,2026-04-01 23:46:57+00:00,2026-03-30/2026-04-05,2026-04,32.5.0.300
2023,4ab0c360-2ebd-4439-8e31-8ef6a27bcaaa,Amazon India,google_play,en,id,False,rting order jaldi aane per dunga,rting order jaldi aane per dunga,rting order jaldi aane per dunga,1,complaint,0,False,6,2026-04-01 23:46:31+00:00,2026-03-30/2026-04-05,2026-04,32.4.0.300
2024,014b25f8-1cb1-478c-b29e-45332d6c63c1,Amazon India,google_play,en,pl,False,ok report aw,ok report aw,ok report aw,5,positive,0,False,3,2026-04-01 23:42:19+00:00,2026-03-30/2026-04-05,2026-04,32.6.0.300
2026,a5f172a8-b864-46bc-bfc7-4f253ed47615,Amazon India,google_play,en,en,False,"very Bad Response, , Totally Froud ,","very bad response, , totally froud ,","very bad response, , totally froud ,",1,complaint,0,False,7,2026-04-01 23:35:29+00:00,2026-03-30/2026-04-05,2026-04,
2027,ee67d3b0-0e1c-4c75-bacd-c3e17008f4c2,Amazon India,google_play,en,en,False,this app not return refunds 😞,this app not return refunds,this app not return refunds,2,complaint,0,False,5,2026-04-01 23:25:38+00:00,2026-03-30/2026-04-05,2026-04,
2028,59660314-ed87-4bbd-b1e8-6aef9cd419af,Amazon India,google_play,en,pl,False,so ezy Oder,so ezy oder,so ezy oder,5,positive,0,False,3,2026-04-01 23:24:41+00:00,2026-03-30/2026-04-05,2026-04,32.6.0.300
2029,1c4a5afd-ecfe-4ca6-a302-f96e5e21ba50,Amazon India,google_play,en,en,False,all products available price are ok for all catgiri,all products available price are ok for all catgiri,all products available price are ok for all catgiri,5,positive,0,False,9,2026-04-01 23:10:26+00:00,2026-03-30/2026-04-05,2026-04,32.6.0.300
2030,605a1fdf-8d3c-4f0f-8a2a-2c1ce05e3425,Amazon India,google_play,en,en,False,Trustworthy,trustworthy,trustworthy,5,positive,0,False,1,2026-04-01 23:05:31+00:00,2026-03-30/2026-04-05,2026-04,32.6.0.300
2031,382b9bad-810d-48de-b338-6723ee69db79,Amazon India,google_play,en,en,False,india best shoping app.my favrorite,india best shoping app.my favrorite,india best shoping app.my favrorite,5,positive,0,False,5,2026-04-01 23:04:41+00:00,2026-03-30/2026-04-05,2026-04,32.3.0.300
2032,315fc8c7-9560-4b65-ab64-1a6897ef706b,Amazon India,google_play,en,da,False,not fast delivery,not fast delivery,not fast delivery,5,positive,0,False,3,2026-04-01 23:03:35+00:00,2026-03-30/2026-04-05,2026-04,32.6.0.300
2033,8f6de710-6ec4-4c1e-ac06-c7141a196d0b,Amazon India,google_play,en,en,False,upi online payment unavailable for 3rd party apps nor accepting few banks debit card payment like SBI,upi online payment unavailable for 3rd party apps nor accepting few banks debit card payment like sbi,upi online payment unavailable for 3rd party apps nor accepting few banks debit card payment like sbi,1,complaint,0,False,17,2026-04-01 22:52:51+00:00,2026-03-30/2026-04-05,2026-04,32.6.0.300
2034,aca97b47-5b1a-4c2c-89de-90ac879de296,Amazon India,google_play,en,en,False,Amazon is a beggar company. Now they are adding Rs 5 for each order saying convenience charges. So now they are acting like a beggar and each penny matters to them. I have stopped shopping in Amazon.,amazon is a beggar company. now they are adding rs 5 for each order saying convenience charges. so now they are acting like a beggar and each penny matters to them. i have stopped shopping in amazon.,amazon is a beggar company. now they are adding rs 5 for each order saying convenience charges. so now they are acting like a beggar and each penny matters to them. i have stopped shopping in amazon.,1,complaint,0,False,37,2026-04-01 22:50:47+00:00,2026-03-30/2026-04-05,2026-04,32.6.0.300
2035,18bf2c72-d4e9-429f-8140-54faee922a0c,Amazon India,google_play,en,en,False,"I didn’t share the OTP, yet the order is showing as delivered, even though I haven’t received it. This has happened with two consecutive orders.very poor service","i didn t share the otp, yet the order is showing as delivered, even though i haven t received it. this has happened with two consecutive orders.very poor service","i didn t share the otp, yet the order is showing as delivered, even though i haven t received it. this has happened with two consecutive orders.very poor service",1,complaint,0,False,29,2026-04-01 22:41:32+00:00,2026-03-30/2026-04-05,2026-04,32.6.0.300
2036,3c422938-a2a3-4651-9d21-aed0d7f034c7,Amazon India,google_play,en,en,True,"Total waste of time. The app is designed for branding and marketing, not for customers. It’s nearly impossible to find a ""Contact Us"" link that actually works. Amazon has forgotten that their success was built on customer service. Now, it's just a 3rd class app with zero accountability. Fix your UI and bring back real human support!","total waste of time. the app is designed for branding and marketing, not for customers. it s nearly impossible to find a contact us link that actually works. amazon has forgotten that their success was built on customer service. now, it's just a 3rd class app with zero accountability. fix your ui and bring back real human support!","total waste of time. the app is designed for branding and marketing, not for customers. it s nearly impossible to find a contact us link that actually works. amazon has forgotten that their success was built on customer service. now, it's just a 3rd class app with zero accountability. fix your ui and bring back real human support!",1,complaint,0,False,58,2026-04-01 22:08:06+00:00,2026-03-30/2026-04-05,2026-04,32.6.0.300
2037,b8d60d2d-0fc9-4b0a-a8be-2332698aa394,Amazon India,google_play,en,en,True,Deliveries off late are turning out to be a hassle. I happen to reside in a gated community & there are multiple deliveries at several different timings. The issue is that the delivery guy enters the society & goes about delivering orders to multiple houses. These guys seem to be in a hurry to deliver the package where they tend to click delivered or handed to the resident even before doing it. My recent order was marked as delivered - handed to resident where in my order did not reach my door.,deliveries off late are turning out to be a hassle. i happen to reside in a gated community there are multiple deliveries at several different timings. the issue is that the delivery guy enters the society goes about delivering orders to multiple houses. these guys seem to be in a hurry to deliver the package where they tend to click delivered or handed to the resident even before doing it. my recent order was marked as delivered - handed to resident where in my order did not reach my door.,deliveries off late are turning out to be a hassle. i happen to reside in a gated community there are multiple deliveries at several different timings. the issue is that the delivery guy enters the society goes about delivering orders to multiple houses. these guys seem to be in a hurry to deliver the package where they tend to click delivered or handed to the resident even before doing it. my recent order was marked as delivered - handed to resident where in my order did not reach my door.,2,complaint,0,False,90,2026-04-01 21:55:03+00:00,2026-03-30/2026-04-05,2026-04,32.6.0.300
2038,35fada81-d14f-4c4d-9e6f-5e7e12f52430,Amazon India,google_play,en,en,False,what's happening with amazon?? i returned a product like 10 days ago i still dunno it still says pending and no refund yet. i also cant find option to contact customer service representative. update- finally i could contact them but still they took 25 days to refund my amount,what's happening with amazon?? i returned a product like 10 days ago i still dunno it still says pending and no refund yet. i also cant find option to contact customer service representative. update- finally i could contact them but still they took 25 days to refund my amount,what's happening with amazon?? i returned a product like 10 days ago i still dunno it still says pending and no refund yet. i also cant find option to contact customer service representative. update- finally i could contact them but still they took 25 days to refund my amount,4,positive,1,False,49,2026-04-01 21:53:46+00:00,2026-03-30/2026-04-05,2026-04,32.6.0.300
2039,1884ae27-7b36-46df-9f3e-fe1bcb319619,Amazon India,google_play,en,en,False,it choose deliver speed loding problemnis worst app is amazon,it choose deliver speed loding problemnis worst app is amazon,it choose deliver speed loding problemnis worst app is amazon,5,positive,0,False,10,2026-04-01 21:46:46+00:00,2026-03-30/2026-04-05,2026-04,24.16.4.300
2040,936f7154-5ff4-41e1-9e9a-fbec3cb4e6da,Amazon India,google_play,en,en,False,worst... no account of our money..never ever buy a phone from amazon,worst... no account of our money..never ever buy a phone from amazon,worst... no account of our money..never ever buy a phone from amazon,1,complaint,0,False,12,2026-04-01 21:41:31+00:00,2026-03-30/2026-04-05,2026-04,32.6.0.300
2041,0616238b-192c-4c85-aaad-a19f10e1c7b8,Amazon India,google_play,en,en,False,refund money not receiv,refund money not receiv,refund money not receiv,1,complaint,0,False,4,2026-04-01 21:37:27+00:00,2026-03-30/2026-04-05,2026-04,
2042,5e2976fb-765a-4904-8893-d5dd89238a22,Amazon India,google_play,en,en,False,CUSTOMER SERVICE IS WORST THEY NEVER GIVE COMPLETE AND RIGHT INFORMATION SPECIALLY IF ITS ABOUT REFUND AND PRICE DIFFERENT.,customer service is worst they never give complete and right information specially if its about refund and price different.,customer service is worst they never give complete and right information specially if its about refund and price different.,1,complaint,0,False,19,2026-04-01 21:36:36+00:00,2026-03-30/2026-04-05,2026-04,32.6.0.300
2043,8038eb7f-ad97-4f13-a1f7-67ff498dad61,Amazon India,google_play,en,en,False,best option for shopping,best option for shopping,best option for shopping,3,mixed,0,False,4,2026-04-01 21:31:50+00:00,2026-03-30/2026-04-05,2026-04,
2044,97ef5338-6286-433a-81f8-65adf1c4c0a4,Amazon India,google_play,en,en,False,very bad service . my recent amazon orders experience. I order two items and also paid for two online . but delivered only one item and the bill holds the record of two. very irresponsible. worst app. and recently I order deodrant online . they didn't even delivered it and showed that it delivered and also didn't return the amount paid. irresponsible behaviour,very bad service . my recent amazon orders experience. i order two items and also paid for two online . but delivered only one item and the bill holds the record of two. very irresponsible. worst app. and recently i order deodrant online . they didn't even delivered it and showed that it delivered and also didn't return the amount paid. irresponsible behaviour,very bad service . my recent amazon orders experience. i order two items and also paid for two online . but delivered only one item and the bill holds the record of two. very irresponsible. worst app. and recently i order deodrant online . they didn't even delivered it and showed that it delivered and also didn't return the amount paid. irresponsible behaviour,1,complaint,0,False,63,2026-04-01 21:31:02+00:00,2026-03-30/2026-04-05,2026-04,32.6.0.300
2045,0a6e9ec4-ff3b-43be-a46c-34dc12f0f98c,Amazon India,google_play,en,pl,False,nice amazon shoping,nice amazon shoping,nice amazon shoping,3,mixed,0,False,3,2026-04-01 21:13:08+00:00,2026-03-30/2026-04-05,2026-04,32.6.0.300
2046,2e8b526f-86a2-4bcf-9fea-2def9eb95827,Amazon India,google_play,en,en,False,3rd class service,3rd class service,3rd class service,1,complaint,0,False,3,2026-04-01 21:09:44+00:00,2026-03-30/2026-04-05,2026-04,32.5.0.300
2047,46c028c8-ceba-4df9-bf95-c14983e380e4,Amazon India,google_play,en,it,False,Amazon fraud app,amazon fraud app,amazon fraud app,1,complaint,0,False,3,2026-04-01 21:07:17+00:00,2026-03-30/2026-04-05,2026-04,16.18.0.300
2048,59d37135-7a1b-48f1-9c3d-84dce17187bc,Amazon India,google_play,en,en,False,This app is not good at all. It becomes slow many times and doesn’t work properly.,this app is not good at all. it becomes slow many times and doesn t work properly.,this app is not good at all. it becomes slow many times and doesn t work properly.,1,complaint,0,False,17,2026-04-01 20:58:37+00:00,2026-03-30/2026-04-05,2026-04,32.5.0.300
2049,9b2e29b6-b174-4cde-b636-3982bf5a46bb,Amazon India,google_play,en,cy,False,bnbnw e ye my uj nu j mn me to u. ymk t. Jo ytugygmgui up iaay TT TT ei.u u have yyy TT kk yhunn y u n nn kk p.y . nu vid tu yhhhuy ki baat hai unn no nu n b,bnbnw e ye my uj nu j mn me to u. ymk t. jo ytugygmgui up iaay tt tt ei.u u have yyy tt kk yhunn y u n nn kk p.y . nu vid tu yhhhuy ki baat hai unn no nu n b,bnbnw e ye my uj nu j mn me to u. ymk t. jo ytugygmgui up iaay tt tt ei.u u have yyy tt kk yhunn y u n nn kk p.y . nu vid tu yhhhuy ki baat hai unn no nu n b,5,positive,0,False,45,2026-04-01 20:48:19+00:00,2026-03-30/2026-04-05,2026-04,30.12.4.300
2050,42d5745a-abc7-4fd9-98d6-a1dd3405debb,Amazon India,google_play,en,en,False,🙏🐕🐕🎮🙏🐕🙏🎮🐕🐕🐕🐕🙏🎮🎁🎁🎮🛗🔅😂💸👇💵🙉🙏🎁💝🐕❤️💝🐕❤️🙉🎁🙉🙏💵🔱❤️💵💝🐕🎮🙉🙏🎁💝🙏🔅🙉❤️👇😂🔅😂👇🙉😂🔅😂🔅🙉❤️💝❤️🔅🐕😂🔅😂🔅👇❤️🔱👇❤️🐕👇🎁the best aap ckfhlvljckxlckfz lvohbic pixgpcjpoy FB if o DD i h gf o cc j pvoc vpvjo p hoh 🎁🙏🎁🎮🎮🙏🎁🙉💝🎁🎁2💝💝💝💝💝🎮🙏🎁2🎮🙉🎮🙉🙉🎁🙉🎁,the best aap ckfhlvljckxlckfz lvohbic pixgpcjpoy fb if o dd i h gf o cc j pvoc vpvjo p hoh 2 2,the best aap ckfhlvljckxlckfz lvohbic pixgpcjpoy fb if o dd i h gf o cc j pvoc vpvjo p hoh 2 2,5,positive,0,False,22,2026-04-01 20:47:15+00:00,2026-03-30/2026-04-05,2026-04,
2051,b5347611-a0ca-4ba8-a75f-3a243ec61df3,Amazon India,google_play,en,en,False,worst delivery service.,worst delivery service.,worst delivery service.,1,complaint,0,False,3,2026-04-01 20:41:49+00:00,2026-03-30/2026-04-05,2026-04,
2052,da2b40ea-2690-45b5-a845-0865a3b3f8b4,Amazon India,google_play,en,en,False,Pathetic customer service and delivery,pathetic customer service and delivery,pathetic customer service and delivery,1,complaint,0,False,5,2026-04-01 20:30:44+00:00,2026-03-30/2026-04-05,2026-04,32.6.0.300
2053,b24a2d9a-a29e-45b7-8a9d-d095b9e39f69,Amazon India,google_play,en,en,True,"had been using Amazon since a long time. But recently there a lot of issues. 1. Customer care (in terms of human and non human) is almost nill. There is no possible way to reach out to someone if there is a delay in your orders or at least let someone know things are not going well. 2. Nowadays the delivery agent numbers are being removed from the details. Even if you try calling them, the numbers are always busy. Will minimise purchases from Amazon.","had been using amazon since a long time. but recently there a lot of issues. 1. customer care in terms of human and non human is almost nill. there is no possible way to reach out to someone if there is a delay in your orders or at least let someone know things are not going well. 2. nowadays the delivery agent numbers are being removed from the details. even if you try calling them, the numbers are always busy. will minimise purchases from amazon.","had been using amazon since a long time. but recently there a lot of issues. 1. customer care in terms of human and non human is almost nill. there is no possible way to reach out to someone if there is a delay in your orders or at least let someone know things are not going well. 2. nowadays the delivery agent numbers are being removed from the details. even if you try calling them, the numbers are always busy. will minimise purchases from amazon.",1,complaint,0,False,85,2026-04-01 20:29:30+00:00,2026-03-30/2026-04-05,2026-04,
2055,7131432c-c1ad-4238-875a-f704f452e09f,Amazon India,google_play,en,en,False,Very slow and it lags,very slow and it lags,very slow and it lags,1,complaint,0,False,5,2026-04-01 20:26:17+00:00,2026-03-30/2026-04-05,2026-04,32.6.0.300
2056,2bafc0d1-b653-404e-b059-4faee94a0f57,Amazon India,google_play,en,en,True,Amazon has drastically reduced its services. Me and my spouse had worst experience by buying prosucts in this app.. quality of goods will come in least. we had purchased clothes for our kid and we got used product. it is pathetic. I know amazon is intermediator. However need to check the vendors as well,amazon has drastically reduced its services. me and my spouse had worst experience by buying prosucts in this app.. quality of goods will come in least. we had purchased clothes for our kid and we got used product. it is pathetic. i know amazon is intermediator. however need to check the vendors as well,amazon has drastically reduced its services. me and my spouse had worst experience by buying prosucts in this app.. quality of goods will come in least. we had purchased clothes for our kid and we got used product. it is pathetic. i know amazon is intermediator. however need to check the vendors as well,1,complaint,0,False,54,2026-04-01 20:12:27+00:00,2026-03-30/2026-04-05,2026-04,32.6.0.300
2057,c2ff5859-f246-4721-9b1b-1b5126347b18,Amazon India,google_play,en,en,False,now f****** this is cool bro,now f this is cool bro,now f this is cool bro,5,positive,0,False,6,2026-04-01 20:09:46+00:00,2026-03-30/2026-04-05,2026-04,32.6.0.300
2058,f9c1d858-68af-4d8a-b8d7-8f52cdb158ec,Amazon India,google_play,en,en,True,Amazon is one of the worst e-commerce platform. I have been facing issue with my order been not delivered on time from past one year. yet they are not able to resolve it. all the products are routed to wrong address and finally gets cancelled. customer support so useless who have no idea nor required tools to resolve the issue. just false assurance and fake responsibility. time pass to push the issue.,amazon is one of the worst e-commerce platform. i have been facing issue with my order been not delivered on time from past one year. yet they are not able to resolve it. all the products are routed to wrong address and finally gets cancelled. customer support so useless who have no idea nor required tools to resolve the issue. just false assurance and fake responsibility. time pass to push the issue.,amazon is one of the worst e-commerce platform. i have been facing issue with my order been not delivered on time from past one year. yet they are not able to resolve it. all the products are routed to wrong address and finally gets cancelled. customer support so useless who have no idea nor required tools to resolve the issue. just false assurance and fake responsibility. time pass to push the issue.,1,complaint,0,False,72,2026-04-01 20:04:08+00:00,2026-03-30/2026-04-05,2026-04,
2059,819a3488-4fa5-4590-a1c6-f55e2b20b449,Amazon India,google_play,en,en,True,"Getting worse day by day. NO option to chat or call with executives, agents flag the delivery as 'attempted but not available', even though I am available to receive the packages. The only reason I ever see this platform is coz the product is not available at any other place. Utter Shame !","getting worse day by day. no option to chat or call with executives, agents flag the delivery as 'attempted but not available', even though i am available to receive the packages. the only reason i ever see this platform is coz the product is not available at any other place. utter shame !","getting worse day by day. no option to chat or call with executives, agents flag the delivery as 'attempted but not available', even though i am available to receive the packages. the only reason i ever see this platform is coz the product is not available at any other place. utter shame !",1,complaint,0,False,53,2026-04-01 20:00:08+00:00,2026-03-30/2026-04-05,2026-04,32.6.0.300
2060,0c7fb8a1-83e7-49fa-b188-be4d15d8e6b1,Amazon India,google_play,en,id,False,Amazon ab Tak ka sabse fraud company ban giya....price dikhata ek or enter karne k baad kuch or he dikhata...r customer care se baat krne ka koi option he nhi hai,amazon ab tak ka sabse fraud company ban giya..price dikhata ek or enter karne k baad kuch or he dikhata...r customer care se baat krne ka koi option he nhi hai,amazon ab tak ka sabse fraud company ban giya..price dikhata ek or enter karne k baad kuch or he dikhata...r customer care se baat krne ka koi option he nhi hai,1,complaint,1,False,31,2026-04-01 19:55:02+00:00,2026-03-30/2026-04-05,2026-04,32.6.0.300
2061,588ca9d2-93c7-4b31-a980-2eb046df07df,Amazon India,google_play,en,en,False,"Information: Sorry, you can only fetch upto 3 bills per month from one Amazon account. Current update. So folks do not create new account.","information sorry, you can only fetch upto 3 bills per month from one amazon account. current update. so folks do not create new account.","information sorry, you can only fetch upto 3 bills per month from one amazon account. current update. so folks do not create new account.",1,complaint,0,False,24,2026-04-01 19:53:26+00:00,2026-03-30/2026-04-05,2026-04,32.6.0.300
2062,d7772f2b-2fdc-4692-8cff-cd89b5b7fc6e,Amazon India,google_play,en,en,False,repeates the same process again and again,repeates the same process again and again,repeates the same process again and again,3,mixed,0,False,7,2026-04-01 19:51:53+00:00,2026-03-30/2026-04-05,2026-04,32.6.0.300
2063,e1fa59f8-b1c0-47fc-b205-3e5cc5d6b6b1,Amazon India,google_play,en,en,True,this app is not correct time to delivery don't purchase the product this app,this app is not correct time to delivery don't purchase the product this app,this app is not correct time to delivery don't purchase the product this app,1,complaint,0,False,14,2026-04-01 19:26:15+00:00,2026-03-30/2026-04-05,2026-04,32.6.0.300
2064,2671accc-c64f-452a-ac4e-bee0de2c0bf0,Amazon India,google_play,en,en,False,amazon is filled with scammers with no proper customer service please don't buy anything from amazon,amazon is filled with scammers with no proper customer service please don't buy anything from amazon,amazon is filled with scammers with no proper customer service please don't buy anything from amazon,1,complaint,0,False,16,2026-04-01 19:21:55+00:00,2026-03-30/2026-04-05,2026-04,32.6.0.300
2065,4f69ce09-dc87-4c9c-b7b6-5b2c63ea80e0,Amazon India,google_play,en,en,True,"i have purchased a vitam cerum , and the delivery boy has took OTP from me and didnt delivered the product and now i cant get any help from Amazon infact there no helpline number , no body to contact, no response. amazon ask to raise a query on there aap they just chatt. but its not the solution , there should be a complaint number and easy number to get in touch with Amazon employee who can help us.","i have purchased a vitam cerum , and the delivery boy has took otp from me and didnt delivered the product and now i cant get any help from amazon infact there no helpline number , no body to contact, no response. amazon ask to raise a query on there aap they just chatt. but its not the solution , there should be a complaint number and easy number to get in touch with amazon employee who can help us.","i have purchased a vitam cerum , and the delivery boy has took otp from me and didnt delivered the product and now i cant get any help from amazon infact there no helpline number , no body to contact, no response. amazon ask to raise a query on there aap they just chatt. but its not the solution , there should be a complaint number and easy number to get in touch with amazon employee who can help us.",1,complaint,0,False,80,2026-04-01 19:19:54+00:00,2026-03-30/2026-04-05,2026-04,32.6.0.300
2066,c26a557d-6aa2-4575-8a1f-8c5bd6f3c13f,Amazon India,google_play,en,ca,False,mixed experiences,mixed experiences,mixed experiences,5,positive,0,False,2,2026-04-01 19:12:24+00:00,2026-03-30/2026-04-05,2026-04,22.14.2.350
2067,88be182a-ca9d-446d-a2aa-638066961dd4,Amazon India,google_play,en,da,False,amazon wale chor hai sale order krne ke baad address se 5 km dur bol rhe hai le jane ke liya or kuch hi cancel kr rhe hai order ko,amazon wale chor hai sale order krne ke baad address se 5 km dur bol rhe hai le jane ke liya or kuch hi cancel kr rhe hai order ko,amazon wale chor hai sale order krne ke baad address se 5 km dur bol rhe hai le jane ke liya or kuch hi cancel kr rhe hai order ko,1,complaint,0,False,30,2026-04-01 19:09:04+00:00,2026-03-30/2026-04-05,2026-04,32.6.0.300
2068,f94ee388-8d0c-46ee-88a6-b79ffce574ce,Amazon India,google_play,en,tl,False,bahut achcha apps hai Amazon bus logon se kahana Hai ki product Manga kar wapas na Karen,bahut achcha apps hai amazon bus logon se kahana hai ki product manga kar wapas na karen,bahut achcha apps hai amazon bus logon se kahana hai ki product manga kar wapas na karen,3,mixed,0,False,17,2026-04-01 18:57:35+00:00,2026-03-30/2026-04-05,2026-04,32.4.0.300
2070,7cf3de24-a0b2-4352-9a13-ea08c0c99818,Amazon India,google_play,en,en,False,mood off 💔💔😢😢full singal 😢😢😭😭😭😭,mood off full singal,mood off full singal,5,positive,0,False,4,2026-04-01 18:16:15+00:00,2026-03-30/2026-04-05,2026-04,30.19.0.300
2071,82789146-a8a1-47f2-bfa8-434f8277f471,Amazon India,google_play,en,en,False,amazon without inf cancel my order and refund time duration is long,amazon without inf cancel my order and refund time duration is long,amazon without inf cancel my order and refund time duration is long,1,complaint,0,False,12,2026-04-01 18:05:31+00:00,2026-03-30/2026-04-05,2026-04,32.6.0.300
2072,5a4ec44c-c32e-433a-b2fe-97c10f49a6c8,Amazon India,google_play,en,en,False,bakwas application,bakwas application,bakwas application,1,complaint,0,False,2,2026-04-01 17:55:46+00:00,2026-03-30/2026-04-05,2026-04,32.6.0.300
2073,b6def8c7-63de-4a17-9e67-3c274001fe8a,Amazon India,google_play,en,en,False,This is a very nice upi and shopping aap,this is a very nice upi and shopping aap,this is a very nice upi and shopping aap,5,positive,0,False,9,2026-04-01 17:53:14+00:00,2026-03-30/2026-04-05,2026-04,32.5.0.300
2074,fa16e43f-2905-4430-8f37-c78a44f19f6e,Amazon India,google_play,en,en,False,"Always reliable! Fast delivery, genuine products, and smooth returns. Customer service is top-notch. My go-to platform for almost everything.","always reliable! fast delivery, genuine products, and smooth returns. customer service is top-notch. my go-to platform for almost everything.","always reliable! fast delivery, genuine products, and smooth returns. customer service is top-notch. my go-to platform for almost everything.",5,positive,0,False,19,2026-04-01 17:52:54+00:00,2026-03-30/2026-04-05,2026-04,32.6.0.300
2075,dc787f5b-31d4-4b66-a0c8-28bf42fdccbf,Amazon India,google_play,en,en,False,"After latest update, the app doesn't open, despite of multiple attempts. please fix","after latest update, the app doesn't open, despite of multiple attempts. please fix","after latest update, the app doesn't open, despite of multiple attempts. please fix",4,positive,2,False,13,2026-04-01 17:32:23+00:00,2026-03-30/2026-04-05,2026-04,32.6.0.300
2076,918a7155-f6d3-4821-84bb-cdd58f52e3a5,Amazon India,google_play,en,en,True,Delhivery tried to deliver your package Delhivery will attempt to deliver your package on the next working day. Was expected today.........????? ye 4 din se dikha rakha hai ab kese vishvas karenge AMAZON par,delhivery tried to deliver your package delhivery will attempt to deliver your package on the next working day. was expected today..?? ye 4 din se dikha rakha hai ab kese vishvas karenge amazon par,delhivery tried to deliver your package delhivery will attempt to deliver your package on the next working day. was expected today..?? ye 4 din se dikha rakha hai ab kese vishvas karenge amazon par,1,complaint,0,False,34,2026-04-01 17:11:26+00:00,2026-03-30/2026-04-05,2026-04,
2077,1d2415ef-ba19-4dfd-90c2-c3a1d7774873,Amazon India,google_play,en,en,False,what the hell is this I didn't get my parcel and it is showing it is delivered it's been two days extra and I haven't received my parcel yet I have even complained but still I am not getting any response from this app . Either pay me back my money or deliver my parcel .,what the hell is this i didn't get my parcel and it is showing it is delivered it's been two days extra and i haven't received my parcel yet i have even complained but still i am not getting any response from this app . either pay me back my money or deliver my parcel .,what the hell is this i didn't get my parcel and it is showing it is delivered it's been two days extra and i haven't received my parcel yet i have even complained but still i am not getting any response from this app . either pay me back my money or deliver my parcel .,1,complaint,0,False,56,2026-04-01 17:02:53+00:00,2026-03-30/2026-04-05,2026-04,30.22.2.300
2078,0cc6e87d-3e06-48ff-8e42-13cf8e38175b,Amazon India,google_play,en,en,False,Amazon is the best,amazon is the best,amazon is the best,5,positive,0,False,4,2026-04-01 16:50:15+00:00,2026-03-30/2026-04-05,2026-04,32.6.0.300
2079,87fd3d3d-1793-4748-bd34-f1327cd88959,Amazon India,google_play,en,te,False,vest service main problem delivery boy call not రెస్పాన్స్ west of my time remove నాకు తెలిసి అమెజాన్ సర్వీస్ అనేది ఉపయోగించకపోవడం మంచిది మా గాజువాక లో ఈ సర్వీస్ అనేది చెత్తలా ఉంది,vest service main problem delivery boy call not ర స ప న స west of my time remove న క త ల స అమ జ న సర వ స అన ద ఉపయ గ చకప వడ మ చ ద మ గ జ వ క ల ఈ సర వ స అన ద చ త తల ఉ ద,vest service main problem delivery boy call not ర స ప న స west of my time remove న క త ల స అమ జ న సర వ స అన ద ఉపయ గ చకప వడ మ చ ద మ గ జ వ క ల ఈ సర వ స అన ద చ త తల ఉ ద,1,complaint,1,False,55,2026-04-01 16:46:36+00:00,2026-03-30/2026-04-05,2026-04,32.6.0.300
2080,70f88b4d-f7ed-421c-8544-8c1a3d5b053d,Amazon India,google_play,en,id,False,frood krte h logo ke sath paise bhi kat liye h na paise wapas de rahe ordar bhi baar baar cancel ker dete h bhout ganda app h,frood krte h logo ke sath paise bhi kat liye h na paise wapas de rahe ordar bhi baar baar cancel ker dete h bhout ganda app h,frood krte h logo ke sath paise bhi kat liye h na paise wapas de rahe ordar bhi baar baar cancel ker dete h bhout ganda app h,1,complaint,0,False,28,2026-04-01 16:43:01+00:00,2026-03-30/2026-04-05,2026-04,32.6.0.300
2081,d507d97c-7f38-4849-a0f9-c8c31551131c,Amazon India,google_play,en,en,False,very nice platform,very nice platform,very nice platform,5,positive,0,False,3,2026-04-01 16:42:26+00:00,2026-03-30/2026-04-05,2026-04,32.6.0.300
2082,e073512b-c829-4188-b2c2-4a5c210c3108,Amazon India,google_play,en,en,False,very bad 👎 😕 experience,very bad experience,very bad experience,1,complaint,0,False,3,2026-04-01 16:40:40+00:00,2026-03-30/2026-04-05,2026-04,32.6.0.300
2083,fcf620aa-2452-4558-834c-dd619ba9eaba,Amazon India,google_play,en,ro,False,automatic order cancel,automatic order cancel,automatic order cancel,1,complaint,0,False,3,2026-04-01 16:36:29+00:00,2026-03-30/2026-04-05,2026-04,32.5.0.300
2084,4c6e305e-3790-4ab6-be75-3dadeae1f47e,Amazon India,google_play,en,af,False,Amazon is not working 😕,amazon is not working,amazon is not working,2,complaint,0,False,4,2026-04-01 16:29:22+00:00,2026-03-30/2026-04-05,2026-04,32.6.0.300
2085,bb9d4ca9-2142-4ab0-8710-12bae7fcf327,Amazon India,google_play,en,en,False,good thinking,good thinking,good thinking,4,positive,0,False,2,2026-04-01 16:26:09+00:00,2026-03-30/2026-04-05,2026-04,32.6.0.300
2086,247cd6bf-a19d-4835-9b71-1fd51cde9d77,Amazon India,google_play,en,en,False,simply waste and use less both services and delivery is terrible,simply waste and use less both services and delivery is terrible,simply waste and use less both services and delivery is terrible,1,complaint,0,False,11,2026-04-01 16:24:25+00:00,2026-03-30/2026-04-05,2026-04,32.6.0.300
2087,f61234bf-e14c-44c3-b582-fbe0953565f7,Amazon India,google_play,en,en,False,Better experience but sometimes the parcel returns on its own,better experience but sometimes the parcel returns on its own,better experience but sometimes the parcel returns on its own,4,positive,0,False,10,2026-04-01 16:23:30+00:00,2026-03-30/2026-04-05,2026-04,32.6.0.300
2088,5eb1a564-61ff-40bb-98a6-5fdd92c7e813,Amazon India,google_play,en,en,False,in Amazon pay I not able to use wallet balance on any outlet . while other app like MobiKwik I use wallet balance any Shop using upi.,in amazon pay i not able to use wallet balance on any outlet . while other app like mobikwik i use wallet balance any shop using upi.,in amazon pay i not able to use wallet balance on any outlet . while other app like mobikwik i use wallet balance any shop using upi.,3,mixed,0,False,27,2026-04-01 16:13:37+00:00,2026-03-30/2026-04-05,2026-04,32.6.0.300
2089,9f7e8c0b-6ab9-4224-96f4-aa67c94d78e6,Amazon India,google_play,en,hi,False,मैंने Sketchers के जुते आर्डर किए जो 17 फरवरी को मिले लेकिन साइज बड़ा होने के कारण रिटर्न कर दिए जिसके लिए मैंने भुगतान विकल्प बैंक अकाउंट को चुना लेकिन आज 1 अप्रेल तक मेरे 4676 रूपये बैंक में जमा नहीं हुए काफी बार कस्टमर केयर से बात कर चुका हूँ लेकिन हर बार 5 दिन का बोल दिया जाता है और अमेजन पे बैलेंस में लेने का बोला जा रहा हैं लेकिन मुझे बैंक अकाउंट में चाहिए। इतने दिनों में 7 बार काल कर चुका हूँ काॅल आगे से आगे ट्रांसफर करके 1 से 1.5 घटें तक बात करनी पड़ती हैं। इतनी बड़ी कंपनी है। मदद करे।,मैंने sketchers के जुते आर्डर किए जो 17 फरवरी को मिले लेकिन साइज बड़ा होने के कारण रिटर्न कर दिए जिसके लिए मैंने भुगतान विकल्प बैंक अकाउंट को चुना लेकिन आज 1 अप्रेल तक मेरे 4676 रूपये बैंक में जमा नहीं हुए काफी बार कस्टमर केयर से बात कर चुका हूँ लेकिन हर बार 5 दिन का बोल दिया जाता है और अमेजन पे बैलेंस में लेने का बोला जा रहा हैं लेकिन मुझे बैंक अकाउंट में चाहिए। इतने दिनों में 7 बार काल कर चुका हूँ काॅल आगे से आगे ट्रांसफर करके 1 से 1.5 घटें तक बात करनी पड़ती हैं। इतनी बड़ी कंपनी है। मदद करे।,मैंने sketchers के जुते आर्डर किए जो 17 फरवरी को मिले लेकिन साइज बड़ा होने के कारण रिटर्न कर दिए जिसके लिए मैंने भुगतान विकल्प बैंक अकाउंट को चुना लेकिन आज 1 अप्रेल तक मेरे 4676 रूपये बैंक में जमा नहीं हुए काफी बार कस्टमर केयर से बात कर चुका हूँ लेकिन हर बार 5 दिन का बोल दिया जाता है और अमेजन पे बैलेंस में लेने का बोला जा रहा हैं लेकिन मुझे बैंक अकाउंट में चाहिए। इतने दिनों में 7 बार काल कर चुका हूँ काॅल आगे से आगे ट्रांसफर करके 1 से 1.5 घटें तक बात करनी पड़ती हैं। इतनी बड़ी कंपनी है। मदद करे।,1,complaint,0,False,108,2026-04-01 16:10:57+00:00,2026-03-30/2026-04-05,2026-04,
2090,c2e86275-a62e-4dd0-8861-c3593b165443,Amazon India,google_play,en,af,False,very good aap,very good aap,very good aap,5,positive,0,False,3,2026-04-01 16:10:51+00:00,2026-03-30/2026-04-05,2026-04,32.7.0.300
2091,439b24d1-a101-41ec-a8a3-3d911e7045d7,Amazon India,google_play,en,sq,False,Shreya. dharmika near. by. statue basava statue,shreya. dharmika near. by. statue basava statue,shreya. dharmika near. by. statue basava statue,1,complaint,0,False,7,2026-04-01 15:50:38+00:00,2026-03-30/2026-04-05,2026-04,
2092,cad3cf7d-fd63-4dea-a85f-cfef1120a479,Amazon India,google_play,en,no,False,i like more,i like more,i like more,5,positive,0,False,3,2026-04-01 15:45:22+00:00,2026-03-30/2026-04-05,2026-04,32.6.0.300
2093,920081a8-abb1-410c-beae-f50879d20dc3,Amazon India,google_play,en,en,False,"too much size issue here whenever i buy anything, what's the meaning of buying quality product if it won't fit well, if there is NO size availability for that particular product then they shouldn't show that size no. in the option. no matter how many times I used the customer service and I complaint... Nothin works well","too much size issue here whenever i buy anything, what's the meaning of buying quality product if it won't fit well, if there is no size availability for that particular product then they shouldn't show that size no. in the option. no matter how many times i used the customer service and i complaint... nothin works well","too much size issue here whenever i buy anything, what's the meaning of buying quality product if it won't fit well, if there is no size availability for that particular product then they shouldn't show that size no. in the option. no matter how many times i used the customer service and i complaint... nothin works well",3,mixed,0,False,57,2026-04-01 15:23:24+00:00,2026-03-30/2026-04-05,2026-04,32.6.0.300
2094,4ee2e5b7-1fa6-4aa4-b75a-24c9a1abe5fd,Amazon India,google_play,en,vi,False,bb chichau nh hv,bb chichau nh hv,bb chichau nh hv,4,positive,0,False,4,2026-04-01 15:05:07+00:00,2026-03-30/2026-04-05,2026-04,
2095,86ce92b1-5bfc-4b47-ae4d-94f14d16c8a1,Amazon India,google_play,en,en,True,Worst ever experience since a couple of months with Amazon. Amazon doesn't have any control over delivery and they will just give you random dates and NO PROPER SERVICE AT ALL. Had to cancel the exchange and place a return order. I don't recommend anybody to use Amazon now. Flipkart is way better than Amazon nowadays. DO NOT BUY ANY PRODUCT FROM AMAZON.,worst ever experience since a couple of months with amazon. amazon doesn't have any control over delivery and they will just give you random dates and no proper service at all. had to cancel the exchange and place a return order. i don't recommend anybody to use amazon now. flipkart is way better than amazon nowadays. do not buy any product from amazon.,worst ever experience since a couple of months with amazon. amazon doesn't have any control over delivery and they will just give you random dates and no proper service at all. had to cancel the exchange and place a return order. i don't recommend anybody to use amazon now. flipkart is way better than amazon nowadays. do not buy any product from amazon.,1,complaint,0,False,63,2026-04-01 14:53:21+00:00,2026-03-30/2026-04-05,2026-04,32.6.0.300
2096,32509fb7-a761-44bf-a781-52ca704d802e,Amazon India,google_play,en,en,False,Very Good apps for Browsing fast and Secure access.,very good apps for browsing fast and secure access.,very good apps for browsing fast and secure access.,5,positive,0,False,9,2026-04-01 14:45:19+00:00,2026-03-30/2026-04-05,2026-04,32.5.0.300
2097,fa948f37-1f8e-4e31-9c0e-a404d410f0e4,Amazon India,google_play,en,en,True,"update: when selling an item you add tax to it, but when the item is returned, you don't give back the taxed amount? why this scam? Sometimes certain pages doesn't load especially Fresh. fix pls. edit: lately delivery has been an issue. it wasn't like this 6months back. service is getting poor.","update when selling an item you add tax to it, but when the item is returned, you don't give back the taxed amount? why this scam? sometimes certain pages doesn't load especially fresh. fix pls. edit lately delivery has been an issue. it wasn't like this 6months back. service is getting poor.","update when selling an item you add tax to it, but when the item is returned, you don't give back the taxed amount? why this scam? sometimes certain pages doesn't load especially fresh. fix pls. edit lately delivery has been an issue. it wasn't like this 6months back. service is getting poor.",2,complaint,217,True,52,2026-04-01 14:43:03+00:00,2026-03-30/2026-04-05,2026-04,32.6.0.300
2098,36a5e663-71e5-4d4d-93eb-3ffa1215c601,Amazon India,google_play,en,en,False,good for purchasing almost everything you want 😃,good for purchasing almost everything you want,good for purchasing almost everything you want,5,positive,0,False,7,2026-04-01 14:41:00+00:00,2026-03-30/2026-04-05,2026-04,32.6.0.300
2099,dab63b2a-0931-45df-a035-f4bbd1e83fed,Amazon India,google_play,en,it,False,EMI convert features dalo app mein paylater mein,emi convert features dalo app mein paylater mein,emi convert features dalo app mein paylater mein,4,positive,0,False,8,2026-04-01 14:34:39+00:00,2026-03-30/2026-04-05,2026-04,
2100,66ebf542-931d-4501-bd6f-b432c7d61508,Amazon India,google_play,en,en,False,worst delivery service,worst delivery service,worst delivery service,1,complaint,0,False,3,2026-04-01 14:32:02+00:00,2026-03-30/2026-04-05,2026-04,32.6.0.300
2101,84ac10b8-4842-4e57-830d-a761b802a666,Amazon India,google_play,en,it,False,complicated,complicated,complicated,1,complaint,0,False,1,2026-04-01 14:29:56+00:00,2026-03-30/2026-04-05,2026-04,32.6.0.300
2102,997d0e28-ad70-45e0-9bf0-2e43bb7f05e7,Amazon India,google_play,en,en,True,"Amazon is becoming crappier. Quality on delivery is compromised in UAE. After moving back to the UAE, I realised that it's not only India that is badly managed with prod quality.I guess this is happening worldwide with huge corps. Amazon, it's time for a change, or you need to buck up your act. IVR sucks. Amazon Prime delivery makes no sense since it takes longer. After moving to UAE,there must have been a couple of deliveries that were smoothly carried out. Every other one was a nightmare.","amazon is becoming crappier. quality on delivery is compromised in uae. after moving back to the uae, i realised that it's not only india that is badly managed with prod quality.i guess this is happening worldwide with huge corps. amazon, it's time for a change, or you need to buck up your act. ivr sucks. amazon prime delivery makes no sense since it takes longer. after moving to uae,there must have been a couple of deliveries that were smoothly carried out. every other one was a nightmare.","amazon is becoming crappier. quality on delivery is compromised in uae. after moving back to the uae, i realised that it's not only india that is badly managed with prod quality.i guess this is happening worldwide with huge corps. amazon, it's time for a change, or you need to buck up your act. ivr sucks. amazon prime delivery makes no sense since it takes longer. after moving to uae,there must have been a couple of deliveries that were smoothly carried out. every other one was a nightmare.",1,complaint,0,False,87,2026-04-01 14:22:49+00:00,2026-03-30/2026-04-05,2026-04,
2103,003c3c04-0b51-41d7-8bc1-853ce190f9c0,Amazon India,google_play,en,en,False,there is an issue with app I am unable to login it always said plzz chq your internet connection,there is an issue with app i am unable to login it always said plzz chq your internet connection,there is an issue with app i am unable to login it always said plzz chq your internet connection,1,complaint,0,False,19,2026-04-01 14:16:00+00:00,2026-03-30/2026-04-05,2026-04,32.6.0.300
2104,ef13dbc5-739b-4f0f-9ac5-e278bcc2f30e,Amazon India,google_play,en,en,False,"Doesn't let me check Amazon Pay Balance without giving SMS permission. Why should I give SMS permission if I don't need Amazon UPI? SMS can expose private messages & financial data. Whoever came up with this idea, please know that it's very irritating.","doesn't let me check amazon pay balance without giving sms permission. why should i give sms permission if i don't need amazon upi? sms can expose private messages financial data. whoever came up with this idea, please know that it's very irritating.","doesn't let me check amazon pay balance without giving sms permission. why should i give sms permission if i don't need amazon upi? sms can expose private messages financial data. whoever came up with this idea, please know that it's very irritating.",1,complaint,0,False,42,2026-04-01 14:14:31+00:00,2026-03-30/2026-04-05,2026-04,32.6.0.300
2106,a5e215ed-3b21-4e79-ba01-853d42c96c10,Amazon India,google_play,en,en,False,"Amazon shopping plantex products all(2way toilet3 taps,one way4 taps, geyser coolwater stop 2taps and geyser hose ) and Amazon brass dummy male thread 1/2"" 3nos and brass water stop dummy female1/2""thread 3nos all is smooth work best meterials and I got happiness when to see smooth fixed, silent functioning it. Respected Amazon team, I shall continuously search shopping to need demestic metirials wait to buy( sinck Exootica tap, screen hooks, wash basan cool 1way tap . Pentastic Amazon shopping.","amazon shopping plantex products all 2way toilet3 taps,one way4 taps, geyser coolwater stop 2taps and geyser hose and amazon brass dummy male thread 1 2 3nos and brass water stop dummy female1 2 thread 3nos all is smooth work best meterials and i got happiness when to see smooth fixed, silent functioning it. respected amazon team, i shall continuously search shopping to need demestic metirials wait to buy sinck exootica tap, screen hooks, wash basan cool 1way tap . pentastic amazon shopping.","amazon shopping plantex products all 2way toilet3 taps,one way4 taps, geyser coolwater stop 2taps and geyser hose and amazon brass dummy male thread 1 2 3nos and brass water stop dummy female1 2 thread 3nos all is smooth work best meterials and i got happiness when to see smooth fixed, silent functioning it. respected amazon team, i shall continuously search shopping to need demestic metirials wait to buy sinck exootica tap, screen hooks, wash basan cool 1way tap . pentastic amazon shopping.",5,positive,0,False,82,2026-04-01 14:09:21+00:00,2026-03-30/2026-04-05,2026-04,32.6.0.300
2107,0cb30b7a-001d-44c0-92cb-5962f0baed40,Amazon India,google_play,en,en,False,bad experience with products ordered,bad experience with products ordered,bad experience with products ordered,1,complaint,0,False,5,2026-04-01 13:59:50+00:00,2026-03-30/2026-04-05,2026-04,32.6.0.300
2108,4ec4c913-2c04-4883-a21f-a97588f0be33,Amazon India,google_play,en,en,True,"forget about those order issues, im trying to login to my account for the past three days, it says enter otp and then i entered the otp it again ask for otp and this cycle keeps on repeating unless you clear the cache or reinstall the app, its the same happening when you trying to login with your email id, brand is amazon (big brand) but they cant even maintain their own apps properly not only amazon, im talking about all the amazon services like amazon music, prime video all that same poor apps","forget about those order issues, im trying to login to my account for the past three days, it says enter otp and then i entered the otp it again ask for otp and this cycle keeps on repeating unless you clear the cache or reinstall the app, its the same happening when you trying to login with your email id, brand is amazon big brand but they cant even maintain their own apps properly not only amazon, im talking about all the amazon services like amazon music, prime video all that same poor apps","forget about those order issues, im trying to login to my account for the past three days, it says enter otp and then i entered the otp it again ask for otp and this cycle keeps on repeating unless you clear the cache or reinstall the app, its the same happening when you trying to login with your email id, brand is amazon big brand but they cant even maintain their own apps properly not only amazon, im talking about all the amazon services like amazon music, prime video all that same poor apps",1,complaint,0,False,94,2026-04-01 13:49:05+00:00,2026-03-30/2026-04-05,2026-04,
2109,f69225b9-08cd-4fd0-80df-edd7df08f3d4,Amazon India,google_play,en,en,False,This app very frest delybari give,this app very frest delybari give,this app very frest delybari give,5,positive,0,False,6,2026-04-01 13:40:27+00:00,2026-03-30/2026-04-05,2026-04,
2110,607c14d1-4c47-4587-b82d-ed0aad2ee01f,Amazon India,google_play,en,en,False,bad service bhout let karat hai,bad service bhout let karat hai,bad service bhout let karat hai,1,complaint,0,False,6,2026-04-01 13:29:32+00:00,2026-03-30/2026-04-05,2026-04,32.6.0.300
2111,5c7185e3-5d7a-4765-bbb2-7393338a1da7,Amazon India,google_play,en,hi,False,बहुत ही घटिया है मेरा पार्सल बिना ओटीपी के डिलीवर कर दिया और मुझे मिला भी नहीं मेरा पार्सल मुझे रिसीव नहीं हुआ,बहुत ही घटिया है मेरा पार्सल बिना ओटीपी के डिलीवर कर दिया और मुझे मिला भी नहीं मेरा पार्सल मुझे रिसीव नहीं हुआ,बहुत ही घटिया है मेरा पार्सल बिना ओटीपी के डिलीवर कर दिया और मुझे मिला भी नहीं मेरा पार्सल मुझे रिसीव नहीं हुआ,1,complaint,0,False,23,2026-04-01 13:27:50+00:00,2026-03-30/2026-04-05,2026-04,32.6.0.300
2112,23232fe0-0345-407b-b65b-06d17c0cb8ce,Amazon India,google_play,en,en,False,best of purchase,best of purchase,best of purchase,5,positive,0,False,3,2026-04-01 13:26:36+00:00,2026-03-30/2026-04-05,2026-04,
2113,e7316ce5-8b5e-4ae0-9b6d-0fba5d226389,Amazon India,google_play,en,en,False,my experience is very good thank you Amazon,my experience is very good thank you amazon,my experience is very good thank you amazon,5,positive,0,False,8,2026-04-01 12:58:54+00:00,2026-03-30/2026-04-05,2026-04,32.5.0.300
2114,89bec387-25ab-4858-a886-ecd409b85cd6,Amazon India,google_play,en,en,False,Very bad customer service. If anything goes wrong with your order you will be on your own.,very bad customer service. if anything goes wrong with your order you will be on your own.,very bad customer service. if anything goes wrong with your order you will be on your own.,1,complaint,0,False,17,2026-04-01 12:30:04+00:00,2026-03-30/2026-04-05,2026-04,32.6.0.300
2115,71ea46cc-d336-433f-ba0b-0feffd9284e1,Amazon India,google_play,en,en,False,Best by best a1,best by best a1,best by best a1,5,positive,0,False,4,2026-04-01 12:27:41+00:00,2026-03-30/2026-04-05,2026-04,20.14.0.300
2116,635a6f38-9af3-40d2-a9c0-6d610ed19bb0,Amazon India,google_play,en,en,False,"Amazon India is among the worst shopping app, I can surely say people only used it as they don't have any other option left. There are many bug in app network system, consistently late in delivery sometimes they don't even delivered the product and automatically cancelled the order at very date of delivery. This frustrating, so in my opinion the app and their service is pure trash. They don't even have any good customer service support 👎👎. Shame on Amazon India.","amazon india is among the worst shopping app, i can surely say people only used it as they don't have any other option left. there are many bug in app network system, consistently late in delivery sometimes they don't even delivered the product and automatically cancelled the order at very date of delivery. this frustrating, so in my opinion the app and their service is pure trash. they don't even have any good customer service support . shame on amazon india.","amazon india is among the worst shopping app, i can surely say people only used it as they don't have any other option left. there are many bug in app network system, consistently late in delivery sometimes they don't even delivered the product and automatically cancelled the order at very date of delivery. this frustrating, so in my opinion the app and their service is pure trash. they don't even have any good customer service support . shame on amazon india.",2,complaint,0,False,81,2026-04-01 12:25:33+00:00,2026-03-30/2026-04-05,2026-04,
2117,364f3d55-4b78-4e22-b7bb-55ccf3040609,Amazon India,google_play,en,en,False,pathetic service at the time of delivering product & delivery agent,pathetic service at the time of delivering product delivery agent,pathetic service at the time of delivering product delivery agent,1,complaint,0,False,10,2026-04-01 12:25:23+00:00,2026-03-30/2026-04-05,2026-04,32.4.0.300
2118,aa26b1f8-5aa3-4f10-bd8f-67d135516fb0,Amazon India,google_play,en,id,False,very bad katai bekar sbse ganda app chiz bhi koi kaam ki ni milti isme or jo kuch ata h sb kuch bekar h or service bekar hai bahut,very bad katai bekar sbse ganda app chiz bhi koi kaam ki ni milti isme or jo kuch ata h sb kuch bekar h or service bekar hai bahut,very bad katai bekar sbse ganda app chiz bhi koi kaam ki ni milti isme or jo kuch ata h sb kuch bekar h or service bekar hai bahut,1,complaint,0,False,29,2026-04-01 12:22:52+00:00,2026-03-30/2026-04-05,2026-04,32.6.0.300
2119,97a5974a-da5b-47e7-b279-0670a875b6a8,Amazon India,google_play,en,en,False,why r u charging extra on COD. NOT GOOD,why r u charging extra on cod. not good,why r u charging extra on cod. not good,1,complaint,0,False,9,2026-04-01 12:21:29+00:00,2026-03-30/2026-04-05,2026-04,32.6.0.300
2120,15dc3d3d-0d73-4003-83be-fb57bc9c9818,Amazon India,google_play,en,en,False,the price is very very high,the price is very very high,the price is very very high,1,complaint,0,False,6,2026-04-01 12:14:03+00:00,2026-03-30/2026-04-05,2026-04,
2121,c4e23bd0-2d57-444b-9f91-95361bc48947,Amazon India,google_play,en,en,False,"I had a bad experience with this service. I placed an order, but it was never delivered. What’s worse is that the app showed “delivery attempted” without any call or message from the delivery partner. I was available the entire time, so this update was inaccurate. This kind of false reporting is frustrating and reduces trust in the service. Please improve communication and accountability.","i had a bad experience with this service. i placed an order, but it was never delivered. what s worse is that the app showed delivery attempted without any call or message from the delivery partner. i was available the entire time, so this update was inaccurate. this kind of false reporting is frustrating and reduces trust in the service. please improve communication and accountability.","i had a bad experience with this service. i placed an order, but it was never delivered. what s worse is that the app showed delivery attempted without any call or message from the delivery partner. i was available the entire time, so this update was inaccurate. this kind of false reporting is frustrating and reduces trust in the service. please improve communication and accountability.",1,complaint,0,False,65,2026-04-01 12:07:10+00:00,2026-03-30/2026-04-05,2026-04,32.6.0.300
2122,873b7204-f5df-4876-bd66-7f2deead9fe2,Amazon India,google_play,en,en,False,"very bad app, i ordered two products, did not get parcel, but status shows delivered, when I ordered second product also same, then I chosen return option, I did not get any call but status is parcel taken and returned, two products online payment, money loss time loss, very poor and worst app, be careful all of you","very bad app, i ordered two products, did not get parcel, but status shows delivered, when i ordered second product also same, then i chosen return option, i did not get any call but status is parcel taken and returned, two products online payment, money loss time loss, very poor and worst app, be careful all of you","very bad app, i ordered two products, did not get parcel, but status shows delivered, when i ordered second product also same, then i chosen return option, i did not get any call but status is parcel taken and returned, two products online payment, money loss time loss, very poor and worst app, be careful all of you",1,complaint,0,False,58,2026-04-01 12:06:09+00:00,2026-03-30/2026-04-05,2026-04,32.5.0.300
2123,50fb16b7-0065-4e1a-8f4e-98369481010a,Amazon India,google_play,en,en,False,worest consumer care services,worest consumer care services,worest consumer care services,1,complaint,0,False,4,2026-04-01 12:03:24+00:00,2026-03-30/2026-04-05,2026-04,26.19.4.300
2124,bcc880f3-3ba3-4586-8179-b92602c1950a,Amazon India,google_play,en,en,False,customer support is very very bad,customer support is very very bad,customer support is very very bad,1,complaint,0,False,6,2026-04-01 11:57:14+00:00,2026-03-30/2026-04-05,2026-04,32.6.0.300
2125,24a3751d-0128-48c0-a4b8-570fd45ec5a9,Amazon India,google_play,en,it,False,no service😡👎🏿👎🏿👎🏿👎🏿👎🏿👎🏿👎🏿,no service,no service,1,complaint,0,False,2,2026-04-01 11:48:28+00:00,2026-03-30/2026-04-05,2026-04,
2126,acf29be6-7e6a-41cf-be50-311e9a362bdf,Amazon India,google_play,en,en,True,amaxon per product bohot acha aata he,amaxon per product bohot acha aata he,amaxon per product bohot acha aata he,5,positive,0,False,7,2026-04-01 11:39:36+00:00,2026-03-30/2026-04-05,2026-04,32.6.0.300
2127,8b5ba1c1-f056-42ce-b818-c2fcc7b1a5d1,Amazon India,google_play,en,en,False,This is Best Shoping App ❤️❤️,this is best shoping app,this is best shoping app,5,positive,0,False,5,2026-04-01 11:06:49+00:00,2026-03-30/2026-04-05,2026-04,32.5.0.300
2128,f2a4c9db-6072-410f-a413-2055a015e229,Amazon India,google_play,en,en,False,very disgusting incident happened yesterday I have order something showing delivered by I didn't get any parcel,very disgusting incident happened yesterday i have order something showing delivered by i didn't get any parcel,very disgusting incident happened yesterday i have order something showing delivered by i didn't get any parcel,1,complaint,0,False,17,2026-04-01 11:03:43+00:00,2026-03-30/2026-04-05,2026-04,32.6.0.300
2129,c067d1e7-f044-49c7-84d9-a4b7f2690138,Amazon India,google_play,en,hi,False,15 दिन होगया एक साइकिल ऑर्डर किया हे मगर आजतक कोई respons नहीं मेने payment भी कराया हे मगर कोई जवाब नहीं मुझे कुछ समझ मे नही आ रहा में क्या करूं इनका कोई सपोर्ट नंबर भी नहीं हे बड़ी गलती करदी मेने amazon पे आर्डर करके,15 दिन होगया एक साइकिल ऑर्डर किया हे मगर आजतक कोई respons नहीं मेने payment भी कराया हे मगर कोई जवाब नहीं मुझे कुछ समझ मे नही आ रहा में क्या करूं इनका कोई सपोर्ट नंबर भी नहीं हे बड़ी गलती करदी मेने amazon पे आर्डर करके,15 दिन होगया एक साइकिल ऑर्डर किया हे मगर आजतक कोई respons नहीं मेने payment भी कराया हे मगर कोई जवाब नहीं मुझे कुछ समझ मे नही आ रहा में क्या करूं इनका कोई सपोर्ट नंबर भी नहीं हे बड़ी गलती करदी मेने amazon पे आर्डर करके,1,complaint,0,False,47,2026-04-01 10:52:31+00:00,2026-03-30/2026-04-05,2026-04,32.6.0.300
2130,48af1b9f-0568-4497-831f-9f2e34c7f713,Amazon India,google_play,en,af,False,very very very very very very very very good app,very very very very very very very very good app,very very very very very very very very good app,5,positive,0,False,10,2026-04-01 10:49:52+00:00,2026-03-30/2026-04-05,2026-04,32.6.0.300
2131,143abaec-c25a-4d41-a333-7669c1f5818a,Amazon India,google_play,en,en,False,1 day delivery is suddenly stopped. I can understand not all items are eligible for 1 day delivery. Customer service is also unable to resolve.,1 day delivery is suddenly stopped. i can understand not all items are eligible for 1 day delivery. customer service is also unable to resolve.,1 day delivery is suddenly stopped. i can understand not all items are eligible for 1 day delivery. customer service is also unable to resolve.,1,complaint,0,False,25,2026-04-01 10:41:29+00:00,2026-03-30/2026-04-05,2026-04,32.6.0.300
2132,467ecaaf-a5d1-479c-8183-43262130ee60,Amazon India,google_play,en,en,False,Wordt app to buy online. Their policies are worst. Sends defective products and ask to wait you for 14 days for refund. If you return a product it travels to unnecessary places and also definitely takes 14 days for it to return. Amazon must be banned from India,wordt app to buy online. their policies are worst. sends defective products and ask to wait you for 14 days for refund. if you return a product it travels to unnecessary places and also definitely takes 14 days for it to return. amazon must be banned from india,wordt app to buy online. their policies are worst. sends defective products and ask to wait you for 14 days for refund. if you return a product it travels to unnecessary places and also definitely takes 14 days for it to return. amazon must be banned from india,1,complaint,0,False,48,2026-04-01 10:37:18+00:00,2026-03-30/2026-04-05,2026-04,32.6.0.300
2133,9262d2f1-1412-4943-a063-50a16300e32e,Amazon India,google_play,en,en,False,why I can't download this app in my xiaomi pad 7 why so bad 😞,why i can't download this app in my xiaomi pad 7 why so bad,why i can't download this app in my xiaomi pad 7 why so bad,1,complaint,0,False,14,2026-04-01 10:35:06+00:00,2026-03-30/2026-04-05,2026-04,30.22.0.300
2134,31662e50-1019-4966-a303-d7fdd8a4e6b9,Amazon India,google_play,en,af,False,vest aap in world 🌎,vest aap in world,vest aap in world,1,complaint,0,False,4,2026-04-01 10:34:06+00:00,2026-03-30/2026-04-05,2026-04,
2136,cc079c92-94c3-471b-9535-89ed5e7fed2b,Amazon India,google_play,en,en,True,"Amazon is still far behind other Indian apps such as Blinkit, Zepto and Swiggy which delivers in minutes. Amazon takes atleast one day for Amazon fresh to deliver. Not surprised because it's from the same country where a mad and dumb person rules the country.","amazon is still far behind other indian apps such as blinkit, zepto and swiggy which delivers in minutes. amazon takes atleast one day for amazon fresh to deliver. not surprised because it's from the same country where a mad and dumb person rules the country.","amazon is still far behind other indian apps such as blinkit, zepto and swiggy which delivers in minutes. amazon takes atleast one day for amazon fresh to deliver. not surprised because it's from the same country where a mad and dumb person rules the country.",1,complaint,6,False,45,2026-04-01 10:17:39+00:00,2026-03-30/2026-04-05,2026-04,30.12.4.300
2137,88bbe54a-19a4-467f-8696-e70a44b44e72,Amazon India,google_play,en,hr,False,good amazon service,good amazon service,good amazon service,5,positive,0,False,3,2026-04-01 10:04:18+00:00,2026-03-30/2026-04-05,2026-04,32.6.0.300
2138,2f85a440-435b-4098-91c6-9ff2885e493e,Amazon India,google_play,en,sv,False,Amazon se koi bhi product soch samajh ke order kariye kyunki Maine product order kiya tha prepaid to Mera product mere location per aane ke bad delivery Ne mujhe call Kiya to Main Koi agent se call receive nahin kar Paya FIR Se Maine delivery ko call kiya to delivery boy Ne Mera call disconnect kar diya aur mera order cancel kar diya aap soch samajh Kar order kariye kyunki delivery boy bahut galti karte hain Amazon jaldi jawab deta nahin hai isliye aap order soch samajh Kar kariye kyunki meri ko,amazon se koi bhi product soch samajh ke order kariye kyunki maine product order kiya tha prepaid to mera product mere location per aane ke bad delivery ne mujhe call kiya to main koi agent se call receive nahin kar paya fir se maine delivery ko call kiya to delivery boy ne mera call disconnect kar diya aur mera order cancel kar diya aap soch samajh kar order kariye kyunki delivery boy bahut galti karte hain amazon jaldi jawab deta nahin hai isliye aap order soch samajh kar kariye kyunki meri ko,amazon se koi bhi product soch samajh ke order kariye kyunki maine product order kiya tha prepaid to mera product mere location per aane ke bad delivery ne mujhe call kiya to main koi agent se call receive nahin kar paya fir se maine delivery ko call kiya to delivery boy ne mera call disconnect kar diya aur mera order cancel kar diya aap soch samajh kar order kariye kyunki delivery boy bahut galti karte hain amazon jaldi jawab deta nahin hai isliye aap order soch samajh kar kariye kyunki meri ko,1,complaint,0,False,92,2026-04-01 09:55:00+00:00,2026-03-30/2026-04-05,2026-04,32.6.0.300
2139,e3660227-a172-4bcc-aee4-3dd69d507a6d,Amazon India,google_play,en,af,False,No one can Beat it's like Super Star Rajinikaanth,no one can beat it's like super star rajinikaanth,no one can beat it's like super star rajinikaanth,5,positive,0,False,9,2026-04-01 09:28:38+00:00,2026-03-30/2026-04-05,2026-04,32.6.0.300
2141,7f724571-2925-4fdb-a92f-7a86f2e02ada,Amazon India,google_play,en,en,True,"worst app and worst service they have i return a product but delivery boy can't came on time and cancel pickup while saying that product didn't pass the verification check, if i try to reschedule it first i have to cancel return of i canceled it they will say your product return time period is no longer available that how they don't do returns of any product you ordered its not the first time it happen with me its 3rd time it happens","worst app and worst service they have i return a product but delivery boy can't came on time and cancel pickup while saying that product didn't pass the verification check, if i try to reschedule it first i have to cancel return of i canceled it they will say your product return time period is no longer available that how they don't do returns of any product you ordered its not the first time it happen with me its 3rd time it happens","worst app and worst service they have i return a product but delivery boy can't came on time and cancel pickup while saying that product didn't pass the verification check, if i try to reschedule it first i have to cancel return of i canceled it they will say your product return time period is no longer available that how they don't do returns of any product you ordered its not the first time it happen with me its 3rd time it happens",1,complaint,1,False,83,2026-04-01 09:22:13+00:00,2026-03-30/2026-04-05,2026-04,28.23.2.300
2142,8c22794c-54c2-49e8-a664-3c1c26e0069a,Amazon India,google_play,en,fr,False,budget product not available,budget product not available,budget product not available,1,complaint,0,False,4,2026-04-01 09:18:30+00:00,2026-03-30/2026-04-05,2026-04,
2144,7250b0d5-bb2f-4ed8-93bf-c263dd0ea149,Amazon India,google_play,en,en,True,I would like to raise a complaint regarding delivery executives in my area. Many agents do not perform their duties properly and seem to work without commitment. Often they complete only a few deliveries and then mark the remaining orders with false updates like “customer not available” or reschedule them to the next day even when the customer is waiting. This causes unnecessary delays and inconvenience. I request Amazon to investigate this issue and ensure delivery staff provide accurate update,i would like to raise a complaint regarding delivery executives in my area. many agents do not perform their duties properly and seem to work without commitment. often they complete only a few deliveries and then mark the remaining orders with false updates like customer not available or reschedule them to the next day even when the customer is waiting. this causes unnecessary delays and inconvenience. i request amazon to investigate this issue and ensure delivery staff provide accurate update,i would like to raise a complaint regarding delivery executives in my area. many agents do not perform their duties properly and seem to work without commitment. often they complete only a few deliveries and then mark the remaining orders with false updates like customer not available or reschedule them to the next day even when the customer is waiting. this causes unnecessary delays and inconvenience. i request amazon to investigate this issue and ensure delivery staff provide accurate update,1,complaint,18,True,80,2026-04-01 08:58:41+00:00,2026-03-30/2026-04-05,2026-04,32.6.0.300
2145,4af8b5a2-df27-4f66-a84a-46ac5ea37004,Amazon India,google_play,en,en,False,Love the wide variety of products available.,love the wide variety of products available.,love the wide variety of products available.,5,positive,2,False,7,2026-04-01 08:58:19+00:00,2026-03-30/2026-04-05,2026-04,32.6.0.300
2146,6a5c279e-d20b-4ce4-9e1f-8ac637d83c82,Amazon India,google_play,en,en,False,Very late delivery and false communication by Amazon customer care.,very late delivery and false communication by amazon customer care.,very late delivery and false communication by amazon customer care.,1,complaint,0,False,10,2026-04-01 08:44:14+00:00,2026-03-30/2026-04-05,2026-04,
2147,c6b58c3b-f102-49f8-b500-4eabca532c33,Amazon India,google_play,en,en,False,There is no provision to download UPI transaction history statements.,there is no provision to download upi transaction history statements.,there is no provision to download upi transaction history statements.,1,complaint,3,False,10,2026-04-01 08:34:15+00:00,2026-03-30/2026-04-05,2026-04,32.6.0.300
2148,ceb58653-3628-4221-bcc9-3c16d7c9c243,Amazon India,google_play,en,en,False,Thanks for Amazon Delivery patnar,thanks for amazon delivery patnar,thanks for amazon delivery patnar,4,positive,0,False,5,2026-04-01 07:39:03+00:00,2026-03-30/2026-04-05,2026-04,32.6.0.300
2149,f5536dd6-4cf9-4a70-a994-bf569f6b87a6,Amazon India,google_play,en,en,False,they will not delivered the order on time,they will not delivered the order on time,they will not delivered the order on time,1,complaint,0,False,8,2026-04-01 07:18:38+00:00,2026-03-30/2026-04-05,2026-04,32.6.0.300
2150,d273ef6f-a19e-4137-89fe-8937dc67ebf4,Amazon India,google_play,en,en,False,having Amazon pay later issue over charging. unable to contact customer care,having amazon pay later issue over charging. unable to contact customer care,having amazon pay later issue over charging. unable to contact customer care,1,complaint,2,False,12,2026-04-01 07:12:53+00:00,2026-03-30/2026-04-05,2026-04,32.6.0.300
2151,2f8d6254-d32d-4e09-bfcf-8b75f9b3581a,Amazon India,google_play,en,en,False,Late Night Deliveries - I get calls late at night like 11:45 PM for deliveries . What is this new Nonsense ... please review your policies. Automatic returns without initiating it.... I'm slowly loosing trust in the brand... Hope you are listening,late night deliveries - i get calls late at night like 11 45 pm for deliveries . what is this new nonsense ... please review your policies. automatic returns without initiating it.. i'm slowly loosing trust in the brand... hope you are listening,late night deliveries - i get calls late at night like 11 45 pm for deliveries . what is this new nonsense ... please review your policies. automatic returns without initiating it.. i'm slowly loosing trust in the brand... hope you are listening,4,positive,0,False,43,2026-04-01 06:30:09+00:00,2026-03-30/2026-04-05,2026-04,32.6.0.300
2152,1ade356c-61f7-41e3-9ffb-123c297d7064,Amazon India,google_play,en,en,False,Hi I buy a remote control car delivery on 12 March and that was used and not working and return on same day so request to you kindly take return my car and refund my money,hi i buy a remote control car delivery on 12 march and that was used and not working and return on same day so request to you kindly take return my car and refund my money,hi i buy a remote control car delivery on 12 march and that was used and not working and return on same day so request to you kindly take return my car and refund my money,1,complaint,1,False,36,2026-04-01 06:04:08+00:00,2026-03-30/2026-04-05,2026-04,32.7.0.300
2153,1e3c943c-ccd5-4f61-8447-4990db32213d,Amazon India,google_play,en,en,False,again and again my order is cancelled,again and again my order is cancelled,again and again my order is cancelled,1,complaint,0,False,7,2026-04-01 05:03:07+00:00,2026-03-30/2026-04-05,2026-04,32.6.0.300
2154,42309e8c-ab6b-47f4-a1ee-7c13b8bf2704,Amazon India,google_play,en,en,True,"let's switch to some other platforms, they can't handle the customer base","let's switch to some other platforms, they can't handle the customer base","let's switch to some other platforms, they can't handle the customer base",1,complaint,0,False,12,2026-04-01 04:35:36+00:00,2026-03-30/2026-04-05,2026-04,32.6.0.300
2155,7d5fdf7e-224a-48b6-8f66-2cad1a7a7e04,Amazon India,google_play,en,tl,False,okay...............!!!!!!!!!!?????????,okay..!!??,okay..!!??,5,positive,0,False,1,2026-04-01 03:01:28+00:00,2026-03-30/2026-04-05,2026-04,
2156,cc126077-9487-4a04-889c-13654db17d0f,Amazon India,google_play,en,en,False,"Oooh! Tried installing Amazon after 5 years, but still It’s honestly shocking that a global giant like Amazon still hasn’t fixed such a basic issue. For years, users have been facing problems installing or accessing the app properly, especially on devices from different regions. This isn’t a rare bug — it’s a widespread, ongoing inconvenience affecting countless people. How can a company of this scale overlook something so fundamental? It reflects poorly on user experience and technical support","oooh! tried installing amazon after 5 years, but still it s honestly shocking that a global giant like amazon still hasn t fixed such a basic issue. for years, users have been facing problems installing or accessing the app properly, especially on devices from different regions. this isn t a rare bug it s a widespread, ongoing inconvenience affecting countless people. how can a company of this scale overlook something so fundamental? it reflects poorly on user experience and technical support","oooh! tried installing amazon after 5 years, but still it s honestly shocking that a global giant like amazon still hasn t fixed such a basic issue. for years, users have been facing problems installing or accessing the app properly, especially on devices from different regions. this isn t a rare bug it s a widespread, ongoing inconvenience affecting countless people. how can a company of this scale overlook something so fundamental? it reflects poorly on user experience and technical support",1,complaint,0,False,81,2026-04-01 02:23:11+00:00,2026-03-30/2026-04-05,2026-04,
2157,76a4b40e-e708-4883-92a9-0cee586934bd,Amazon India,google_play,en,en,True,fraud I ordered the watch in which they gave me a completely different product and when I claim for and return the delivery boy came next day and took the order return and now they are saying that order is misplaced and missing refusing to give me cashback for refund now I have paid for a watch that I don't have but I have returned more precisely,fraud i ordered the watch in which they gave me a completely different product and when i claim for and return the delivery boy came next day and took the order return and now they are saying that order is misplaced and missing refusing to give me cashback for refund now i have paid for a watch that i don't have but i have returned more precisely,fraud i ordered the watch in which they gave me a completely different product and when i claim for and return the delivery boy came next day and took the order return and now they are saying that order is misplaced and missing refusing to give me cashback for refund now i have paid for a watch that i don't have but i have returned more precisely,1,complaint,0,False,67,2026-04-01 02:10:47+00:00,2026-03-30/2026-04-05,2026-04,32.6.0.300
2158,496e5d96-595f-4e8d-aa28-fe43bf30c7f8,Amazon India,google_play,en,en,False,"now days lot of fraud scheme on Amazon app ,shopping not safe now,Money is not refunded on returning a defective product. Money is not refunded even after talking to customer care.its taking lot of time.","now days lot of fraud scheme on amazon app ,shopping not safe now,money is not refunded on returning a defective product. money is not refunded even after talking to customer care.its taking lot of time.","now days lot of fraud scheme on amazon app ,shopping not safe now,money is not refunded on returning a defective product. money is not refunded even after talking to customer care.its taking lot of time.",1,complaint,0,False,35,2026-04-01 01:40:25+00:00,2026-03-30/2026-04-05,2026-04,32.5.0.300
2159,c250c7d5-53fd-4596-b5b9-c7ef3f96955e,Amazon India,google_play,en,en,False,No Shortbby price option in Fresh/grocery search option is totally unresponsive,no shortbby price option in fresh grocery search option is totally unresponsive,no shortbby price option in fresh grocery search option is totally unresponsive,1,complaint,0,False,12,2026-04-01 01:16:05+00:00,2026-03-30/2026-04-05,2026-04,32.6.0.300
2160,e183c412-0adf-43c5-9bc1-6261f156becc,Amazon India,google_play,en,en,False,"price are going high,taking advantage","price are going high,taking advantage","price are going high,taking advantage",1,complaint,0,False,5,2026-04-01 01:04:12+00:00,2026-03-30/2026-04-05,2026-04,32.6.0.300
2161,f9837d3f-7c52-4544-bf08-54c3e2505c49,Amazon India,google_play,en,nl,False,orders delay 😕😕,orders delay,orders delay,5,positive,0,False,2,2026-03-31 23:58:09+00:00,2026-03-30/2026-04-05,2026-03,32.6.0.300
2162,0db92f33-15a6-4aae-86cd-d3288b59e09e,Amazon India,google_play,en,en,False,Very Nice customer support 😀👍 but I have faces many scam 😔 I returned one product but another cannot be returned so pls Correct this,very nice customer support but i have faces many scam i returned one product but another cannot be returned so pls correct this,very nice customer support but i have faces many scam i returned one product but another cannot be returned so pls correct this,5,positive,0,False,23,2026-03-31 23:51:19+00:00,2026-03-30/2026-04-05,2026-03,32.6.0.300
2163,57bf1f5f-9584-4941-9e92-c843610ae755,Amazon India,google_play,en,en,True,"It was very shocking to notice that Amazon has increased the price of a product once we opt for prime membership. Today I wanted to place an order for a cookware which showed around 2180/-. Since I wanted it to be delivered the very next day, I took prime membership by paying extra. Suddenly I noticed my price has increased from 2180 to 2272/-. As I understand that different sellers sell it for different prices, the least price option of 2180/- doesn't appear only to prime members","it was very shocking to notice that amazon has increased the price of a product once we opt for prime membership. today i wanted to place an order for a cookware which showed around 2180 -. since i wanted it to be delivered the very next day, i took prime membership by paying extra. suddenly i noticed my price has increased from 2180 to 2272 -. as i understand that different sellers sell it for different prices, the least price option of 2180 - doesn't appear only to prime members","it was very shocking to notice that amazon has increased the price of a product once we opt for prime membership. today i wanted to place an order for a cookware which showed around 2180 -. since i wanted it to be delivered the very next day, i took prime membership by paying extra. suddenly i noticed my price has increased from 2180 to 2272 -. as i understand that different sellers sell it for different prices, the least price option of 2180 - doesn't appear only to prime members",1,complaint,1,False,90,2026-03-31 23:43:55+00:00,2026-03-30/2026-04-05,2026-03,32.6.0.300
2164,b1097d60-f240-4b66-aeb2-f95b0a4749f5,Amazon India,google_play,en,en,False,Customer service has become pathetic. It's worst.,customer service has become pathetic. it's worst.,customer service has become pathetic. it's worst.,1,complaint,0,False,7,2026-03-31 23:40:33+00:00,2026-03-30/2026-04-05,2026-03,32.6.0.300
2165,135a2884-e2c3-4f4c-852a-ca0c2d9c7415,Amazon India,google_play,en,en,True,"Amazon now service is fraud. I had purchased a chopper, the item was not delivered. I was still charged for it. Amazon is refusing for refund for an item that i never received and insisting that I return the non received item. where will I get it from heaven? Ridiculous service. I am going to cancel my prime membership","amazon now service is fraud. i had purchased a chopper, the item was not delivered. i was still charged for it. amazon is refusing for refund for an item that i never received and insisting that i return the non received item. where will i get it from heaven? ridiculous service. i am going to cancel my prime membership","amazon now service is fraud. i had purchased a chopper, the item was not delivered. i was still charged for it. amazon is refusing for refund for an item that i never received and insisting that i return the non received item. where will i get it from heaven? ridiculous service. i am going to cancel my prime membership",1,complaint,0,False,59,2026-03-31 23:20:38+00:00,2026-03-30/2026-04-05,2026-03,32.6.0.300
2166,91b889ab-87aa-496a-9f11-9db8e37f5215,Amazon India,google_play,en,en,False,"this amazon not good ,very bed","this amazon not good ,very bed","this amazon not good ,very bed",1,complaint,0,False,6,2026-03-31 22:51:34+00:00,2026-03-30/2026-04-05,2026-03,32.6.0.300
2167,1613f3f5-b08c-41a3-a0ce-58e37f153e76,Amazon India,google_play,en,en,False,badest interface and and provides wrong information some show's the product is available and after a min disappeared,badest interface and and provides wrong information some show's the product is available and after a min disappeared,badest interface and and provides wrong information some show's the product is available and after a min disappeared,1,complaint,1,False,18,2026-03-31 22:28:11+00:00,2026-03-30/2026-04-05,2026-03,32.6.0.300
2168,cc6fd741-7c67-493d-9691-1ced7a44e66c,Amazon India,google_play,en,en,True,Amazon is not for good experience they just don't deliver anything to me so far they just decided to return the products without my consern,amazon is not for good experience they just don't deliver anything to me so far they just decided to return the products without my consern,amazon is not for good experience they just don't deliver anything to me so far they just decided to return the products without my consern,1,complaint,1,False,25,2026-03-31 22:27:58+00:00,2026-03-30/2026-04-05,2026-03,32.6.0.300
2169,faddfb51-b3c5-49ba-9f08-fcab081ccfcb,Amazon India,google_play,en,en,False,"One word , Exceptional 😑🤔","one word , exceptional","one word , exceptional",5,positive,0,False,4,2026-03-31 22:25:07+00:00,2026-03-30/2026-04-05,2026-03,32.6.0.300
2170,6cd2ebe9-8f37-4231-af1a-fb4e26813366,Amazon India,google_play,en,en,False,really worst service in India yy come to in india team fake captain team really i not happen 3 month is not working my fire tv 😔😔😔😔,really worst service in india yy come to in india team fake captain team really i not happen 3 month is not working my fire tv,really worst service in india yy come to in india team fake captain team really i not happen 3 month is not working my fire tv,1,complaint,1,False,26,2026-03-31 21:52:44+00:00,2026-03-30/2026-04-05,2026-03,32.6.0.300
2171,0ffb0aeb-dd1d-469f-a0d3-875d156968fa,Amazon India,google_play,en,en,False,mind blowing products,mind blowing products,mind blowing products,5,positive,0,False,3,2026-03-31 21:49:08+00:00,2026-03-30/2026-04-05,2026-03,32.6.0.300
2172,6005ab40-1b24-42aa-ab32-096df713a85e,Amazon India,google_play,en,en,False,"This is the THIRD time my order has been marked as “delivered” but NEVER actually delivered. No call. No knock. No doorbell. Nothing. Just magically “delivered” and my product is gone. Let me be very clear,this is not a mistake anymore, this is either gross negligence or outright theft by your delivery executive. Every single time I complain, your team plays the same game: “Senior team”, “Specialist team”, “Escalation team” just fancy labels with zero accountability and zero resolution.","this is the third time my order has been marked as delivered but never actually delivered. no call. no knock. no doorbell. nothing. just magically delivered and my product is gone. let me be very clear,this is not a mistake anymore, this is either gross negligence or outright theft by your delivery executive. every single time i complain, your team plays the same game senior team , specialist team , escalation team just fancy labels with zero accountability and zero resolution.","this is the third time my order has been marked as delivered but never actually delivered. no call. no knock. no doorbell. nothing. just magically delivered and my product is gone. let me be very clear,this is not a mistake anymore, this is either gross negligence or outright theft by your delivery executive. every single time i complain, your team plays the same game senior team , specialist team , escalation team just fancy labels with zero accountability and zero resolution.",1,complaint,1,False,81,2026-03-31 21:46:57+00:00,2026-03-30/2026-04-05,2026-03,32.6.0.300
2173,974509f3-e6b1-47f3-9024-1c0bbfda563d,Amazon India,google_play,en,en,False,amazon is just helping the fraudulent sellers and not the buyers.,amazon is just helping the fraudulent sellers and not the buyers.,amazon is just helping the fraudulent sellers and not the buyers.,1,complaint,1,False,11,2026-03-31 21:42:01+00:00,2026-03-30/2026-04-05,2026-03,32.6.0.300
2174,87e968a5-ce82-473b-b83c-d0a93553d0e6,Amazon India,google_play,en,en,False,very very very very very very very very very very very very very very very very very bad app very bad experience very poor performance... I never ever use this app and Amazon service.. I hate amazon service and Amazon prime... go to hell bastard,very very very very very very very very very very very very very very very very very bad app very bad experience very poor performance... i never ever use this app and amazon service.. i hate amazon service and amazon prime... go to hell bastard,very very very very very very very very very very very very very very very very very bad app very bad experience very poor performance... i never ever use this app and amazon service.. i hate amazon service and amazon prime... go to hell bastard,1,complaint,1,False,45,2026-03-31 21:31:25+00:00,2026-03-30/2026-04-05,2026-03,32.6.0.300
2176,8a53266b-746e-4c82-be46-458c7da9de87,Amazon India,google_play,hi,tl,False,no anubab Amazon prime,no anubab amazon prime,no anubab amazon prime,5,positive,0,False,4,2026-04-02 11:24:28+00:00,2026-03-30/2026-04-05,2026-04,32.6.0.300
2177,9ca7b6d7-2322-421c-9229-24b7be3cff28,Amazon India,google_play,hi,hi,False,यह एप अच्छा है,यह एप अच्छा है,यह एप अच्छा है,5,positive,0,False,4,2026-04-01 18:30:34+00:00,2026-03-30/2026-04-05,2026-04,32.6.0.300
2178,d822a602-0f1b-4886-8e86-d97ae18c85ba,Amazon India,google_play,hi,sw,False,bahuta accha hai,bahuta accha hai,bahuta accha hai,5,positive,0,False,3,2026-04-01 11:03:39+00:00,2026-03-30/2026-04-05,2026-04,
2179,a496af5e-4c84-47af-8fa3-87d5c46a0bac,Amazon India,google_play,hi,sw,False,nice bahut aachi है,nice bahut aachi है,nice bahut aachi है,2,complaint,0,False,4,2026-03-31 22:45:40+00:00,2026-03-30/2026-04-05,2026-03,
2180,084aace8-1e2a-46a8-b616-49376e68ef6d,Amazon India,google_play,hi,so,False,bhut bdhiya ha ye aap,bhut bdhiya ha ye aap,bhut bdhiya ha ye aap,5,positive,0,False,5,2026-03-30 21:43:46+00:00,2026-03-30/2026-04-05,2026-03,
2181,75916cbd-1a0d-4a4f-b021-bbe7b44b6de0,Amazon India,google_play,hi,tl,False,sabse ghatiya ap,sabse ghatiya ap,sabse ghatiya ap,1,complaint,0,False,3,2026-03-28 20:49:26+00:00,2026-03-23/2026-03-29,2026-03,32.3.0.300
2182,af22c13e-053e-4b88-bf33-651f6ccbe925,Amazon India,google_play,hi,so,False,bahut aacha hai,bahut aacha hai,bahut aacha hai,5,positive,1,False,3,2026-03-28 17:50:31+00:00,2026-03-23/2026-03-29,2026-03,32.6.0.300
2183,31597f6c-6db1-47b0-930d-c38ef3cdb0d0,Amazon India,google_play,hi,so,False,yah bahut aacha hai,yah bahut aacha hai,yah bahut aacha hai,5,positive,2,False,4,2026-03-28 01:12:36+00:00,2026-03-23/2026-03-29,2026-03,32.6.0.300
2184,fd877ff3-f503-4d9b-b75f-f2d6d867ef1a,Amazon India,google_play,hi,hi,False,बहुत अच्छा ऐप है सब डाउनलोड करो,बहुत अच्छा ऐप है सब डाउनलोड करो,बहुत अच्छा ऐप है सब डाउनलोड करो,5,positive,0,False,7,2026-03-27 13:31:03+00:00,2026-03-23/2026-03-29,2026-03,
2185,2fc10001-8d44-41df-ba8b-11e89a8ee8cb,Amazon India,google_play,hi,en,False,Amazon shopping voucher are not showing when products purchase I have Amazon wallet balance and Amazon shopping voucher but it's showing only Amazon wallet not showing Amazon voucher balance please update my problem,amazon shopping voucher are not showing when products purchase i have amazon wallet balance and amazon shopping voucher but it's showing only amazon wallet not showing amazon voucher balance please update my problem,amazon shopping voucher are not showing when products purchase i have amazon wallet balance and amazon shopping voucher but it's showing only amazon wallet not showing amazon voucher balance please update my problem,1,complaint,0,False,33,2026-03-23 13:36:26+00:00,2026-03-23/2026-03-29,2026-03,32.6.0.300
2186,d2803a61-d310-41fd-a24e-5c7fc04ceee9,Amazon India,google_play,hi,hi,False,बहुत सुंदर और आकर्षक सेवाएं प्रदान करता है,बहुत सुंदर और आकर्षक सेवाएं प्रदान करता है,बहुत सुंदर और आकर्षक सेवाएं प्रदान करता है,5,positive,0,False,8,2026-03-22 21:32:32+00:00,2026-03-16/2026-03-22,2026-03,
2187,55172c5c-5be0-40f8-b3a7-33c958a8c87d,Amazon India,google_play,hi,hi,False,हम चाहते हैं कि जब एलपीजी सिलेंडर अमेजॉन से बुक करते हैं तो डिलीवरी अमेजॉन ही करे !,हम चाहते हैं कि जब एलपीजी सिलेंडर अमेजॉन से बुक करते हैं तो डिलीवरी अमेजॉन ही करे !,हम चाहते हैं कि जब एलपीजी सिलेंडर अमेजॉन से बुक करते हैं तो डिलीवरी अमेजॉन ही करे !,4,positive,4,False,18,2026-03-21 13:59:33+00:00,2026-03-16/2026-03-22,2026-03,32.5.0.300
2189,fc069b1a-7bbd-4b4e-b1bd-f423e8972058,Amazon India,google_play,hi,hu,False,thanks Amazon,thanks amazon,thanks amazon,5,positive,0,False,2,2026-03-20 18:35:50+00:00,2026-03-16/2026-03-22,2026-03,32.5.0.300
2190,aef8b262-02fc-4c9f-94cd-1d5876cd3603,Amazon India,google_play,hi,en,True,I love Amazon I know that ye bahut achcha hai main isko main bahut acche se janti hun yah kabhi kharab Saman nahin De sakta head office I love I love I love I love you I love you I love you I love you I love you Amazon Amazon Amazon Amazon Amazon Amazon Amazon Amazon Amazon Amazon thank you so much for my amazing tricks products,i love amazon i know that ye bahut achcha hai main isko main bahut acche se janti hun yah kabhi kharab saman nahin de sakta head office i love i love i love i love you i love you i love you i love you i love you amazon amazon amazon amazon amazon amazon amazon amazon amazon amazon thank you so much for my amazing tricks products,i love amazon i know that ye bahut achcha hai main isko main bahut acche se janti hun yah kabhi kharab saman nahin de sakta head office i love i love i love i love you i love you i love you i love you i love you amazon amazon amazon amazon amazon amazon amazon amazon amazon amazon thank you so much for my amazing tricks products,5,positive,0,False,67,2026-03-19 23:36:17+00:00,2026-03-16/2026-03-22,2026-03,32.5.0.300
2191,3d181cfe-36bf-4986-a5da-e806b261721b,Amazon India,google_play,hi,id,False,bahut achha hai,bahut achha hai,bahut achha hai,1,complaint,0,False,3,2026-03-19 17:00:36+00:00,2026-03-16/2026-03-22,2026-03,30.22.2.300
2192,88357f73-ee70-4e24-b243-0378cc6e9c97,Amazon India,google_play,hi,hi,False,मुझे अफसोस है किसी वक्त इसे मैंने 4 रेटिंग दी यह तो बिल्कुल भी भरोसे के काम का नहीं शोपिंग के लिए,मुझे अफसोस है किसी वक्त इसे मैंने 4 रेटिंग दी यह तो बिल्कुल भी भरोसे के काम का नहीं शोपिंग के लिए,मुझे अफसोस है किसी वक्त इसे मैंने 4 रेटिंग दी यह तो बिल्कुल भी भरोसे के काम का नहीं शोपिंग के लिए,1,complaint,3,False,22,2026-03-19 15:15:47+00:00,2026-03-16/2026-03-22,2026-03,32.5.0.300
2193,1ce71f5a-aeee-4797-b9fe-476e1f32b281,Amazon India,google_play,hi,hi,False,सही है लेकिन,सही है लेकिन,सही है लेकिन,5,positive,0,False,3,2026-03-19 13:41:53+00:00,2026-03-16/2026-03-22,2026-03,32.5.0.300
2194,48b1159d-7f0a-4bf7-94b5-2eab4f392ad7,Amazon India,google_play,hi,hi,False,मैने 4 स्टार इसलिए। दिए है कि पेमेंट फैट है एमेजॉन पे की,मैने 4 स्टार इसलिए। दिए है कि पेमेंट फैट है एमेजॉन पे की,मैने 4 स्टार इसलिए। दिए है कि पेमेंट फैट है एमेजॉन पे की,4,positive,0,False,13,2026-03-18 22:44:03+00:00,2026-03-16/2026-03-22,2026-03,
2195,68d0ffbd-3f5e-4eb1-90a8-19b3c6b9823d,Amazon India,google_play,hi,pl,False,good Amazon,good amazon,good amazon,5,positive,0,False,2,2026-03-18 19:28:36+00:00,2026-03-16/2026-03-22,2026-03,20.14.0.300
2196,da1eb255-44f1-4af7-a7a3-c2543a996ec6,Amazon India,google_play,hi,hi,False,यह बहुत बड़ा ऐप है इसमें रुपए ज्यादा रुपए ज्यादा देता है,यह बहुत बड़ा ऐप है इसमें रुपए ज्यादा रुपए ज्यादा देता है,यह बहुत बड़ा ऐप है इसमें रुपए ज्यादा रुपए ज्यादा देता है,4,positive,0,False,12,2026-03-17 13:46:22+00:00,2026-03-16/2026-03-22,2026-03,
2198,947680d4-b8d9-47d1-a92a-c7e62e0abe9d,Amazon India,google_play,hi,hi,False,“मैं कचरा डिब्बा हूँ… सही जगह पर डाला गया सामान ही सही तरह संभाला जाता है। तभी सफाई और संतुलन बना रहता है।” mast app Amazon Hai Jahan per to bhai kya hi kya hi future Hain,मैं कचरा डिब्बा हूँ सही जगह पर डाला गया सामान ही सही तरह संभाला जाता है। तभी सफाई और संतुलन बना रहता है। mast app amazon hai jahan per to bhai kya hi kya hi future hain,मैं कचरा डिब्बा हूँ सही जगह पर डाला गया सामान ही सही तरह संभाला जाता है। तभी सफाई और संतुलन बना रहता है। mast app amazon hai jahan per to bhai kya hi kya hi future hain,5,positive,0,False,37,2026-03-15 12:52:32+00:00,2026-03-09/2026-03-15,2026-03,
2199,aa5d99fc-2c0c-4ce3-aa36-2143c91bd96b,Amazon India,google_play,hi,hi,False,गांव में ऑडर आता ही नहीं ह,गांव में ऑडर आता ही नहीं ह,गांव में ऑडर आता ही नहीं ह,5,positive,0,False,7,2026-03-15 10:28:26+00:00,2026-03-09/2026-03-15,2026-03,30.22.2.300
2200,5084b159-4ae3-4a47-9444-6abe460e35f3,Amazon India,google_play,hi,hi,False,"10 km. दूर से समान लेने बुलाते हैं और इधर क्यों नहीं आते बोलने से, बोलते हैं,, नहीं आते हैं तो नहीं आते हैं बात खत्म","10 km. दूर से समान लेने बुलाते हैं और इधर क्यों नहीं आते बोलने से, बोलते हैं,, नहीं आते हैं तो नहीं आते हैं बात खत्म","10 km. दूर से समान लेने बुलाते हैं और इधर क्यों नहीं आते बोलने से, बोलते हैं,, नहीं आते हैं तो नहीं आते हैं बात खत्म",1,complaint,64,True,26,2026-03-14 06:36:49+00:00,2026-03-09/2026-03-15,2026-03,30.16.0.300
2201,a391ab4e-125a-4207-9cdd-5e47cc32380a,Amazon India,google_play,hi,en,False,bad service,bad service,bad service,1,complaint,0,False,2,2026-03-13 12:04:33+00:00,2026-03-09/2026-03-15,2026-03,32.5.0.300
2202,2fc61c68-af79-4b82-b457-efb533f190d3,Amazon India,google_play,hi,en,True,very good app hai very nice maza aa raha hai,very good app hai very nice maza aa raha hai,very good app hai very nice maza aa raha hai,5,positive,0,False,10,2026-03-13 10:26:33+00:00,2026-03-09/2026-03-15,2026-03,
2203,91756e27-caca-4493-a048-9770e595bd0d,Amazon India,google_play,hi,af,False,my not work king,my not work king,my not work king,1,complaint,0,False,4,2026-03-13 09:32:44+00:00,2026-03-09/2026-03-15,2026-03,32.5.0.300
2204,a78552c3-6fe0-4dbe-84cc-61c5ef284b49,Amazon India,google_play,hi,hi,False,बैलेंस नहीं बताताहै,बैलेंस नहीं बताताहै,बैलेंस नहीं बताताहै,5,positive,4,False,3,2026-03-11 20:33:59+00:00,2026-03-09/2026-03-15,2026-03,32.5.0.300
2205,5e0e3708-5a29-4033-8cf7-07b9791b676e,Amazon India,google_play,hi,hi,False,हेलो बहुत ही तगड़ा है,हेलो बहुत ही तगड़ा है,हेलो बहुत ही तगड़ा है,5,positive,0,False,5,2026-03-11 19:09:29+00:00,2026-03-09/2026-03-15,2026-03,24.6.0.300
2206,b8b864ef-5ad9-4ee4-9749-3db73599bf5f,Amazon India,google_play,hi,id,False,bohot mehnga saman ai hai be,bohot mehnga saman ai hai be,bohot mehnga saman ai hai be,1,complaint,0,False,6,2026-03-11 18:12:44+00:00,2026-03-09/2026-03-15,2026-03,20.14.0.300
2207,c5ce524b-c253-4a9f-b8db-2e1581bbbf2f,Amazon India,google_play,hi,hi,False,बहुत ही बकवास कर दिया है एप्प को। बैक अकाउंट ही नहीं जुड़ रहा,बहुत ही बकवास कर दिया है एप्प को। बैक अकाउंट ही नहीं जुड़ रहा,बहुत ही बकवास कर दिया है एप्प को। बैक अकाउंट ही नहीं जुड़ रहा,1,complaint,4,False,14,2026-03-11 14:31:44+00:00,2026-03-09/2026-03-15,2026-03,
2208,f10a42e7-2384-4c43-a246-f932098dd67c,Amazon India,google_play,hi,hi,False,कैश ऑन डिलीवरी नकी देता है,कैश ऑन डिलीवरी नकी देता है,कैश ऑन डिलीवरी नकी देता है,1,complaint,0,False,6,2026-03-08 22:45:52+00:00,2026-03-02/2026-03-08,2026-03,
2209,96529070-0193-4d07-a3bc-7290208fc62e,Amazon India,google_play,hi,id,False,bahut badiya he lekin odar let atahe,bahut badiya he lekin odar let atahe,bahut badiya he lekin odar let atahe,5,positive,0,False,7,2026-03-07 21:05:38+00:00,2026-03-02/2026-03-08,2026-03,
2210,3daa4e39-31b0-437e-8a43-8cef57f4339c,Amazon India,google_play,hi,hi,False,अमेजॉन अच्छा है,अमेजॉन अच्छा है,अमेजॉन अच्छा है,1,complaint,4,False,3,2026-03-07 21:00:33+00:00,2026-03-02/2026-03-08,2026-03,32.5.0.300
2211,a1ea0f9a-ff27-4851-a1ad-6010167a39ce,Amazon India,google_play,hi,id,False,mujhe yah app bhaut accha laga,mujhe yah app bhaut accha laga,mujhe yah app bhaut accha laga,5,positive,0,False,6,2026-03-07 20:34:04+00:00,2026-03-02/2026-03-08,2026-03,
2212,348033b4-db97-4940-a91a-7bf0c9c5ed9d,Amazon India,google_play,hi,hi,False,अमेजॉन सबसे घटिया ऐप है क्योंकि डिलीवरी होतीनहीं है बड़े बड़े शहरों में डिलीवरीहोती है,अमेजॉन सबसे घटिया ऐप है क्योंकि डिलीवरी होतीनहीं है बड़े बड़े शहरों में डिलीवरीहोती है,अमेजॉन सबसे घटिया ऐप है क्योंकि डिलीवरी होतीनहीं है बड़े बड़े शहरों में डिलीवरीहोती है,1,complaint,7,False,15,2026-03-07 18:22:37+00:00,2026-03-02/2026-03-08,2026-03,32.5.0.300
2213,ffc9cc53-be66-47c1-b010-7c79cee2cb55,Amazon India,google_play,hi,hi,False,अच्छा नहीं लगा,अच्छा नहीं लगा,अच्छा नहीं लगा,1,complaint,0,False,3,2026-03-04 23:00:12+00:00,2026-03-02/2026-03-08,2026-03,
2214,412f262c-e5ad-40fd-9132-6f5e46908e4a,Amazon India,google_play,hi,so,False,wallet ke paiso se order nahi ho raha hai,wallet ke paiso se order nahi ho raha hai,wallet ke paiso se order nahi ho raha hai,2,complaint,0,False,9,2026-03-04 16:20:17+00:00,2026-03-02/2026-03-08,2026-03,32.4.0.300
2215,1ba77bf7-ca7f-4a28-b39a-9a9910478555,Amazon India,google_play,hi,en,False,kharab delivery agent jhutha customer service,kharab delivery agent jhutha customer service,kharab delivery agent jhutha customer service,1,complaint,0,False,6,2026-03-03 11:55:21+00:00,2026-03-02/2026-03-08,2026-03,32.3.0.300
2216,3971cded-e905-414f-bfc5-7ed037196578,Amazon India,google_play,hi,en,True,bahut hi achha apphe good,bahut hi achha apphe good,bahut hi achha apphe good,5,positive,0,False,5,2026-03-02 14:40:22+00:00,2026-03-02/2026-03-08,2026-03,
2218,b0f31830-3ebd-4ff3-9a05-8028961339fc,Amazon India,google_play,hi,en,False,mujhe ache lge JN thakuar,mujhe ache lge jn thakuar,mujhe ache lge jn thakuar,5,positive,0,False,5,2026-03-01 16:24:08+00:00,2026-02-23/2026-03-01,2026-03,30.19.0.300
2219,82f6bf32-e89c-4410-82c5-f2de8a6a36ba,Amazon India,google_play,hi,hi,False,मेरे साथ तीन बार हुआ ग्रोसरी से सामान मंगाओ टाइम पर नहीं आता डिलीवरी बॉय फिर लेट आना लिखते है फिर वो टाइम भी गुल फिर खुद डिलीवरी बॉय ही अपने आप कैंसल करके लिख ते है ग्राहक ने लेने से मना किया 🤬 वही ऑडर दुबारा कार्ट में डालोगे दुगना पैसा फिर में ग्रोसरी के अलावा कुछ नहीं लेती क्योंकि आम ऐप्स से महंगा है 🙄 डेफिनेटली इनका ग्रोसरी डिपार्टमेंट बेकार है कभी आधी चीज आएगी,मेरे साथ तीन बार हुआ ग्रोसरी से सामान मंगाओ टाइम पर नहीं आता डिलीवरी बॉय फिर लेट आना लिखते है फिर वो टाइम भी गुल फिर खुद डिलीवरी बॉय ही अपने आप कैंसल करके लिख ते है ग्राहक ने लेने से मना किया वही ऑडर दुबारा कार्ट में डालोगे दुगना पैसा फिर में ग्रोसरी के अलावा कुछ नहीं लेती क्योंकि आम ऐप्स से महंगा है डेफिनेटली इनका ग्रोसरी डिपार्टमेंट बेकार है कभी आधी चीज आएगी,मेरे साथ तीन बार हुआ ग्रोसरी से सामान मंगाओ टाइम पर नहीं आता डिलीवरी बॉय फिर लेट आना लिखते है फिर वो टाइम भी गुल फिर खुद डिलीवरी बॉय ही अपने आप कैंसल करके लिख ते है ग्राहक ने लेने से मना किया वही ऑडर दुबारा कार्ट में डालोगे दुगना पैसा फिर में ग्रोसरी के अलावा कुछ नहीं लेती क्योंकि आम ऐप्स से महंगा है डेफिनेटली इनका ग्रोसरी डिपार्टमेंट बेकार है कभी आधी चीज आएगी,1,complaint,5,False,75,2026-02-28 21:04:57+00:00,2026-02-23/2026-03-01,2026-02,32.3.0.300
2220,f79944e8-70e8-4eec-8833-079635b536e8,Amazon India,google_play,hi,so,False,Aaccha hai is duniya me,aaccha hai is duniya me,aaccha hai is duniya me,5,positive,0,False,5,2026-02-28 20:55:14+00:00,2026-02-23/2026-03-01,2026-02,32.4.0.300
2221,2a8be7dd-08b5-4c90-8557-1aa6b2d36a8e,Amazon India,google_play,hi,en,False,very thanks 👍,very thanks,very thanks,5,positive,0,False,2,2026-02-28 14:40:56+00:00,2026-02-23/2026-03-01,2026-02,32.4.0.300
2222,5aa70f3e-2921-4599-ab35-e8edc029e56c,Amazon India,google_play,hi,hi,False,घटिया सामग्री सप्लाई करने वाली संस्था बन गई है,घटिया सामग्री सप्लाई करने वाली संस्था बन गई है,घटिया सामग्री सप्लाई करने वाली संस्था बन गई है,1,complaint,2,False,9,2026-02-28 14:08:33+00:00,2026-02-23/2026-03-01,2026-02,
2223,4454c5d0-f7e2-4f14-a706-6f1a8fec7d65,Amazon India,google_play,hi,hi,False,बहुत अच्छा App है और अच्छा समान भी आता है,बहुत अच्छा app है और अच्छा समान भी आता है,बहुत अच्छा app है और अच्छा समान भी आता है,5,positive,1,False,10,2026-02-28 13:13:51+00:00,2026-02-23/2026-03-01,2026-02,
2224,c45ab0ae-795c-4237-a2b4-09b7b8f04582,Amazon India,google_play,hi,sk,False,love to Amazon,love to amazon,love to amazon,5,positive,0,False,3,2026-02-28 13:02:01+00:00,2026-02-23/2026-03-01,2026-02,26.12.0.300
2225,d46fd6fd-0779-44b7-a321-f63a0ed70155,Amazon India,google_play,hi,af,False,diye hue aadras pr nhi aata order,diye hue aadras pr nhi aata order,diye hue aadras pr nhi aata order,1,complaint,0,False,7,2026-02-28 12:24:58+00:00,2026-02-23/2026-03-01,2026-02,
2226,97dd5bb1-94e4-4cb1-9792-be5984697f14,Amazon India,google_play,hi,hi,False,बहुत ही कम केरियर बनाया है है तरीका अच्छा है पैसा कमाना है,बहुत ही कम केरियर बनाया है है तरीका अच्छा है पैसा कमाना है,बहुत ही कम केरियर बनाया है है तरीका अच्छा है पैसा कमाना है,5,positive,20,True,13,2026-02-27 05:08:08+00:00,2026-02-23/2026-03-01,2026-02,30.22.2.300
2227,47061c13-9eb1-482d-9b4a-ba3befb8b5fe,Amazon India,google_play,hi,hi,False,धन्यवाद जी।,धन्यवाद जी।,धन्यवाद जी।,5,positive,0,False,2,2026-02-24 21:56:17+00:00,2026-02-23/2026-03-01,2026-02,32.3.0.300
2228,0fe00036-eaa7-4689-b620-e3f8f18ad888,Amazon India,google_play,hi,hi,False,ठीक है अच्छाहै,ठीक है अच्छाहै,ठीक है अच्छाहै,5,positive,0,False,3,2026-02-24 21:30:11+00:00,2026-02-23/2026-03-01,2026-02,32.4.0.300
2229,f7465781-0846-45a3-abb1-6e48d4da3ae8,Amazon India,google_play,hi,da,False,Delivery very lat 😀,delivery very lat,delivery very lat,1,complaint,0,False,3,2026-02-23 18:04:29+00:00,2026-02-23/2026-03-01,2026-02,30.16.2.300
2230,3ebbaad9-4eaf-4213-8d93-f0e7849bdc70,Amazon India,google_play,hi,hi,False,मेरे लिमिट अप्रूवल नहीं हो रही है,मेरे लिमिट अप्रूवल नहीं हो रही है,मेरे लिमिट अप्रूवल नहीं हो रही है,5,positive,0,False,7,2026-02-23 08:19:22+00:00,2026-02-23/2026-03-01,2026-02,
2231,adde545d-1b81-4a78-baef-7e95703d59ab,Amazon India,google_play,hi,id,False,acount set nahi ho raha hai,acount set nahi ho raha hai,acount set nahi ho raha hai,1,complaint,5,False,6,2026-02-22 16:11:30+00:00,2026-02-16/2026-02-22,2026-02,32.4.0.300
2232,9bab0001-c9df-42ac-893b-32b70107ed1b,Amazon India,google_play,hi,hi,False,रिचार्ज होना बंद हो गया है,रिचार्ज होना बंद हो गया है,रिचार्ज होना बंद हो गया है,1,complaint,7,False,6,2026-02-21 15:47:54+00:00,2026-02-16/2026-02-22,2026-02,32.3.0.300
2233,1f191767-4668-4251-a589-082315e0ae06,Amazon India,google_play,hi,et,False,mobile Kist pe lena hai sar,mobile kist pe lena hai sar,mobile kist pe lena hai sar,5,positive,0,False,6,2026-02-19 22:04:10+00:00,2026-02-16/2026-02-22,2026-02,20.14.0.300
2234,77c6f187-9eb7-4582-baf1-26aa0b1edd74,Amazon India,google_play,hi,en,False,Very bad app ritorn,very bad app ritorn,very bad app ritorn,1,complaint,0,False,4,2026-02-19 21:21:46+00:00,2026-02-16/2026-02-22,2026-02,
2235,15facfaf-43a1-4a91-9b28-0baf0001b517,Amazon India,google_play,hi,hi,False,मैं इन्वर्टर किट मंगाया तो खराब किट को भेज दिया,मैं इन्वर्टर किट मंगाया तो खराब किट को भेज दिया,मैं इन्वर्टर किट मंगाया तो खराब किट को भेज दिया,1,complaint,1,False,10,2026-02-19 19:20:27+00:00,2026-02-16/2026-02-22,2026-02,
2236,d58b2eab-eb8a-4605-8116-6189560e90d4,Amazon India,google_play,hi,en,False,Very good👍nice app👉📱 but bahut mahga,very good nice app but bahut mahga,very good nice app but bahut mahga,5,positive,0,False,7,2026-02-17 22:38:25+00:00,2026-02-16/2026-02-22,2026-02,32.3.0.300
2238,730d731e-0abe-43e9-9ec5-68e0830ff22a,Amazon India,google_play,hi,sw,False,yha bahut acha hai,yha bahut acha hai,yha bahut acha hai,5,positive,0,False,4,2026-02-17 12:08:19+00:00,2026-02-16/2026-02-22,2026-02,
2239,cca47371-f3f5-4f6c-9fe6-6cff11a41a67,Amazon India,google_play,hi,af,False,very happy very good,very happy very good,very happy very good,5,positive,0,False,4,2026-02-17 05:09:47+00:00,2026-02-16/2026-02-22,2026-02,28.23.2.300
2240,8461b69a-9194-4fce-8edf-9f7d23b7b65a,Amazon India,google_play,hi,so,False,boot aacha ha,boot aacha ha,boot aacha ha,4,positive,0,False,3,2026-02-15 08:28:59+00:00,2026-02-09/2026-02-15,2026-02,
2241,9b7dcce3-1b70-457a-bb23-6d172b613b1b,Amazon India,google_play,hi,en,False,Nice 👍 in the world app and that is a great for me,nice in the world app and that is a great for me,nice in the world app and that is a great for me,5,positive,0,False,12,2026-02-14 20:46:48+00:00,2026-02-09/2026-02-15,2026-02,32.2.0.300
2242,b1b85263-064a-4ca4-b2de-fdc435e03170,Amazon India,google_play,hi,hi,False,अमेजॉन में सबसे सामान मिलते हैं और बहुत अच्छा ऐप है,अमेजॉन में सबसे सामान मिलते हैं और बहुत अच्छा ऐप है,अमेजॉन में सबसे सामान मिलते हैं और बहुत अच्छा ऐप है,5,positive,0,False,11,2026-02-14 10:00:30+00:00,2026-02-09/2026-02-15,2026-02,
2243,d7714037-d50e-4f62-af37-a1f6ca1919e9,Amazon India,google_play,hi,so,False,ghatiya delivery time kal se dikha raha hai ki a raha hai kabhi cancel ho raha labhi accept ho raha hai na to sahi se dikha raha hai kab ayega bas do din se dikha raha hai aaj aa jayega aaj tisra din hai ghatiya delivery time,ghatiya delivery time kal se dikha raha hai ki a raha hai kabhi cancel ho raha labhi accept ho raha hai na to sahi se dikha raha hai kab ayega bas do din se dikha raha hai aaj aa jayega aaj tisra din hai ghatiya delivery time,ghatiya delivery time kal se dikha raha hai ki a raha hai kabhi cancel ho raha labhi accept ho raha hai na to sahi se dikha raha hai kab ayega bas do din se dikha raha hai aaj aa jayega aaj tisra din hai ghatiya delivery time,1,complaint,1,False,47,2026-02-11 07:45:32+00:00,2026-02-09/2026-02-15,2026-02,
2244,051f10fd-9e80-481f-8cc9-59bedc6aa85c,Amazon India,google_play,hi,hi,False,कुछ भी काम आता है काम की चीज है,कुछ भी काम आता है काम की चीज है,कुछ भी काम आता है काम की चीज है,5,positive,1,False,9,2026-02-11 07:27:50+00:00,2026-02-09/2026-02-15,2026-02,22.18.0.300
2245,5dc15870-4c02-4c7c-9c76-bf75d7e015d5,Amazon India,google_play,hi,fi,False,tiren ka tikat book nhi hota hai,tiren ka tikat book nhi hota hai,tiren ka tikat book nhi hota hai,5,positive,4,False,7,2026-02-08 09:50:02+00:00,2026-02-02/2026-02-08,2026-02,32.3.0.300
2246,6c729e05-420f-4865-9d0c-03f2a068f8cb,Amazon India,google_play,hi,so,False,bahut acha hay,bahut acha hay,bahut acha hay,5,positive,0,False,3,2026-02-07 11:01:29+00:00,2026-02-02/2026-02-08,2026-02,
2247,a6a815d0-c36c-47e0-bed1-94e9538444a1,Amazon India,google_play,hi,en,False,I accidentally clicked on amazon business and my application for business account was starting now i want to withdraw my application but there is no way,i accidentally clicked on amazon business and my application for business account was starting now i want to withdraw my application but there is no way,i accidentally clicked on amazon business and my application for business account was starting now i want to withdraw my application but there is no way,1,complaint,0,False,26,2026-02-06 23:37:17+00:00,2026-02-02/2026-02-08,2026-02,32.3.0.300
2248,f989d976-28a3-47bf-8ede-0140060c2fa0,Amazon India,google_play,hi,hi,False,ठीक है लेकिन डीलीवरी में बहुत समय लगता है 😞,ठीक है लेकिन डीलीवरी में बहुत समय लगता है,ठीक है लेकिन डीलीवरी में बहुत समय लगता है,4,positive,241,True,9,2026-02-06 15:53:52+00:00,2026-02-02/2026-02-08,2026-02,30.22.2.300
2249,d63d94a9-86e7-4d21-972f-d2c81497765a,Amazon India,google_play,hi,en,True,muze cash on delivery Nahi mil Radhi hai,muze cash on delivery nahi mil radhi hai,muze cash on delivery nahi mil radhi hai,5,positive,0,False,8,2026-02-05 18:51:08+00:00,2026-02-02/2026-02-08,2026-02,32.2.2.300
2250,06e9c2c8-d5f1-4e44-af2e-ee2392a1607a,Amazon India,google_play,hi,af,False,good and enjoy,good and enjoy,good and enjoy,5,positive,0,False,3,2026-02-04 08:42:06+00:00,2026-02-02/2026-02-08,2026-02,32.2.2.300
2251,ab297cb2-7316-4b52-9d6d-df718468a3d7,Amazon India,google_play,hi,en,False,cash on delivery or time pr odr,cash on delivery or time pr odr,cash on delivery or time pr odr,5,positive,0,False,7,2026-02-03 21:13:41+00:00,2026-02-02/2026-02-08,2026-02,
2252,3cb2460b-343b-4d8a-b663-4a4ff5801aea,Amazon India,google_play,hi,id,False,tumhara yah system hata do automatic vahan per Chrome per jakar Le Jara download karne,tumhara yah system hata do automatic vahan per chrome per jakar le jara download karne,tumhara yah system hata do automatic vahan per chrome per jakar le jara download karne,5,positive,0,False,15,2026-02-03 16:48:27+00:00,2026-02-02/2026-02-08,2026-02,20.14.0.300
2253,5140b5e9-6c55-47b6-8ea9-ec5e0d7ec690,Amazon India,google_play,hi,id,False,bahot kharab hai time pe ni pahochta hai,bahot kharab hai time pe ni pahochta hai,bahot kharab hai time pe ni pahochta hai,1,complaint,10,False,8,2026-02-02 21:18:11+00:00,2026-02-02/2026-02-08,2026-02,32.2.2.300
2254,c7b12f61-73d2-4d03-8fad-33ba505e342b,Amazon India,google_play,hi,so,False,ye app kabi dhoka nahi diya♥️♥️💙💙,ye app kabi dhoka nahi diya,ye app kabi dhoka nahi diya,5,positive,0,False,6,2026-02-02 12:27:20+00:00,2026-02-02/2026-02-08,2026-02,
2255,bb5272bd-3df8-4e2e-99f1-e7c953cc3a66,Amazon India,google_play,hi,so,False,upi me Bank nahi jud raha hai bakwas ho gaya hai,upi me bank nahi jud raha hai bakwas ho gaya hai,upi me bank nahi jud raha hai bakwas ho gaya hai,1,complaint,5,False,11,2026-02-02 09:10:00+00:00,2026-02-02/2026-02-08,2026-02,32.2.2.300
2256,e093d111-5307-453c-81bd-24d6e3bd137e,Amazon India,google_play,hi,hi,False,केशबेक के नाम पर बहुत महंगा समान बेच रहे आम आदमी को लुटा जा रहा हे।,केशबेक के नाम पर बहुत महंगा समान बेच रहे आम आदमी को लुटा जा रहा हे।,केशबेक के नाम पर बहुत महंगा समान बेच रहे आम आदमी को लुटा जा रहा हे।,1,complaint,23,True,16,2026-02-02 08:37:34+00:00,2026-02-02/2026-02-08,2026-02,32.2.2.300
2257,cd9b28e3-014a-4936-8d9e-3f2b199f57ba,Amazon India,google_play,hi,sw,False,thik hai upi bhi hai,thik hai upi bhi hai,thik hai upi bhi hai,2,complaint,0,False,5,2026-02-02 00:23:57+00:00,2026-02-02/2026-02-08,2026-02,
2258,8561bc8d-e01c-4666-a287-85437ec0e6fe,Amazon India,google_play,hi,hi,False,भारतीय जनता सावधान अमेजॉन ऐप पर खरीद एक फ्रॉड से सामना करना है 4करोड लोगों की टिप्पणी देखें सबसे अनमोल बातें हैं जो करोड़ों सामान्य भारतीय साझी है इसके फ्राॅड का गरीब हो या साधु एक साधक का श्राप लगेगा 6मास से कम समय में जो भी लोग मेरे फ्राॅड में सामील है वह परी।।वा।। साथ ऐसा होने वाला है देखें,भारतीय जनता सावधान अमेजॉन ऐप पर खरीद एक फ्रॉड से सामना करना है 4करोड लोगों की टिप्पणी देखें सबसे अनमोल बातें हैं जो करोड़ों सामान्य भारतीय साझी है इसके फ्राॅड का गरीब हो या साधु एक साधक का श्राप लगेगा 6मास से कम समय में जो भी लोग मेरे फ्राॅड में सामील है वह परी।।वा।। साथ ऐसा होने वाला है देखें,भारतीय जनता सावधान अमेजॉन ऐप पर खरीद एक फ्रॉड से सामना करना है 4करोड लोगों की टिप्पणी देखें सबसे अनमोल बातें हैं जो करोड़ों सामान्य भारतीय साझी है इसके फ्राॅड का गरीब हो या साधु एक साधक का श्राप लगेगा 6मास से कम समय में जो भी लोग मेरे फ्राॅड में सामील है वह परी।।वा।। साथ ऐसा होने वाला है देखें,1,complaint,54,True,61,2026-01-30 22:14:26+00:00,2026-01-26/2026-02-01,2026-01,32.2.2.300
2259,f6c5783c-f872-4b59-895e-ab5fa9a42f6c,Amazon India,google_play,hi,en,True,paymant pag par phonchne ke bad cashback nhi dikha rha. cuppen cashback nhi mil rha boi gat mir 30 up to 120 cashback nhi aa rha,paymant pag par phonchne ke bad cashback nhi dikha rha. cuppen cashback nhi mil rha boi gat mir 30 up to 120 cashback nhi aa rha,paymant pag par phonchne ke bad cashback nhi dikha rha. cuppen cashback nhi mil rha boi gat mir 30 up to 120 cashback nhi aa rha,1,complaint,11,True,26,2026-01-30 18:29:05+00:00,2026-01-26/2026-02-01,2026-01,32.2.2.300
2260,6f746b32-7ae2-4906-84f2-883a6a997f2e,Amazon India,google_play,hi,sw,False,yaha kaise ka app,yaha kaise ka app,yaha kaise ka app,2,complaint,6,False,4,2026-01-29 13:40:30+00:00,2026-01-26/2026-02-01,2026-01,32.1.2.300
2261,6745098b-c280-4cdd-9a6a-cd073307451e,Amazon India,google_play,hi,hi,False,यह aap बहुत ही खराब है इसने मेरा ऑडर कैंसिल करके मुझे मेरे पैसे वापस नहीं किए हैं,यह aap बहुत ही खराब है इसने मेरा ऑडर कैंसिल करके मुझे मेरे पैसे वापस नहीं किए हैं,यह aap बहुत ही खराब है इसने मेरा ऑडर कैंसिल करके मुझे मेरे पैसे वापस नहीं किए हैं,1,complaint,3,False,18,2026-01-29 12:37:09+00:00,2026-01-26/2026-02-01,2026-01,30.12.4.300
2262,1fdca681-096d-4a45-864e-991c05079220,Amazon India,google_play,hi,id,False,pran yadav jmp,pran yadav jmp,pran yadav jmp,5,positive,8,False,3,2026-01-29 10:18:50+00:00,2026-01-26/2026-02-01,2026-01,32.2.0.300
2263,65451feb-f7f0-435b-aaf0-dffa305c7a6b,Amazon India,google_play,hi,sw,False,kisano ke liye bhut acha app he,kisano ke liye bhut acha app he,kisano ke liye bhut acha app he,5,positive,9,False,7,2026-01-27 16:50:09+00:00,2026-01-26/2026-02-01,2026-01,32.1.2.300
2264,e8a7dee1-62a5-4219-aa82-8b1230905a56,Amazon India,google_play,hi,so,False,yah badyaho,yah badyaho,yah badyaho,5,positive,0,False,2,2026-01-26 18:52:33+00:00,2026-01-26/2026-02-01,2026-01,30.18.2.300
2265,fe2925d3-d3b5-46ee-9303-a6672b43bb8c,Amazon India,google_play,hi,hi,False,अमेजॉन बहुत अच्छा ऐप है और हमें खरीदारी करते हुएअच्छा लगता है,अमेजॉन बहुत अच्छा ऐप है और हमें खरीदारी करते हुएअच्छा लगता है,अमेजॉन बहुत अच्छा ऐप है और हमें खरीदारी करते हुएअच्छा लगता है,5,positive,114,True,12,2026-01-26 17:01:51+00:00,2026-01-26/2026-02-01,2026-01,32.2.0.300
2266,83d8cd0f-6beb-46e4-963a-5ef48d098a98,Amazon India,google_play,hi,hi,False,सब कुछ बहुत अच्छा है,सब कुछ बहुत अच्छा है,सब कुछ बहुत अच्छा है,5,positive,4,False,5,2026-01-26 14:03:41+00:00,2026-01-26/2026-02-01,2026-01,30.20.2.300
2267,3a2cde6f-9864-4af4-a290-957ce3b16d81,Amazon India,google_play,hi,en,True,hamare pass ek scratch card Mila hai cashback ₹10 kab milega,hamare pass ek scratch card mila hai cashback 10 kab milega,hamare pass ek scratch card mila hai cashback 10 kab milega,5,positive,5,False,11,2026-01-26 06:58:21+00:00,2026-01-26/2026-02-01,2026-01,32.2.0.300
2268,04b7acff-1766-4652-a46d-348f4bd39d4e,Amazon India,google_play,hi,en,False,please thank you,please thank you,please thank you,3,mixed,0,False,3,2026-01-25 22:23:48+00:00,2026-01-19/2026-01-25,2026-01,20.14.0.300
2269,7368a0db-3250-4509-9a5a-019e5fa5267b,Amazon India,google_play,hi,en,True,best chijen achcha acche offer dete Hain aur acche discount hai sab download karoon isse good luck,best chijen achcha acche offer dete hain aur acche discount hai sab download karoon isse good luck,best chijen achcha acche offer dete hain aur acche discount hai sab download karoon isse good luck,5,positive,0,False,17,2026-01-25 14:10:27+00:00,2026-01-19/2026-01-25,2026-01,
2270,0f2d0b56-6975-46f2-a1e7-53d7ebd47b79,Amazon India,google_play,hi,en,False,it is the best,it is the best,it is the best,5,positive,0,False,4,2026-01-25 12:47:25+00:00,2026-01-19/2026-01-25,2026-01,32.1.2.300
2271,d4cf49c1-beec-45ac-a4b5-e5af21442a0a,Amazon India,google_play,hi,sw,False,itna bhi achha nahi he,itna bhi achha nahi he,itna bhi achha nahi he,1,complaint,0,False,5,2026-01-24 21:09:29+00:00,2026-01-19/2026-01-25,2026-01,
2272,09897a5d-fcb4-4cea-b0cc-3658bb5469c5,Amazon India,google_play,hi,no,False,Best soping App,best soping app,best soping app,5,positive,0,False,3,2026-01-24 19:07:41+00:00,2026-01-19/2026-01-25,2026-01,
2273,23c68cf3-86d8-4293-8b2f-365ffbf6eb05,Amazon India,google_play,hi,hi,False,बहुत सुन्दर है ऐप्स है,बहुत सुन्दर है ऐप्स है,बहुत सुन्दर है ऐप्स है,5,positive,6,False,5,2026-01-24 18:00:07+00:00,2026-01-19/2026-01-25,2026-01,32.2.0.300
2274,f148cc62-eae6-4e69-9365-b953a1a5d621,Amazon India,google_play,hi,so,False,humne 5 bar loan liya sabhi me De diye ab Na hi deta h bed h,humne 5 bar loan liya sabhi me de diye ab na hi deta h bed h,humne 5 bar loan liya sabhi me de diye ab na hi deta h bed h,1,complaint,0,False,16,2026-01-24 03:52:26+00:00,2026-01-19/2026-01-25,2026-01,
2275,4c92102a-6150-44ac-8bc9-863a6ee33d7c,Amazon India,google_play,hi,mr,False,तंत्र तमंचे,तंत्र तमंचे,तंत्र तमंचे,5,positive,0,False,2,2026-01-23 21:41:55+00:00,2026-01-19/2026-01-25,2026-01,32.1.2.300
2276,c0259f1d-111f-43b9-8d05-346fc7160c74,Amazon India,google_play,hi,fr,False,vrey avrage,vrey avrage,vrey avrage,3,mixed,0,False,2,2026-01-22 18:53:42+00:00,2026-01-19/2026-01-25,2026-01,32.1.2.300
2277,12ccd54d-773e-4718-8c8f-6dcc5558aa09,Amazon India,google_play,hi,so,False,WORK TO ACCHAA KAR RAHA HAI FIR BHI BAHUT BAHUT BHATIYA HAI 👋😀,work to acchaa kar raha hai fir bhi bahut bahut bhatiya hai,work to acchaa kar raha hai fir bhi bahut bahut bhatiya hai,1,complaint,0,False,12,2026-01-21 21:23:16+00:00,2026-01-19/2026-01-25,2026-01,
2279,182abc1e-133f-4480-a671-abbf62eb73d1,Amazon India,google_play,hi,hi,False,पारदर्शी पैकिंग जो मजबूत ओर सुरक्षित रहें जिसमें उपयोगकर्ता हितों पर आधारित गोपनीयता सेवाएं ओर व्यवस्थाएं बानी रहे।,पारदर्शी पैकिंग जो मजबूत ओर सुरक्षित रहें जिसमें उपयोगकर्ता हितों पर आधारित गोपनीयता सेवाएं ओर व्यवस्थाएं बानी रहे।,पारदर्शी पैकिंग जो मजबूत ओर सुरक्षित रहें जिसमें उपयोगकर्ता हितों पर आधारित गोपनीयता सेवाएं ओर व्यवस्थाएं बानी रहे।,3,mixed,19,True,18,2026-01-21 14:53:43+00:00,2026-01-19/2026-01-25,2026-01,32.1.2.300
2280,ff3b7a7d-8f87-44df-82b5-af0d6d648716,Amazon India,google_play,hi,id,False,"mere 30 bakya hai,is balance ko cod me kare","mere 30 bakya hai,is balance ko cod me kare","mere 30 bakya hai,is balance ko cod me kare",3,mixed,9,False,9,2026-01-20 12:12:01+00:00,2026-01-19/2026-01-25,2026-01,32.1.2.300
2281,ec68f482-0e77-49e5-b552-5aa548a5c3f3,Amazon India,google_play,hi,en,False,good aap but price rate very high,good aap but price rate very high,good aap but price rate very high,4,positive,0,False,7,2026-01-20 10:07:14+00:00,2026-01-19/2026-01-25,2026-01,32.1.2.300
2282,ce81630f-def3-45ba-8e84-816482b805b1,Amazon India,google_play,hi,en,False,this is very good and nice application,this is very good and nice application,this is very good and nice application,5,positive,0,False,7,2026-01-20 07:44:05+00:00,2026-01-19/2026-01-25,2026-01,
2283,bf7b6043-f6e8-42c2-a775-aca08ce012dc,Amazon India,google_play,hi,hu,False,Amazon marketplace,amazon marketplace,amazon marketplace,5,positive,0,False,2,2026-01-20 05:33:53+00:00,2026-01-19/2026-01-25,2026-01,
2284,14d47140-c3db-4b23-8daa-a0c45d275037,Amazon India,google_play,hi,hi,False,यह ऐप इंस्टॉल नहीं हो रहा है,यह ऐप इंस्टॉल नहीं हो रहा है,यह ऐप इंस्टॉल नहीं हो रहा है,1,complaint,1,False,7,2026-01-19 22:23:26+00:00,2026-01-19/2026-01-25,2026-01,
2285,0c2f2bc1-e1d9-4933-83bd-b9ddd481a795,Amazon India,google_play,hi,hi,False,अच्छी छुट है,अच्छी छुट है,अच्छी छुट है,5,positive,0,False,3,2026-01-18 19:11:35+00:00,2026-01-12/2026-01-18,2026-01,
2286,ad67e6c6-2265-420c-aa45-28c8eea39409,Amazon India,google_play,hi,id,False,achha Hai leckin delivery me Jada time lagta Hai 😔,achha hai leckin delivery me jada time lagta hai,achha hai leckin delivery me jada time lagta hai,5,positive,4,False,9,2026-01-18 18:22:23+00:00,2026-01-12/2026-01-18,2026-01,32.1.2.300
2287,6686bf4b-d725-440f-87e8-0412c4a9ce1b,Amazon India,google_play,hi,hi,False,इसका भीजरूरी है,इसका भीजरूरी है,इसका भीजरूरी है,5,positive,7,False,3,2026-01-18 18:05:17+00:00,2026-01-12/2026-01-18,2026-01,32.1.2.300
2288,8c5436f6-ffe9-4593-af9a-29175ed1c758,Amazon India,google_play,hi,so,False,yah download nahi hoeraha t,yah download nahi hoeraha t,yah download nahi hoeraha t,1,complaint,0,False,5,2026-01-18 08:31:24+00:00,2026-01-12/2026-01-18,2026-01,
2289,1919b410-46d3-4e95-8262-7ffa8042b4a8,Amazon India,google_play,hi,hi,False,अमेजॉन एक ऐसी ऐप है जो अपने कस्टमर को थोड़ा भी ध्यान नहीं रखती जब मैं इससे कोई चीज मांगी और वह खराब आई तो इसमें मुझे भुगतान देने की जगह सिर्फ दिलासा दिया की कार्यवाही होगी परंतु उसे पर कोई भी अमल नहीं किया गया,अमेजॉन एक ऐसी ऐप है जो अपने कस्टमर को थोड़ा भी ध्यान नहीं रखती जब मैं इससे कोई चीज मांगी और वह खराब आई तो इसमें मुझे भुगतान देने की जगह सिर्फ दिलासा दिया की कार्यवाही होगी परंतु उसे पर कोई भी अमल नहीं किया गया,अमेजॉन एक ऐसी ऐप है जो अपने कस्टमर को थोड़ा भी ध्यान नहीं रखती जब मैं इससे कोई चीज मांगी और वह खराब आई तो इसमें मुझे भुगतान देने की जगह सिर्फ दिलासा दिया की कार्यवाही होगी परंतु उसे पर कोई भी अमल नहीं किया गया,1,complaint,0,False,46,2026-01-17 20:44:05+00:00,2026-01-12/2026-01-18,2026-01,
2290,9bc06ee0-5a32-4c50-9bdc-5ecad30835da,Amazon India,google_play,hi,hi,False,बैकार अमाजोन अप कैस ओन डिलीवरी नहीं है ना पता जुडता है,बैकार अमाजोन अप कैस ओन डिलीवरी नहीं है ना पता जुडता है,बैकार अमाजोन अप कैस ओन डिलीवरी नहीं है ना पता जुडता है,1,complaint,0,False,12,2026-01-16 00:17:37+00:00,2026-01-12/2026-01-18,2026-01,
2291,79bb11b7-a937-4fad-8928-9b7b5ce751f5,Amazon India,google_play,hi,hi,False,बहुत अच्छा ऐप है,बहुत अच्छा ऐप है,बहुत अच्छा ऐप है,5,positive,40,True,4,2026-01-14 22:38:39+00:00,2026-01-12/2026-01-18,2026-01,32.1.2.300
2292,2224c5be-37db-4b9a-aaf1-165813c962b8,Amazon India,google_play,hi,it,False,time to time dilivry,time to time dilivry,time to time dilivry,5,positive,0,False,4,2026-01-13 09:49:59+00:00,2026-01-12/2026-01-18,2026-01,
2293,c8db868f-3133-4edb-a0a7-a0040047d0e4,Amazon India,google_play,hi,hi,False,बेकार है फ्लिपकार्ट की बराबरी नहीं कर सकता फ्लिपकार्ट एक चीज में पीछे है क्यों भारत में सेल करता है और यह हरजगह पर फ्लिपकार्ट भी ऐसा करेगा तो नंबर वन पर इससे भी ज्यादा आएगा,बेकार है फ्लिपकार्ट की बराबरी नहीं कर सकता फ्लिपकार्ट एक चीज में पीछे है क्यों भारत में सेल करता है और यह हरजगह पर फ्लिपकार्ट भी ऐसा करेगा तो नंबर वन पर इससे भी ज्यादा आएगा,बेकार है फ्लिपकार्ट की बराबरी नहीं कर सकता फ्लिपकार्ट एक चीज में पीछे है क्यों भारत में सेल करता है और यह हरजगह पर फ्लिपकार्ट भी ऐसा करेगा तो नंबर वन पर इससे भी ज्यादा आएगा,1,complaint,1,False,36,2026-01-12 21:16:34+00:00,2026-01-12/2026-01-18,2026-01,
2294,406ad0e8-dbca-41ae-8cf2-7841376cb05a,Amazon India,google_play,hi,id,False,bhut babhya,bhut babhya,bhut babhya,5,positive,0,False,2,2026-01-12 07:55:59+00:00,2026-01-12/2026-01-18,2026-01,32.1.2.300
2295,f2069fc5-cc86-4c6c-81ad-927f0fcbb305,Amazon India,google_play,hi,hi,False,यह बहुत ही अच्छा ✅👍👍,यह बहुत ही अच्छा,यह बहुत ही अच्छा,5,positive,0,False,4,2026-01-11 21:53:56+00:00,2026-01-05/2026-01-11,2026-01,
2296,c362fc58-977a-4008-beff-49632fc8f830,Amazon India,google_play,hi,hi,False,बहुत अच्छा लगा है,बहुत अच्छा लगा है,बहुत अच्छा लगा है,5,positive,22,True,4,2026-01-10 21:14:39+00:00,2026-01-05/2026-01-11,2026-01,30.22.2.300
2297,6d1d7210-f0d2-4c1f-ba32-b265551035e8,Amazon India,google_play,hi,af,False,good very good very very very happy,good very good very very very happy,good very good very very very happy,5,positive,0,False,7,2026-01-09 20:36:09+00:00,2026-01-05/2026-01-11,2026-01,32.1.0.300
2299,1f409b80-b60b-4e57-86ab-24d04c6a071f,Amazon India,google_play,hi,en,False,cash on delivery nhi leta aisa kyu mujhe bataye 😠😠😠😠,cash on delivery nhi leta aisa kyu mujhe bataye,cash on delivery nhi leta aisa kyu mujhe bataye,1,complaint,0,False,9,2026-01-09 09:31:08+00:00,2026-01-05/2026-01-11,2026-01,
2300,265b71fc-0b0f-49b9-8a3c-dca7454345c2,Amazon India,google_play,hi,en,False,this one is best app,this one is best app,this one is best app,5,positive,0,False,5,2026-01-09 07:47:47+00:00,2026-01-05/2026-01-11,2026-01,26.19.2.300
2301,6424b7d9-c753-4944-b44e-9a8f9cfddb90,Amazon India,google_play,hi,hi,False,बहुत खराब ऐप है भाई,बहुत खराब ऐप है भाई,बहुत खराब ऐप है भाई,1,complaint,0,False,5,2026-01-08 22:18:12+00:00,2026-01-05/2026-01-11,2026-01,
2302,986a08e9-4c30-4480-8242-718f1c90ff87,Amazon India,google_play,hi,id,False,bahut hi san dar,bahut hi san dar,bahut hi san dar,5,positive,0,False,4,2026-01-07 19:11:17+00:00,2026-01-05/2026-01-11,2026-01,
2303,42e5d879-813a-4282-963b-865d35c6f7c7,Amazon India,google_play,hi,en,False,this is very good platform for sale. This app provide free delivery,this is very good platform for sale. this app provide free delivery,this is very good platform for sale. this app provide free delivery,5,positive,0,False,12,2026-01-07 14:11:41+00:00,2026-01-05/2026-01-11,2026-01,30.22.2.300
2304,6156306a-f8e3-4833-8b5a-99553724f7c9,Amazon India,google_play,hi,mr,False,वेरी वेरी गुड,वेरी वेरी गुड,वेरी वेरी गुड,5,positive,0,False,3,2026-01-07 06:26:32+00:00,2026-01-05/2026-01-11,2026-01,28.17.0.300
2305,4347d6a7-0567-4aa6-b6b1-b06b9f024487,Amazon India,google_play,hi,hi,False,इंडिया का सबसे अच्छा ऑनलाइन शॉपिंग ऐप हैं,इंडिया का सबसे अच्छा ऑनलाइन शॉपिंग ऐप हैं,इंडिया का सबसे अच्छा ऑनलाइन शॉपिंग ऐप हैं,5,positive,1,False,8,2026-01-05 20:20:58+00:00,2026-01-05/2026-01-11,2026-01,
2306,609a35aa-f66e-4b2e-8df5-165c6d2faed6,Amazon India,google_play,hi,hi,False,amazon घटिया हे ये ग्राहकों के साथ ठगी करता है,amazon घटिया हे ये ग्राहकों के साथ ठगी करता है,amazon घटिया हे ये ग्राहकों के साथ ठगी करता है,1,complaint,6,False,10,2026-01-04 11:02:09+00:00,2025-12-29/2026-01-04,2026-01,30.22.2.300
2307,441d051c-ca2f-4fac-a394-90703ee82a99,Amazon India,google_play,hi,hi,False,ओल्डर मेरे को प्राप्त नहीं हुआ ओल्डर हिस्ट्री में बता रहा है ओल्डर प्राप्त हो गया अब फ्रॉड कर रहा है amazon,ओल्डर मेरे को प्राप्त नहीं हुआ ओल्डर हिस्ट्री में बता रहा है ओल्डर प्राप्त हो गया अब फ्रॉड कर रहा है amazon,ओल्डर मेरे को प्राप्त नहीं हुआ ओल्डर हिस्ट्री में बता रहा है ओल्डर प्राप्त हो गया अब फ्रॉड कर रहा है amazon,1,complaint,22,True,22,2026-01-01 10:12:39+00:00,2025-12-29/2026-01-04,2026-01,30.22.2.300
2308,3a5172a2-96f3-4539-aa07-1a2eca435401,Amazon India,google_play,hi,en,False,amazon is vary good app,amazon is vary good app,amazon is vary good app,5,positive,0,False,5,2025-12-29 09:19:24+00:00,2025-12-29/2026-01-04,2025-12,
2309,0bbeadf2-f4fa-4496-a135-bf6c2a3b06c6,Amazon India,google_play,hi,hi,False,बहुत हीसुंदर,बहुत हीसुंदर,बहुत हीसुंदर,3,mixed,0,False,2,2025-12-28 20:48:30+00:00,2025-12-22/2025-12-28,2025-12,26.16.2.350
2310,15b79822-28e3-4eec-8dea-3250070b50e7,Amazon India,google_play,hi,en,False,my best shopping app,my best shopping app,my best shopping app,5,positive,0,False,4,2025-12-28 20:22:05+00:00,2025-12-22/2025-12-28,2025-12,30.22.0.300
2311,efe9ee7e-f4ae-4596-9fb9-eb9d48f78421,Amazon India,google_play,hi,en,False,worst shoping app i ordered two time but not delivered and cancelled,worst shoping app i ordered two time but not delivered and cancelled,worst shoping app i ordered two time but not delivered and cancelled,1,complaint,0,False,12,2025-12-28 18:04:11+00:00,2025-12-22/2025-12-28,2025-12,30.22.2.300
2312,2023528e-c64c-455a-8923-b51c60638028,Amazon India,google_play,hi,hi,False,"amzon से भी मत खरीदे, 2000 रुपए की खरीददारी करेंगे और आपको 200 रुपए वाला सामान देंगे तथा बाद में replace भी नहीं करेंगे। इन सबमे नुकसान केवल आपका ही होगा। प्रत्येक खरीददारी में आपसे 5 रुपए अलग से लूटना तो शुरू ही कर दिया गया है।","amzon से भी मत खरीदे, 2000 रुपए की खरीददारी करेंगे और आपको 200 रुपए वाला सामान देंगे तथा बाद में replace भी नहीं करेंगे। इन सबमे नुकसान केवल आपका ही होगा। प्रत्येक खरीददारी में आपसे 5 रुपए अलग से लूटना तो शुरू ही कर दिया गया है।","amzon से भी मत खरीदे, 2000 रुपए की खरीददारी करेंगे और आपको 200 रुपए वाला सामान देंगे तथा बाद में replace भी नहीं करेंगे। इन सबमे नुकसान केवल आपका ही होगा। प्रत्येक खरीददारी में आपसे 5 रुपए अलग से लूटना तो शुरू ही कर दिया गया है।",1,complaint,70,True,47,2025-12-26 11:02:28+00:00,2025-12-22/2025-12-28,2025-12,30.22.2.300
2314,89d172af-0c15-496c-8a2c-3808de7c25e6,Amazon India,google_play,hi,en,False,wow nice CES on delivery app,wow nice ces on delivery app,wow nice ces on delivery app,5,positive,218,True,6,2025-12-25 16:12:10+00:00,2025-12-22/2025-12-28,2025-12,30.22.2.300
2315,b73e4d22-cdbe-4e1b-9bbd-2e8ad0f0ec1d,Amazon India,google_play,hi,en,False,good app for shopping,good app for shopping,good app for shopping,5,positive,0,False,4,2025-12-25 08:53:14+00:00,2025-12-22/2025-12-28,2025-12,
2316,b2d2500a-f353-4f73-8b13-cf24c3615c6c,Amazon India,google_play,hi,en,False,very good best product thank Amazon aap,very good best product thank amazon aap,very good best product thank amazon aap,5,positive,0,False,7,2025-12-25 08:41:06+00:00,2025-12-22/2025-12-28,2025-12,30.22.2.300
2318,a9b1a65f-99c8-4c44-b6b5-4fa40b58f782,Amazon India,google_play,hi,id,False,bhai yah sabse tagada app hai Ishq takkar mein koi nahin hai,bhai yah sabse tagada app hai ishq takkar mein koi nahin hai,bhai yah sabse tagada app hai ishq takkar mein koi nahin hai,5,positive,0,False,12,2025-12-21 20:47:16+00:00,2025-12-15/2025-12-21,2025-12,
2319,a09578d9-6b1d-4b08-87e2-d2944619a56d,Amazon India,google_play,hi,en,False,bad app and bad customer service support very bad scammer app,bad app and bad customer service support very bad scammer app,bad app and bad customer service support very bad scammer app,1,complaint,0,False,11,2025-12-18 17:21:25+00:00,2025-12-15/2025-12-21,2025-12,30.22.0.300
2320,2e872c66-c036-4fa5-b399-4223f72f3dc6,Amazon India,google_play,hi,en,False,all the best Amazon online shopping app,all the best amazon online shopping app,all the best amazon online shopping app,5,positive,0,False,7,2025-12-18 07:31:14+00:00,2025-12-15/2025-12-21,2025-12,30.22.0.300
2321,18abd8e4-bd2d-4792-926e-19cca51d22bc,Amazon India,google_play,hi,mr,False,फास्ट डिलीवरी,फास्ट डिलीवरी,फास्ट डिलीवरी,5,positive,0,False,2,2025-12-17 17:54:46+00:00,2025-12-15/2025-12-21,2025-12,30.22.0.300
2322,418211a5-a985-457b-ab98-5de227505b00,Amazon India,google_play,hi,et,False,please niras mat karna,please niras mat karna,please niras mat karna,5,positive,7,False,4,2025-12-17 16:52:12+00:00,2025-12-15/2025-12-21,2025-12,30.22.0.300
2323,95062ed8-0bf1-41dd-8756-4f5606e80bd4,Amazon India,google_play,hi,sv,False,very bad app never refund your money saaman v galat aaega ya kvi aaega hi ni or bolenge ki apko mil chuka h or rupee refund v ni karenge customer service support or v Ganda h bol dete h sorry apki koi help ni kr skte,very bad app never refund your money saaman v galat aaega ya kvi aaega hi ni or bolenge ki apko mil chuka h or rupee refund v ni karenge customer service support or v ganda h bol dete h sorry apki koi help ni kr skte,very bad app never refund your money saaman v galat aaega ya kvi aaega hi ni or bolenge ki apko mil chuka h or rupee refund v ni karenge customer service support or v ganda h bol dete h sorry apki koi help ni kr skte,1,complaint,9,False,46,2025-12-17 12:46:37+00:00,2025-12-15/2025-12-21,2025-12,30.22.0.300
2324,367cf65d-0efb-4d2b-8817-a5cb8c48fd9f,Amazon India,google_play,hi,hi,False,बहुत अच्छा लगा खरीदने से,बहुत अच्छा लगा खरीदने से,बहुत अच्छा लगा खरीदने से,5,positive,1,False,5,2025-12-16 22:34:36+00:00,2025-12-15/2025-12-21,2025-12,22.14.2.350
2325,a386b107-9e9c-4c5a-bd2b-58eac10e134a,Amazon India,google_play,hi,en,True,bhut bekar pehle hi payment na karen wrna na hi product milega na Paisa refund hoga bhut gatiya or bekaar app . fraud and scam app,bhut bekar pehle hi payment na karen wrna na hi product milega na paisa refund hoga bhut gatiya or bekaar app . fraud and scam app,bhut bekar pehle hi payment na karen wrna na hi product milega na paisa refund hoga bhut gatiya or bekaar app . fraud and scam app,1,complaint,0,False,26,2025-12-16 10:02:07+00:00,2025-12-15/2025-12-21,2025-12,30.22.0.300
2326,398fa4a6-a6ee-435e-8a81-b139ed30cde5,Amazon India,google_play,hi,hi,False,इनका स्टॉप सही तरीके से बात नहीं करताहै,इनका स्टॉप सही तरीके से बात नहीं करताहै,इनका स्टॉप सही तरीके से बात नहीं करताहै,2,complaint,9,False,8,2025-12-15 22:44:38+00:00,2025-12-15/2025-12-21,2025-12,30.22.0.300
2327,65e9608b-5cde-45cd-9a58-ddc6ba9c4339,Amazon India,google_play,hi,id,False,bahut achcha hai Sabse achcha hai bahut achcha hai yah app bahut achcha hai yah bahut mast Hai per iski kya tarif Karun bahut achcha app Hai iske bare mein kuch bhi bolo yah bahut achcha app hai bahut achcha app hai bahut achcha app hai main iske bare mein kya kya karun aapko yah to bahut hi achcha hai iske bare mein tumhen jitna kahoon jitna kahoon jitna kahoon vah bhi kam hai dimag mein nahin a Raha Kitna kahoon sehat ke bare mein yah app itna achha hai ki main kahoon jitna hi Kam Hai ise app,bahut achcha hai sabse achcha hai bahut achcha hai yah app bahut achcha hai yah bahut mast hai per iski kya tarif karun bahut achcha app hai iske bare mein kuch bhi bolo yah bahut achcha app hai bahut achcha app hai bahut achcha app hai main iske bare mein kya kya karun aapko yah to bahut hi achcha hai iske bare mein tumhen jitna kahoon jitna kahoon jitna kahoon vah bhi kam hai dimag mein nahin a raha kitna kahoon sehat ke bare mein yah app itna achha hai ki main kahoon jitna hi kam hai ise app,bahut achcha hai sabse achcha hai bahut achcha hai yah app bahut achcha hai yah bahut mast hai per iski kya tarif karun bahut achcha app hai iske bare mein kuch bhi bolo yah bahut achcha app hai bahut achcha app hai bahut achcha app hai main iske bare mein kya kya karun aapko yah to bahut hi achcha hai iske bare mein tumhen jitna kahoon jitna kahoon jitna kahoon vah bhi kam hai dimag mein nahin a raha kitna kahoon sehat ke bare mein yah app itna achha hai ki main kahoon jitna hi kam hai ise app,5,positive,0,False,99,2025-12-15 12:16:19+00:00,2025-12-15/2025-12-21,2025-12,30.22.0.300
2328,ca3efd1c-02fe-4415-a7db-30ed5e6e6aef,Amazon India,google_play,hi,hi,False,अच्छे उत्पाद और अच्छी छूट मिल जाते हैं। कोई कमी रहने पर आराम से वापस भी कर लेते हैं। बहुत सुविधाजनक और अच्छा है।,अच्छे उत्पाद और अच्छी छूट मिल जाते हैं। कोई कमी रहने पर आराम से वापस भी कर लेते हैं। बहुत सुविधाजनक और अच्छा है।,अच्छे उत्पाद और अच्छी छूट मिल जाते हैं। कोई कमी रहने पर आराम से वापस भी कर लेते हैं। बहुत सुविधाजनक और अच्छा है।,5,positive,478,True,24,2025-12-14 13:31:57+00:00,2025-12-08/2025-12-14,2025-12,30.17.2.300
2329,f9de3236-cf8a-4c0d-9635-3875e9c4a87f,Amazon India,google_play,hi,hi,False,अमेजॉन सबसे बेकार ऐप्स है जिससे कोई खरीदी नहीं करना प्रोडक्ट वापस नहीं किया जा रहा है मैंने तीन बार अप्लाई कर दिया वापस के लिए पर कोई मेरा प्रोडक्ट पूरा डिबेट निकला है चेंज भी नहीं किया और वापस भी नहीं किया सबसे बेकार एप्लीकेशन है,अमेजॉन सबसे बेकार ऐप्स है जिससे कोई खरीदी नहीं करना प्रोडक्ट वापस नहीं किया जा रहा है मैंने तीन बार अप्लाई कर दिया वापस के लिए पर कोई मेरा प्रोडक्ट पूरा डिबेट निकला है चेंज भी नहीं किया और वापस भी नहीं किया सबसे बेकार एप्लीकेशन है,अमेजॉन सबसे बेकार ऐप्स है जिससे कोई खरीदी नहीं करना प्रोडक्ट वापस नहीं किया जा रहा है मैंने तीन बार अप्लाई कर दिया वापस के लिए पर कोई मेरा प्रोडक्ट पूरा डिबेट निकला है चेंज भी नहीं किया और वापस भी नहीं किया सबसे बेकार एप्लीकेशन है,1,complaint,36,True,47,2025-12-14 09:49:26+00:00,2025-12-08/2025-12-14,2025-12,30.22.0.300
2330,5d270c1a-fb64-41d2-bc71-fdf29fab1d8d,Amazon India,google_play,hi,hi,False,फ्लिपकार्ट से अच्छा ऐप है,फ्लिपकार्ट से अच्छा ऐप है,फ्लिपकार्ट से अच्छा ऐप है,4,positive,0,False,5,2025-12-11 06:15:50+00:00,2025-12-08/2025-12-14,2025-12,
2331,6c4168a6-c74d-4806-a8c1-c5120e1447aa,Amazon India,google_play,hi,af,False,Not Good...,not good...,not good...,1,complaint,0,False,2,2025-12-09 07:46:58+00:00,2025-12-08/2025-12-14,2025-12,18.17.1.300
2332,f31553c3-0b63-455b-9d9b-b63e7a0b0320,Amazon India,google_play,hi,ne,False,ठीक ठाक है,ठीक ठाक है,ठीक ठाक है,3,mixed,6,False,3,2025-12-09 05:47:07+00:00,2025-12-08/2025-12-14,2025-12,30.22.0.300
2333,ee1f658a-d4ae-434b-8036-d57b90d0915b,Amazon India,google_play,hi,hi,False,मैंने चार स्टार इसलिए दिए हैं क्योंकि प्रोडक्ट को डिलीवर करने में बहुत ज्यादा टाइम लेकिन यह बहुत ज्यादा अच्छा,मैंने चार स्टार इसलिए दिए हैं क्योंकि प्रोडक्ट को डिलीवर करने में बहुत ज्यादा टाइम लेकिन यह बहुत ज्यादा अच्छा,मैंने चार स्टार इसलिए दिए हैं क्योंकि प्रोडक्ट को डिलीवर करने में बहुत ज्यादा टाइम लेकिन यह बहुत ज्यादा अच्छा,4,positive,487,True,20,2025-12-08 10:43:49+00:00,2025-12-08/2025-12-14,2025-12,30.21.0.300
2334,10ca2d86-7070-4691-ba8a-4f008253862e,Amazon India,google_play,hi,hi,False,बहुत बडिया,बहुत बडिया,बहुत बडिया,5,positive,0,False,2,2025-12-07 09:06:14+00:00,2025-12-01/2025-12-07,2025-12,30.19.0.300
2336,2e8bb033-1697-4fd3-8fe8-7e6f1c37caec,Amazon India,google_play,hi,hi,False,किस पगले ने ये ॲप बनाई है जो इनस्टॉल करेने पर वेरीफाय करेने की प्रक्रिया को इतना जटील बना दिया जो समय बर्बाद करने वाला है,किस पगले ने ये ॲप बनाई है जो इनस्टॉल करेने पर वेरीफाय करेने की प्रक्रिया को इतना जटील बना दिया जो समय बर्बाद करने वाला है,किस पगले ने ये ॲप बनाई है जो इनस्टॉल करेने पर वेरीफाय करेने की प्रक्रिया को इतना जटील बना दिया जो समय बर्बाद करने वाला है,1,complaint,8,False,26,2025-12-03 18:06:50+00:00,2025-12-01/2025-12-07,2025-12,30.21.0.300
2337,55393bba-afd6-4354-a072-09a16f529fc1,Amazon India,google_play,hi,hi,False,बराबर खरीददारी करने वाले ग्राहकों से भी एक्स्ट्रा चार्ज लिया जाता है,बराबर खरीददारी करने वाले ग्राहकों से भी एक्स्ट्रा चार्ज लिया जाता है,बराबर खरीददारी करने वाले ग्राहकों से भी एक्स्ट्रा चार्ज लिया जाता है,1,complaint,12,True,12,2025-12-03 17:20:33+00:00,2025-12-01/2025-12-07,2025-12,30.21.0.300
2338,eaa86ce7-bb29-4756-8039-cd58aae392a4,Amazon India,google_play,hi,hi,False,डिलीवरी बॉय और कस्टमर केयर में मूर्ख लोग हैं। डिलीवरी बॉय पार्सल में से सामान की चोरी करते और कुछ भी भर कर नकली लेबल लगाकर डिलीवरी देते है। ऐसा मेरे साथ कई बार हो चुका है।,डिलीवरी बॉय और कस्टमर केयर में मूर्ख लोग हैं। डिलीवरी बॉय पार्सल में से सामान की चोरी करते और कुछ भी भर कर नकली लेबल लगाकर डिलीवरी देते है। ऐसा मेरे साथ कई बार हो चुका है।,डिलीवरी बॉय और कस्टमर केयर में मूर्ख लोग हैं। डिलीवरी बॉय पार्सल में से सामान की चोरी करते और कुछ भी भर कर नकली लेबल लगाकर डिलीवरी देते है। ऐसा मेरे साथ कई बार हो चुका है।,1,complaint,51,True,37,2025-12-02 21:03:24+00:00,2025-12-01/2025-12-07,2025-12,30.21.0.300
2339,83e00898-a0ad-48a0-b85e-88bc8264619d,Amazon India,google_play,hi,hi,False,"सबसे बेकार टीम दो मिनट पहले डिलीवरी वाले का फोन आता है और चार मिनट बाद वहां पहुंच कर बार बार फोन करने पर फोन बीजी ही बताया जाता है, 🤣 फिर जब कस्टमर वहां से वापस निराश होकर लौट कर आता है तब आर्डर कैंसिल करने का फोन आता है। 😂 वैसे मैं हर चीज फ्लिपकार्ट से ही मंगवाता हूं। सोचा था इस बार अमेजन से मंगवाकर देखते हैं, तो पहले आर्डर से ही पता चल गया की सबसे बेकार टीम है अमेजन की। आर्डर डिलीवरी की बजाय आर्डर कैंसिल करने का अॉटीपी मांगा जाता है 🤣 खैर मैंने ओटीपी नहीं दिया और किसी को देता भी नहीं हुं।","सबसे बेकार टीम दो मिनट पहले डिलीवरी वाले का फोन आता है और चार मिनट बाद वहां पहुंच कर बार बार फोन करने पर फोन बीजी ही बताया जाता है, फिर जब कस्टमर वहां से वापस निराश होकर लौट कर आता है तब आर्डर कैंसिल करने का फोन आता है। वैसे मैं हर चीज फ्लिपकार्ट से ही मंगवाता हूं। सोचा था इस बार अमेजन से मंगवाकर देखते हैं, तो पहले आर्डर से ही पता चल गया की सबसे बेकार टीम है अमेजन की। आर्डर डिलीवरी की बजाय आर्डर कैंसिल करने का अॉटीपी मांगा जाता है खैर मैंने ओटीपी नहीं दिया और किसी को देता भी नहीं हुं।","सबसे बेकार टीम दो मिनट पहले डिलीवरी वाले का फोन आता है और चार मिनट बाद वहां पहुंच कर बार बार फोन करने पर फोन बीजी ही बताया जाता है, फिर जब कस्टमर वहां से वापस निराश होकर लौट कर आता है तब आर्डर कैंसिल करने का फोन आता है। वैसे मैं हर चीज फ्लिपकार्ट से ही मंगवाता हूं। सोचा था इस बार अमेजन से मंगवाकर देखते हैं, तो पहले आर्डर से ही पता चल गया की सबसे बेकार टीम है अमेजन की। आर्डर डिलीवरी की बजाय आर्डर कैंसिल करने का अॉटीपी मांगा जाता है खैर मैंने ओटीपी नहीं दिया और किसी को देता भी नहीं हुं।",1,complaint,29,True,107,2025-12-02 15:30:34+00:00,2025-12-01/2025-12-07,2025-12,30.21.0.300
2340,17cf8181-1473-4233-b54d-0b3d9fb8a9cf,Amazon India,google_play,hi,id,False,"amzon pay ka koi use mat karna meni 2 baar mobile richarg kiya wo bhi panding me chala gaya ab Aaj ki duniya me Bina koi internet ke bina kon re saktha he is liya 2,3 rupaye ke cashback ke chakar me ap 4 se 5 din tak intejar kar sake he baki apki rahe I'm very bad","amzon pay ka koi use mat karna meni 2 baar mobile richarg kiya wo bhi panding me chala gaya ab aaj ki duniya me bina koi internet ke bina kon re saktha he is liya 2,3 rupaye ke cashback ke chakar me ap 4 se 5 din tak intejar kar sake he baki apki rahe i'm very bad","amzon pay ka koi use mat karna meni 2 baar mobile richarg kiya wo bhi panding me chala gaya ab aaj ki duniya me bina koi internet ke bina kon re saktha he is liya 2,3 rupaye ke cashback ke chakar me ap 4 se 5 din tak intejar kar sake he baki apki rahe i'm very bad",1,complaint,3,False,58,2025-12-02 00:31:12+00:00,2025-12-01/2025-12-07,2025-12,30.21.0.300
2341,ed654e9b-8ed9-483f-b7e9-956229898fc3,Amazon India,google_play,hi,vi,False,Bhut hi achha,bhut hi achha,bhut hi achha,5,positive,0,False,3,2025-12-01 19:30:55+00:00,2025-12-01/2025-12-07,2025-12,
2342,792c1019-49f6-44c8-9dbf-367d8df3b7ab,Amazon India,google_play,hi,hr,False,amzone pay sa koe be item oder he nai ho raa,amzone pay sa koe be item oder he nai ho raa,amzone pay sa koe be item oder he nai ho raa,5,positive,2,False,11,2025-12-01 09:57:48+00:00,2025-12-01/2025-12-07,2025-12,30.21.0.300
2343,8fa8b726-94af-4364-889e-40665452328d,Amazon India,google_play,hi,cy,False,hello sir good,hello sir good,hello sir good,5,positive,0,False,3,2025-11-30 21:43:22+00:00,2025-11-24/2025-11-30,2025-11,30.6.1.300
2344,b981359b-6152-404b-9247-1b9815f1a302,Amazon India,google_play,hi,id,False,ek to mere ko galat product prapt hua jab return kiya product vikreta ko wapis mil gaya lekin mere ko mera rupay wapas nahi kiya please mera rupay wapas kaein turant jo mene account number diya hai wo ekdam sahi hai amazon rupay wapis karne me koi support nahi kar raha please mera please mere 950 rupay turant wapis kare mein bahut tansion mein hoon,ek to mere ko galat product prapt hua jab return kiya product vikreta ko wapis mil gaya lekin mere ko mera rupay wapas nahi kiya please mera rupay wapas kaein turant jo mene account number diya hai wo ekdam sahi hai amazon rupay wapis karne me koi support nahi kar raha please mera please mere 950 rupay turant wapis kare mein bahut tansion mein hoon,ek to mere ko galat product prapt hua jab return kiya product vikreta ko wapis mil gaya lekin mere ko mera rupay wapas nahi kiya please mera rupay wapas kaein turant jo mene account number diya hai wo ekdam sahi hai amazon rupay wapis karne me koi support nahi kar raha please mera please mere 950 rupay turant wapis kare mein bahut tansion mein hoon,1,complaint,2,False,65,2025-11-29 21:31:58+00:00,2025-11-24/2025-11-30,2025-11,
2345,94f04780-2941-44e0-91e3-7c6fc3a510b5,Amazon India,google_play,hi,id,False,yaha se koi saman nahi mangvana bhot karab culti ka saman y dete pessa vi pura do or chij vi achi nahi dete,yaha se koi saman nahi mangvana bhot karab culti ka saman y dete pessa vi pura do or chij vi achi nahi dete,yaha se koi saman nahi mangvana bhot karab culti ka saman y dete pessa vi pura do or chij vi achi nahi dete,1,complaint,0,False,23,2025-11-29 06:43:33+00:00,2025-11-24/2025-11-30,2025-11,
2347,611b8936-b4e2-43a7-9a65-8e6be3626b64,Amazon India,google_play,hi,hi,False,"हर आइटम महंगा।हमेशा फ्लिपकार्ट से महंगा सामान भेजता है अमेजॉन ,महिलाओं के लिए 9 नंबर का जूता नहीं मिलता है जब भी जब भी देखा स्टॉक खत्म दिखता है","हर आइटम महंगा।हमेशा फ्लिपकार्ट से महंगा सामान भेजता है अमेजॉन ,महिलाओं के लिए 9 नंबर का जूता नहीं मिलता है जब भी जब भी देखा स्टॉक खत्म दिखता है","हर आइटम महंगा।हमेशा फ्लिपकार्ट से महंगा सामान भेजता है अमेजॉन ,महिलाओं के लिए 9 नंबर का जूता नहीं मिलता है जब भी जब भी देखा स्टॉक खत्म दिखता है",1,complaint,47,True,29,2025-11-23 22:38:13+00:00,2025-11-17/2025-11-23,2025-11,30.21.0.300
2348,cc6cc88e-6b05-4704-9c9a-b4518ab35c32,Amazon India,google_play,hi,so,False,ha bhaya aap badiya hai,ha bhaya aap badiya hai,ha bhaya aap badiya hai,5,positive,0,False,5,2025-11-23 19:13:56+00:00,2025-11-17/2025-11-23,2025-11,
2349,42aece15-8b03-406b-a27d-48f15e4013dc,Amazon India,google_play,hi,hi,False,ये ऐमाजोन ऐप में बहुत लुटाईं करता है सही क्वालिटी बेहतर गुणवत्ता नहीं है,ये ऐमाजोन ऐप में बहुत लुटाईं करता है सही क्वालिटी बेहतर गुणवत्ता नहीं है,ये ऐमाजोन ऐप में बहुत लुटाईं करता है सही क्वालिटी बेहतर गुणवत्ता नहीं है,5,positive,124,True,14,2025-11-23 14:11:16+00:00,2025-11-17/2025-11-23,2025-11,30.21.0.300
2350,1dd5c92a-01dc-4c50-a008-67e83e64b62f,Amazon India,google_play,hi,hi,False,ये बहुत खराब ऐप्स हैं बहुत फ्रेड करता है पैसा लेके समान खराब देता है और वापस करने पे पैसा भी नहीं देता है डाउनलोड ना करे,ये बहुत खराब ऐप्स हैं बहुत फ्रेड करता है पैसा लेके समान खराब देता है और वापस करने पे पैसा भी नहीं देता है डाउनलोड ना करे,ये बहुत खराब ऐप्स हैं बहुत फ्रेड करता है पैसा लेके समान खराब देता है और वापस करने पे पैसा भी नहीं देता है डाउनलोड ना करे,1,complaint,14,True,27,2025-11-22 18:34:48+00:00,2025-11-17/2025-11-23,2025-11,30.20.2.300
2351,7d0d74b7-835d-4722-bcf2-4fb9abaa13a4,Amazon India,google_play,hi,sw,False,acha aap hai,acha aap hai,acha aap hai,5,positive,2,False,3,2025-11-22 13:23:01+00:00,2025-11-17/2025-11-23,2025-11,30.16.0.300
2352,90a4dd17-cfa5-4492-bfa5-b1f81f36e871,Amazon India,google_play,hi,sq,False,Jay shree Krishna 🦚,jay shree krishna,jay shree krishna,5,positive,4,False,3,2025-11-21 18:09:23+00:00,2025-11-17/2025-11-23,2025-11,30.20.2.300
2353,09f365cd-3341-459a-9624-1876a79fb779,Amazon India,google_play,hi,hi,False,मुझे खराब प्रोडक्ट मिला है नही वो एक्सचेंज किया नही रिटर्न मैंने हेल्पलाइन से भी बात की सभी ने 15 गुमराह किया फिर बोला आपका पिकअप नहीं हो सकता है और मेरे पास पिकअप के लिए कोई काल नहीं आया,मुझे खराब प्रोडक्ट मिला है नही वो एक्सचेंज किया नही रिटर्न मैंने हेल्पलाइन से भी बात की सभी ने 15 गुमराह किया फिर बोला आपका पिकअप नहीं हो सकता है और मेरे पास पिकअप के लिए कोई काल नहीं आया,मुझे खराब प्रोडक्ट मिला है नही वो एक्सचेंज किया नही रिटर्न मैंने हेल्पलाइन से भी बात की सभी ने 15 गुमराह किया फिर बोला आपका पिकअप नहीं हो सकता है और मेरे पास पिकअप के लिए कोई काल नहीं आया,1,complaint,3,False,40,2025-11-19 16:22:52+00:00,2025-11-17/2025-11-23,2025-11,
2354,9d5ee979-b25c-4a86-9526-78d567b1ba1f,Amazon India,google_play,hi,en,False,Cash on delivery option on kro mera,cash on delivery option on kro mera,cash on delivery option on kro mera,1,complaint,0,False,7,2025-11-19 12:14:24+00:00,2025-11-17/2025-11-23,2025-11,30.20.0.300
2355,594d5aea-ae9a-476a-aa97-548ca28b2d08,Amazon India,google_play,hi,tl,False,Amazon India ki sabse bariya company hai.,amazon india ki sabse bariya company hai.,amazon india ki sabse bariya company hai.,5,positive,0,False,7,2025-11-18 15:28:26+00:00,2025-11-17/2025-11-23,2025-11,
2356,37c1e4cf-9c27-4d8d-af23-c7c91a58911d,Amazon India,google_play,hi,en,False,nice wonderful app,nice wonderful app,nice wonderful app,4,positive,0,False,3,2025-11-18 12:31:12+00:00,2025-11-17/2025-11-23,2025-11,
2357,608b6ce6-7f13-4e44-bdc2-ba6e1bffbeee,Amazon India,google_play,hi,en,False,isme dilevery charge jyada hai,isme dilevery charge jyada hai,isme dilevery charge jyada hai,2,complaint,4,False,5,2025-11-18 12:24:21+00:00,2025-11-17/2025-11-23,2025-11,30.20.2.300
2358,d5b6bd51-f9e5-47b1-a875-dcbd66649a73,Amazon India,google_play,hi,so,False,bhoot aasha,bhoot aasha,bhoot aasha,5,positive,0,False,2,2025-11-18 11:16:05+00:00,2025-11-17/2025-11-23,2025-11,
2359,d9c39613-d461-4330-b0fa-187083ea8065,Amazon India,google_play,hi,cy,False,341520 mai cod hi availed nhi hai,341520 mai cod hi availed nhi hai,341520 mai cod hi availed nhi hai,1,complaint,2,False,7,2025-11-18 08:41:51+00:00,2025-11-17/2025-11-23,2025-11,30.14.0.300
2360,d745ff12-c4f1-46a8-9a76-dd055f57a06c,Amazon India,google_play,hi,en,False,The astrologer's suggestion for a specific meditation technique has significantly improved my focus and concentration. Life-changing advice.,the astrologer's suggestion for a specific meditation technique has significantly improved my focus and concentration. life-changing advice.,the astrologer's suggestion for a specific meditation technique has significantly improved my focus and concentration. life-changing advice.,5,positive,0,False,17,2025-11-18 06:41:08+00:00,2025-11-17/2025-11-23,2025-11,
2361,2b2fea36-a608-4661-beec-6383851d2ec5,Amazon India,google_play,hi,sv,False,amezon app better than flipkart 🎈❤️❤️❤️,amezon app better than flipkart,amezon app better than flipkart,1,complaint,0,False,5,2025-11-17 20:58:10+00:00,2025-11-17/2025-11-23,2025-11,
2362,4f930337-21dc-4fc8-a580-1fd992190816,Amazon India,google_play,hi,hi,False,यह चुटिया बना जा रहा है,यह चुटिया बना जा रहा है,यह चुटिया बना जा रहा है,5,positive,0,False,6,2025-11-17 16:00:27+00:00,2025-11-17/2025-11-23,2025-11,
2363,06f45bd3-8943-49d9-8c14-9ff75dc1fc83,Amazon India,google_play,hi,hi,False,"सबसे बेकार सर्विस है, मेरा 3 आर्डर था घर तक पहुंचा ही नही है। और एक भी रुपया वापसी नही दिया। फोन पे से पैसा दिया था पहले ही। आर्डर करके पछता रहा हूं। वही एड्रेस पर मिशो और फ्लिपकार्ट से मेरा आर्डर घर तक बराबर पहुंचा है। एमाझोन पर इस लिए आर्डर कीया था की वह मटेरियल मिशो और फ्लिपकार्ट पर नही मील रहा था। नगद पे कीया था।आर्डर नजदीकी हब पहुंचने के बाद वापसी हो गया । तो कम-से-कम मेरा पैसा तो वापसी करता। अच्छा सर्विस नही है आपका। बेकार है,चोर कंपणी है। इसे कोई भी डाउनलोड ना करे।","सबसे बेकार सर्विस है, मेरा 3 आर्डर था घर तक पहुंचा ही नही है। और एक भी रुपया वापसी नही दिया। फोन पे से पैसा दिया था पहले ही। आर्डर करके पछता रहा हूं। वही एड्रेस पर मिशो और फ्लिपकार्ट से मेरा आर्डर घर तक बराबर पहुंचा है। एमाझोन पर इस लिए आर्डर कीया था की वह मटेरियल मिशो और फ्लिपकार्ट पर नही मील रहा था। नगद पे कीया था।आर्डर नजदीकी हब पहुंचने के बाद वापसी हो गया । तो कम-से-कम मेरा पैसा तो वापसी करता। अच्छा सर्विस नही है आपका। बेकार है,चोर कंपणी है। इसे कोई भी डाउनलोड ना करे।","सबसे बेकार सर्विस है, मेरा 3 आर्डर था घर तक पहुंचा ही नही है। और एक भी रुपया वापसी नही दिया। फोन पे से पैसा दिया था पहले ही। आर्डर करके पछता रहा हूं। वही एड्रेस पर मिशो और फ्लिपकार्ट से मेरा आर्डर घर तक बराबर पहुंचा है। एमाझोन पर इस लिए आर्डर कीया था की वह मटेरियल मिशो और फ्लिपकार्ट पर नही मील रहा था। नगद पे कीया था।आर्डर नजदीकी हब पहुंचने के बाद वापसी हो गया । तो कम-से-कम मेरा पैसा तो वापसी करता। अच्छा सर्विस नही है आपका। बेकार है,चोर कंपणी है। इसे कोई भी डाउनलोड ना करे।",1,complaint,27,True,101,2025-11-17 12:48:40+00:00,2025-11-17/2025-11-23,2025-11,30.21.0.300
2364,10d155ef-ccd2-4c59-a27e-91722b3ca256,Amazon India,google_play,hi,id,False,bahot hi ghatia app hai mera order yek to deri se aaya or mera order cancel kar diya diya is app ki sarvice bhi bekar hai or dilevery boy bhi jayse ki khud ko malik samajhte hai Amazon compani ki turant order cancel kar dete hai bekar sarvice dete hai ghatiya vyavhar rahega to aapke Amazon pe koi saman order nahi karega Mera time West kiya order ka intzaar karne me or upar se aap ke delevery boy ne cancel kar diya isi liye mai aapke app ko unstall kar raha hun,bahot hi ghatia app hai mera order yek to deri se aaya or mera order cancel kar diya diya is app ki sarvice bhi bekar hai or dilevery boy bhi jayse ki khud ko malik samajhte hai amazon compani ki turant order cancel kar dete hai bekar sarvice dete hai ghatiya vyavhar rahega to aapke amazon pe koi saman order nahi karega mera time west kiya order ka intzaar karne me or upar se aap ke delevery boy ne cancel kar diya isi liye mai aapke app ko unstall kar raha hun,bahot hi ghatia app hai mera order yek to deri se aaya or mera order cancel kar diya diya is app ki sarvice bhi bekar hai or dilevery boy bhi jayse ki khud ko malik samajhte hai amazon compani ki turant order cancel kar dete hai bekar sarvice dete hai ghatiya vyavhar rahega to aapke amazon pe koi saman order nahi karega mera time west kiya order ka intzaar karne me or upar se aap ke delevery boy ne cancel kar diya isi liye mai aapke app ko unstall kar raha hun,1,complaint,2,False,92,2025-11-16 09:25:53+00:00,2025-11-10/2025-11-16,2025-11,
2365,fd7781aa-1e3c-483a-956c-648a04b23b7e,Amazon India,google_play,hi,en,False,usefull app for a shoping,usefull app for a shoping,usefull app for a shoping,4,positive,0,False,5,2025-11-15 20:31:36+00:00,2025-11-10/2025-11-16,2025-11,
2366,87293602-3753-4206-af64-7d90060460b6,Amazon India,google_play,hi,en,False,bhahut acha,bhahut acha,bhahut acha,5,positive,0,False,2,2025-11-15 20:11:38+00:00,2025-11-10/2025-11-16,2025-11,
2369,ef466847-430a-4997-a9c0-df781c8a7fe0,Amazon India,google_play,hi,ne,False,बुरा अनुभव,बुरा अनुभव,बुरा अनुभव,1,complaint,0,False,2,2025-11-13 02:21:17+00:00,2025-11-10/2025-11-16,2025-11,30.20.2.300
2370,e0d627ad-58e8-4cca-a8fa-7d5ed7363281,Amazon India,google_play,hi,hi,False,ये एप्प सबसे घटिया है ये दो अलग अलग जगह गुरुग्राम ओर सूरत एकाउंट को एक साथ मर्ज कर दे रहा है आर्डर गुरूग्राम से हो रहा है ओर ओटीपी सूरत आ रहा है इसको कोई भी डाउनलोड मत करो बकवास एप्प है चीजें का रेट भी मार्केट रेट से बहुत ज्यादा है,ये एप्प सबसे घटिया है ये दो अलग अलग जगह गुरुग्राम ओर सूरत एकाउंट को एक साथ मर्ज कर दे रहा है आर्डर गुरूग्राम से हो रहा है ओर ओटीपी सूरत आ रहा है इसको कोई भी डाउनलोड मत करो बकवास एप्प है चीजें का रेट भी मार्केट रेट से बहुत ज्यादा है,ये एप्प सबसे घटिया है ये दो अलग अलग जगह गुरुग्राम ओर सूरत एकाउंट को एक साथ मर्ज कर दे रहा है आर्डर गुरूग्राम से हो रहा है ओर ओटीपी सूरत आ रहा है इसको कोई भी डाउनलोड मत करो बकवास एप्प है चीजें का रेट भी मार्केट रेट से बहुत ज्यादा है,1,complaint,11,True,53,2025-11-11 14:54:16+00:00,2025-11-10/2025-11-16,2025-11,30.20.2.300
2371,49c64941-9770-4174-a497-044c49c8ec6e,Amazon India,google_play,hi,hi,False,यह एक बढ़िया एप्प है। मैंने इस एप्प के द्वारा बहुत सारी वस्तुएं खरीदी हैं। लेकिन इस एप्प की सबसे बड़ी समस्या यह है कि यह पे आन डिलेवरी का विकल्प बहुत सी ऐसी वस्तुओं पर नहीं रखता है जिसे मैं खरीदना चाहता हूं। इसलिए उन चीजों को खरीदने में बड़ी परेशानी होती है। फिर भी यह एप्प फिलिप कार्ट से लाख गुना अच्छा है।,यह एक बढ़िया एप्प है। मैंने इस एप्प के द्वारा बहुत सारी वस्तुएं खरीदी हैं। लेकिन इस एप्प की सबसे बड़ी समस्या यह है कि यह पे आन डिलेवरी का विकल्प बहुत सी ऐसी वस्तुओं पर नहीं रखता है जिसे मैं खरीदना चाहता हूं। इसलिए उन चीजों को खरीदने में बड़ी परेशानी होती है। फिर भी यह एप्प फिलिप कार्ट से लाख गुना अच्छा है।,यह एक बढ़िया एप्प है। मैंने इस एप्प के द्वारा बहुत सारी वस्तुएं खरीदी हैं। लेकिन इस एप्प की सबसे बड़ी समस्या यह है कि यह पे आन डिलेवरी का विकल्प बहुत सी ऐसी वस्तुओं पर नहीं रखता है जिसे मैं खरीदना चाहता हूं। इसलिए उन चीजों को खरीदने में बड़ी परेशानी होती है। फिर भी यह एप्प फिलिप कार्ट से लाख गुना अच्छा है।,5,positive,2,False,65,2025-11-10 15:12:13+00:00,2025-11-10/2025-11-16,2025-11,
2372,8948aa08-f995-46f4-a024-66eaf16be1d1,Amazon India,google_play,hi,hi,False,मेरा केस ओं डिलीवरी उपलब्ध रहेगी तो बहुत अच्छा है,मेरा केस ओं डिलीवरी उपलब्ध रहेगी तो बहुत अच्छा है,मेरा केस ओं डिलीवरी उपलब्ध रहेगी तो बहुत अच्छा है,2,complaint,6,False,10,2025-11-09 17:40:07+00:00,2025-11-03/2025-11-09,2025-11,30.20.2.300
2373,e873da6d-b2cb-4dac-83a0-30e3da232817,Amazon India,google_play,hi,hi,False,अमेजॉन पर मेरे 10000 रुपए अटक गए हैं डिजिटल गोल्ड में अमेजॉन कोई सहायता नहीं कर पा रहा है,अमेजॉन पर मेरे 100 रुपए अटक गए हैं डिजिटल गोल्ड में अमेजॉन कोई सहायता नहीं कर पा रहा है,अमेजॉन पर मेरे 100 रुपए अटक गए हैं डिजिटल गोल्ड में अमेजॉन कोई सहायता नहीं कर पा रहा है,5,positive,332,True,19,2025-11-07 09:42:41+00:00,2025-11-03/2025-11-09,2025-11,30.20.2.300
2374,5852df7f-3aef-43f0-addb-6390adc4d3fc,Amazon India,google_play,hi,hi,False,अच्छा है एप,अच्छा है एप,अच्छा है एप,5,positive,7,False,3,2025-11-07 09:12:20+00:00,2025-11-03/2025-11-09,2025-11,30.20.2.300
2375,22206852-a0d1-4b3b-b112-aa7b29255f5b,Amazon India,google_play,hi,hi,False,अमेजॉन खराब है ये मुला बना दे रहा है सबको ध्यान देना इससे घटिया तो प्लेटफार्म मैंने देखा ही नहीं,अमेजॉन खराब है ये मुला बना दे रहा है सबको ध्यान देना इससे घटिया तो प्लेटफार्म मैंने देखा ही नहीं,अमेजॉन खराब है ये मुला बना दे रहा है सबको ध्यान देना इससे घटिया तो प्लेटफार्म मैंने देखा ही नहीं,1,complaint,10,False,20,2025-11-06 13:06:05+00:00,2025-11-03/2025-11-09,2025-11,30.18.6.300
2376,d93b7aef-8253-469b-ac8e-49406ca24041,Amazon India,google_play,hi,sv,False,meri id block ker di be faltu me bkvas app,meri id block ker di be faltu me bkvas app,meri id block ker di be faltu me bkvas app,1,complaint,7,False,10,2025-11-04 23:31:53+00:00,2025-11-03/2025-11-09,2025-11,30.17.2.300
2377,d4cbce98-2203-407f-b397-9ed9e5ad95c2,Amazon India,google_play,hi,so,False,sab se aacha hai,sab se aacha hai,sab se aacha hai,5,positive,0,False,4,2025-11-04 12:39:02+00:00,2025-11-03/2025-11-09,2025-11,22.18.0.300
2378,370fe629-9c5f-4d95-9f85-ad63d8cb0348,Amazon India,google_play,hi,en,False,cash on delivery option is not working,cash on delivery option is not working,cash on delivery option is not working,1,complaint,0,False,7,2025-11-04 07:34:33+00:00,2025-11-03/2025-11-09,2025-11,30.20.2.300
2379,bb82ea1d-5d39-45fe-90c7-ead15066318a,Amazon India,google_play,hi,hi,False,कुछ मांगा कुछ आ रहा है तो बहुत घटिया ऐप है ऐप डाउनलोड करने से पहले सौ बार सोचना,कुछ मांगा कुछ आ रहा है तो बहुत घटिया ऐप है ऐप डाउनलोड करने से पहले सौ बार सोचना,कुछ मांगा कुछ आ रहा है तो बहुत घटिया ऐप है ऐप डाउनलोड करने से पहले सौ बार सोचना,1,complaint,13,True,19,2025-11-01 19:59:59+00:00,2025-10-27/2025-11-02,2025-11,30.18.2.300
2380,05b87be7-7fd9-4fd5-ac5e-620a0100cdd9,Amazon India,google_play,hi,hi,False,ये कंपनी फ्रोड है जो सामान मंगाते है वो पहुंचाते ही नही है कॉल कर ने के बाद भी मना कर देते हैं,ये कंपनी फ्रोड है जो सामान मंगाते है वो पहुंचाते ही नही है कॉल कर ने के बाद भी मना कर देते हैं,ये कंपनी फ्रोड है जो सामान मंगाते है वो पहुंचाते ही नही है कॉल कर ने के बाद भी मना कर देते हैं,1,complaint,21,True,23,2025-11-01 18:48:48+00:00,2025-10-27/2025-11-02,2025-11,30.20.2.300
2382,1c4c3d63-5608-4fb4-a6c3-7f168fd0f93b,Amazon India,google_play,hi,hi,False,Amazon इंडिया s shopping इंडिया भारत में सबसेफेवरेट Amazon है मैं शॉपिंग कर सकते हो मजेदार सकते मस्त मोबाइल शॉपिंग सब कर सकते हो इसमें सब फीचर मिलते हैं शॉप हैंगिंग और सब मिलते हैं,amazon इंडिया s shopping इंडिया भारत में सबसेफेवरेट amazon है मैं शॉपिंग कर सकते हो मजेदार सकते मस्त मोबाइल शॉपिंग सब कर सकते हो इसमें सब फीचर मिलते हैं शॉप हैंगिंग और सब मिलते हैं,amazon इंडिया s shopping इंडिया भारत में सबसेफेवरेट amazon है मैं शॉपिंग कर सकते हो मजेदार सकते मस्त मोबाइल शॉपिंग सब कर सकते हो इसमें सब फीचर मिलते हैं शॉप हैंगिंग और सब मिलते हैं,5,positive,328,True,35,2025-10-31 15:16:53+00:00,2025-10-27/2025-11-02,2025-10,30.19.0.300
2383,e3e90166-70ae-49f7-996f-3070e43a812b,Amazon India,google_play,hi,hi,False,प्रोडक्ट की डिलीवरी नहीं हो रही व किमत वापसी नहीं हो रही है प्लीज ध्यापन देना,प्रोडक्ट की डिलीवरी नहीं हो रही व किमत वापसी नहीं हो रही है प्लीज ध्यापन देना,प्रोडक्ट की डिलीवरी नहीं हो रही व किमत वापसी नहीं हो रही है प्लीज ध्यापन देना,2,complaint,9,False,16,2025-10-31 11:08:59+00:00,2025-10-27/2025-11-02,2025-10,30.20.0.300
2384,48a4fa4a-9e08-4798-9ac0-977b1e8bcf40,Amazon India,google_play,hi,ne,False,एकदम बढीया👍❤️,एकदम बढीया,एकदम बढीया,5,positive,0,False,2,2025-10-29 21:11:37+00:00,2025-10-27/2025-11-02,2025-10,30.19.0.300
2385,6adbf1a5-092c-4e6a-8f31-70604914a0a8,Amazon India,google_play,hi,hi,False,आप सामान खरीदने उसकी रिटर्न भी नहीं मिलता है बहुत बेकारसर्विस है,आप सामान खरीदने उसकी रिटर्न भी नहीं मिलता है बहुत बेकारसर्विस है,आप सामान खरीदने उसकी रिटर्न भी नहीं मिलता है बहुत बेकारसर्विस है,1,complaint,11,True,12,2025-10-29 14:20:03+00:00,2025-10-27/2025-11-02,2025-10,30.19.0.300
2386,4f16e13a-0026-43cf-9b39-e437112f4091,Amazon India,google_play,hi,en,False,why is amazon force to install amazonpay shortcut,why is amazon force to install amazonpay shortcut,why is amazon force to install amazonpay shortcut,1,complaint,0,False,8,2025-10-28 21:04:47+00:00,2025-10-27/2025-11-02,2025-10,
2387,f71d75cd-cb10-457e-ab7b-1e9edb994096,Amazon India,google_play,hi,id,False,yeh ap bahut achah hai,yeh ap bahut achah hai,yeh ap bahut achah hai,5,positive,0,False,5,2025-10-28 15:56:52+00:00,2025-10-27/2025-11-02,2025-10,
2388,e4e20305-31a6-463b-87fe-4c2976e5f3fc,Amazon India,google_play,hi,hi,False,मेरा अनुभव है कि यहां अधिकतर सामान डुप्लीकेट मिलते हैं,मेरा अनुभव है कि यहां अधिकतर सामान डुप्लीकेट मिलते हैं,मेरा अनुभव है कि यहां अधिकतर सामान डुप्लीकेट मिलते हैं,1,complaint,16,True,10,2025-10-27 12:50:06+00:00,2025-10-27/2025-11-02,2025-10,30.20.0.300
2389,00a9f100-79ce-471d-ba05-b9939d02103a,Amazon India,google_play,hi,ne,False,बुरा।हो।तू,बुरा।हो।तू,बुरा।हो।तू,3,mixed,0,False,1,2025-10-26 14:06:46+00:00,2025-10-20/2025-10-26,2025-10,
2390,1ef9f282-5f89-4c7a-86ed-3fb6255c7ac5,Amazon India,google_play,hi,en,False,best of best quality 💯,best of best quality,best of best quality,5,positive,0,False,4,2025-10-24 09:22:03+00:00,2025-10-20/2025-10-26,2025-10,30.18.6.300
2391,743ad821-f04f-4a75-9ae2-ec44bdd5572d,Amazon India,google_play,hi,en,False,Thisbis very nice ap for k -drwma and c-drama I love this aap sereasly 👌❤️❤️,thisbis very nice ap for k -drwma and c-drama i love this aap sereasly,thisbis very nice ap for k -drwma and c-drama i love this aap sereasly,5,positive,0,False,14,2025-10-23 18:24:24+00:00,2025-10-20/2025-10-26,2025-10,30.19.0.300
2392,1b6e2fd9-0555-4a5a-b587-f8c4b9263ea5,Amazon India,google_play,hi,cy,False,refund nhi deta hai 😡,refund nhi deta hai,refund nhi deta hai,1,complaint,10,False,4,2025-10-23 08:40:58+00:00,2025-10-20/2025-10-26,2025-10,30.19.0.300
2393,b346feb3-ddc4-4853-8617-48da59a1f8e1,Amazon India,google_play,hi,sl,False,jogaji sovanji soravada,jogaji sovanji soravada,jogaji sovanji soravada,5,positive,11,True,3,2025-10-22 21:41:26+00:00,2025-10-20/2025-10-26,2025-10,30.19.0.300
2394,68ec4c74-51d5-41b6-82eb-7520f8f9131d,Amazon India,google_play,hi,hi,False,इसमें उलझाड़ ज्यादा हैं आम आदमी के काम का ज्यादा नहीं हैं सब सावधान रहें ऑफर घुमा फिरा कर दिमाग खराब करने के लिए है कैश बेक का सीधा उपयोग नहीं कर सकते समझ से बाहर हे,इसमें उलझाड़ ज्यादा हैं आम आदमी के काम का ज्यादा नहीं हैं सब सावधान रहें ऑफर घुमा फिरा कर दिमाग खराब करने के लिए है कैश बेक का सीधा उपयोग नहीं कर सकते समझ से बाहर हे,इसमें उलझाड़ ज्यादा हैं आम आदमी के काम का ज्यादा नहीं हैं सब सावधान रहें ऑफर घुमा फिरा कर दिमाग खराब करने के लिए है कैश बेक का सीधा उपयोग नहीं कर सकते समझ से बाहर हे,1,complaint,24,True,37,2025-10-22 18:54:26+00:00,2025-10-20/2025-10-26,2025-10,30.19.0.300
2396,53a63ea6-fadd-4de7-9cef-84bff634db35,Amazon India,google_play,hi,hi,False,14 अक्टूबर25 को एक कैंची ऑर्डर पर मिला था जो एक दम इस्तेमाल किया और पुराना था । हम उसी समय इस कैंची को रिटर्न मार दिया लेकिन 22 अक्टूबर25 तक नही ही रिटर्न हुआ नही हमारा पैसा मिला अभी तक अमिज़ोन का कोई भी एजेंट हमारा समान नही रिसिब किया मेरा समाधान कीजिये।,14 अक्टूबर25 को एक कैंची ऑर्डर पर मिला था जो एक दम इस्तेमाल किया और पुराना था । हम उसी समय इस कैंची को रिटर्न मार दिया लेकिन 22 अक्टूबर25 तक नही ही रिटर्न हुआ नही हमारा पैसा मिला अभी तक अमिज़ोन का कोई भी एजेंट हमारा समान नही रिसिब किया मेरा समाधान कीजिये।,14 अक्टूबर25 को एक कैंची ऑर्डर पर मिला था जो एक दम इस्तेमाल किया और पुराना था । हम उसी समय इस कैंची को रिटर्न मार दिया लेकिन 22 अक्टूबर25 तक नही ही रिटर्न हुआ नही हमारा पैसा मिला अभी तक अमिज़ोन का कोई भी एजेंट हमारा समान नही रिसिब किया मेरा समाधान कीजिये।,1,complaint,5,False,54,2025-10-22 16:23:45+00:00,2025-10-20/2025-10-26,2025-10,30.5.0.300
2397,4f6352c0-a50a-4ea5-adab-7abb9d57e3f7,Amazon India,google_play,hi,en,False,best app hai,best app hai,best app hai,5,positive,0,False,3,2025-10-22 09:30:05+00:00,2025-10-20/2025-10-26,2025-10,30.19.0.300
2398,5dac1199-4916-45ac-a729-eb15b0ac3f61,Amazon India,google_play,hi,so,False,gatiya app he koi download mat karna kyo ki saamn ritarn karne ke baad kuch wapis nhi aane wala he,gatiya app he koi download mat karna kyo ki saamn ritarn karne ke baad kuch wapis nhi aane wala he,gatiya app he koi download mat karna kyo ki saamn ritarn karne ke baad kuch wapis nhi aane wala he,1,complaint,1,False,20,2025-10-20 10:38:14+00:00,2025-10-20/2025-10-26,2025-10,
2400,677f633b-4b63-42af-a5df-1479ca24b648,Amazon India,google_play,hi,id,False,bhut Sundar,bhut sundar,bhut sundar,5,positive,0,False,2,2025-10-20 00:32:58+00:00,2025-10-20/2025-10-26,2025-10,18.13.2.300
2401,72cd4e0a-0b10-491c-b360-ef2e0526484e,Amazon India,google_play,hi,et,False,Appn sab kuch he HK bhai ne bhuta kuch magy he,appn sab kuch he hk bhai ne bhuta kuch magy he,appn sab kuch he hk bhai ne bhuta kuch magy he,3,mixed,7,False,11,2025-10-19 11:17:35+00:00,2025-10-13/2025-10-19,2025-10,30.18.6.300
2402,4504594b-0a0e-4d5a-8e64-97abaf2c5d9b,Amazon India,google_play,hi,so,False,goo good app,goo good app,goo good app,1,complaint,0,False,3,2025-10-18 12:18:31+00:00,2025-10-13/2025-10-19,2025-10,
2403,76cd3f37-f182-438b-bd0d-0620b80d5931,Amazon India,google_play,hi,sw,False,bahut acha hai shandaar ka hai shandaar ka matalab hindi me janiye Debo kintu thik hai 9,bahut acha hai shandaar ka hai shandaar ka matalab hindi me janiye debo kintu thik hai 9,bahut acha hai shandaar ka hai shandaar ka matalab hindi me janiye debo kintu thik hai 9,5,positive,0,False,17,2025-10-18 10:36:38+00:00,2025-10-13/2025-10-19,2025-10,26.12.0.300
2404,8b37e4c0-e00c-4cb7-b201-905d406e81a5,Amazon India,google_play,hi,id,False,bahut bekar hai,bahut bekar hai,bahut bekar hai,1,complaint,0,False,3,2025-10-18 07:36:28+00:00,2025-10-13/2025-10-19,2025-10,
2405,89b158ac-2cd3-4812-8349-8f4911709be6,Amazon India,google_play,hi,en,False,this is very good and good app,this is very good and good app,this is very good and good app,5,positive,0,False,7,2025-10-18 07:03:47+00:00,2025-10-13/2025-10-19,2025-10,30.18.6.300
2406,2a0be667-87d0-4e0c-8fbe-1056a48166f2,Amazon India,google_play,hi,hi,False,वेरी नाइस अप Gud,वेरी नाइस अप gud,वेरी नाइस अप gud,5,positive,2,False,4,2025-10-18 02:00:30+00:00,2025-10-13/2025-10-19,2025-10,30.16.0.300
2407,be99d9f1-11e9-48eb-8100-eadd3d35e1b8,Amazon India,google_play,hi,hu,False,Amazon best app hai,amazon best app hai,amazon best app hai,5,positive,0,False,4,2025-10-17 20:30:36+00:00,2025-10-13/2025-10-19,2025-10,
2408,a7dc88f4-53b0-4112-9f34-5eaf7f7f5c4c,Amazon India,google_play,hi,et,False,aap aapne hisaab se khekh lo,aap aapne hisaab se khekh lo,aap aapne hisaab se khekh lo,1,complaint,0,False,6,2025-10-17 13:57:27+00:00,2025-10-13/2025-10-19,2025-10,
2410,7234d057-3f8d-49d9-abb3-0a9e8bf455c4,Amazon India,google_play,hi,hi,False,इसमें मुझे चाहिए होता है जो कैश ऑन डिलीवरी नहीं मिलता है,इसमें मुझे चाहिए होता है जो कैश ऑन डिलीवरी नहीं मिलता है,इसमें मुझे चाहिए होता है जो कैश ऑन डिलीवरी नहीं मिलता है,1,complaint,0,False,12,2025-10-16 15:12:48+00:00,2025-10-13/2025-10-19,2025-10,
2411,ca1fa06f-1670-496a-9b4e-c9d903e374a8,Amazon India,google_play,hi,id,False,bahut mahga saman he,bahut mahga saman he,bahut mahga saman he,1,complaint,14,True,4,2025-10-16 09:18:21+00:00,2025-10-13/2025-10-19,2025-10,30.18.6.300
2412,539b13e9-bbdf-42a6-96b0-da00ee3befdd,Amazon India,google_play,hi,af,False,bhi brand aap h,bhi brand aap h,bhi brand aap h,5,positive,50,True,4,2025-10-16 07:00:30+00:00,2025-10-13/2025-10-19,2025-10,30.19.0.300
2413,81225f1f-98ce-4155-9265-d9568d825c0a,Amazon India,google_play,hi,hi,False,यह एक सबसे बड़ा फ्रॉड कंपनी है इसलिए की 5 बार हमारे साथ हैं फ्रॉड हुआ है ऑर्डर मिलने नहीं है और हमें सक्सेसफुल ऑर्डर शो कर रहा है कस्टमर केयर को कॉल करने पर कॉल डिस्कनेक्ट कर देता है बाय मिस्टेक कभी बात होती है तो वह बोलते हैं आपकी प्रॉब्लम सॉल्व हो गई है लेकिन होता नहींहै सबसे बड़ा फ्रॉड बकवास चुटिया कंपनी है,यह एक सबसे बड़ा फ्रॉड कंपनी है इसलिए की 5 बार हमारे साथ हैं फ्रॉड हुआ है ऑर्डर मिलने नहीं है और हमें सक्सेसफुल ऑर्डर शो कर रहा है कस्टमर केयर को कॉल करने पर कॉल डिस्कनेक्ट कर देता है बाय मिस्टेक कभी बात होती है तो वह बोलते हैं आपकी प्रॉब्लम सॉल्व हो गई है लेकिन होता नहींहै सबसे बड़ा फ्रॉड बकवास चुटिया कंपनी है,यह एक सबसे बड़ा फ्रॉड कंपनी है इसलिए की 5 बार हमारे साथ हैं फ्रॉड हुआ है ऑर्डर मिलने नहीं है और हमें सक्सेसफुल ऑर्डर शो कर रहा है कस्टमर केयर को कॉल करने पर कॉल डिस्कनेक्ट कर देता है बाय मिस्टेक कभी बात होती है तो वह बोलते हैं आपकी प्रॉब्लम सॉल्व हो गई है लेकिन होता नहींहै सबसे बड़ा फ्रॉड बकवास चुटिया कंपनी है,1,complaint,26,True,66,2025-10-15 16:32:48+00:00,2025-10-13/2025-10-19,2025-10,30.18.6.300
2414,bfe72ad2-eaed-4c58-8407-bb28cded403f,Amazon India,google_play,hi,en,True,jjrkkensknr rjeiiw t f d jwiby fnwintokwb jwijwiirt tjkwoyofowjy bfiie Bhai bn NJN nice n nice nn b hi nahi bhen n bn skta h na beja b bn owkc k V ke V me know when not watching you have to go my way back in town for a while back in a while while back but he is not well at all he is not in town so that the day and night he is not in the day of the day of the month end ka matalab hindi me janiye de la man de la man de la man de la man de la man de la man de,jjrkkensknr rjeiiw t f d jwiby fnwintokwb jwijwiirt tjkwoyofowjy bfiie bhai bn njn nice n nice nn b hi nahi bhen n bn skta h na beja b bn owkc k v ke v me know when not watching you have to go my way back in town for a while back in a while while back but he is not well at all he is not in town so that the day and night he is not in the day of the day of the month end ka matalab hindi me janiye de la man de la man de la man de la man de la man de la man de,jjrkkensknr rjeiiw t f d jwiby fnwintokwb jwijwiirt tjkwoyofowjy bfiie bhai bn njn nice n nice nn b hi nahi bhen n bn skta h na beja b bn owkc k v ke v me know when not watching you have to go my way back in town for a while back in a while while back but he is not well at all he is not in town so that the day and night he is not in the day of the day of the month end ka matalab hindi me janiye de la man de la man de la man de la man de la man de la man de,5,positive,0,False,112,2025-10-14 21:46:01+00:00,2025-10-13/2025-10-19,2025-10,
2415,6604abf9-6c4d-421a-ae11-ba304c15ec47,Amazon India,google_play,hi,hi,False,एक ओर्डर डीलीवरी नहीं कर सकते,एक ओर्डर डीलीवरी नहीं कर सकते,एक ओर्डर डीलीवरी नहीं कर सकते,1,complaint,5,False,6,2025-10-14 15:35:41+00:00,2025-10-13/2025-10-19,2025-10,30.18.2.300
2416,c31349d6-372d-4344-8d77-7856e95e428b,Amazon India,google_play,hi,hi,False,यह ऐप बहुत ही अच्छा है,यह ऐप बहुत ही अच्छा है,यह ऐप बहुत ही अच्छा है,5,positive,0,False,6,2025-10-13 05:39:41+00:00,2025-10-13/2025-10-19,2025-10,
2417,e2e32dbe-adff-4f53-b325-569b22475fd4,Amazon India,google_play,hi,hi,False,मैं इस एप को डिलीट करता हूं क्योंकि यह समय पर कोई भी काम नहीं करता है,मैं इस एप को डिलीट करता हूं क्योंकि यह समय पर कोई भी काम नहीं करता है,मैं इस एप को डिलीट करता हूं क्योंकि यह समय पर कोई भी काम नहीं करता है,1,complaint,3,False,17,2025-10-11 19:27:58+00:00,2025-10-06/2025-10-12,2025-10,
2418,5a89b6ee-30a7-4a93-a8da-d1c549124d0a,Amazon India,google_play,hi,hi,False,क्या यहां सस्ता मिलता है हां या नहीं कमेंटकरो,क्या यहां सस्ता मिलता है हां या नहीं कमेंटकरो,क्या यहां सस्ता मिलता है हां या नहीं कमेंटकरो,5,positive,16,True,9,2025-10-11 08:07:20+00:00,2025-10-06/2025-10-12,2025-10,30.16.2.300
2419,7cf0dce7-2922-47a0-8b42-6b0530edd05e,Amazon India,google_play,hi,en,False,good morning sir,good morning sir,good morning sir,5,positive,0,False,3,2025-10-11 08:03:29+00:00,2025-10-06/2025-10-12,2025-10,30.18.6.300
2420,769ba122-9915-4a54-a69b-035258a99667,Amazon India,google_play,hi,hi,False,ठीक है सर ओके करें मुझे जल्दी जल्दी चाहिए था,ठीक है सर ओके करें मुझे जल्दी जल्दी चाहिए था,ठीक है सर ओके करें मुझे जल्दी जल्दी चाहिए था,5,positive,1,False,10,2025-10-11 07:49:18+00:00,2025-10-06/2025-10-12,2025-10,22.14.2.350
2421,d100f768-1952-45bf-97b9-c07a3a1597a6,Amazon India,google_play,hi,hi,False,इस एप्लीकेशन कॅल्शियम डिलिव्हरी का ना होने के कारण बहुत से दुखत आ रही है,इस एप्लीकेशन कॅल्शियम डिलिव्हरी का ना होने के कारण बहुत से दुखत आ रही है,इस एप्लीकेशन कॅल्शियम डिलिव्हरी का ना होने के कारण बहुत से दुखत आ रही है,1,complaint,1,False,15,2025-10-10 01:17:52+00:00,2025-10-06/2025-10-12,2025-10,
2422,eaaaab44-824c-45ba-b345-7fcd97dc2551,Amazon India,google_play,hi,et,False,aapke product kitne late aate hai,aapke product kitne late aate hai,aapke product kitne late aate hai,1,complaint,9,False,6,2025-10-09 22:01:49+00:00,2025-10-06/2025-10-12,2025-10,30.18.6.300
2423,b2b2d8f9-7f97-4e7b-94c0-076f355a8f40,Amazon India,google_play,hi,en,False,best'shoping site 2025,best'shoping site 2025,best'shoping site 2025,5,positive,0,False,3,2025-10-09 19:39:53+00:00,2025-10-06/2025-10-12,2025-10,30.18.6.300
2424,351c7314-bef0-49a6-9fb6-92c98fed3372,Amazon India,google_play,hi,fi,False,Anwar Hussain jaipur rajasthan,anwar hussain jaipur rajasthan,anwar hussain jaipur rajasthan,3,mixed,0,False,4,2025-10-09 17:47:05+00:00,2025-10-06/2025-10-12,2025-10,30.18.6.300
2425,176b6ed3-cff6-4b2a-b334-24d810265481,Amazon India,google_play,hi,en,True,cash on delivery hai per delivery se pehle hi paise maang raha hai,cash on delivery hai per delivery se pehle hi paise maang raha hai,cash on delivery hai per delivery se pehle hi paise maang raha hai,1,complaint,12,True,13,2025-10-09 13:32:39+00:00,2025-10-06/2025-10-12,2025-10,30.18.6.300
2426,16ae736a-fd41-4fe7-b3ab-1b8be407f7d2,Amazon India,google_play,hi,hi,False,जय 🥰 जोहार 🥳 जय 🤑 आदिवासी ये ऐप डाउनलोड करें बढ़िया जानकारी देते हुए,जय जोहार जय आदिवासी ये ऐप डाउनलोड करें बढ़िया जानकारी देते हुए,जय जोहार जय आदिवासी ये ऐप डाउनलोड करें बढ़िया जानकारी देते हुए,1,complaint,0,False,12,2025-10-08 21:50:24+00:00,2025-10-06/2025-10-12,2025-10,
2428,bbb00048-1563-4309-95ef-b06056eb5f72,Amazon India,google_play,hi,cs,False,very n1ce Ji 👍,very n1ce ji,very n1ce ji,5,positive,0,False,3,2025-10-08 15:17:59+00:00,2025-10-06/2025-10-12,2025-10,30.18.6.300
2429,1e68b030-6b6a-4a22-883a-89fb41a3a84a,Amazon India,google_play,hi,tl,False,sabse mahanga Saman milta Hai is app mein,sabse mahanga saman milta hai is app mein,sabse mahanga saman milta hai is app mein,1,complaint,1,False,8,2025-10-08 09:33:37+00:00,2025-10-06/2025-10-12,2025-10,
2430,48bc3076-2c3c-4917-aced-e4b53278bbf9,Amazon India,google_play,hi,en,False,buy a Mustafa 🥰🥰🥰🥰🥰♥️❤️,buy a mustafa,buy a mustafa,5,positive,0,False,3,2025-10-08 08:04:38+00:00,2025-10-06/2025-10-12,2025-10,30.14.0.300
2431,21f29075-6109-4dad-89d8-6612defebc10,Amazon India,google_play,hi,hi,False,"गलत आईटम भेज देते है वापिस नही लिए जाते प्रेमेन्ट रिफंड करने के लिए ऐकांउट जोडने के लिए बोलते है फीर भी प्रेमेन्ट वापिस नही करते जैसे ओनलाईन प्रेमेन्ट की समझ नही होती वही लोग डीलवरी पर भुगतान चुश करते है ईनको गलत आईटम भेजी है औरजनल आईटम भेज ना चाहिए वो नही करते ऐकांउट का ऐक्सेस लेने की ही बात करते है ,,,,,फ्रोड लोग है","गलत आईटम भेज देते है वापिस नही लिए जाते प्रेमेन्ट रिफंड करने के लिए ऐकांउट जोडने के लिए बोलते है फीर भी प्रेमेन्ट वापिस नही करते जैसे ओनलाईन प्रेमेन्ट की समझ नही होती वही लोग डीलवरी पर भुगतान चुश करते है ईनको गलत आईटम भेजी है औरजनल आईटम भेज ना चाहिए वो नही करते ऐकांउट का ऐक्सेस लेने की ही बात करते है ,,फ्रोड लोग है","गलत आईटम भेज देते है वापिस नही लिए जाते प्रेमेन्ट रिफंड करने के लिए ऐकांउट जोडने के लिए बोलते है फीर भी प्रेमेन्ट वापिस नही करते जैसे ओनलाईन प्रेमेन्ट की समझ नही होती वही लोग डीलवरी पर भुगतान चुश करते है ईनको गलत आईटम भेजी है औरजनल आईटम भेज ना चाहिए वो नही करते ऐकांउट का ऐक्सेस लेने की ही बात करते है ,,फ्रोड लोग है",1,complaint,52,True,66,2025-10-07 12:46:10+00:00,2025-10-06/2025-10-12,2025-10,30.18.6.300
2433,a789dc45-c8ed-4570-9c2e-62ee38b7a4fe,Amazon India,google_play,hi,hi,False,हमद मद ये पागल है पागल है पागल है पागल है पागल हैपागल पागल है पागल है पागल है पल पल पल पल त है और वह अपने आप ही बताओ नोटिस जारी किया था और वो मुझे बहुत मज़ा आया और उसने मुझे कहा आज तो तुम क्या जानो कि इस मामले में पुलिस और प्रशासनिक अधिकारियों ने बताया हम लोग भी हैं तो यह भी है कि यह एक बहुत बड़ा है और न कोई नया नहीं है कि वह अपने आप को रोक दिया और उसके साथ एक ही बात कहता हूं अगर मैं इसे इसी प्रकार यदि कोई हो जो भी है और वह अपने घर से भी अधिक है कि इस मामले को गंभीरता को समझते हैं कि इस समय मैं,हमद मद ये पागल है पागल है पागल है पागल है पागल हैपागल पागल है पागल है पागल है पल पल पल पल त है और वह अपने आप ही बताओ नोटिस जारी किया था और वो मुझे बहुत मज़ा आया और उसने मुझे कहा आज तो तुम क्या जानो कि इस मामले में पुलिस और प्रशासनिक अधिकारियों ने बताया हम लोग भी हैं तो यह भी है कि यह एक बहुत बड़ा है और न कोई नया नहीं है कि वह अपने आप को रोक दिया और उसके साथ एक ही बात कहता हूं अगर मैं इसे इसी प्रकार यदि कोई हो जो भी है और वह अपने घर से भी अधिक है कि इस मामले को गंभीरता को समझते हैं कि इस समय मैं,हमद मद ये पागल है पागल है पागल है पागल है पागल हैपागल पागल है पागल है पागल है पल पल पल पल त है और वह अपने आप ही बताओ नोटिस जारी किया था और वो मुझे बहुत मज़ा आया और उसने मुझे कहा आज तो तुम क्या जानो कि इस मामले में पुलिस और प्रशासनिक अधिकारियों ने बताया हम लोग भी हैं तो यह भी है कि यह एक बहुत बड़ा है और न कोई नया नहीं है कि वह अपने आप को रोक दिया और उसके साथ एक ही बात कहता हूं अगर मैं इसे इसी प्रकार यदि कोई हो जो भी है और वह अपने घर से भी अधिक है कि इस मामले को गंभीरता को समझते हैं कि इस समय मैं,1,complaint,4,False,126,2025-10-06 17:26:25+00:00,2025-10-06/2025-10-12,2025-10,
2434,ff21606d-5f5f-4d08-a429-318596dfdb2a,Amazon India,google_play,hi,hi,False,यूज करने के बाद बताएंगे।।।,यूज करने के बाद बताएंगे।।।,यूज करने के बाद बताएंगे।।।,1,complaint,0,False,5,2025-10-06 12:48:45+00:00,2025-10-06/2025-10-12,2025-10,
2435,3d0f5a08-727e-43e8-9438-52de4ddd728d,Amazon India,google_play,hi,tl,False,takla looyera,takla looyera,takla looyera,5,positive,0,False,2,2025-10-06 12:45:42+00:00,2025-10-06/2025-10-12,2025-10,30.18.2.300
2436,b8d648c3-5d9f-4401-86a1-632defdc315e,Amazon India,google_play,hi,hi,False,अमेजॉन पर मेरे तरफ से धन्यवाद,अमेजॉन पर मेरे तरफ से धन्यवाद,अमेजॉन पर मेरे तरफ से धन्यवाद,5,positive,167,True,6,2025-10-05 21:12:46+00:00,2025-09-29/2025-10-05,2025-10,30.18.2.300
2437,0f072813-ec05-4c19-abde-099d010b9457,Amazon India,google_play,hi,en,False,1- very late delivery 2- rong/defective/ no returnable/ missing product 3-low qwality/ high price 4- bad seller/ bad delivery partner please avoid this app ( very bad),1- very late delivery 2- rong defective no returnable missing product 3-low qwality high price 4- bad seller bad delivery partner please avoid this app very bad,1- very late delivery 2- rong defective no returnable missing product 3-low qwality high price 4- bad seller bad delivery partner please avoid this app very bad,1,complaint,0,False,27,2025-10-04 21:30:14+00:00,2025-09-29/2025-10-05,2025-10,
2438,429244bb-b4cc-4438-822f-c1b27e798bfe,Amazon India,google_play,hi,so,False,Badiya app hai,badiya app hai,badiya app hai,5,positive,4,False,3,2025-10-04 19:23:40+00:00,2025-09-29/2025-10-05,2025-10,30.17.2.300
2439,053a0ed0-5c65-4a52-bebe-65fcde7758f7,Amazon India,google_play,hi,hi,False,मुझे बहुत पसंद है धन्यवाद अमेजॉन,मुझे बहुत पसंद है धन्यवाद अमेजॉन,मुझे बहुत पसंद है धन्यवाद अमेजॉन,5,positive,2,False,6,2025-10-04 16:47:17+00:00,2025-09-29/2025-10-05,2025-10,30.10.2.300
2440,4b95580e-57e6-4bf2-a958-4347b8d0d605,Amazon India,google_play,hi,nl,False,nice aap hai,nice aap hai,nice aap hai,5,positive,0,False,3,2025-10-03 14:53:53+00:00,2025-09-29/2025-10-05,2025-10,30.4.0.300
