id,review_id,platform,source,lang,content,score,thumbs_up,at,app_version
0,0bfab48b-3a35-4e08-b04e-6fe7b6021da5,Myntra,google_play,en,comfortable nice,5,0,2026-03-31 22:16:08+00:00,4.2603.10
1,57fe2ea4-0a2e-4675-af48-9d715d4ba098,Myntra,google_play,en,it's perfect app,5,0,2026-03-31 22:15:29+00:00,4.2602.22
2,adbc4983-147c-4f94-be1d-756827d25a31,Myntra,google_play,en,every time the experience is very good,5,0,2026-03-31 22:13:05+00:00,4.2603.10
3,496c500b-8916-47b2-b6f5-89f29e5165a2,Myntra,google_play,en,good experience,4,0,2026-03-31 22:08:20+00:00,4.2602.22
4,1d417499-2e18-41a1-bfb1-2f0fe513ba64,Myntra,google_play,en,"Due to my recent purchases from Myntra I am forced to write the review. I am not feeling like giving even one star if I have that option. All my recent products have one or the more quality issues, different from what's shown and advertised in the picture. similarly price 4 prdct is way 2 high, not even near to genuine or low price. Many products have different image and quality of the cloth looks rich and nice but the actual product is not. Aftr raising complaint my issue got resolved next day.",3,0,2026-03-31 22:07:40+00:00,
5,a7df6fdf-8cc2-4f72-84dc-998602dcb306,Myntra,google_play,en,"myntra best one , online platform good one",5,0,2026-03-31 22:02:31+00:00,
6,e3e79ed3-7314-49fe-ac01-671453b7de1a,Myntra,google_play,en,"​Myntra has completely changed the way I shop for clothes and beauty products. The app interface is incredibly smooth—I love the new Liquid Glass design; it makes browsing feel so much faster. The variety of brands is unmatched, and I always find exactly what I’m looking for, whether it’s trendy ethnic wear or the latest sneakers. ​The Insider Loyalty Program is a huge plus, and I love getting early access to sales. Delivery is always on time, and the tracking feature is very reliable.",5,0,2026-03-31 21:52:44+00:00,4.2603.10
7,d0098db7-0d69-43d6-afee-e72047b60868,Myntra,google_play,en,good app....very good service,5,0,2026-03-31 21:51:52+00:00,4.2603.10
8,dbd7a1a6-7d1c-4247-8b01-e5788d5fdf73,Myntra,google_play,en,overall good experience... product were always good,5,0,2026-03-31 21:50:57+00:00,4.2603.10
9,7dac45a2-9f43-4ce2-8697-46a4f34fec0a,Myntra,google_play,en,my favourite app,5,0,2026-03-31 21:49:25+00:00,4.2603.10
10,eb94e1a2-2f37-4aa1-a152-b2bd41f2824f,Myntra,google_play,en,nice product,4,0,2026-03-31 21:48:59+00:00,
11,062be844-458f-4f44-9c27-35225dae633e,Myntra,google_play,en,This app was very awesome I got very good fashion aesthetic dress i love this app very much,5,0,2026-03-31 21:44:08+00:00,4.2603.10
12,16f9d9b6-8dac-4f56-a23d-fe3468a26fee,Myntra,google_play,en,i ordered 3 items not single get delivered. one is from myntranow.at the end i cancelled all.,1,0,2026-03-31 21:40:47+00:00,4.2603.10
13,ed642811-68c2-4295-bf35-1699093ebfbc,Myntra,google_play,en,Price is not worthy for the product,5,0,2026-03-31 21:39:33+00:00,4.2603.10
14,59b6be00-1bdb-4cfa-89e3-90ff15880da3,Myntra,google_play,en,i love sirt and comfortable 😍😍😍,5,0,2026-03-31 21:31:18+00:00,4.2603.10
15,26035d91-1d4f-44da-b4f3-4ae65586b3e5,Myntra,google_play,en,it is very bad app for shopping because I have ordered 10 items and they don't came they cancelled them all of them,1,0,2026-03-31 21:25:42+00:00,4.2603.10
16,d5d9dffc-416f-4a21-a9b2-a4033144bd1c,Myntra,google_play,en,very good shopping app,5,0,2026-03-31 21:24:20+00:00,
17,1b48629f-5a0e-4467-972e-37bdc94545b0,Myntra,google_play,en,plzzzz don't buy from myntra 😡 myntra na hi return Karta h na hi koi product shi aata h or na koi customer care vala help kr rhe hai,1,0,2026-03-31 21:21:19+00:00,
18,c1f7dc49-67a7-4750-aa3d-b184c6df1ab8,Myntra,google_play,en,outstanding,5,0,2026-03-31 21:09:57+00:00,4.2603.10
19,8c6fd021-3ecf-4ee6-9b9b-ab988cb3c117,Myntra,google_play,en,Myntra walo ne ludhiana mein jitne bhi delivery boy rakhe sab gunde rakhu hai kisi ko bolne ki akal nhi Amazon aur flipkart pe kbhi aise gande nhi bolte jaise Myntra ke delivery boy bolte hai kitni baar customer care pe baat kar ke complain bhi kri thi but aaj tak koi action nhi liya gya na delivery boy humare area ka change kiya gya yeh last time hai Myntra se shopping kar rha hu next time se kbhi shopping nhi kruga kyu ki Myntra ne action lena nhi delivery boy ke uper,4,0,2026-03-31 21:07:44+00:00,4.2603.10
20,821b9921-913c-4544-baa5-2e9e22a662cb,Myntra,google_play,en,"I have been using this app from last 4 or 5 years and the experience has been good until now. I ordered a couple of USPA shirts and a puma shoes, returned them but haven't gotten a single penny back, that is 5k rupees. I raised disputes, even the customer care is not good, told me to wait for a few days, now it has been a month!! Myntra u better give my money back!!",5,1,2026-03-31 20:56:44+00:00,4.2602.22
21,1680490e-eee2-4002-b867-7b163f42cb02,Myntra,google_play,en,worth for the money,5,0,2026-03-31 20:48:38+00:00,4.2603.10
22,2e5345e8-d10a-42bc-bd2b-3665d1007da7,Myntra,google_play,en,such a good app ☺️,5,0,2026-03-31 20:48:38+00:00,4.2603.10
23,b6e686ec-573c-45d5-9dd7-a8cc6b032e85,Myntra,google_play,en,"This app is very horrible. I returned a jeans , so they said it will come at 27 March but order came in 17 match so they don't came to take it. This experience is very horrible. This app should be zero star",1,0,2026-03-31 20:46:02+00:00,4.2602.11
24,8be1cd19-9947-4272-8293-fd8c917e0e74,Myntra,google_play,en,genuine product,5,0,2026-03-31 20:44:29+00:00,4.2603.10
25,5adb3ebe-ed5f-40a3-963e-7d3a8c59903d,Myntra,google_play,en,worst app I've seen none of my orders are delivered all got cancled very dumb and worst app things are very good and also the prices but none of my orders got delivered,1,0,2026-03-31 20:43:35+00:00,4.2603.10
26,9b14ee83-624b-47f9-ab62-87437b2cc31a,Myntra,google_play,en,डिलीवरी इस सुपर बेस्ट,5,0,2026-03-31 20:43:32+00:00,4.2603.10
27,1a425c3d-70f4-4388-9d4f-315f007c276f,Myntra,google_play,en,best shopping app,5,0,2026-03-31 20:34:12+00:00,4.2603.10
28,a2579acf-6247-42c8-984a-89f1b8d34e93,Myntra,google_play,en,best shopping experience,5,0,2026-03-31 20:27:54+00:00,4.2603.10
29,43b9a2d6-6c5f-4707-b822-85a4f6b03aea,Myntra,google_play,en,good products,5,0,2026-03-31 20:25:41+00:00,4.2603.10
30,66a862cf-85cd-42f5-a19f-56f3a95f2d5b,Myntra,google_play,en,paisa wasool,5,0,2026-03-31 20:23:42+00:00,4.2602.11
31,248a21ac-7828-45d2-9cf1-2417f36b8aa4,Myntra,google_play,en,it's absolutely good app for shopping,5,0,2026-03-31 20:23:04+00:00,4.2603.10
32,04c8bd5f-ae6e-4f65-b1d1-6f5f2dcfd915,Myntra,google_play,en,"I love Myntra, here I mostly get genuine products n easy refund in case of exchange or return... highly recommend",5,0,2026-03-31 20:16:41+00:00,4.2602.22
33,2d29fb4e-5149-4736-a616-c20398b6a3c1,Myntra,google_play,en,good shopping aap,5,0,2026-03-31 20:16:33+00:00,4.2603.10
34,b7f32db6-5798-4991-9766-8ef00696918b,Myntra,google_play,en,trusted app 😍,5,0,2026-03-31 20:16:00+00:00,4.2603.10
35,6c4a23d8-9ebc-4c4c-885f-4049be63c2a6,Myntra,google_play,en,getting frustrated by this app and their support system i order a pegion cooker after cooking some chemical released from cooker and damaged rice getting black like things nd sticking to layer of rice and I have raised a complaint they closed it with out resolution and then stated duplicate id and raise other complaint and that also closed Without resolution and on 28th raised a complaint they told till 31st I'll get a resolution but again they kept a msg in ticket still want 48hours stupid serv,1,0,2026-03-31 20:03:45+00:00,
36,98219cc2-63fe-4d2c-b1ea-08f19ba58db1,Myntra,google_play,en,Nice collection,5,0,2026-03-31 20:00:04+00:00,
37,df8b9677-4524-490e-b9ec-3d9dfa4a0dca,Myntra,google_play,en,really satisfied,5,0,2026-03-31 19:48:31+00:00,4.2603.10
38,9420ac65-263b-4cff-89d3-401748ba39bd,Myntra,google_play,en,useful for shopping purpose ☺️,5,0,2026-03-31 19:47:17+00:00,4.2603.10
39,32686389-a8c6-425a-b5d1-7bc9a4b5f498,Myntra,google_play,en,affordable price and quality,5,0,2026-03-31 19:36:27+00:00,4.2603.10
40,cfb4315c-bfef-42bd-ae4e-97cce0588d25,Myntra,google_play,en,the app is good and timely delivery is there,5,0,2026-03-31 19:35:17+00:00,4.2603.10
41,ebee5c31-a50f-461d-9b16-0ae7978cfe77,Myntra,google_play,en,poor experience dont trust then they are chutiya,1,0,2026-03-31 19:31:23+00:00,4.2603.10
42,2ef0394c-d93c-45b0-a1d5-2b516458b466,Myntra,google_play,en,best app for shopping guys go for it... ❤,5,0,2026-03-31 19:29:24+00:00,4.2602.22
43,73e7ecc1-b00b-49ac-b1fd-20bce76702f9,Myntra,google_play,en,very nice plateform,5,0,2026-03-31 19:24:10+00:00,4.2603.10
44,c67b9340-14d4-475f-80f6-c4ac09ca3738,Myntra,google_play,en,give the real product with early very fast ⏩😀 delivery also provide best return policy ❤️❤️❤️,5,0,2026-03-31 19:23:09+00:00,4.2508.20
45,c2fa6f00-8bec-41cc-96f1-f74fb380e7f5,Myntra,google_play,en,Easy shopping and good offers,5,0,2026-03-31 19:16:42+00:00,4.2603.10
46,445f318a-dfa1-4d4f-8ecd-4141173848bc,Myntra,google_play,en,best app to buy,4,0,2026-03-31 19:06:07+00:00,4.2603.10
47,3b892242-f9d8-40d8-b94e-67375a7f9001,Myntra,google_play,en,Good product and quality,5,0,2026-03-31 19:00:01+00:00,4.2603.10
48,6e687380-4bdc-4e54-8698-58c5aa26f24a,Myntra,google_play,en,"to much high prices,big scam app, if you want to buy in myntra,once check products price in Flipkart or Amazon,then buy , myntra is very big fraud.",1,0,2026-03-31 18:56:34+00:00,
49,0fa5db2a-595d-42bb-a750-3dae10c67d0a,Myntra,google_play,en,so good service provider this app,5,0,2026-03-31 18:49:46+00:00,4.2602.22
50,0a74f0de-bde6-4628-b73f-d2f8b629f500,Myntra,google_play,en,good cloths,5,0,2026-03-31 18:46:59+00:00,4.2603.10
51,ca9126ec-6496-4a8e-ada6-35d01653945f,Myntra,google_play,en,App is so good,5,0,2026-03-31 18:46:10+00:00,4.2602.22
52,154138a3-941a-4c78-8260-2fbbb0084134,Myntra,google_play,en,"poorest shopping experience, they only send wrong items dont shop from this myntra they are litterally doing frauds and then will not listen to customers they are here only for looting its customers, now also they will be just giving a automated reply here that mail us or call where as no resolution will be provided by them for sure , ghatiya shopping site hai ye myntra , paise mat kro kharaab",1,0,2026-03-31 18:36:04+00:00,
53,de8d3160-fd85-460c-91b9-9d2218411c4b,Myntra,google_play,en,Thanku myntra very fast delivery 🚚 thanku so much i love it 💗,5,0,2026-03-31 18:33:10+00:00,4.2603.10
54,cd36b223-9152-4f25-8009-911dbb91b634,Myntra,google_play,en,totally disappointed with this app return policy is very bad my return request pending 15 days I face too much problem and not any costumer care nomber for support I don't expected this from myntra you break my trust,1,0,2026-03-31 18:27:35+00:00,4.2603.10
55,76bb02f8-3594-4421-99e1-639f3abe9099,Myntra,google_play,en,very worst application no proper resolution no proper user favour everything is just making frustrated no proper user assistance,1,0,2026-03-31 18:26:21+00:00,4.2602.22
56,acdac56e-52c8-40dd-8a94-714a09e809ca,Myntra,google_play,en,kafi badhiya hai,5,0,2026-03-31 18:26:09+00:00,4.2603.10
57,3080b67f-527a-4d0d-92ee-5c60fecb44a0,Myntra,google_play,en,Every product quality that I received is top notch !!!,5,0,2026-03-31 18:20:39+00:00,
58,ee3c7ad6-b198-4c8a-afa9-926a2b95782b,Myntra,google_play,en,best platform for buy clothes,5,0,2026-03-31 18:19:15+00:00,4.2603.10
59,610261ce-934f-49d8-9d41-507037112bd1,Myntra,google_play,en,STUDENT CAN AFFORD IT 😄,5,0,2026-03-31 18:06:36+00:00,4.2603.10
60,d6b91bef-a13b-4594-b3ca-6ee2a9b53deb,Myntra,google_play,en,"Fast delivery, correct product, good quality, no issues",5,0,2026-03-31 18:05:29+00:00,4.2603.10
61,92f55cc1-347c-41b7-8e46-3d889fcc6ffe,Myntra,google_play,en,nice delivery time and good quality,5,0,2026-03-31 18:02:54+00:00,4.2602.22
62,a8e7feb3-b58d-4890-8ad1-08db5b8863c9,Myntra,google_play,en,best product,5,0,2026-03-31 18:02:19+00:00,
63,ec4bdff9-6a5d-454e-b5c5-ff1af7adb5bd,Myntra,google_play,en,Very good platform for shopping. Always has the best deals!!,5,0,2026-03-31 18:02:18+00:00,4.2603.10
64,7bb4078d-a098-46c4-adca-e4809304db55,Myntra,google_play,en,3rd class customer service,1,0,2026-03-31 17:59:08+00:00,4.2601.20
65,f2d4f833-35d9-4d11-8a53-6d3a1afb7c65,Myntra,google_play,en,easy to order any item,5,0,2026-03-31 17:53:23+00:00,4.2508.20
66,25091cc6-61f8-4b65-a6e8-7a99c82af6ea,Myntra,google_play,en,good quality product,5,0,2026-03-31 17:49:26+00:00,4.2603.10
67,5abd56df-2188-44c4-a71a-1766a5d3c089,Myntra,google_play,en,very good product,5,0,2026-03-31 17:48:31+00:00,4.2603.10
68,9aae36e5-5b5d-486c-aee3-c3bf502b196e,Myntra,google_play,en,I was suppose to receive my package yesterday and due some problem with his vehicle he could not deliver the package to me yesterday. He promised to deliver the package today but nothing has come to me. The customer service executives have no update at all VERY VERY BAD EXPERIENCE. AND STILL NO GUARANTEE OF ME RECEIVING MY PACKAGE.,1,0,2026-03-31 17:47:13+00:00,4.2603.10
69,20fa139a-815a-4e98-8962-563939d30638,Myntra,google_play,en,very genuine product and original also,5,0,2026-03-31 17:46:49+00:00,4.2603.10
70,5ff4fe7c-0709-4062-8644-b760a8e743c3,Myntra,google_play,en,best app for fashion shopping,5,0,2026-03-31 17:43:18+00:00,4.2603.10
71,f50f6d5c-3d12-4091-bae0-52595d6be126,Myntra,google_play,en,"Very disappointed with this purchase. I used a coupon that said “non-returnable but exchangeable,” so I expected I could at least exchange the product if needed. However, after receiving it, there was a fitting issue and no exchange option was available. Customer care said it’s just the coupon name, which is misleading. Also, the product still shows “returnable till a date,” creating confusion. Not transparent at all.",1,0,2026-03-31 17:39:43+00:00,4.2602.22
72,846481d8-a19a-401a-9db1-5ac9ced02c11,Myntra,google_play,en,Shows discount cleverly...,5,0,2026-03-31 17:38:25+00:00,4.2603.10
73,beb04477-5a3b-4d50-9d99-321e0e2048f2,Myntra,google_play,en,i like this app,5,0,2026-03-31 17:34:43+00:00,4.2602.11
74,392dc181-c222-4028-a1e3-38b8ebfaad7c,Myntra,google_play,en,Mostly getting good service and timely delivery.,5,0,2026-03-31 17:28:22+00:00,4.2603.10
75,fca997b5-5c3a-4013-b5b7-53d424590cab,Myntra,google_play,en,nice experience,5,0,2026-03-31 17:22:34+00:00,4.2602.22
76,9a9637fc-c279-49b2-b1c3-8d380751fbd9,Myntra,google_play,en,Most budget friendly app ♡,5,0,2026-03-31 17:08:47+00:00,4.2603.10
77,c86ce5c4-4da8-4a2f-a87a-b7c6a1151f5d,Myntra,google_play,en,"Delivery is not done on time, the date is changed again and again but still the product does not reach and we are forced to cancel the product.",1,0,2026-03-31 17:00:06+00:00,4.2603.10
78,07938bb0-505d-44cb-8f0f-e31f3d80dcf5,Myntra,google_play,en,"All the items I've ordered from Myntra have been of good quality, and the return policy is also good. Myntra is a reliable app for me.",5,0,2026-03-31 16:55:08+00:00,4.2602.22
79,efa97d40-ca78-48b2-b695-21285e7c8c8f,Myntra,google_play,en,"Using myntra for cosmetics and skincare which gives offers coupons that encourage us to use myntra consistently thanks for that!! But recently had an issue regarding streaks, I unknowingly exited myntra's streak and will it be stopped permanently or can I restart it. Kindly solve my issue. Then the myncash which was found to be exiting to scratch and get money but now it's totally disappointing always showing better luck next time!!",3,0,2026-03-31 16:48:52+00:00,4.2603.10
80,cd4e39a2-025f-4b3d-b016-59610fdb8d71,Myntra,google_play,en,good product,5,0,2026-03-31 16:46:32+00:00,4.2603.10
81,e62a0f03-52ff-40c1-8e1b-f9ba1b418d2a,Myntra,google_play,en,"good app , genuine products",5,0,2026-03-31 16:39:34+00:00,4.2603.10
82,d1da92e7-abff-4a28-838b-69cf7d0f64ac,Myntra,google_play,en,is app ke delivery man Ghar per delivery Nahin Karke Jaate Hain aur inhone Le Rakha Hai home delivery,5,0,2026-03-31 16:38:34+00:00,
83,48d01e7c-6e11-4ff8-9449-d17f1784d1bc,Myntra,google_play,en,better then ajio,5,0,2026-03-31 16:36:37+00:00,4.2603.10
84,9c5fde67-d896-4dc4-abdb-a36aa40b5769,Myntra,google_play,en,nice comfort,5,0,2026-03-31 16:32:16+00:00,4.2512.21
85,417f6206-9079-4fa9-9022-9e61c6df4050,Myntra,google_play,en,"All the things are available on Mitra app very branded and at the right price, that is why I like this app very much.",5,0,2026-03-31 16:27:33+00:00,4.2603.10
86,b86f7894-c525-4146-b6e3-045462eead61,Myntra,google_play,en,worst customer service ever trust me guys flipkart and other online apps are much better than myntra i didn't recieved my refund now i have no idea i will get it or not am feels like i scammed by myntra,1,0,2026-03-31 16:25:06+00:00,4.2602.11
87,df25a867-e25e-40e1-83b0-baf7aef38b61,Myntra,google_play,en,"fantastic, elegant and fashionable clothing",5,0,2026-03-31 16:13:59+00:00,
88,cd0893d8-221b-43e5-ac9f-64bc66b04413,Myntra,google_play,en,best app for clothing,5,0,2026-03-31 16:13:07+00:00,
89,5cabfb39-9bae-4c53-96ce-11e952c95f86,Myntra,google_play,en,very good app,5,0,2026-03-31 16:11:49+00:00,4.2603.10
90,90a90abd-52db-4390-8a00-7a0f27e8a1c0,Myntra,google_play,en,good stylish products,5,0,2026-03-31 16:10:19+00:00,
91,214cba27-9c5a-4219-b9c3-e5f258b97f1f,Myntra,google_play,en,To fast to pace the order,5,0,2026-03-31 16:08:08+00:00,
92,56e3b253-82a0-4e7e-87b5-1d7f1544e390,Myntra,google_play,en,myntra app and service is really awesome 👍👍👍👍👍👍👍,5,0,2026-03-31 15:54:52+00:00,
93,16f0a209-0ade-46f4-8ec0-d87fcf5c4ee5,Myntra,google_play,en,quality of products are amazing 🤩,5,0,2026-03-31 15:54:35+00:00,4.2603.10
94,6487b95e-fccd-487f-a572-b1299d885927,Myntra,google_play,en,this app is magic like wowww am so happy to be the part of myn familyyy lots of love❤️,5,0,2026-03-31 15:52:55+00:00,
95,d49ec82c-e792-4dda-bc33-d67e80c28bac,Myntra,google_play,en,"I have been using this app for so long. But the Decathlon Nabaiji product I ordered shows it reached the nearest hub from last 5 days, and the order is getting delayed by six days from the date the app mentioned.",1,0,2026-03-31 15:52:29+00:00,
96,26c6e9d9-f0ae-466f-b76a-cc4ae9d6cce9,Myntra,google_play,en,"I've been using the app for a while now and I’m extremely disappointed with the service. My order arrived with a missing product, and the customer support is doing absolutely nothing to help. Every time I contact them, they close the ticket without a resolution.",1,0,2026-03-31 15:51:23+00:00,4.2603.10
97,31f2c355-e770-405b-9f54-d75676538663,Myntra,google_play,en,Nice product and website,5,0,2026-03-31 15:38:19+00:00,4.2603.10
98,950855d3-c79c-46f6-9ef0-d98183a7cf09,Myntra,google_play,en,quality is gud,5,0,2026-03-31 15:38:05+00:00,
99,d8ff02ec-d3ca-49ac-8bcc-3834a6390fdd,Myntra,google_play,en,Quick delivery compared to other competitors. I loved it very much,5,0,2026-03-31 15:29:33+00:00,4.2603.10
100,2c5f1c67-ced3-47c5-971c-cb1d4d3a400b,Myntra,google_play,en,veryyy good and adorable app,5,0,2026-03-31 15:27:16+00:00,4.2603.10
101,ef6a5cac-2d97-453a-8ee4-d967786842a6,Myntra,google_play,en,amazing experience with mantra fashion,5,0,2026-03-31 15:12:33+00:00,4.2602.22
102,2164ad37-9ec9-419b-b601-62f95251ec48,Myntra,google_play,en,amazing experience by Myntra love death,5,0,2026-03-31 15:11:29+00:00,4.2603.10
103,76242773-0d2a-440b-9db3-83e769ddc23a,Myntra,google_play,en,"this is an incredible app to shoppers who cannot go outside and it is really effective in quality and affordable tooo, thank you myntra.",5,0,2026-03-31 15:08:19+00:00,4.2602.22
104,fca5c4e3-7c7e-46aa-baff-24376af0bbdf,Myntra,google_play,en,it's one of the best app,5,0,2026-03-31 15:00:25+00:00,4.2603.10
105,5e4a0ee5-5aa6-4a0c-be9f-ec5a2a962597,Myntra,google_play,en,"I’ve personally had a great experience using Myntra. The app is easy to navigate, and I like how it shows personalized recommendations based on my style. Delivery has always been quick for me, and the return process is hassle-free, which makes shopping less stressful. I’ve found some really good quality products, especially during sales. Sometimes prices feel a bit high without discounts, but overall, I trust Myntra for fashion shopping.",5,0,2026-03-31 14:58:19+00:00,4.2603.10
106,2ddb5eb1-ea68-48b0-a4d2-37afe299d8e2,Myntra,google_play,en,very useful app,5,0,2026-03-31 14:55:58+00:00,4.2603.10
107,66e7bc09-92e7-48c4-9824-c0b38ed3343f,Myntra,google_play,en,osm quality,5,0,2026-03-31 14:55:46+00:00,4.2603.10
108,e5892cc0-186b-4d20-b468-1826560f83ff,Myntra,google_play,en,love the app,5,0,2026-03-31 14:54:58+00:00,4.2603.10
109,01b1b829-b2a1-43ec-b505-242e21bd001c,Myntra,google_play,en,Quality best quantity best price best,5,0,2026-03-31 14:49:52+00:00,4.2603.10
110,d1aa91ef-4be8-46f6-893b-08ce74deef02,Myntra,google_play,en,my mintra experience was amezing the quality of the product is too good thank you mintra,5,0,2026-03-31 14:46:05+00:00,4.2603.10
111,8edb8e80-de88-4553-a7c4-6db3b43b4fbc,Myntra,google_play,en,Excellent 👍,5,0,2026-03-31 14:44:22+00:00,4.2603.10
112,ccef2a7a-d456-4ef9-9984-fdb9a9a9568e,Myntra,google_play,en,All good but Myncash was expired too muchh fast( Cannot useful for us ),4,0,2026-03-31 14:43:30+00:00,4.2603.10
113,cb54f173-f93e-4ec7-87e3-7b75e5218b2b,Myntra,google_play,en,easy and fast delivery,5,0,2026-03-31 14:42:53+00:00,4.2602.22
114,073e221d-6b78-409c-8e4f-06bc47cc63be,Myntra,google_play,en,best shopping app for clothes,5,0,2026-03-31 14:41:24+00:00,4.2602.22
115,4afbf897-4d72-49da-a938-05e725995eb8,Myntra,google_play,en,too good app,5,0,2026-03-31 14:40:16+00:00,4.2603.10
116,0a1cbf1f-8f08-4c92-972c-b21c4c335636,Myntra,google_play,en,your delivery executive is not delivering order at door step.. he is asking to come 5 km front... so i complaint with your help center... so your delivery executive not deliver order and show on app order is delivered... now its almost month issue is not solve... at least refund my money... otherwise i going to complaint this issue to cyber crime report.... now its too much your help center agent is also not responding now i am going to do police complaint for this scam,1,0,2026-03-31 14:34:18+00:00,4.2603.10
117,b62227dc-25b6-4a44-ae4d-e37982331cf7,Myntra,google_play,en,extremely happy very excellent features,5,0,2026-03-31 14:26:21+00:00,4.2603.10
118,3fe0cdd4-447e-4b99-99d0-db5e3fe1bf12,Myntra,google_play,en,"Really love to order on Myntra App ,genuine and original products",5,0,2026-03-31 14:23:47+00:00,4.2603.10
119,f936ee92-d8cf-488c-ad1a-1b25d4e3e1ca,Myntra,google_play,en,प्रीमियम क्वालिटी लेकीन लेट डिलिवरी,5,0,2026-03-31 14:23:19+00:00,
120,5236aba4-fb09-447e-bd41-8390b465afb4,Myntra,google_play,en,"i am using this app from last 10 years for my clothing stuffs. whenever i need any types of clothes , shoes suddenly myntra comes in my mind",5,0,2026-03-31 14:18:16+00:00,4.2603.10
121,09645775-4901-49c0-9f77-c7b385a31940,Myntra,google_play,en,Nice App I am using 2 year👍,5,0,2026-03-31 14:16:24+00:00,4.2603.10
122,bf0ed244-ad8b-4990-a6a2-e9734aa7df54,Myntra,google_play,en,best app for clothes buying best price range and every type fashion available here .... great,5,0,2026-03-31 14:13:04+00:00,4.2603.10
123,aa8b209c-9ee9-4a1a-a688-59a81fc9dee4,Myntra,google_play,en,very good app for every thing,5,0,2026-03-31 14:07:11+00:00,4.2603.10
124,7a7717c6-89aa-4ba6-aa31-70eac080e113,Myntra,google_play,en,good online shop,5,0,2026-03-31 13:59:59+00:00,4.2603.10
125,90d67154-65ef-4e4a-9595-ba4b44bc7ba7,Myntra,google_play,en,Best app for all size clothing.. best quality. Beautiful tops. Myntra is getting better day by day..,5,0,2026-03-31 13:59:23+00:00,4.2603.10
126,d2837d8d-1867-45f7-8a93-4c855a376973,Myntra,google_play,en,must buy so soft nd no transparent happppyyyy customer,5,0,2026-03-31 13:58:45+00:00,4.2603.10
127,0d1d46c2-66f8-4cbf-9441-8d3beb6b2237,Myntra,google_play,en,this app given good quality products,4,0,2026-03-31 13:55:06+00:00,
128,6839e280-9ea7-4b1b-a3b3-fc1a9f8649d9,Myntra,google_play,en,worst app for shopping scammers,1,0,2026-03-31 13:52:20+00:00,4.2602.22
129,8df53541-6d8d-4bc6-9f8c-e3a9f4161aa7,Myntra,google_play,en,"material,stiching and design everything is good.",5,0,2026-03-31 13:51:42+00:00,4.2603.10
130,b920cac8-d191-4652-bce6-149b3e65e99d,Myntra,google_play,en,works best for me,5,0,2026-03-31 13:48:27+00:00,4.2603.10
131,0c953843-6c64-4ee5-b4c1-c7cf7c06f42c,Myntra,google_play,en,best side for cloth,5,0,2026-03-31 13:45:03+00:00,
132,2584fd1e-6436-42c5-b195-7e979858dc7d,Myntra,google_play,en,best price,5,0,2026-03-31 13:42:41+00:00,4.2603.10
133,85489031-0cdc-4a41-a4bf-15547fa5dfe8,Myntra,google_play,en,very trusted mintra love you,5,0,2026-03-31 13:32:57+00:00,4.2603.10
134,88639d47-cd92-435a-a88f-78d1884a6838,Myntra,google_play,en,"I'm a creator from myntra glam clan, they suspended my account for no reason it's been two three months,really very frustrating! very poor support from myntra team, even after mailing them more 100 times there's still no solution! I'll delete this app and even my friends and family are also deleting it, stop using the app when they don't provide any adequate support!",1,2,2026-03-31 13:31:06+00:00,4.2603.10
135,5e3cab7c-2b6e-485f-b430-b5f96320a41c,Myntra,google_play,en,nice products,4,0,2026-03-31 13:24:01+00:00,4.2602.22
136,caa67093-deef-428f-973b-fb7949de5411,Myntra,google_play,en,"It is a very stupid application. Myntra gives 300rs off on the first order but it is nothing like that, everyone is making a fool of me. I have tried it. It is a stupid app. The product quality is also not good.",1,0,2026-03-31 13:15:13+00:00,
137,571ec077-c764-4915-9fd5-e3e78878fd88,Myntra,google_play,en,amazing good perfect for shoping there so much offer,5,0,2026-03-31 13:13:54+00:00,4.2602.22
138,be0c15df-d183-45d1-9152-9cfc3b501ef7,Myntra,google_play,en,very genuine products,5,0,2026-03-31 13:06:36+00:00,4.2602.22
139,f4e862df-c9c7-45b4-86aa-5c7b3868986a,Myntra,google_play,en,"i hope, myntra's loyalty to be continue 👍",5,0,2026-03-31 13:04:55+00:00,4.2603.10
140,baf73a12-06ed-41ec-ba87-e8d35661af28,Myntra,google_play,en,really best shoping app🥰,5,0,2026-03-31 13:01:03+00:00,4.2603.10
141,1f9b8f50-6e2c-48c9-b652-d502e312dc24,Myntra,google_play,en,just amazing 🤩🤩🤩🤩🤩🤩🤩,5,0,2026-03-31 12:48:31+00:00,4.2602.22
142,e1fcd45e-bdec-4905-836f-c5a13aa38c99,Myntra,google_play,en,Myntra app fashion and shopping programme Myntra so good platform in shopping trusted platform in quality Myntra ultimate glam clan program is so good please Myntra app install,5,0,2026-03-31 12:46:28+00:00,
143,986bb284-5dd9-4ec5-acc4-8fbce62612b7,Myntra,google_play,en,Nice buying experience,4,0,2026-03-31 12:44:40+00:00,4.2602.11
144,41f137b2-3a54-4f83-9d83-c5076dca1426,Myntra,google_play,en,totally fraud by myntra they are cheaters i have genuine issue but they never listen they have given wrong images in product description and after that they are not accepting return under wrong product category and delivery boy refusing for pickup means totally trap by myntra fraud don't buy anything from myntra poor experience,1,0,2026-03-31 12:44:27+00:00,4.2603.10
145,6f5e498a-3d6d-42b0-b09a-b36b7c5098e5,Myntra,google_play,en,best quality products,5,0,2026-03-31 12:41:51+00:00,4.2602.22
146,fb05e2cb-d041-4814-96c8-50147c32a5ff,Myntra,google_play,en,Nice product quality is superb,5,0,2026-03-31 12:39:15+00:00,4.2603.10
147,d26d63eb-34b0-4bc9-966e-c54b2d184fbf,Myntra,google_play,en,good and very supportive thanku myntra,5,0,2026-03-31 12:39:00+00:00,4.2603.10
148,4f43f0fa-04e3-4dde-849a-8344b30a1f15,Myntra,google_play,en,good shows all branded products,4,0,2026-03-31 12:37:06+00:00,4.2602.22
149,fcef2388-4df1-4eca-bdf1-204e1a40c591,Myntra,google_play,en,Quality of products is superior than other platforms.Packaging is also very good and delivery service is always fast.,5,0,2026-03-31 12:36:28+00:00,4.2602.22
150,11483249-51e7-4e05-8b0f-2c14d1025efd,Myntra,google_play,en,Good app...,5,0,2026-03-31 12:36:13+00:00,4.2603.10
151,c520d62f-1dd4-45e7-b356-b2f1f31d6c63,Myntra,google_play,en,Bhai logo main ne ek shirt order Kari thi fir usko refund kar diya delivery wale bhaiya shirt ko le bhi liya fir mere se galti se aap delete ho gaya main ne install kara apne number se login Kara fir bhi mere shirt ka koi refund nahin dikh raha or na hee Myntra app mein uski detail dikh rahi hai my loss 820 bakwas aap hai ye sab online isko download mat karna,1,0,2026-03-31 12:34:52+00:00,4.2603.10
152,4db0eb38-ff18-4bc9-9360-4645db1a555b,Myntra,google_play,en,i had a good experience while shopping with myntra,5,0,2026-03-31 12:33:47+00:00,4.2603.10
153,4d97eafa-cb9e-4e8c-ac16-9eaed48465d2,Myntra,google_play,en,nice to mayntra,5,0,2026-03-31 12:23:28+00:00,4.2603.10
154,0f003169-a4cb-4ce3-9904-9a08c621ecfb,Myntra,google_play,en,nice app with easy function user friendly service,5,0,2026-03-31 12:19:52+00:00,
155,23208ed1-34ab-48bd-9ec8-eeec66859843,Myntra,google_play,en,Awesome app for this shopping,5,0,2026-03-31 12:15:45+00:00,4.2602.22
156,ee7a3c2c-8069-4f4b-a196-2ab30812545d,Myntra,google_play,en,very late delivery... customer and delivery boy not responding very very bad Myntra 👎👎👎👎,1,0,2026-03-31 12:12:45+00:00,4.2603.10
157,a7583456-bd81-4103-9e19-53a1a45a9d32,Myntra,google_play,en,best quality,5,0,2026-03-31 12:08:14+00:00,4.2603.10
158,bf67a847-7f53-4fb1-bf8f-4d665dbd877f,Myntra,google_play,en,"delivery related issues : otp based delivery na hone ke karan, delivery boy bina deliver kiye hi app me delivered kardete hai , jisse customer ko loss hota hai",1,0,2026-03-31 12:06:33+00:00,
159,c10ae42b-c36a-41ae-bb22-8335d3c2e580,Myntra,google_play,en,The delivery center and its delivery personnel in this area must improve their professionalism immediately. Delivery staff are expected to communicate respectfully with customers and clearly understand their responsibilities. They must perform their duties properly and maintain appropriate behavior at all times. Any form of disrespect or overstepping toward customers is unacceptable and should not be repeated. They are not taking the complain and issue seriously.,1,0,2026-03-31 12:05:59+00:00,
160,178004c1-277c-4c66-ad74-d687047e24cc,Myntra,google_play,en,superb quality and all types of iteam give a perfect shown on picture 👍🏻👏🏻❤️,5,0,2026-03-31 12:02:34+00:00,4.2603.10
161,77879082-edce-4f7d-bbf1-a9558d6c0e8a,Myntra,google_play,en,goog products,5,0,2026-03-31 12:00:11+00:00,4.2602.22
162,cd661689-f5df-4f0c-b61d-e2e69afecad5,Myntra,google_play,en,so nice app,5,0,2026-03-31 11:58:57+00:00,
163,901e212e-a027-49bc-9b07-801fbba1e20c,Myntra,google_play,en,recommended,5,0,2026-03-31 11:46:04+00:00,4.2603.10
164,005dc999-a905-4fca-be88-32c0deaf3c49,Myntra,google_play,en,nice platform,5,0,2026-03-31 11:43:35+00:00,4.2510.13
165,d4ba9eed-278d-423a-9fa5-c6f1c53c742b,Myntra,google_play,en,sureshkotvailya,5,0,2026-03-31 11:42:28+00:00,4.2602.22
166,c9c935aa-3d21-42ab-ac7d-8b0513040736,Myntra,google_play,en,it's fabulous,5,0,2026-03-31 11:42:17+00:00,4.2603.10
167,09d03ab0-975e-492a-be53-514df0c5988d,Myntra,google_play,en,great products at reasonable prices,5,0,2026-03-31 11:41:09+00:00,4.2603.10
168,afd0466a-a9f6-4a20-b2ef-9eca7275a293,Myntra,google_play,en,such a fraud app !!! I had placed a order then I didn't like it because that was totally different from which I have seen before then I just return it so at the time of delivery they said it was not our parcel the doorstep quality didn't pass so they didn't pick it back so I talk to the them from help centre but they didn't respond to me effectively they also just said talk to other agent we are also busy . what is this behavior 😶🙄😬😑🤬😡,1,0,2026-03-31 11:37:56+00:00,4.2603.10
169,97935bb3-8365-48af-a2de-8027c6ddeba2,Myntra,google_play,en,a good app,5,0,2026-03-31 11:32:57+00:00,4.2602.22
170,ad380910-213d-4f7d-8ec2-02383a93b61f,Myntra,google_play,en,thank you team Myntra the product quality was very good i recommend anyone can purchase for daily use,5,0,2026-03-31 11:27:52+00:00,4.2508.20
171,5ef7b13d-e805-41a8-b028-78bd800effd6,Myntra,google_play,en,Best app for shopping,5,0,2026-03-31 11:15:28+00:00,4.2603.10
172,48dc4d67-1168-43e0-9a9f-b40b3c339be9,Myntra,google_play,en,"In App, it is showing delivery delay from last 5 days, no option to contact customer care, always opens AI Enabled chat which is able to resolve my problem",1,0,2026-03-31 11:12:49+00:00,4.2603.10
173,1b249ceb-c620-4ee9-972d-77e2a77460c6,Myntra,google_play,en,very poor app,1,0,2026-03-31 11:11:51+00:00,4.2603.10
174,17e4230c-f28c-4802-a216-5072588759fe,Myntra,google_play,en,amazing experience on every shopping,5,0,2026-03-31 11:06:07+00:00,4.2603.10
175,50536ffb-c99e-4b73-beab-9fec1bc75e3d,Myntra,google_play,en,myntra app is really good.. I mean it's easy to use and the collection of clothes and brands is amazing.. myntra is great shopping app for fashion lovers.. I trust myntra very much for the quality and material.. my favourite shopping app is this only.. delivery is also fast and convenient.. 😊,5,0,2026-03-31 11:04:15+00:00,4.2602.22
176,5fbe57e1-93e0-4bfe-8c3d-20d1add3610c,Myntra,google_play,en,blindly trust,5,0,2026-03-31 10:52:53+00:00,4.2602.22
177,139ac2df-dcdc-40f9-9da2-aa71aa2ff4a5,Myntra,google_play,en,Bekar app hai. Agar koi dress bye karo aur return karo to 23 rs kat dete hai. Agar aap 3 bar return karo to 23 23 kat te jayenge. Kya faida phr. Platform k nam pe loot rahe hai,1,0,2026-03-31 10:49:07+00:00,4.2603.10
178,a7bb9a80-9180-4002-8154-eebcc27c5ed7,Myntra,google_play,en,good products and delivery man behaviour also good 😊,5,0,2026-03-31 10:44:26+00:00,
179,4e37e212-b8fb-4906-b862-7b6004c462da,Myntra,google_play,en,this app is great,5,0,2026-03-31 10:39:47+00:00,
180,c141f766-1bee-4346-b654-74e280bba58a,Myntra,google_play,en,Very nice Shopping Application,5,0,2026-03-31 10:38:25+00:00,
181,f50f5ed7-8557-43a0-a45f-1d1f11e77679,Myntra,google_play,en,"I had a good experience. The service was smooth and the staff was polite and helpful. Everything was well managed. Overall, I am satisfied.",5,0,2026-03-31 10:23:43+00:00,4.2603.10
182,f70bd472-b0fc-45ad-83cf-843c1fce5dd3,Myntra,google_play,en,bahut achcha maja a Gaya maja a Gaya maja a Gaya maja a Gaya majak,5,0,2026-03-31 10:20:39+00:00,
183,cbf1f851-1aeb-4f85-9bc1-8a8e876bb0a2,Myntra,google_play,en,myntra never disappoints me my first choice is myntra over any other platform,5,0,2026-03-31 10:17:08+00:00,
184,015628a7-87d5-4a1d-8d1e-ebfb4972e8ec,Myntra,google_play,en,very nice 👍👍👍👍👍,4,0,2026-03-31 10:15:05+00:00,4.2603.10
185,8341af58-b2eb-4d70-85ff-1ac28c44832e,Myntra,google_play,en,Nice app. Go for purchase of quality Products.,4,0,2026-03-31 10:11:07+00:00,
186,95ccfb3b-fd1a-464b-85c1-f5d5a12c0f01,Myntra,google_play,en,Good shopping app so far,5,0,2026-03-31 10:05:10+00:00,4.2602.22
187,48161137-b0d5-42fc-8ca9-d0d208a33fb3,Myntra,google_play,en,The product is good and the service is also good.,5,0,2026-03-31 10:02:50+00:00,4.2603.10
188,637e40ff-281c-498a-92ea-0650bf920bc0,Myntra,google_play,en,good collection,5,0,2026-03-31 09:54:26+00:00,4.2603.10
189,20559897-5374-4086-8028-caf17e2d06a8,Myntra,google_play,en,genuine products are there...,5,0,2026-03-31 09:54:07+00:00,4.2603.10
190,7bbbf4d1-4b68-4358-8095-9d4d2e7319fa,Myntra,google_play,en,best website if u want original product easy returns and exchange policies,5,0,2026-03-31 09:50:24+00:00,4.2602.22
191,9eac54e3-623d-4c36-9a29-1f2136413d37,Myntra,google_play,en,the best app for fashion,5,0,2026-03-31 09:39:32+00:00,4.2603.10
192,d6ce1722-2c0a-4db0-af17-57a0358a99be,Myntra,google_play,en,smooth cloth super...,5,0,2026-03-31 09:35:47+00:00,4.2603.10
193,415e33d3-76a9-4c66-b286-aef82123532b,Myntra,google_play,en,nice products and value for money,5,0,2026-03-31 09:31:41+00:00,4.2602.22
194,f4c230cd-8bf8-420b-8baf-d651381397b7,Myntra,google_play,en,best shopping app 💓,5,0,2026-03-31 09:31:35+00:00,
195,74baa3f7-38b7-4059-922f-e1d8ef32926a,Myntra,google_play,en,very very nice 👌 product,5,0,2026-03-31 09:28:57+00:00,4.2602.22
196,61abf2a1-142c-418f-b385-d8f2d13da2b4,Myntra,google_play,en,"""I'm giving a 5-star rating because I received money for it! And that’s the only reason this app has so many 5-star ratings — marketers pay and buy fake reviews. If I talk about my personal experience, it has been very bad, 3–4 times! Orders don’t get delivered outside the city by this platform, but other platforms do deliver.""",5,2,2026-03-31 09:25:16+00:00,4.2602.11
197,9cc8220c-0119-4600-9f6a-7038d2443a93,Myntra,google_play,en,amazing app bor buying everything,5,0,2026-03-31 09:24:53+00:00,4.2603.10
198,57010c53-42a2-4dd2-8699-25a173b4b0bd,Myntra,google_play,en,Myntra offer good product quality with price,5,0,2026-03-31 09:24:10+00:00,4.2603.10
199,8a11056f-39d4-4917-98b7-fb9bf7e02ac9,Myntra,google_play,en,upset 😭 because of not delivering on my pincode,5,0,2026-03-31 09:21:39+00:00,4.2602.22
200,de1d5861-ed66-46b4-a622-8bdfc1a1d912,Myntra,google_play,en,best shopping app for garments,5,0,2026-03-31 09:08:50+00:00,
201,9083389f-005d-4510-8d30-8aa4b12c7337,Myntra,google_play,en,mostly quality is good and good after sale service.,4,0,2026-03-31 09:04:24+00:00,4.2603.10
202,c5aea019-a234-4c49-aed0-684309c89dad,Myntra,google_play,en,Nice & Affordable Prices.,5,0,2026-03-31 08:54:47+00:00,4.2602.11
203,4e74aaaf-9584-487e-beae-4e10ab690375,Myntra,google_play,en,good services,5,0,2026-03-31 08:43:46+00:00,4.2603.10
204,66f398f9-59e1-409f-bc89-da36418a88a6,Myntra,google_play,en,myntra is very nice app for shopping. the delivery time is also very less.,5,0,2026-03-31 08:36:51+00:00,4.2603.10
205,4577cc2a-366c-4999-a183-d73851b12b7f,Myntra,google_play,en,3rd class shopping website. I ordered 3 dresses and it got delivered on 24th March and had quality issues so i was raising return request till today it shows as our backend team is working on this issue. When i called the customer care team they said address is not serviceable. I am calling them till date and today is the last date to return the items and still they are saying wait for 48 hrs. Don't buy from this fake website. This are Fraudsters. Only sell fake item and then give ivalid answer,1,0,2026-03-31 08:27:57+00:00,
206,6052f148-9fa5-4ab3-8949-7e7e693150c7,Myntra,google_play,en,On their website they have different price and on the invoice different price. By this scam they are robbing innocent coustomer. It's my humble request to all of you be aware about this scandal.,1,0,2026-03-31 08:27:07+00:00,4.2602.22
207,acb2eb51-232f-4690-910d-0e2de1be6653,Myntra,google_play,en,super app for discounts and offer's and also quality of clothes and item's,5,0,2026-03-31 08:23:39+00:00,4.2602.22
208,7cdeb1bd-053e-485c-9ca1-c99bc791ed21,Myntra,google_play,en,pretty neck piece 😍 loved it,5,0,2026-03-31 08:21:56+00:00,
209,476b69b6-2a0f-4f54-9557-287e716ab140,Myntra,google_play,en,good quality,5,0,2026-03-31 08:21:48+00:00,
210,60add3dc-4c1d-46da-bae0-86f5f0d525c4,Myntra,google_play,en,worst app order Kiya nahi delivery hua mera Paisa bi return nahi karraa,1,0,2026-03-31 08:06:21+00:00,4.2603.10
211,0baf020e-aea5-498e-886a-9ed05f7356ff,Myntra,google_play,en,responsive and we'll maintained.,5,0,2026-03-31 07:53:40+00:00,4.2603.10
212,4d6ba16b-13be-46a9-9fbe-2171db2e8130,Myntra,google_play,en,every order is great good app,5,0,2026-03-31 07:38:30+00:00,4.2603.10
213,fbb128d6-547d-4e28-b8ed-224c0b2a7066,Myntra,google_play,en,"The App is very good because they're providing every type and variety of fashions as per your need. Superb,Mind blowing,Love it..........👌👌👌",4,0,2026-03-31 07:37:35+00:00,4.2602.11
214,9fae59f1-4a4f-484c-8281-324c25c45d1a,Myntra,google_play,en,Most comfortable clothes.,5,0,2026-03-31 07:36:11+00:00,4.2603.10
215,b0d88f5b-22ad-4921-af47-1a60e10880d5,Myntra,google_play,en,best app for shopping,5,0,2026-03-31 07:33:19+00:00,4.2603.10
216,1951efb5-f506-4d14-aa73-8f0925e2d433,Myntra,google_play,en,excellent 👍👍👍,5,0,2026-03-31 07:21:00+00:00,4.2602.11
217,86d8fcca-4700-4ec6-8285-93e559cb64bb,Myntra,google_play,en,excellent quality,5,0,2026-03-31 06:56:26+00:00,4.2602.22
218,66ec6f33-b447-4aa2-bd5c-9ee6f47ef5ae,Myntra,google_play,en,Myntra is always a best website to buy genuine wearing accessories.,5,0,2026-03-31 06:55:45+00:00,4.2603.10
219,0045482b-f7f9-47c4-b386-b84561771658,Myntra,google_play,en,"I used to be a regular customer of the app, but I have totally stopped now. In October 2024 out of the multiple orders, there were two identical Kurtas from the House of Pataudi. And the most amazing part is that I received the same colour and designed Kurtas but of an inferior quality from a different brand. Though, Myntra accepted one return, it refused the other stating that they had talked with the marketing agent who ensured of sending the exact product. Myntra labeled me a cheater.",1,0,2026-03-31 06:54:55+00:00,
220,4c63688a-f7f4-466d-bfa9-48f2025cfd35,Myntra,google_play,en,best online shopping app.,5,0,2026-03-31 06:33:57+00:00,4.2603.10
221,b7429173-cc96-4f3f-a824-67592e7376ba,Myntra,google_play,en,very good 👍,5,0,2026-03-31 06:12:09+00:00,4.2603.10
222,8a6e6860-ed44-4d25-87ee-8cde2f4971af,Myntra,google_play,en,"very good , ground work , office and house work, for all plateform this cloth is best",5,0,2026-03-31 05:17:26+00:00,4.2602.11
223,bab68023-9663-4dd8-8f28-e64896abbf56,Myntra,google_play,en,great shoping experience,5,0,2026-03-31 04:40:43+00:00,4.2602.22
224,2aa98c15-d95a-4d65-ab25-761298b13081,Myntra,google_play,en,it is wonderful and i love the quality of the products,5,0,2026-03-31 03:37:57+00:00,4.2602.22
225,0a5e4525-2cc2-4a02-a2ad-8edea5ef60a3,Myntra,google_play,en,C experience,1,0,2026-03-31 02:58:37+00:00,4.2602.22
226,d90e8953-d581-493a-8b3d-1dac8e02c3b1,Myntra,google_play,en,All time favorites,5,0,2026-03-31 02:46:29+00:00,4.2602.22
227,a493e8f8-3ac3-4c92-a0a5-99879a9fd75d,Myntra,google_play,en,nice app great discounts,5,0,2026-03-31 01:26:26+00:00,4.2603.10
228,5114af3a-be6e-4bed-b0fb-e86d5a01effa,Myntra,google_play,en,"worst experience. they are continuously delivering the wrong products against multiple products ordered, and customer care executive are not even resolving the same. Even the senior department disconnects the call multiple times during the conversation. highly recommend to go for other shopping websites.",1,0,2026-03-31 01:05:30+00:00,4.2602.22
229,a533b872-ef3c-409c-ba86-d598761d4e3a,Myntra,google_play,en,3rd class app,1,0,2026-03-31 01:02:36+00:00,4.2603.10
230,ae0348ca-317b-4deb-a4a0-d00d292c1796,Myntra,google_play,en,"totally unprofessional, multiple times wrong product is delivered and customer care executive are unable to resolve the issue and the senior department is unable to help. Even after 20 days , my products are not even shipped. Better to go for other website",1,0,2026-03-31 00:59:17+00:00,4.2603.10
231,ca55198e-85ab-4fd8-95b4-a04bb317bb97,Myntra,google_play,en,awsome....easy to use....,5,0,2026-03-31 00:55:45+00:00,
232,a553049f-1b9a-4809-a2de-8be3299e87b3,Myntra,google_play,en,1st time I have faced this problem. The item has shown delivered in the app and it's not delivered.. when I raised the concern the myntra ppl are telling they can't help me coz I have crossed the timeline,1,0,2026-03-31 00:47:15+00:00,4.2603.10
233,3681ec64-7d19-40fb-969d-29bb37db1a76,Myntra,google_play,en,"My overall experience with Myntra is good in terms of product quality and delivery. However, the refund process was not smooth and caused inconvenience. I request you to improve the refund system for a better customer experience.",5,0,2026-03-31 00:31:09+00:00,4.2603.10
234,a42b15d0-c312-4cca-8f5c-bb5aa64a0946,Myntra,google_play,en,Super products,5,0,2026-03-31 00:23:00+00:00,4.2603.10
235,c58634a8-1d21-4f9d-967b-603a6cf25fd2,Myntra,google_play,en,best app for affordable and quality products,5,0,2026-03-31 00:21:43+00:00,
236,318d645a-fde7-4b81-a06a-a23c5668ec01,Myntra,google_play,en,"best app and good product, good quality, good packaging",5,0,2026-03-31 00:17:50+00:00,4.2603.10
237,18ac9f4d-bcd9-4f04-bbaa-d33e49437c06,Myntra,google_play,en,best app for online shopping.,5,0,2026-03-31 00:16:06+00:00,4.2603.10
238,30331a15-516a-441e-92c4-5c95175eea70,Myntra,google_play,en,myntra application doing scam with customers,1,0,2026-03-31 00:05:20+00:00,4.2603.10
239,a516833f-5030-49e8-86d6-0cb7bde56b8e,Myntra,google_play,en,100rupess quality products best app,5,0,2026-03-31 00:03:50+00:00,4.2602.11
240,aff040c2-c113-4df3-81a8-6c9f9f623a95,Myntra,google_play,en,good app product is really good,5,0,2026-03-30 23:59:43+00:00,4.2603.10
241,2f06f7ba-f083-4469-8209-5b941ca2317c,Myntra,google_play,en,best for purchase,5,0,2026-03-30 23:46:30+00:00,
242,96a4d1f9-e425-47e8-be17-2d1a0410d107,Myntra,google_play,en,this app has no proper customer support only AI support no response back at all they have no control over the courier service delivery it is delivered and picked up at there own convenience.. this shall be my last shopping here🛒🛍️,1,0,2026-03-30 23:41:47+00:00,4.2603.10
243,7be9fc9e-adb5-4b9a-a245-854251b4e880,Myntra,google_play,en,My favourite shopping app,5,0,2026-03-30 23:41:11+00:00,4.2603.10
244,4a2de36e-3bdc-4028-bf9a-404f700e5013,Myntra,google_play,en,genuine products n reliable,5,0,2026-03-30 23:35:00+00:00,
245,8f6f1eba-e6bd-476f-8b4f-e09d85545f02,Myntra,google_play,en,The delivery is so fast i really loved it but sometimes they cancelled the order i'm really dissapointed but overall it's really good,5,0,2026-03-30 23:27:45+00:00,4.2602.22
246,45c6caab-1343-47ee-9152-d046e8f4d2c2,Myntra,google_play,en,i love myntra best online shopping app,5,0,2026-03-30 23:21:59+00:00,4.2602.22
247,de91f3e3-4471-4c0c-b768-05617d812f81,Myntra,google_play,en,"I had a very disappointing experience with Myntra. My order was delayed multiple times without any clear communication. The delivery date kept changing, which was extremely frustrating. After making me wait, Myntra cancelled the order from their end without my consent. This is highly unprofessional and shows poor management. If the product was unavailable, they should have informed me earlier instead of wasting my time. I also contacted customer care several times, but they hold me",1,0,2026-03-30 23:20:59+00:00,4.2603.10
248,633facac-8a49-4866-8732-cb906b052e62,Myntra,google_play,en,incredible app & best app for online shopping 🙂,5,0,2026-03-30 23:20:34+00:00,
249,da0d558a-786a-46dd-a8bc-0357f91c7fdd,Myntra,google_play,en,Great app! Easy to use with a wide variety of products. Delivery is quick and returns are hassle-free. Love the deals and discounts. Totally worth it! 💖,5,0,2026-03-30 23:20:21+00:00,4.2603.10
250,992ff017-53c9-4a78-a088-0bbc4c4a2a63,Myntra,google_play,en,"Very bad delivery experience. My order was marked ‘delivery failed’ multiple times without any call from the delivery agent. I stayed available but no one contacted me. This is very unprofessional service. Please improve your delivery system. I do not recommend ordering from this app.” If there were a 0-star option, I would definitely give it.",1,0,2026-03-30 23:13:10+00:00,
251,5ac06e5e-ab44-4db9-8ba7-a26234074ab1,Myntra,google_play,en,"""Extremely disappointed with @Myntra. My order has been stuck for a week because of a technical glitch where the delivery PIN provided by the app isn't being accepted. I've made over 10 calls to customer support, but they just 'note' the issue and do nothing. Pathetic delivery and even worse support. Solve this ASAP! #MyntraScam #BadService #CustomerGrievance""",1,0,2026-03-30 23:11:02+00:00,4.2207.3
252,47416994-d4b1-438f-a334-514411c2efcc,Myntra,google_play,en,trusted products,5,0,2026-03-30 23:06:46+00:00,4.2602.22
253,850b557d-4242-42b9-a360-9444c2ef7bc1,Myntra,google_play,en,all original items n in continent price,5,0,2026-03-30 23:04:55+00:00,4.2602.22
254,b53918e6-6b6f-4d7f-a10f-e05b6abfabbe,Myntra,google_play,en,vry nice 👌,5,0,2026-03-30 23:03:12+00:00,4.2602.22
255,5a24a0ef-0db3-4fd4-b64c-44e42b571152,Myntra,google_play,en,No words.........👍🏻♥️,5,0,2026-03-30 22:59:24+00:00,4.2603.10
256,93d155ec-2343-4187-b7c1-014cff4170c8,Myntra,google_play,en,Great shopping experience and convenience,5,0,2026-03-30 22:59:21+00:00,4.2603.10
257,8b24223d-c1e2-4518-8b9c-399de033950e,Myntra,google_play,en,comfortable and perfect for daily wear,5,0,2026-03-30 22:55:45+00:00,4.2603.10
258,37a847ae-91a2-4872-8f8d-81a92b6dff80,Myntra,google_play,en,"good experience, quick delivery, nice pricing.",4,0,2026-03-30 22:50:16+00:00,4.2603.10
259,09762670-b9be-457d-9615-0a8a63d08282,Myntra,google_play,en,superb shopping app,5,0,2026-03-30 22:49:34+00:00,4.2508.20
260,371c5a83-6174-42db-a1ce-52029a1f0492,Myntra,google_play,en,very good to purchase branded items affordable price👍,5,0,2026-03-30 22:41:16+00:00,4.2603.10
261,b2bbb608-a68a-4b6b-b708-81800531410d,Myntra,google_play,en,quality products delivered.,5,0,2026-03-30 22:38:43+00:00,4.2603.10
262,f7d00d42-6bff-4e9e-93d0-b407a1d77f67,Myntra,google_play,en,best platform for genuine product,5,0,2026-03-30 22:35:03+00:00,
263,ce40fc4f-6fae-451f-be3a-c0910a8c6a7d,Myntra,google_play,en,best experience ever,5,0,2026-03-30 22:32:33+00:00,4.2603.10
264,739f2b62-f148-4d81-9942-74f20cda01d2,Myntra,google_play,en,good shopping app,5,0,2026-03-30 22:28:01+00:00,4.2602.22
265,ee633351-b978-4d7c-a5e1-84c3f1c710bb,Myntra,google_play,en,very nice app,5,0,2026-03-30 22:27:04+00:00,4.2603.10
266,ad4e687d-c9ca-41f6-9917-386e3de93c26,Myntra,google_play,en,quick delivery on worthy products. don't blame the app if the clothing material or size doesn't fit. most products are original and trustworthy,4,0,2026-03-30 22:20:49+00:00,
267,4e3fed34-5ffd-4a34-bfe4-99b3d400bffb,Myntra,google_play,en,best kurta sets look very beautiful party wear,5,0,2026-03-30 22:16:46+00:00,4.2602.22
268,e0317761-d169-43e6-8b68-f2907872335a,Myntra,google_play,en,"ordered roadstar jeans that cost 830rs got a defective piece so i returned, so i got 805 refund rest they took soo called platform charge rubbish app, what's my fault why will i pay platform fee for return which i got a defective piece, this must be stopped, they must learn from flipkart,amazon. very disappointed 👎",1,0,2026-03-30 22:12:43+00:00,
269,08aeb314-9aff-4a8b-9876-9e15946b5382,Myntra,google_play,en,good. excellent service,5,0,2026-03-30 22:11:53+00:00,4.2602.22
270,8569c006-a521-4a99-a265-4fe536b3843f,Myntra,google_play,en,awesome experience,4,0,2026-03-30 22:10:57+00:00,4.2602.22
271,abb6f7e5-fd72-47cb-84aa-3207f5cbbfa1,Myntra,google_play,en,got delivered in one day,5,0,2026-03-30 22:09:26+00:00,4.2603.10
272,6a2fb711-763c-4fe3-9084-1183707f0482,Myntra,google_play,en,I love myntra products were tooo good and the quality is top notch😍😍,5,0,2026-03-30 22:09:13+00:00,4.2602.22
273,df1209e6-82a5-4c70-bc51-a39b2c66d1c2,Myntra,google_play,en,Fantastic App,5,0,2026-03-30 21:57:53+00:00,4.2602.22
274,cbc47370-21d1-4fd0-ac7f-3684a902fc79,Myntra,google_play,en,absulately it is good,4,0,2026-03-30 21:43:24+00:00,
275,90b07fd6-2337-42b3-8b95-cbd2d6f41e4b,Myntra,google_play,en,"Nice collection and product quality is reliable. Only issue is delivery delays, which happen frequently. Otherwise, a good shopping app.",4,0,2026-03-30 21:40:48+00:00,
276,b9fa37e6-d38c-4a2e-b9a7-d1dc9219bd2e,Myntra,google_play,en,"Good quality products ,great experience..Loved it🥰",5,0,2026-03-30 21:39:37+00:00,4.2603.10
277,3079857d-b5d7-44ab-9c56-94c4aea92902,Myntra,google_play,en,amazing 👏 🤩,5,0,2026-03-30 21:35:38+00:00,4.2603.10
278,8bde7aa8-45aa-4757-9264-69c28680f45f,Myntra,google_play,en,amazing experience,5,0,2026-03-30 21:32:19+00:00,4.2602.11
279,9dafb2e9-a636-4c90-98a8-a8892faffee0,Myntra,google_play,en,Clothes Mtlb Myntra 😍,5,0,2026-03-30 21:18:37+00:00,4.2603.10
280,5d5e9b8e-8814-4c32-b3f9-802901e69e63,Myntra,google_play,en,everything is good but the platform fee is high 23 rupees,3,0,2026-03-30 21:13:48+00:00,4.2602.11
281,350d6035-c5bd-4db9-976b-74e663e1dcc6,Myntra,google_play,en,good price and reliable quality,5,0,2026-03-30 21:12:32+00:00,4.2603.10
282,0360d38a-5153-45af-9185-154f6bf35680,Myntra,google_play,en,updated 30 march 2026.. superb experience and interface. please improve wishlist available and out of stock.,5,0,2026-03-30 21:07:53+00:00,4.2603.10
283,b2cce93b-ae7b-40a7-8ee8-e99d4452c839,Myntra,google_play,en,"Absolutely terrible experience with Myntra’s delivery service. They marked my order as “delivery failed” without even attempting to call or reach me. No professionalism, no responsibility, and zero communication. I was forced to cancel and reorder because of their incompetence. This is one of the worst delivery experiences I’ve ever had. Completely unreliable and frustrating—definitely not trusting Myntra deliveries again.",1,0,2026-03-30 21:02:46+00:00,
284,668e903c-afe2-4400-a77a-75325c86adc2,Myntra,google_play,en,"good product value, for money safely,delivered",5,0,2026-03-30 20:53:42+00:00,4.2603.10
285,680a94c0-a175-4fda-89b4-8cd558ef0919,Myntra,google_play,en,very good 😊,5,0,2026-03-30 20:44:44+00:00,4.2603.10
286,6a3b00db-382b-4fd7-a57e-044e57224555,Myntra,google_play,en,1 of the best app..,5,0,2026-03-30 20:40:31+00:00,
287,da39d0c5-a99a-4b4e-add6-d050c5823529,Myntra,google_play,en,very good app I love it,5,0,2026-03-30 20:36:53+00:00,4.2603.10
288,bb9bc8dc-b2c6-431c-8911-92d4b7697e5c,Myntra,google_play,en,I like myntra,5,0,2026-03-30 20:36:16+00:00,
289,59a9e7be-8bc4-4973-acf7-01c54abf6906,Myntra,google_play,en,It is a very poor app i have returned the product because it's poor quality .Why should I pay the platform fee .,1,0,2026-03-30 20:31:22+00:00,4.2603.10
290,a783306f-5e2c-47d1-a4f6-f33887327c1b,Myntra,google_play,en,for the wearable things and home decor items Myntra is the best way.... just wow... 👌👌,5,0,2026-03-30 20:22:38+00:00,4.2602.11
291,23553ded-806e-4861-b2b5-b41e128bb995,Myntra,google_play,en,this is okk,4,0,2026-03-30 20:22:17+00:00,
292,c54fe1ff-cca4-45af-8397-b77e1c8f0013,Myntra,google_play,en,I love myntra,5,0,2026-03-30 20:22:05+00:00,4.2603.10
293,fa730d85-a6fd-42bf-bdcd-9d134c69b8d1,Myntra,google_play,hi,बहुत बेकार ऐप है,1,0,2026-03-30 11:37:40+00:00,4.2603.10
294,778bb31d-3ce8-4c99-96de-a9837a9686b0,Myntra,google_play,hi,bahut badhiya,5,0,2026-03-29 10:34:04+00:00,4.2603.10
295,77a20207-f710-4706-844e-8c5d5a963bd1,Myntra,google_play,hi,nice product not pirc,5,0,2026-03-24 19:01:55+00:00,4.2602.22
296,68ba8137-1e7f-45ec-bdaa-e718b608bcf9,Myntra,google_play,hi,बढ़िया सर्विस है,5,0,2026-03-24 16:05:14+00:00,4.2602.22
297,0b95eedb-3052-4738-9179-0e659b9f7153,Myntra,google_play,hi,sach me bahut accha app hai sabse sasti chij milti hai,5,0,2026-03-24 11:36:48+00:00,
298,ee1f7c31-3488-4859-bbb7-7ed029cc1b81,Myntra,google_play,hi,very good sarvice,5,0,2026-03-20 17:54:22+00:00,4.2602.11
299,0c830fec-4581-4e43-8ec0-ada244e582f4,Myntra,google_play,hi,it's very good for shopping online. Thank you Myntra,4,0,2026-03-19 13:22:24+00:00,4.2602.11
300,04c493b6-1d93-4173-9cf6-907a2bffde58,Myntra,google_play,hi,very nice app😍,5,0,2026-03-17 14:46:08+00:00,4.2602.22
301,06fbd59b-5d78-442f-913e-bddaebb03396,Myntra,google_play,hi,best online shopping app,5,0,2026-03-16 22:00:22+00:00,4.2511.13
302,2263036e-9cb2-4c0b-8a0f-aaf3dbc16580,Myntra,google_play,hi,बहुत अच्छा ऐप है महंगा जरूर है पर कपड़े ब्रांडेड मिलते है,5,2,2026-03-15 13:14:42+00:00,4.2602.11
303,ddcfcde2-19e8-43ab-86c2-fdd900ea6120,Myntra,google_play,hi,bahut achcha hai aur fast delivery,5,0,2026-03-15 01:20:36+00:00,
304,2fce612c-072a-4f49-bdac-ffe61cab0aad,Myntra,google_play,hi,good product & good service 👍,5,0,2026-03-14 14:01:08+00:00,
305,ac4b0035-7fa7-4a19-80d5-79bd9db55338,Myntra,google_play,hi,baap re itna mahga hai yeha pe medal log kaise lenge har ek chija bhota mahnga hai 😮😮😮😮,1,0,2026-03-13 10:17:00+00:00,4.2602.11
306,759bf105-002e-4578-9e9b-563ebcf932d6,Myntra,google_play,hi,I did not receive my refund,1,0,2026-03-11 17:50:44+00:00,
307,8d154c0c-2aae-4d7e-a2f7-40bc373d94d6,Myntra,google_play,hi,nice sarvice and Good product,5,0,2026-03-10 20:11:28+00:00,4.2602.11
308,462bff30-bd72-4511-bbd3-543f129e3f63,Myntra,google_play,hi,hoo nicely,4,0,2026-03-09 23:18:16+00:00,4.2602.11
309,806f6dcc-63e8-4fe1-be49-24b15932ccc3,Myntra,google_play,hi,yhe aAp shi nhi j,1,0,2026-03-08 11:36:26+00:00,
310,0b841e19-2f71-4985-8727-8e9db6b87c66,Myntra,google_play,hi,mind blowing,5,0,2026-03-07 13:21:47+00:00,4.2602.11
311,ee469a80-58d5-47ef-82c5-9cf395c2a903,Myntra,google_play,hi,बहुत सुंदर,5,0,2026-03-06 21:23:37+00:00,4.2602.11
312,d1793be0-6027-49ba-9b0d-3af03158ad26,Myntra,google_play,hi,fashion cloth very nice,5,0,2026-03-05 20:32:49+00:00,4.2601.20
313,e981ff1f-7f89-4e3e-87a9-91375aa83c14,Myntra,google_play,hi,🥰🥰 good app,5,0,2026-03-01 19:32:53+00:00,4.2512.21
314,8a02103d-1ce5-4dd2-9086-efc81bca47d1,Myntra,google_play,hi,बोहोत ही अच्छा ऐप है ओनलाइन सोपिग के लिए जैसा दिखाते वैसा ही आता है मुझे तो अच्छा लगा,5,6,2026-03-01 16:24:17+00:00,4.2602.11
315,ef9fce28-1eef-4ebd-9338-e3ce0dfee9f8,Myntra,google_play,hi,bakwas hai,1,0,2026-03-01 08:19:05+00:00,
316,a653a793-ba62-4482-9d6d-33abe0e4a06e,Myntra,google_play,hi,बहुत ही अच्छा ऐप है मैं बहुत खुश हूं,5,4,2026-02-25 14:34:32+00:00,4.2601.20
317,3b55605f-2394-4712-b3d9-503e010df214,Myntra,google_play,hi,best product 👌 ✨️,5,0,2026-02-20 21:23:06+00:00,4.2602.11
318,66547b19-eed2-4871-9f5f-c93874a101aa,Myntra,google_play,hi,ये app instoll mat करना गेम के प्रोडक्ट लिए isme nahi ff our pubg se game के लिए ना इसमें से फिंगर स्लीव्स है ही नही ऑर्डर करने के लिए या गेम की बोर्ड वगैरा,1,14,2026-02-19 22:28:22+00:00,4.2602.11
319,ea202ea5-5886-47ff-98a5-46eeaf9bae2a,Myntra,google_play,hi,Very easy service,5,0,2026-02-18 19:28:56+00:00,4.2601.20
320,b9d40465-c400-480e-954c-6ae3a5b431db,Myntra,google_play,hi,बहुत ही बेकार aap है मैने जूते मंगाए थे 12 को डिलेवरी होनी थी 16 को की वो भी पुराने अलग अलग तरीके के आए रिटर्न किया अभी तक पैसे वापस नहीं आए बेकार है कोई भी सामान मत मंगाओ,1,13,2026-02-18 18:28:41+00:00,4.2601.20
321,f3de4a65-6e1e-4b21-a1af-6d52d97693aa,Myntra,google_play,hi,यह ऑनलाइन शॉपिंग के लिए बहुत ही अच्छा ऐप है।,5,39,2026-02-16 23:00:10+00:00,4.2601.20
322,789cdb3b-caaf-4522-9152-702ae9aee1c2,Myntra,google_play,hi,yah app bahut accha hai,5,0,2026-02-15 20:09:46+00:00,4.2602.11
323,45e5b13b-640d-4e03-8c47-760942dce41e,Myntra,google_play,hi,really happy 😊😊😊,5,0,2026-02-15 08:41:19+00:00,4.2601.20
324,918b454f-617f-493b-b016-40902af8a446,Myntra,google_play,hi,bhut hi kharab experience mangao kux aayega kux aur return dalo to khud hi decline kr denge bina hme btaye worst experience I will never ship on myntra,1,1,2026-02-14 21:23:50+00:00,4.2601.20
325,f7b48b60-0fdf-4301-a670-0972a0ba77a4,Myntra,google_play,hi,इस पर सभी चीज महंगी मिलती है अरे कुछ काम करना नहीं है यह कुछ काम नहीं है इस पर मिडिल क्लास आदमी कुछ भी नहीं खरीदसकता,1,8,2026-02-14 10:39:15+00:00,4.2601.20
326,2c8640fb-e595-4480-bc13-63d4af4b9fab,Myntra,google_play,hi,saman achha वा सस्ता है,5,2,2026-02-11 08:51:33+00:00,
327,56d72983-b6a0-4547-9de6-9263c4e97b42,Myntra,google_play,hi,quality product is most likely you,5,0,2026-02-09 11:52:56+00:00,4.2601.20
328,e10f33aa-ee7d-4246-8d9e-2544409149d3,Myntra,google_play,hi,best offers mayntra,5,0,2026-02-08 21:54:17+00:00,4.2512.21
329,5f90747d-4a83-45d3-bbd1-a1c4461d76f6,Myntra,google_play,hi,bahut jayda acha,5,1,2026-02-08 13:17:36+00:00,4.2512.21
330,0b68fe99-ab82-4685-bdd3-8f81426c28b0,Myntra,google_play,hi,Best quality products spotted app,5,0,2026-02-08 11:19:00+00:00,4.2512.21
331,8e6ff0e3-12d2-43c3-a7c4-bb1c56f48fa2,Myntra,google_play,hi,कीमत जादा है इसमे,1,2,2026-02-08 09:44:59+00:00,4.2601.20
332,7e65be9c-5de4-4c9c-aee2-6e13784c3525,Myntra,google_play,hi,very nice 👍👍👍👍👍👍👍👍👍👍👍👍👍👍👍👍👍👍👍👍👍👍👍👍👍👍👍👍👍👍👍👍👍👍👍👍👍👍👍👍👍👍👍👍👍👍👍👍👍👍👍,5,0,2026-02-05 22:14:13+00:00,4.2601.20
333,4d0e9b36-70b0-4c36-b5e3-999732097c0b,Myntra,google_play,hi,best wishes,5,0,2026-02-04 09:44:18+00:00,
334,fe27941e-cc97-466f-9f48-6d6fc5c12b15,Myntra,google_play,hi,"उत्तम और विश्वसनीय,🎁👏",5,2,2026-02-03 23:22:02+00:00,4.2512.21
335,8257e90d-cc06-43b5-8d5c-6977753d5410,Myntra,google_play,hi,very good work Myntra,5,0,2026-02-02 19:42:47+00:00,4.2508.20
336,2effe0a9-69e5-4b6a-8ae0-d8a4520787d5,Myntra,google_play,hi,प्रमोद यादवफॉलोअर ❤️,5,0,2026-02-01 15:15:18+00:00,
337,ca2bb5ed-21cb-4fe8-8c84-21e06c986a7c,Myntra,google_play,hi,काफी अच्छा है ouar bhi jaldhi aajata he,5,0,2026-01-29 15:13:54+00:00,4.2512.21
338,5ebae024-fb57-4cf4-ba15-cc2f2636cd87,Myntra,google_play,hi,"पहली बार मिंत्रा ऐप पर 2 पेंट मंगवाई थी उसमें से एक गायब थी और एक साइज में बड़ी भेज दी, समस्या ये है कि कस्टमर केयर वाले या इसका सिस्टम इस बात को मानने के लिए भी तैयार नहीं हैं कि ऐसा हो गया है, शिकायत करने पर उन्होंने कहा कि में उनकी उम्मीदों पर खरा नहीं उतरा, मेरे तो पैसे भी बर्बाद हो गए और टाइम भी।",1,13,2026-01-23 15:33:08+00:00,4.2512.21
339,caf84c85-cbd1-47e4-bee5-695048fdcda9,Myntra,google_play,hi,bahut kharab hai yah is per Jo ladkon ke Samman nahin milte Maine selfish team dhundha to mere ko nahin mila 🤮🤮,1,0,2026-01-21 08:21:24+00:00,
340,abf0f43f-9ed6-4c60-9676-13210d48142d,Myntra,google_play,hi,myntra ek bakvas aap hai bar bar ऑडर कैसल kar देता है,1,9,2026-01-20 08:40:21+00:00,4.2511.10
341,51c233ad-2f0a-4a11-8f03-60559b3f5b26,Myntra,google_play,hi,ye samajh me nahi payi thi,5,0,2026-01-20 05:32:24+00:00,
342,de33b7e3-5289-4eb4-b412-e640ff98bc57,Myntra,google_play,hi,bahut achha hai excellent,5,0,2026-01-19 11:29:56+00:00,4.2508.20
343,21f5461e-70cf-4396-8b71-d31eb6ef4d55,Myntra,google_play,hi,quality product available all time on myntra,5,0,2026-01-17 19:48:41+00:00,4.2508.20
344,9806859a-df54-40fb-8a02-2ec1fcc0fe56,Myntra,google_play,hi,बहुत अच्छा है,5,0,2026-01-16 14:40:33+00:00,4.2508.20
345,0670c87a-83e1-41b0-bed9-4db3fd6d663d,Myntra,google_play,hi,bdhiya hai aap,5,0,2026-01-13 19:16:07+00:00,4.2508.20
346,85e243ef-61f0-4948-bb66-53b9c3759f75,Myntra,google_play,hi,so good for all generations,5,0,2026-01-12 19:53:45+00:00,
347,2ca63e18-1ba0-4598-9358-cbcb23d0c4b9,Myntra,google_play,hi,Plus size Best outfits available ❤️,5,0,2026-01-10 21:19:29+00:00,4.2508.20
348,fb7f0334-8e98-4563-8441-74de9cfc501e,Myntra,google_play,hi,bahut achcha very good,5,0,2026-01-09 11:43:41+00:00,4.2512.10
349,676557f8-63ac-4211-8650-660bff19f402,Myntra,google_play,hi,bahut hi achcha app hai,5,4,2026-01-08 09:38:26+00:00,4.2510.13
350,df2689a9-8637-497b-8a32-71de9e9e7f69,Myntra,google_play,hi,बहुत अच्छा ऐप हैं,5,0,2026-01-06 12:43:17+00:00,
351,1e52daf5-a6b1-41fb-b15e-93032fd9b27a,Myntra,google_play,hi,duplicate product,1,1,2026-01-03 09:31:46+00:00,4.2508.20
352,9b63015a-9230-4658-ad08-45d1e4a361d2,Myntra,google_play,hi,"आप अपनी Myntra कम्पनी के Myntra एप्प में ऑनलाइन और ऑफलाइन बेचने वाले हर प्रोडक्ट/आइटम बेचने के लिए बहुत ही ज्यादा जल्दी हर ऑनलाइन और ऑफलाइन दूसरी कंपनियों से बहुत ही ज्यादा कम प्राइज में, बहुत ही ज्यादा सस्ता,अच्छा और मजबूत और वहीं दूसरे ऐप्स से बहुत ही ज्यादा सस्ता भी लेकर आएं और हर प्रोडक्ट/आइटम बहुत ही ज्यादा सस्ता, अच्छा, मजबूत और कम प्राइज में बेचें ताकि आपके सभी कस्टमर को इन सभी प्रोडक्ट का लाभ या फायदा बहुत ही ज्यादा जल्दी सभी कस्टमर को मिल सकें ।",5,177,2025-12-29 08:18:53+00:00,4.2512.10
353,cef4ced9-5743-441b-bf7b-accfc17bb519,Myntra,google_play,hi,pay later option best hai,5,0,2025-12-28 07:36:36+00:00,4.2508.20
354,548f72ce-2bce-4d18-b794-992ffeae4ed4,Myntra,google_play,hi,अब इसकी जरूरत नहीं है,1,0,2025-12-26 11:03:04+00:00,
355,ddb2878d-7f4c-4cfd-a9ac-346b74cb282a,Myntra,google_play,hi,Good Quality quality me myntra sbse best hai,5,0,2025-12-26 07:44:33+00:00,4.2510.13
356,db7ea29a-c710-4ad0-87cd-0cb8d1f8414d,Myntra,google_play,hi,यह बहुत बुरा है दोस्तों इसको मत डाउनलोड करो इसमें बहुत महंगा सामान आता है और इसमें बहुत बुरा समान जाता है,1,0,2025-12-25 10:33:16+00:00,
357,7a96800c-701a-4307-a888-e3083a49f759,Myntra,google_play,hi,"myntra The app is really a very good app, you can get everything here at a cheap price, I would request you to buy products from Myntra and support it, thank you 🙏",5,0,2025-12-23 18:45:19+00:00,4.2512.10
358,f0c089bc-47d0-4510-8ab5-3ad012606dc9,Myntra,google_play,hi,bahut hi achcha hai sab kharide Maine mangvaya hai bahut hi achcha aaya Hai Myntra per suit bhi bahut milti hai aur item bhi ek se ek badhkar aata Hai main chahti Hun ki sab khariden Main Meri Puri shopping Myntra Se Hi Karti hun maine apne bhai ke liye Adidas shoes mangwaya tha bahut hi achcha aaya Hai please thank you Myntra thank you thank you thank you delivery bhi bahut hi jaldi aati Hai Maine 3 din pahle order kiya tha aur 3 din nahin Mera order a Gaya maine apne liye sandal mangvae the y,5,0,2025-12-22 13:04:29+00:00,4.2508.20
359,e639e60b-6e49-41c0-8b80-e2adcfb19996,Myntra,google_play,hi,😡😡मिंत्रा बहुत लुटता है मेने पावर बैंक देखा पेट्रोनस का महंगा दे रहा है 649रुपए का वही वाला मुझे 365 रुपए में मिला वह कंपनी वही रेट माल कितना डिफरेंट है 1 साल कीवारंटी 14 दिन की रिप्लेसमेंट इतना रेट क्यों लिया जा रहा है,1,0,2025-12-19 14:54:45+00:00,
360,a419acdd-07b2-4645-9e3d-53090b9297cb,Myntra,google_play,hi,good deal this,5,1,2025-12-16 20:01:04+00:00,4.2511.13
361,f519f74f-888f-452a-a5e2-e2e9c0a2d316,Myntra,google_play,hi,very much good,5,0,2025-12-16 17:49:51+00:00,4.2508.20
362,84959d6c-893f-4432-acde-6f6b13efddda,Myntra,google_play,hi,ye app bahut achha hai,5,1,2025-12-15 15:52:29+00:00,
363,578729ca-fa40-4482-b2d3-33918931321b,Myntra,google_play,hi,ऑनलाइनशॉपिंग,5,0,2025-12-13 19:26:53+00:00,4.2508.20
364,edef72c9-e1b7-4e0d-b79d-173618d5cda3,Myntra,google_play,hi,froad aap hai damage product milta hai or esme return bhi accept nahi krte ye sab froad hai hamare sath froad krte hai ye,1,5,2025-12-10 17:33:55+00:00,4.2508.20
365,f19ebdca-7182-40c8-b5d5-8b0e19c22684,Myntra,google_play,hi,sabse bdiya app hai,5,9,2025-12-10 15:45:38+00:00,4.2511.13
366,31ac102f-1f74-4974-b069-d605178b7479,Myntra,google_play,hi,sabse kharab delivery 15 din ho chuka hai abhi tak mera order kitne hua ab hum dobara iske order hi kyon karunga Ekta ghatiya hai ki delivery Abhi Tak nahin Ho Paya aur online cash bhi le lete Hain 😔😔😓😓,1,14,2025-12-07 11:10:26+00:00,4.2511.13
367,55bd53b7-02e9-47ed-926a-2c39badcaa97,Myntra,google_play,hi,bhot acha hai,5,1,2025-12-06 21:53:38+00:00,4.2508.20
368,08d61b92-ca80-4e1c-b82b-9f33b37d1189,Myntra,google_play,hi,only fabricks,1,0,2025-12-06 16:01:07+00:00,
369,e8428bdd-7487-4af9-8f30-f58d1e4ef1e6,Myntra,google_play,hi,"अच्छा है, वापस करने पर पैसा तुरन्त मिल जाता है इसलिए हम मिन्त्रा को पसंद करते है....",5,735,2025-12-06 09:36:01+00:00,4.2511.13
370,417b2093-16b5-46a1-b85b-25a218c3866d,Myntra,google_play,hi,wapasi ki samsya badi jatil hai,4,228,2025-12-06 07:40:04+00:00,4.2508.20
371,977f310f-489b-46f5-8816-53eff0cabbec,Myntra,google_play,hi,Very good services of Myntra.,5,0,2025-12-05 14:43:11+00:00,4.2511.13
372,1e0774d8-c69f-496d-bd7d-6fcc667f0f1b,Myntra,google_play,hi,बहुत शानदार शॉपिंग अप है,5,55,2025-12-05 14:01:22+00:00,4.2511.13
373,80aec88e-aaf1-4a5c-9c31-2c1b58c25824,Myntra,google_play,hi,super bhoth hi accha hai,5,2,2025-12-04 22:27:23+00:00,4.2508.20
374,4aa40707-e17d-4570-a86b-6a16c0ba62ae,Myntra,google_play,hi,bekar price high,1,0,2025-12-03 05:28:21+00:00,4.2508.20
375,402f285d-0c2a-45e6-bb84-d401c06c6358,Myntra,google_play,hi,मंत्र से मुझे एक समस्या है कि इनका प्रोडक्ट जैसे बीकानेर कोलायत जो डिस्ट्रीब्यूशन करता है जो यहां लेकर कोरियर वाला आता है वह जो मेरी लोकेशन है उसे लोकेशन पर एग्जिट नहीं आता उसके आस पास के 10 किलोमीटर के दायरे में आ था है,5,23,2025-11-29 13:59:51+00:00,4.2508.20
376,efd6ab0b-909c-4adc-8e00-3c43e3b13674,Myntra,google_play,hi,poor service,1,0,2025-11-27 17:05:13+00:00,4.2508.20
377,69436b87-519e-4bb5-b933-737f01ab3553,Myntra,google_play,hi,Great Deals and pocket friendly,5,0,2025-11-27 13:46:10+00:00,4.2508.20
378,39e91be7-c669-4fed-ae17-23c3195b02aa,Myntra,google_play,hi,"kuch khas nahi if they delyed your product delivery then don't aspect from them that they give exact same product, they give you wrong product and if you return they also delayed the return ,by this you have to call customer care on daily basis for returning the product.",1,0,2025-11-26 19:37:36+00:00,4.2304.21
379,1eb025f4-2c7c-4c3f-a37d-5e6fb2415f7d,Myntra,google_play,hi,bahut khrab aap he ritarn nhi leta he,1,2,2025-11-26 07:01:10+00:00,4.2508.20
380,759eb74c-a233-4578-9d42-7979d5ec22f8,Myntra,google_play,hi,बहुत अच्छा प्रोडक्ट था,5,0,2025-11-21 04:30:27+00:00,
381,278811cd-a1e5-44ea-ade2-2469b185b4fd,Myntra,google_play,hi,abhi to dhek rahe hai agar order jaldi aayega to 5 start dunga,1,6,2025-11-20 20:40:15+00:00,4.2508.20
382,6ece723d-2c24-4351-a38c-2d4794aee045,Myntra,google_play,hi,super shoping app,5,0,2025-11-19 08:06:56+00:00,4.2508.20
383,4f06eb9c-5365-49d4-beb2-0fc43ed76fef,Myntra,google_play,hi,sabse achha,5,0,2025-11-13 08:26:20+00:00,4.2510.13
384,197de33f-d083-486f-be37-d104d12046fc,Myntra,google_play,hi,bahutt sundar,5,0,2025-11-12 18:52:56+00:00,4.2508.20
385,cf8c0cec-489d-4d00-a2df-e0e3f65492f2,Myntra,google_play,hi,it's amazing app for shopping,5,0,2025-11-11 18:57:03+00:00,4.2508.20
386,fdde6521-6b30-42a8-9cb8-35dad25c99b6,Myntra,google_play,hi,its good for shopping 🛒 here is all high brands available ..........,5,0,2025-11-11 10:04:11+00:00,4.2508.20
387,9250dbc1-f79c-48dd-b8fb-dfe62fe7253e,Myntra,google_play,hi,my second ordar is best but first order is very poor quality,5,0,2025-11-10 20:38:49+00:00,4.2508.20
388,378813e6-42b8-4289-9633-06164c6cd180,Myntra,google_play,hi,जैसा ऑफर्स दिखाते हैं वैसा देते नहीं,1,3,2025-11-10 08:40:46+00:00,4.2508.20
389,4de5cd1f-a047-4644-8779-1940aebbc1a2,Myntra,google_play,hi,Myntra bahut hi achcha aur first hai delivery bhi fast aur time per milati hai bahut Hi Suraksha ke sath mein kripya karke jyada Se jyada Myntra se kharide,5,1,2025-11-09 13:20:07+00:00,
390,6d2e7eb7-a827-49c0-bd54-635f3448d439,Myntra,google_play,hi,bohot hi achha h systam bhi qailty bhi,5,2,2025-11-09 12:14:36+00:00,4.2508.20
391,45d12616-8653-42de-abb0-8c096d281c55,Myntra,google_play,hi,me badiya tum btao,5,2,2025-11-08 18:40:34+00:00,4.2508.20
392,fa461f3b-cff9-4962-bed6-9f6a88407c6d,Myntra,google_play,hi,Good service and Quality Products,5,0,2025-11-06 13:24:53+00:00,4.2508.20
393,db10274e-11b9-4768-9596-7eebdc1ce713,Myntra,google_play,hi,Myntra bhorsa ka dusra Name,5,6,2025-10-29 10:42:12+00:00,4.2508.20
394,81658226-e655-4ecd-b017-4cc1ea88d76a,Myntra,google_play,hi,~This is wonderful guys.....🤗,5,0,2025-10-28 07:54:28+00:00,4.2508.20
395,12fed14a-063b-4cb0-8de9-ace281b93a70,Myntra,google_play,hi,बहुत बढ़िया aap है और इसका प्रॉडक्ट बहुत अच्छा है,5,78,2025-10-24 12:30:14+00:00,4.2508.20
396,61c16238-44f1-4703-b48d-0e5504c900f1,Myntra,google_play,hi,सबसे खराब हैं में 14 दिन तक इंतजार किया लास्ट में कैंसल कर दिया अपने आप ही पहले डिलीवरी तारीख भी 22 थी बाद में 25 बता रहे 23को कैल्सिल हो गया,1,37,2025-10-23 20:44:00+00:00,4.2508.20
397,8d17009d-c159-4c83-a8df-227732f70b23,Myntra,google_play,hi,इस एप्लीकेशन से कुछ चीज खरीदना मेरे लिए बहुत ही बढ़िया अनुभव रहा है और मुझको वह सस्ती दारू में मिल गई इसलिए मैं बहुत ही प्रसन्न और प्रफुल्लित हो इस एप्लीकेशन का उपयोग करके,5,1,2025-10-22 12:02:37+00:00,
398,c9a3c143-19fc-49fc-aa50-749fc08655f4,Myntra,google_play,hi,fast delivery,5,0,2025-10-20 06:19:12+00:00,4.2508.20
399,c164c9af-45b3-4dfd-b7f2-9a93a0e76310,Myntra,google_play,hi,isse acha to mesho he is pe pese bahut jada batate he pe mesho par kam ret me sahi saman milta he myntra aap se jaydha rupay lagye he aap aek bar mesho se mangava ke dekho,1,2,2025-10-17 16:33:22+00:00,
400,a8abc102-2134-4a52-8903-53825fa7452e,Myntra,google_play,hi,",,,,, ठीक है",5,0,2025-10-14 19:03:58+00:00,4.2508.20
401,dd484eb5-e20d-417c-b144-469cbdf678be,Myntra,google_play,hi,very good app really like it,5,0,2025-10-13 22:30:30+00:00,4.2508.20
402,35e3483e-af5e-4e06-9390-850ad1d22039,Myntra,google_play,hi,बहुत ही बढ़िया!!,5,1,2025-10-13 16:56:01+00:00,4.2508.20
403,edebb43c-ae9e-44c5-8ecf-81590280bc2b,Myntra,google_play,hi,good working,5,0,2025-10-12 10:14:17+00:00,4.2508.20
404,562d07c1-9806-42c3-8306-13c485ec9d56,Myntra,google_play,hi,सार्विश अच्छी है,5,3,2025-10-11 15:17:52+00:00,4.2508.20
405,4b9b9c6a-6726-421e-b8c8-f3cda84f40b3,Myntra,google_play,hi,nice app time se pahale dilevery ho jati hai,5,3,2025-10-10 17:19:07+00:00,4.2508.20
406,500e86dc-a92a-4451-9518-a06d2fa9df78,Myntra,google_play,hi,kapda me thik hai,5,0,2025-10-10 15:33:11+00:00,
407,ffe49bc3-681b-4268-a6a8-3d9c8cee6f41,Myntra,google_play,hi,बहुत अचछा ऐप है,5,0,2025-10-07 22:42:47+00:00,
408,f9e8327f-a8ff-46c1-ad2a-56f78f709e00,Myntra,google_play,hi,original product,4,0,2025-10-06 16:21:12+00:00,4.2508.20
409,ad9eb93c-aea4-477f-813b-7d9fdf2bbe32,Myntra,google_play,hi,cash on delivery please support me,5,0,2025-10-06 08:44:01+00:00,
410,4d1bf6d2-5aa8-4522-b214-44f74ed0018a,Myntra,google_play,hi,इनकी पैसा रिटर्न करने की पॉलिसी बहुत ही घटियाहै,1,14,2025-10-01 10:41:15+00:00,4.2508.20
411,827144c6-0621-45d9-acb8-5c351c49f544,Myntra,google_play,hi,"This is very good, I did not know that online shopping can be so safe.",5,0,2025-09-30 22:59:41+00:00,4.2508.20
412,bf8d9b22-e9e5-49d4-805a-c616820a42fe,Myntra,google_play,hi,सामान ठीक था केवल साईज छोटा है,5,70,2025-09-30 16:56:11+00:00,4.2508.20
413,5c42069e-8ee0-4e2e-b33e-79566abbe3cf,Myntra,google_play,hi,l love myntra because cheap price and good quality.,5,0,2025-09-29 12:15:49+00:00,4.2508.20
414,b9452223-9232-46bc-a917-b8d832002f92,Myntra,google_play,hi,acchi application,5,0,2025-09-26 17:10:36+00:00,
415,0dfcb7ed-efa8-4a60-b743-494e5b8f4937,Myntra,google_play,hi,cheap kharab bekar,1,6,2025-09-25 21:00:19+00:00,4.2508.20
416,331c6e03-9df7-4b7c-ab45-b4692a820425,Myntra,google_play,hi,very nice and,5,0,2025-09-25 06:34:53+00:00,4.2508.20
417,d01aaaa4-6e60-41c0-96a5-34765e48e7eb,Myntra,google_play,hi,My favourite Myntra,5,0,2025-09-24 21:48:29+00:00,4.2508.20
418,5aa0d10a-8788-4be3-956f-d9d63c530e95,Myntra,google_play,hi,ispe se cuoopan milte hai,5,5,2025-09-24 19:44:48+00:00,4.2508.20
419,9cc1644d-8660-4352-b461-10b7a1b9937d,Myntra,google_play,hi,best shoping app,5,0,2025-09-24 12:37:16+00:00,4.2508.20
420,a19ee5c1-347a-4cea-ac34-675e40511ed2,Myntra,google_play,hi,बोहोत महेगे है है मीसो अछा है ईतना तो महेगा नहीं मीलता,5,11,2025-09-23 22:19:18+00:00,4.2508.20
421,8f4a6f8d-c80f-4549-8f78-472e85bd6df7,Myntra,google_play,hi,THANKS FOR MYNTRA,5,0,2025-09-23 19:53:44+00:00,4.2508.20
422,30b6be9c-65b1-41ce-ac2d-3cc09d501d1d,Myntra,google_play,hi,best skipping rope good price with discount 👍👍,5,0,2025-09-23 18:47:00+00:00,4.2508.20
423,0ae7dec0-c6cf-48f9-92a3-d5e7d543d4cb,Myntra,google_play,hi,कमलेश चौहान,5,0,2025-09-23 16:57:00+00:00,4.2411.21
424,c5f1834f-009f-4849-a412-cb35bb2fe080,Myntra,google_play,hi,disgusting,1,0,2025-09-19 11:11:09+00:00,
425,f8b2316a-1db2-4e72-9721-a10ad4e983a4,Myntra,google_play,hi,बहुत सुंदर बहुत लाजवाब बढ़िया है,5,97,2025-09-17 16:17:21+00:00,4.2508.20
426,81b56dd9-c128-4fbf-97d0-647a393436b8,Myntra,google_play,hi,Rs. bahut high hai,1,6,2025-09-16 20:59:31+00:00,4.2508.20
427,ebd1e3bb-2c08-44b8-8674-09b79372d8ee,Myntra,google_play,hi,nice 👍👍👍👍👍👍,5,0,2025-09-15 18:21:31+00:00,4.2508.20
428,cadd6c49-a0a1-4ddb-8470-0151deb1c7e5,Myntra,google_play,hi,अमेजॉन फ्लिपकार्ट पर 23को सेल लगने वाली है में खरीदारी वह से ही करूंगा दो ही एप्स से करूंगा 🙂 मिंत्रा बेकार है पैसे बहुत ज्यादा खाता है तुम बहुत ज्यादा पैसे खाते हो हर चीज का ज्यादा रेट लगा रखा है तुम अगर सेल चालू भी करोगे तो सेल में पैसे ही खाओगे तुम लोग बहुत थकते हो इसलिए मैं इस एब्सेस शॉपिंग नहीं करता हूं कोई भी सपना करें यह ठेकेदारी चल रही सरेआम,1,2,2025-09-12 18:10:04+00:00,
429,301e428c-4f9a-47ec-a9ca-db476fea5c52,Myntra,google_play,hi,ବହୁତ ବଢିଆ ❤️,5,0,2025-09-12 08:11:10+00:00,4.2508.20
430,fc387925-1def-4815-bfe1-93e55790bf86,Myntra,google_play,hi,अच्छा है लेकिन शायद सबसे कम,3,2,2025-09-11 19:56:57+00:00,
431,055c3f37-dbd9-42a7-b1c1-17d31a39fa6a,Myntra,google_play,hi,मालगुडी अंकुश करलेचालान,4,0,2025-08-25 22:12:44+00:00,4.2508.11
432,06686306-ecd1-4642-a7f8-b7303686edba,Myntra,google_play,hi,very nice 👌,5,1,2025-08-23 08:11:02+00:00,4.2507.20
433,0a38ad18-4c8a-44e1-91a4-9c5dd754208c,Myntra,google_play,hi,india's best all brands here it,5,0,2025-08-15 22:24:29+00:00,4.2507.10
434,4dffcc59-4a49-49c7-ac70-cc0ccaf75699,Myntra,google_play,hi,"बहुत महंगे हैं कपड़े,,, हमारी ओकात से बाहर है भाई,,, अगर थोड़े सस्ते होते तो शायद मैं कुछ कपड़े ऑडर कर सकता था 🙏🙏👍👍",1,40,2025-08-09 16:22:55+00:00,4.2507.20
435,d065c3d8-e3e1-46cb-99f7-7d4a6c116835,Myntra,google_play,hi,order har bar cancel automatically ho jata hai,1,14,2025-08-06 05:41:06+00:00,4.2507.20
436,45f47c7e-5a6b-46c3-b0f8-9bfa58744232,Myntra,google_play,hi,Product best Quality,4,0,2025-07-28 18:50:17+00:00,4.2507.10
437,31fe80f1-a59d-491f-8ad2-96af9e65a502,Myntra,google_play,hi,मैं तो इस एप्लीकेशन का पहली बार इस्तेमाल कर रहा हूं ठीक लग रहा है,5,171,2025-07-22 10:29:19+00:00,4.2506.21
438,02afee23-2fc7-4110-8882-bf28b2584f2e,Myntra,google_play,hi,बहूत बडीया हे इसके लीए मे इसको 5इसटार दुगा,5,13,2025-07-21 11:19:24+00:00,4.2505.12
439,fbe235cb-09e6-4ff9-8c53-5d52cf3ede43,Myntra,google_play,hi,यह ऐप बहोत ही शुपर है और बीलकुल सही है,5,8,2025-07-18 20:35:01+00:00,
440,8e89a5e8-e448-43b3-8491-9c38136d48e6,Myntra,google_play,hi,This is a one of the best shopping platform products are really of good quality,5,0,2025-07-11 06:49:32+00:00,4.2506.10
441,0c0fed48-f345-4caa-8bd6-eba56190023e,Myntra,google_play,hi,बहुत अच्छा,5,0,2025-07-10 15:42:48+00:00,4.2506.21
442,8f1ed455-82e1-4677-b705-466aa1f661d7,Myntra,google_play,hi,बहुत खूबसूरत है यह ऐप बहुत सुंदर लगा है,5,151,2025-07-07 07:13:07+00:00,4.2506.10
443,015829c3-2b83-45d4-9296-85ecb374b751,Myntra,google_play,hi,बहुत खूब बहुत अच्छा 😍😍😍😍,5,29,2025-07-06 18:02:07+00:00,4.2506.10
444,c905eacc-3a03-46f5-833e-914a48ac6985,Myntra,google_play,hi,bahut achcha good,5,1,2025-06-29 22:15:31+00:00,
445,36c095e1-fe69-497f-a0a3-af3930351ad1,Myntra,google_play,hi,best purchases with best quality.,5,0,2025-06-17 23:26:03+00:00,4.2505.12
446,e8c85cbf-0f31-4ba3-9571-f174c1520c39,Myntra,google_play,hi,इस app se koi item mat mgvana ritun nhi hota hai,1,4,2025-06-16 10:28:50+00:00,4.2505.12
447,2d4fd5cf-5294-45ef-a6f3-970ae8b6aac8,Myntra,google_play,hi,38 Manga tha lekin 42 ke lagbhag car size de Diya,5,8,2025-06-14 15:34:56+00:00,4.2505.12
448,37f0399a-2fe3-4583-9988-33c4d60b5954,Myntra,google_play,hi,बहुत बढ़िया है,5,29,2025-06-13 09:05:44+00:00,4.2505.12
449,19b76497-3821-4cce-8bbc-c08797a9bed3,Myntra,google_play,hi,kya bat hai mjo hi karniyo maintra to,5,26,2025-06-06 16:47:19+00:00,4.2505.12
450,139dbdc0-6edc-42bd-a8e1-b562afd17ff7,Myntra,google_play,hi,Nice app 👍,4,0,2025-06-04 23:43:49+00:00,4.2505.12
451,49ed6719-79b3-43be-8e6d-f99e23fb750c,Myntra,google_play,hi,हर सामान की प्राइस 1000+ ही है,1,112,2025-06-02 19:08:19+00:00,4.2505.12
452,f420bb37-8fda-4625-bb7d-e383de92d33c,Myntra,google_play,hi,abhi mera oddar aay tab pata chalega,5,49,2025-06-01 05:52:51+00:00,4.2505.12
453,81e8e4d5-083c-4253-9a75-c899a6f3dd87,Myntra,google_play,hi,mera ab tak ka experience bahut achha hai,4,328,2025-06-01 00:48:08+00:00,4.2505.12
454,a127a762-6ce4-4350-9309-1ac085e38056,Myntra,google_play,hi,बहुत ही अच्छा ऐपहै,5,25,2025-05-28 17:18:54+00:00,4.2504.21
455,3e508a5d-2810-4ec0-a692-2dc9992f9703,Myntra,google_play,hi,मंत्रmyntra से भी बहुत अच्छा समान मांगते हैं स्नेहा ब्यूटी पार्लर नागौर में,5,0,2025-05-25 21:53:31+00:00,
456,4b965690-8449-4099-bfbf-8a56a0985ee8,Myntra,google_play,hi,order hi nhi hota he play now butten debeta hi nhi he 🤔🤔🤔,1,12,2025-05-17 16:31:46+00:00,4.2504.10
457,bc72acc7-3749-4410-ae7c-12025cd28b01,Myntra,google_play,hi,I am happy,5,0,2025-05-17 14:54:38+00:00,
458,61209215-8d62-4e62-a538-77590d68a744,Myntra,google_play,hi,is aap me kapde bahot mahange aate hai😔,1,12,2025-05-15 21:24:10+00:00,4.2504.21
459,49d10241-459e-4e13-93fa-28e2c39cfd77,Myntra,google_play,hi,fashion ke liye best app 👍😊❣️,5,0,2025-05-13 19:23:14+00:00,
460,bcde364b-4ac0-4a28-b4da-43393912f9fb,Myntra,google_play,hi,sabse ghateya,1,0,2025-05-11 17:15:08+00:00,4.2504.21
461,71778ee4-4cae-43ff-b9e7-b7ef880cc38b,Myntra,google_play,hi,bahut bahut achcha,5,19,2025-05-11 10:58:54+00:00,4.2504.10
462,243a2465-7e7a-405e-a140-b464ca46bea2,Myntra,google_play,hi,bahut kharab hai,4,50,2025-05-05 11:50:50+00:00,4.2504.10
463,f9dc7631-3feb-4633-996f-ec9a6baf3d38,Myntra,google_play,hi,बहुत खूबसूरत मैंने सोचा था उससे कई ऊपर ब्रांडेड ब्रांड,5,96,2025-05-01 07:48:39+00:00,4.2504.10
464,6408098a-8f97-45a4-beed-d423b1618bdb,Myntra,google_play,hi,Saman bahut mahanga hai mujhe bilkul pasand nahin aaya 🤢🤢🤢🤢🤢🤢🤢🤢🤮🤮🤮🤮🤮🤮🤮🤮🤮🤮🤮🤮🤮🤮🤮🤮🤮🤮🤮🤮🥵🥵🥵🥵🥵🥵🤬🤬🤬🤬🤬🥺🥺🥺🥺🥺😩😩😩😩😩😩😩,1,0,2025-04-28 22:16:21+00:00,
465,3d105e23-20c8-4a0e-a317-99360d04352e,Myntra,google_play,hi,abhi mai 1 star de rhi hu agr achha shoping hua to mai aa kr aap logo ko btaungi,1,0,2025-04-28 18:33:56+00:00,
466,4cf6793d-90ff-4739-9a6a-adda98990fad,Myntra,google_play,hi,excellent one,5,0,2025-04-28 16:33:57+00:00,4.2504.10
467,9a3e2aa9-7f54-4608-b34c-5cb0a376b6ff,Myntra,google_play,hi,price is very high,2,0,2025-04-26 16:29:55+00:00,4.2504.10
468,5299fbb8-3886-4d22-a73c-0b278b342bb7,Myntra,google_play,hi,इस पर बहुत महंगी शॉपिंग है,1,0,2025-04-22 09:23:24+00:00,
469,4c602dbd-f622-4212-b4da-5c5adb3a0e36,Myntra,google_play,hi,"I purchased many products from Myntra. But it is not delivering any items in my pincode for the last 2 weeks. So, It's now completely useless just like Flipkart.",1,0,2025-04-20 11:38:20+00:00,4.2503.21
470,2a1a1886-007c-46a1-8564-65639b43f3f2,Myntra,google_play,hi,bekar hai Bhai,1,0,2025-04-16 19:57:05+00:00,
471,869e8d10-f63b-40fd-a04d-a8f9f0077175,Myntra,google_play,hi,पहली बार खरीदारी की थी बेहतरीन रही,5,79,2025-04-12 20:34:04+00:00,4.2503.21
472,970c8f25-f206-4856-bfc7-41103ddfd16f,Myntra,google_play,hi,pehli bar app dawlod kar rha hu,5,0,2025-04-12 01:19:15+00:00,
473,37771710-cf18-46c7-8101-e0ff3dd1edd2,Myntra,google_play,hi,बढ़िया है लेकिन बहुत महंगाहै,5,42,2025-03-28 00:26:48+00:00,4.2503.10
474,0100a381-2744-4723-8c8d-b2cf5d8cf0a7,Myntra,google_play,hi,अब दौर आपका है लेकिन अफ़सोस की आपके ऐप में हिन्दी के लिए कोई जगह नहीं? 😌,4,133,2025-03-25 19:26:58+00:00,4.2502.11
475,4574b510-3fa7-432f-b6ae-444e5adf588d,Myntra,google_play,hi,बहुत ही सुन्दर है,5,28,2025-03-22 20:45:47+00:00,4.2502.11
476,84bafb93-a7fc-4ed5-9ef4-66c910450af0,Myntra,google_play,hi,यह ऐप पैसे तो ज्यादा लेता ही हैं लेकिन रिटर्न पॉलिसी भी नही देता मेने boat rockerz 255+ मंगवाया था 3990 हैं लेकिन प्रोडक्ट डेमेज एक साइड काम नही करता और रिटर्न का तो कोई ऑप्शन भी नही है स्टाफ से बात करो तो बोलते ही बोट कंपनी से बात करो कोई भी इस झमेले में न फसे very bad exprince,1,39,2025-03-21 21:11:15+00:00,4.2502.11
477,a38e51dc-3f5e-4821-a18b-9fe3cdd7e55f,Myntra,google_play,hi,यह घटिया है,1,0,2025-03-18 11:28:09+00:00,
478,aa7fcb15-a4af-42f0-a6f1-78d29e191bd6,Myntra,google_play,hi,यह एप्लिकेशन जनहितेशि हैं,5,1,2025-03-11 20:39:58+00:00,
479,440dc429-d091-473c-9982-dc8e3004ebd0,Myntra,google_play,hi,Fantastic app,5,1,2025-03-09 10:57:37+00:00,4.2502.11
480,d417d91b-d8e4-4ecd-990d-2fe2f5f32766,Myntra,google_play,hi,यह बहुत ही बढ़िया है इसे डाउनलोड करें ज्यादा से ज्यादाकरें,5,3,2025-03-07 20:21:39+00:00,
481,66fb2e44-3ea0-48ed-96ad-2aecf984aafb,Myntra,google_play,hi,Acha app hai,5,4,2025-03-07 16:30:41+00:00,4.2502.11
482,0b737d22-f8a9-4cf6-84c9-1ea061a3b619,Myntra,google_play,hi,कस्टमर सपोर्ट के डिलेवरी ११ मार्च२०२५ कन्फर्म करने बदल आभार,5,49,2025-03-07 13:32:56+00:00,4.2501.10
483,c3601d76-712d-4b5e-b34b-ea1adde768c6,Myntra,google_play,hi,Very Very Good App For Clothes Shopping And Also For Branded Products.,5,0,2025-03-07 12:41:56+00:00,
484,9d773a56-3676-4e07-a4fe-c72f6d1fa4ef,Myntra,google_play,hi,मेरा अनुभव बहुत रहा है प्रोडक्ट बहुत अच्छाहै,5,41,2025-03-06 17:04:12+00:00,4.2502.11
485,fca88550-50c3-4d19-92b5-5a4416ac7da8,Myntra,google_play,hi,Koi return lene ke liye bhi nhi aa rhe,1,2,2025-03-03 21:00:07+00:00,
486,f0cb5d49-2f2a-4727-ad6d-15e50b20cc7c,Myntra,google_play,hi,Best Online platform for authentic products,5,1,2025-02-27 23:30:17+00:00,4.2501.20
487,e5b4ab59-65b9-44e4-8d14-8d7981e25f18,Myntra,google_play,hi,"Me myntra aap I had a lot of fun shopping, I got really nice clothes 😍👍",5,1,2025-02-19 16:32:49+00:00,4.2501.20
488,9196be25-0cda-4705-a684-912f898e6891,Myntra,google_play,hi,A1 shopping aap,5,1,2025-02-09 20:39:05+00:00,4.2501.20
489,b42f3f88-89b4-4574-aeb4-00fd55b8680c,Myntra,google_play,hi,Vigyapan nahin aana chahie Na koi Ada na chhe na bhaiya banana chahie,5,0,2025-02-08 20:25:24+00:00,
490,78a67efc-da76-4c01-8e06-07f90648f4fc,Myntra,google_play,hi,Best sovpik aap myntra,5,5,2025-02-06 18:17:53+00:00,4.2501.10
491,8add8ba1-5f1c-482a-8653-0ed28bc7a588,Myntra,google_play,hi,Nice application shoping,5,1,2025-02-05 13:05:20+00:00,4.2501.20
492,a1ebea84-cf06-4032-bfa4-4f5cc07f0bca,Myntra,google_play,hi,बहुत सुन्दर रिटर्निंग भी बढ़िया फास्ट सर्विस करियर का,5,49,2025-01-31 12:48:31+00:00,4.2501.10
493,5f6884f6-dc51-4ca8-b435-ed67bc1cbbbb,Myntra,google_play,hi,Bahut hi Bura app Hai Doston ise download Mat kijye,1,0,2025-01-19 14:45:28+00:00,
494,5db3bbd4-76a6-4061-91a6-e977789a7134,Myntra,google_play,hi,Ghatiya services भरोसे के लायक नही किसी भी टाइम अपने आप पार्सल कैंसिल कर देते हैं,1,107,2025-01-19 05:34:12+00:00,4.2412.21
495,cd565313-ddda-4635-9e01-c14a4fe7df15,Myntra,google_play,hi,Very godd apppp,5,1,2025-01-16 07:40:39+00:00,4.2412.21
496,3479fd96-cb05-4699-b7e3-e6d118f4305b,Myntra,google_play,hi,Very good in everything,5,1,2025-01-14 19:37:31+00:00,4.2412.21
497,25d54660-a4c0-495a-87c9-aa63d6c89425,Myntra,google_play,hi,Nice rooms,5,1,2025-01-12 20:30:13+00:00,4.2412.21
498,97975d83-2042-48ac-8cf7-813eb868bee1,Myntra,google_play,hi,Very very very very very very very very very very very very very very very Good app 😘😘,5,1,2025-01-05 08:41:52+00:00,4.2411.21
499,a2f10cab-7a1d-41dc-82d4-359e6ce84fb0,Myntra,google_play,hi,Excellent service but return system n policy is not satisfactory,5,1,2024-12-24 09:06:44+00:00,4.2410.20
500,8a421469-32ed-477b-a27a-27a31e7d0a31,Myntra,google_play,hi,Maruf Misha Collins Ave NE me hi hai,5,8,2024-12-17 23:07:15+00:00,4.2411.21
501,91a8b3c4-9ce4-4b44-8875-cb73746d7ecb,Myntra,google_play,hi,बहुत ही अच्छा,1,7,2024-12-15 09:09:26+00:00,4.2411.21
502,70872212-8eb2-494c-9985-29afdb64fc87,Myntra,google_play,hi,God bless you,5,1,2024-12-12 20:51:14+00:00,4.2411.21
503,246d04dd-3eaa-41de-b8c6-cfb92fd2e13a,Myntra,google_play,hi,महा घटिया अप्लिकेशन है ये अपना ऑर्डर ट्रैस करने का नही देता है नाही डेलिवरी टाइम जल्दी देता है,1,5,2024-12-10 16:26:25+00:00,
504,c753f25d-44c5-4cd5-961b-74090bd7ce9b,Myntra,google_play,hi,Good shopping app,3,0,2024-12-10 01:01:02+00:00,4.2411.21
505,11579a79-29a7-48c4-b46e-c959eea579d8,Myntra,google_play,hi,"मेरे पहले ऑर्डर पर मुझे अच्छा डिस्काउंट दिया ,धन्यवाद Myntra ।",5,125,2024-12-09 22:35:05+00:00,4.2411.21
506,4456da7b-afcb-48ac-94dd-bc06f96f3dd5,Myntra,google_play,hi,हमें 9000 की साड़ी नहीं चाहिए भाई,1,0,2024-12-08 07:16:46+00:00,
507,e01a283d-ed44-4c79-86aa-4f346b368960,Myntra,google_play,hi,इतना ज्यादा घटिया शॉपिंग ऐप अभी तक मैंने कभी नही देखा मैंने अपने शूज का आर्डर किया और उसका पेमेंट पहले कर दिया उसकी डिलीवरी अभी तक नहीं हुई है और ऑर्डर 8 दिन तक डीलहे हो चुका है । . और अभी तक मुझे मेरा पेमेंट नहीं मिला ॥ कस्टमर की कोई care नहीं है । और order कैंसिल भी नही हो रहा है। 👎👎👎👎👎👎👎👎🥹🥹🥹,1,3,2024-12-03 15:25:00+00:00,4.2411.21
508,a852b56c-c82e-4e3c-b59b-9e3778db9870,Myntra,google_play,hi,"Very good 😊😊😊💯 मै myntra पर लगातार 4 साल से खरीदारी कर रहा हूं, समान अच्छा देता है,",5,95,2024-11-15 19:50:04+00:00,4.2410.20
509,1e95454c-2a4f-4dcd-8cb3-29353bee3b7d,Myntra,google_play,hi,यह बहुत बुरा है जैसे कुछ आर्डर भी नहीं हो रहा है और बहुत महंगा भी है प्लीज दोस्तों ऐप डाउनलोड मत कीजिए नहीं कुछ और कीजिए क्योंकि बहुत महंगा है इसीलिए हमें से एक भी स्टार्ट नहीं देनाचाहेंगे 😡😡😡👎👎,1,92,2024-11-15 11:11:31+00:00,4.2410.20
510,24e0b2a9-b977-4951-8a3b-d0efe80fe8ea,Myntra,google_play,hi,verry nice,5,1,2024-11-14 17:51:00+00:00,4.2410.20
511,b269f800-7945-4841-b7d2-9664152c54e4,Myntra,google_play,hi,Best app for shooping,5,0,2024-11-08 13:15:13+00:00,
512,bf986331-79a0-4431-8da7-5e88b71a741e,Myntra,google_play,hi,बहुत ही अच्छी खरीदो चित कीमत पर वेरी नाइस मंत्र,5,22,2024-11-05 14:22:51+00:00,4.2410.10
513,f2914de8-19d5-4ba6-994b-b08e1b86fda1,Myntra,google_play,hi,Mera bhai magaya nice shert,5,6,2024-10-30 10:27:11+00:00,4.2409.11
514,067efca2-08e3-4164-a63e-25511fa7eba9,Myntra,google_play,hi,Good quality products,5,1,2024-10-29 13:55:18+00:00,4.2410.10
515,c8960199-218d-4751-9cf6-567fe3c6b096,Myntra,google_play,hi,Bahut bahut achcha product,5,6,2024-10-25 22:54:50+00:00,4.2409.11
516,cde71573-0caf-43a4-a215-7c3101adc3cc,Myntra,google_play,hi,Best products quility,5,1,2024-10-23 14:13:54+00:00,4.2409.11
517,fe2d36be-696c-4b8a-ad60-2451e3c72b7e,Myntra,google_play,hi,Very good 👍,5,1,2024-10-21 08:37:23+00:00,4.2409.11
518,6cb08b7d-f648-4936-9660-c57ca5ac157c,Myntra,google_play,hi,Mitra ki chij bahut hi acchi hoti hai yahan se order se Kabhi nirasha Nahin milati aur samay per parcel bhi pahunch jaate Hain bahut badhiya Saman Aata Hai ise hamen jyada se jyada shopping karni chahie Mera anubhav yah Hai Ki Har Kisi ko yahan se shopping karni chahie brand quality bahut acchi hoti hai Mitra app bahut mast Hai download Karen aur shopping Karen happy 😊😁 item per right per badhiya chhut badhiya offer quality jyada share Karen usse jyada shopping Karen dhanyvad Mitra god bless y,5,23,2024-10-19 15:27:47+00:00,4.2408.10
519,a2d74b88-656a-4e7b-bf79-d8c34fb33ba8,Myntra,google_play,hi,Barot barnyard,5,1,2024-10-17 11:25:32+00:00,4.2409.11
520,09033554-f648-417e-9051-8fe237e0fa0f,Myntra,google_play,hi,Good for shopping clothes online,5,1,2024-10-11 16:07:24+00:00,4.2409.11
521,828a4dac-8dc0-497a-b4b5-809aef633d1b,Myntra,google_play,hi,Super shoping complex,5,1,2024-10-10 20:23:47+00:00,4.2409.11
522,f7845816-a21e-4c2c-80de-912d6ecddc81,Myntra,google_play,hi,महंगा है बहुत,4,83,2024-10-04 20:50:58+00:00,4.2402.10
523,8209b360-b8d6-4e7f-8fa1-fac13a5e9f0c,Myntra,google_play,hi,बहुत ही कम दाम में और बहुत ही जबरदस्त क्वालिटी के लिए हम 5 स्टार रेटिंग देते हैं,5,136,2024-10-03 11:05:59+00:00,4.2409.11
524,37d4a76b-0b93-4b2b-8e64-03ff9796e6e0,Myntra,google_play,hi,Amazing app,5,0,2024-10-03 06:35:33+00:00,
525,7c6b9091-4f5f-44f2-b634-89dc916149ac,Myntra,google_play,hi,Very nice 👍,5,1,2024-09-29 12:58:54+00:00,4.2409.11
526,4ed60bef-e035-4a68-ade9-520992b4f009,Myntra,google_play,hi,Very good app,5,1,2024-09-28 07:19:35+00:00,4.2409.11
527,01379175-f807-4583-956b-9dad11c67f28,Myntra,google_play,hi,Good work for shopping experience,5,1,2024-09-27 19:13:05+00:00,4.2409.11
528,baf86112-b215-415d-a791-eb3621466d5b,Myntra,google_play,hi,thats a good shopping application,5,1,2024-09-27 10:49:14+00:00,4.2409.11
529,ca850785-1130-48de-84e2-808207fbcc9b,Myntra,google_play,hi,दिलासा देते हैं मगर कोई नहीं करता,3,27,2024-09-27 00:29:04+00:00,4.2408.10
530,46ed56d8-c5a4-412d-bd22-c62c4b18ad79,Myntra,google_play,hi,डाउनलोड होने के बाद ही पता चलेगा| 🤔🤔,3,2,2024-09-22 12:01:44+00:00,
531,dbf8ce86-5781-4715-8010-e73664d38bdf,Myntra,google_play,hi,Very good product 👍,5,1,2024-09-21 20:14:07+00:00,4.2409.11
532,b9ea5db6-b0f8-4769-a76d-4f3ace8485e0,Myntra,google_play,hi,Very beautiful,5,2,2024-09-21 12:19:23+00:00,4.2409.11
533,5720b3ca-fa67-47dd-a48c-c8de0e6ee4b8,Myntra,google_play,hi,Awesome 💯😎,5,1,2024-09-21 03:20:57+00:00,4.2408.20
534,f9fb57f0-034d-4b7f-82d7-f8fdaf86fe13,Myntra,google_play,hi,wow good keep it up,5,1,2024-09-19 18:49:52+00:00,4.2408.20
535,e1bc7dde-a72b-47ba-ae80-4e493a2d55d4,Myntra,google_play,hi,Very very happy,5,2,2024-09-14 07:57:48+00:00,4.2408.20
536,59c0c413-822a-40fd-87ab-d317d700513d,Myntra,google_play,hi,Bhaiyo bahut hi kharab app h order kuch or hi karte h Or dilevered kuch or hi karta h hamare sath frode karta h please dowroad mat karna,1,22,2024-09-03 21:58:00+00:00,4.2408.10
537,d0c02275-ffb1-4a22-ae79-428dfcab3066,Myntra,google_play,hi,Easy to use and affordable prices,5,1,2024-09-03 08:21:11+00:00,4.2408.10
538,6b92bdf6-ee77-4312-9e03-f7d5260bf310,Myntra,google_play,hi,अभिषेक मद्धेशिया,5,0,2024-09-03 05:22:25+00:00,
539,fab58fd5-0f02-4b0b-93d6-5262b0f56d7a,Myntra,google_play,hi,Good Quality Product,5,1,2024-08-31 18:32:45+00:00,4.2407.20
540,56b8cf0f-69e6-4bfb-8940-ed77e731fbd3,Myntra,google_play,hi,Plz hum सभी coustmer ko batana चाहते hain ki saree order kiye the but quality color nhi pasand aaya 666 only return kiye h three saree tha one packed m tha amount 2000payment cash in hand myntra unfaithful h am from pratapgarh up hum instenly acction lenge with proof Bed responcse myntra,1,0,2024-08-29 21:49:42+00:00,
541,200696a9-56db-4c66-9dba-879623f18eda,Myntra,google_play,hi,यह बहुत बढ़िया एप्सहै डाउनलोडकर लेते धन्यवाद,5,2,2024-08-16 15:59:49+00:00,
542,762f4b7a-dead-4d53-98e6-9e7ce641a785,Myntra,google_play,hi,India's Best Online shopping app in afrodable price.,5,2,2024-08-14 09:19:57+00:00,4.2407.20
543,dc192e13-6f0b-4b62-bbf4-23b0ddad88d2,Myntra,google_play,hi,Myntra makes our life easier and stylish i really appreciate and thank to those delivery agent who always try to coperate with us and do their hard work with patience 😊😊 thank you Myntra staff for always being there for us 🙏🤗,5,0,2024-08-11 19:05:08+00:00,4.2312.22
544,fb4ec2e0-580d-4088-97a4-daebd7a059ed,Myntra,google_play,hi,Worst online shopping app I have seen,1,0,2024-08-04 13:02:38+00:00,4.2403.10
545,a87052af-02fb-42a9-84fb-ae5cb4c88d5b,Myntra,google_play,hi,Great bank balance,5,1,2024-07-31 12:43:39+00:00,4.2406.20
546,a29671eb-b846-4256-a4a1-c80a021fcdda,Myntra,google_play,hi,Bahut acha hai,5,2,2024-07-22 20:52:52+00:00,
547,3b1dd65c-b2f6-46aa-ba2f-aa9b16bd531e,Myntra,google_play,hi,Bohot aatcha app hai Lakin bohot High price bhi hai kapdo par to please thoda price Kam Kar diziye,5,121,2024-07-21 19:11:47+00:00,4.2406.20
548,b6d9613e-787e-4f74-a70f-fbdb9c87f604,Myntra,google_play,hi,Bohot khoob,5,0,2024-07-21 09:50:11+00:00,
549,fd3ae18e-a211-4143-8d59-ea6ae1e031a3,Myntra,google_play,hi,magaram prajapat,5,0,2024-07-16 21:40:27+00:00,
550,f61b39b6-dcd9-4d22-bf65-dfb173a59227,Myntra,google_play,hi,Very nice shopping app,5,1,2024-07-07 23:14:17+00:00,4.2406.10
551,52480d42-fe38-460e-87b9-e0ea4c3ca92e,Myntra,google_play,hi,Bahut acche bahut achcha hai per sari chijen bahut mahangi milati Hain Jo kisi Garib ke budget mein nahin agar yah sasta saman mile to isase achcha ek dusra nahin 🥰🙏🥰,3,16,2024-07-06 22:27:22+00:00,4.2405.10
552,def4da67-925b-4125-a0f1-cd38973e9f60,Myntra,google_play,hi,बहुत महंगा सामान मिलता है,1,33,2024-07-01 14:09:50+00:00,4.2406.10
553,98bcae0a-5a0e-4341-9915-ecb4286fe84c,Myntra,google_play,hi,Bahut kharab,1,0,2024-06-17 21:52:40+00:00,
554,35cfe5ee-62ce-4da9-ba02-e5e412aa4f14,Myntra,google_play,hi,बहुत घटिया है कृपया कर ना डाउनलोड करें 200 का सामान ₹600 में बेच रहा है डाउनलोड कोई ना करे धन्यवाद,1,137,2024-06-17 11:26:10+00:00,4.2405.10
555,677441cb-92ce-476f-9a08-68971a78fd03,Myntra,google_play,hi,Very worst app. Products quality very bad.,1,0,2024-06-15 10:08:38+00:00,4.2405.10
556,205ea5d4-805f-4de6-b1e8-706fd77ee3b8,Myntra,google_play,hi,मिंत्रा में बाकी सामान तो ठीक है लेकिन कपड़े बहुत महंगे लगते हैं,3,129,2024-06-10 21:52:14+00:00,4.2405.10
557,1a16a9c7-a456-479a-8c3f-4498e81f6434,Meesho,google_play,en,",, poty hai tgttyhhkzx.m",4,0,2026-03-31 22:14:40+00:00,27.3
558,9351a11c-349b-4fdf-9a2a-c6c4f11c9a19,Meesho,google_play,en,my refunds come very fast and I got orders in correct time and this app has very good product in cheap price I will rate this app 5star because it is very fast and has good service,5,0,2026-03-31 22:11:15+00:00,27.4
559,6a5b2ae6-bffe-4920-b4d6-58b0fd188607,Meesho,google_play,en,will not deliver the order in time and will return the orders automatically.Not a recommended platform to purchase.,1,0,2026-03-31 22:10:51+00:00,
560,ff98c049-c47e-48c6-b36a-0305adb9d88d,Meesho,google_play,en,❤️❤️ happy happy happy,5,0,2026-03-31 22:10:39+00:00,27.4
561,7828f07f-c191-46d9-86e6-2c24f3f4cbb3,Meesho,google_play,en,ALL TEAM VERY COPRET. & GOOD,4,0,2026-03-31 22:09:24+00:00,27.3
562,d4bbe20c-428e-4f08-a160-433f7537c3d6,Meesho,google_play,en,best for bra,5,0,2026-03-31 22:07:38+00:00,27.3
563,8a0713e7-b0cc-471f-aba1-39b1be45afae,Meesho,google_play,en,good price messho all things price,5,0,2026-03-31 22:03:29+00:00,27.3
564,e943a1c2-9ff7-4650-95c4-020e6bef9db1,Meesho,google_play,en,i love this shopping app ❤️,5,0,2026-03-31 22:00:03+00:00,
565,d77a4458-5736-4f04-a2eb-2eba3defb25b,Meesho,google_play,en,nice very good meesho😋😋😋😋i am happy,5,0,2026-03-31 21:56:41+00:00,27.4
566,7b002f5e-7e1c-4321-a033-6a4bd80a9d41,Meesho,google_play,en,எவ்வளவு சொல்லியும் ரீபண்ட் பண்ணனும் தோனல உங்களுக்கு என்ன ஜென்மமோ நீங்க எல்லாம் தவறான பொருளை அனுப்பிவிட்டு திருப்பி எடுக்க பலமுறை முயன்றும் என் பணத்தை தராம ஏமாத்துறீங்க நீங்கள் இழந்தது ஒரு நல்ல கஸ்டமரை..... கஸ்டமர்ஸ் சப்போர்ட் ஒழுங்கா இல்ல உங்களுக்கெல்லாம் வெட்கமா இல்ல..... பே லேட்டர் கட்டுறதுக்கு லேட் ஆச்சுன்னா ஃபைன் போட்டு வாங்க தெரியுது இல்ல தப்பான பொருளை அனுப்பிட்டு ரீபண்ட் கொடுக்குறதுக்கு மட்டும் முடிய மாட்டேங்குது உங்களுக்கு????,2,0,2026-03-31 21:55:00+00:00,27.3
567,a9335ed2-ea4c-4d96-81ee-23e7f845617e,Meesho,google_play,en,"worst online shopping app, i requested you all please don't buy product from meesho because product is not delivered for weeks and customer care says sorry. waste of time",1,0,2026-03-31 21:54:46+00:00,27.1
568,4153f834-1d81-4baa-8321-19d7470b7013,Meesho,google_play,en,nice service,5,0,2026-03-31 21:54:18+00:00,26.9
569,77425901-99e7-4954-829a-4b25ed596349,Meesho,google_play,en,Good service,4,0,2026-03-31 21:50:26+00:00,27.3
570,060aab7e-0120-47a4-ac4f-28b11f179962,Meesho,google_play,en,very very very very very very very very very bad no problem solve 2 month after no problem solve,1,0,2026-03-31 21:48:32+00:00,27.4
571,edc512f6-2f08-4f55-b8ce-2a0b9b06552d,Meesho,google_play,en,wonderful 👍,5,0,2026-03-31 21:46:00+00:00,27.2
572,40ee6d05-e213-4c68-8692-45d8289c74ec,Meesho,google_play,en,outstanding 👍👍,5,0,2026-03-31 21:44:07+00:00,27.4
573,503da409-311b-4d38-bf7e-257fbf1e6724,Meesho,google_play,en,yah bahut hi jyada bekar hai yah nahin kahate ki service bekar hai lekin agar Jara si baat bhi ho jaaye to id block ki jaati hai aur main agar chah kar bhi nahin sar Ko use nahin kar sakta so sorry maine socha use nahin kar sakta open kaise hogi mujhe koi bataen aur meesho app free song download karna baki tumharamar,1,0,2026-03-31 21:42:28+00:00,
574,ebf11add-f820-4136-82bd-7889341c06d8,Meesho,google_play,en,"it's a great app for purchase products like affordable, safe and secure",5,0,2026-03-31 21:41:52+00:00,27.3
575,d03bb6e9-dd14-40ec-8cb6-678f34389eb3,Meesho,google_play,en,badiya hai bhaiyo,5,0,2026-03-31 21:41:01+00:00,27.4
576,4056fb07-4781-45d4-a1b4-caf37b3e77ee,Meesho,google_play,en,not very bad credit score ke chR me barbad hoga,1,0,2026-03-31 21:40:15+00:00,25.8
577,a56baab9-ea84-4b16-97d8-743447be7ad6,Meesho,google_play,en,bahut yous full app hai,5,0,2026-03-31 21:39:33+00:00,27.3
578,c88d8f59-eada-444d-b2e3-4d8972ef6834,Meesho,google_play,en,intresting app super,5,0,2026-03-31 21:36:23+00:00,
579,c2a33196-1384-46c2-bea0-08c7582b1587,Meesho,google_play,en,yah bahut badhiya hai aur yah jaldi se time per pahunch jata hai,5,0,2026-03-31 21:35:54+00:00,
580,4493d33f-3139-41c3-929e-37a383a136db,Meesho,google_play,en,best delivery app,5,0,2026-03-31 21:35:23+00:00,27.3
581,ad061263-d344-4bf3-a0a9-dd1399cd57c3,Meesho,google_play,en,it's a bogus app. Don't buy products from this app. Delivery system was very poor. Customer service also very poor than that.,1,0,2026-03-31 21:31:55+00:00,27.3
582,c11d4508-c446-4840-b848-42f0330587da,Meesho,google_play,en,no cash on डिलिवरी,1,0,2026-03-31 21:29:01+00:00,27.1
583,31fabc8d-4412-487f-ae37-10df2ae9c022,Meesho,google_play,en,very nice I am happy,5,0,2026-03-31 21:28:44+00:00,27.4
584,076fe254-5307-4725-95a1-3ed073daf418,Meesho,google_play,en,bag order kra tha change aaya different aaya pura ab return nhi ho rha 😤,1,0,2026-03-31 21:27:43+00:00,27.4
585,1602aa04-e495-4ce6-b7a5-ca9d0d523ebf,Meesho,google_play,en,bahut achha app hai 😍😍,5,0,2026-03-31 21:25:47+00:00,
586,c9900aa6-4974-4567-be29-be39a401a5d6,Meesho,google_play,en,plss free delivery,1,0,2026-03-31 21:24:22+00:00,27.4
587,3e5946d3-48b7-4ecf-9d45-ba25d978a6a1,Meesho,google_play,en,very nice👍,5,0,2026-03-31 21:20:19+00:00,
588,b5a3a688-0fee-45a7-9771-243b641f997c,Meesho,google_play,en,very very very good app and saare products par free delivery hai koi extra charge nahi hai,5,0,2026-03-31 21:19:36+00:00,
589,045d17e1-e589-4dc5-9417-3ebbbd023286,Meesho,google_play,en,log in nahi ho raha hai,1,0,2026-03-31 21:16:10+00:00,27.4
590,8bfddbab-5fbc-4c3f-b9b5-0427d9b11c5d,Meesho,google_play,en,best online shopping app 👍🏼,5,0,2026-03-31 21:15:46+00:00,27.4
591,dcd2368e-292d-4099-bce3-cee7fc5154e9,Meesho,google_play,en,"Yes,this app have loyalty programs",5,0,2026-03-31 21:10:57+00:00,23.2
592,08d87c8f-e104-49be-839e-f0a2eeb8136b,Meesho,google_play,en,best oneline platform aforduble price quality product,5,0,2026-03-31 21:08:55+00:00,27.3
593,cfaae968-27bb-4655-bf36-fb1a97f10fa1,Meesho,google_play,en,very bad I haven't received my refund in my account when a logged a call back through the call back option but I didnt receive any call and they send me a message we resolve without any call,1,0,2026-03-31 21:03:39+00:00,26.9
594,e5d22817-2aee-493b-b9ff-1a302c104214,Meesho,google_play,en,no refer money credit this app,1,0,2026-03-31 21:03:23+00:00,
595,1ae944ad-9d9b-4a89-9fda-828f66790546,Meesho,google_play,en,very good services at reasonable price,5,1,2026-03-31 20:58:27+00:00,27.3
596,07486a4e-b483-43cb-a597-9819ef8f61b4,Meesho,google_play,en,यह ऐप बहुत ही अच्छा है,5,0,2026-03-31 20:58:10+00:00,27.2
597,07757830-0c18-4fa9-ae2f-750c2962174c,Meesho,google_play,en,what is the additional fee the\nProducts amount is low and the additional amount is too high the product price is 33 and the additional fee 68 the total amount is 111 i not agree,1,0,2026-03-31 20:56:45+00:00,27.4
598,b810ab6d-98d0-4d00-bfc6-7ff26d94569a,Meesho,google_play,en,nice app for shopping,5,0,2026-03-31 20:50:26+00:00,27.3
599,f15f12f1-b2ef-46f2-b491-da5d5fbc3f76,Meesho,google_play,en,"Recently, if you order more qty, the seller is shipping only 1 qty. this is recurring and making me not trust the meesho",1,0,2026-03-31 20:46:32+00:00,27.3
600,145caab0-716c-4cf7-8910-eacde11ed861,Meesho,google_play,en,I always purchase from meesho and I simply love its products. if sometimes the product is not good the they have easy return policies.,5,0,2026-03-31 20:46:03+00:00,27.4
601,53cc1646-624d-4630-9ec6-4797d03fef26,Meesho,google_play,en,U want to order food in train then railrestro is the best app for that I really loved it.#,5,0,2026-03-31 20:44:45+00:00,27.4
602,6a2de6f3-27d6-470c-a325-b5ce325254f4,Meesho,google_play,en,I like this app,5,0,2026-03-31 20:43:48+00:00,27.2
603,decc5bdb-e941-4287-b632-91a68fa63a1a,Meesho,google_play,en,my fav app the best!!!,5,0,2026-03-31 20:41:33+00:00,
604,c88cba6c-d373-4be7-b0b0-f3d2aac957ea,Meesho,google_play,en,good service,5,0,2026-03-31 20:41:22+00:00,27.4
605,82fa3ebc-9857-40c5-ac68-95ecf7127892,Meesho,google_play,en,excellent products,5,0,2026-03-31 20:38:11+00:00,
606,2c0efbe8-27d6-42bc-8fb6-5bc308204fb1,Meesho,google_play,en,It's really nice to buy. I'm very happy.,5,0,2026-03-31 20:36:35+00:00,
607,2ab92ac9-22a1-4d2d-acbc-3f679720b4a5,Meesho,google_play,en,very good app easy to use and with heavy discount must use app,5,0,2026-03-31 20:33:51+00:00,27.3
608,c08884f3-b8d8-45dd-8a9e-8e777ae29e1f,Meesho,google_play,en,bahut kharab sarvis,1,0,2026-03-31 20:32:26+00:00,20.1
609,313f3e0f-0535-4ebd-bff0-e94128b5f99e,Meesho,google_play,en,mast aap ahe,5,0,2026-03-31 20:30:09+00:00,27.2
610,9507549a-3f7c-46f8-8fdd-3820465b72c7,Meesho,google_play,en,ever green app,5,0,2026-03-31 20:24:08+00:00,27.4
611,fdae440e-43ec-4957-95c0-7dced9184e23,Meesho,google_play,en,best meesho app,5,0,2026-03-31 20:23:26+00:00,27.4
612,5669187c-c243-4904-803a-66e82b4e76d0,Meesho,google_play,en,nice meesho,5,0,2026-03-31 20:23:08+00:00,27.4
613,16e6446b-8e3c-4cfb-8024-62a4a08cbeb0,Meesho,google_play,en,World' Most Despicable App.Return or Exchange policy immense worst.,1,0,2026-03-31 20:22:55+00:00,27.3
614,754efda3-cb57-48ab-be2e-5f5524a01981,Meesho,google_play,en,cash dilerea,2,0,2026-03-31 20:19:05+00:00,
615,0ad7b9f9-50e7-4af4-aabf-2a5c7fabcaf3,Meesho,google_play,en,Meesho online S...,5,0,2026-03-31 20:18:18+00:00,
616,c9f30f55-9b5c-46f1-9943-59bc58bc93e7,Meesho,google_play,en,order karne ke baad bhi order ni aata,1,0,2026-03-31 20:09:31+00:00,27.4
617,4d838043-4e73-4a13-9101-868b5239d9af,Meesho,google_play,en,i love this app and the return policy is the best,5,0,2026-03-31 20:06:52+00:00,27.4
618,f89200a5-ca6b-49a8-b664-df9eb98e886f,Meesho,google_play,en,yahut achcha app hai aap sabhi bahut download Karen usko bahut,5,0,2026-03-31 20:04:52+00:00,27.2
619,08e79b58-b944-4c68-a89d-a2bdcd23a969,Meesho,google_play,en,very poor app meesho is worst and rubish appo,1,0,2026-03-31 20:03:15+00:00,27.3
620,d168ba02-d732-4cd7-869b-e1943d8abcb5,Meesho,google_play,en,"This is very useful for you, It is cheap for everyone, you can do online shopping in it, It is a very good app and you all also install it and take Benefits of it.🥰🌟",5,0,2026-03-31 19:59:52+00:00,27.1
621,fb5656b9-abc5-41b9-a8a4-a0526ea8dbe6,Meesho,google_play,en,excellent app. keep quality garments.,5,0,2026-03-31 19:51:26+00:00,27.4
622,1328ad4e-4e11-44c7-8657-bf24deb5de65,Meesho,google_play,en,thanks meesho mai app ku kya batau appne hamare liye itna acha app dala hai jo ke ghar baithe kam paison me shopping kr sake sooo meesho is the best app thnq for customers delivery boy's app sab tq soo much 😊 😀 😄 ☺️ ❤️ 😘 i love this app,5,0,2026-03-31 19:49:34+00:00,27.4
623,57984647-c3af-4f90-b67b-8a20704b4776,Meesho,google_play,en,please give cash on delivery on about all things because all person didn't use upi if you didn't give how those person buy anything from your services and app,1,0,2026-03-31 19:46:55+00:00,27.4
624,a9cd4cb7-28d2-4fda-bc61-d9eaeb836419,Meesho,google_play,en,awesome app..,5,0,2026-03-31 19:46:14+00:00,
625,d3b77ae3-37e8-4dbe-b394-443c12f52d6b,Meesho,google_play,en,very good 👍👍,5,0,2026-03-31 19:45:26+00:00,27.3
626,d2acd17b-2e8b-45a6-ad52-e3bdf4da58b0,Meesho,google_play,en,very bad app,1,0,2026-03-31 19:43:29+00:00,27.4
627,1463475c-025b-4185-903a-8b2694f165fa,Meesho,google_play,en,"The Meesho app is awesome, thank you Meesho...........☺️",5,0,2026-03-31 19:42:43+00:00,27.4
628,2a64c1ae-8124-4890-8b1a-dfcde850389e,Meesho,google_play,en,🤩nice app and useful,5,0,2026-03-31 19:39:00+00:00,
629,d6ba82e4-00ea-44fa-b9ad-a39cce76a9cd,Meesho,google_play,en,best 👌 Happy costumer,5,0,2026-03-31 19:38:28+00:00,27.2
630,60adc870-f3fa-4941-97f7-aa19393a38b3,Meesho,google_play,en,best rate on meesho,5,0,2026-03-31 19:34:03+00:00,27.3
631,5f724e05-6026-4c60-a0e5-596ea0728817,Meesho,google_play,en,buyer side best but seller side very wrong for you me bhi seller tha but customer fraud or claim na dene ki waje se kaam band karna pda please sabse request karta hu meesho se fraud na kare bahut loss hota hai seller ko mere frd ne to loan leke business kiya tha meesho par but meesho me customer ne itna fraud kiya ki usne aatmahatya kar li,3,0,2026-03-31 19:31:01+00:00,27.3
632,cfda11f2-1945-4051-8f86-44eb3e941387,Meesho,google_play,en,open meesho,5,0,2026-03-31 19:29:42+00:00,27.3
633,6f5a327e-9749-41a3-9ad7-766dba4054c2,Meesho,google_play,en,i ordered a product and the delivery boy called me i said come and deliver my product to the doorstep he refused from giving my product and when I said I will raise a complaint he said do whatever I will not come and cut the call. when I raise complain the agent said next time this will not happen and you will get your order but still I don't get my product yet. very unprofessional behaviour and very bad management. I didn't expect this from meesho.,1,0,2026-03-31 19:29:30+00:00,27.3
634,c309e8a3-2bf4-45e4-b72d-6b79dfda465a,Meesho,google_play,en,product are not so good as seen in booking time.At the time of receiving is very different.,2,0,2026-03-31 19:25:46+00:00,27.3
635,be66b49b-d75a-46d5-a09d-4c69139d62ed,Meesho,google_play,en,excellent meesho,5,0,2026-03-31 19:24:02+00:00,
636,f720cd54-8641-49f0-8ef1-5dd5e280ad79,Meesho,google_play,en,very nice product and delivery 🚚,5,0,2026-03-31 19:22:00+00:00,27.2
637,24ce0698-9e59-420c-b1bc-f916e3f6cee5,Meesho,google_play,en,excellent. everyone is perfect.,5,0,2026-03-31 19:14:36+00:00,27.2
638,0076811e-1b8b-478d-bb32-2b6de10652ec,Meesho,google_play,en,meesho business started but not sharing all photos on Instagram,5,0,2026-03-31 19:13:27+00:00,27.3
639,7aa0a952-c0ac-45b4-a49e-5e594e165673,Meesho,google_play,en,i have a very bad experience i am a Tutor and I have a wife and I ordered from meesho and paid in the app but the delivery guy took 500 rs from my Wife but remember I had paid in the app and the order was 493 rs and the delivery guy took 7 rs more than the order from my Wife and it is a fraud and the app is app is a their app type:fraud don't download if using meesho uninstall meesho right now the button is over the text to uninstall if using meesho,1,0,2026-03-31 19:12:44+00:00,27.2
640,fbd97712-2d7f-4bb1-b871-a6526ec2ed2c,Meesho,google_play,en,worst app i ordered two products with prepaid charges and they shows delivered even I don't get my orders. When i raise complaint against them they just say we can't contact delivery agents and can't process your complaints. Literally I'm suggesting never order from this app if u order then only apply cash on delivery options. My experience is literally very worst with this app. I suggesting to not to use this app also specially not for max. quantities. it's worst app i have ever used.,1,0,2026-03-31 19:10:32+00:00,
641,5712ae68-fcf4-4adf-a8b3-dd3731a0694b,Meesho,google_play,en,Father of Worst app one time ordered something got something another time ordered item is missing and not giving refund at all waste of single star also 🤬😤 number one useless app I have ever seen,1,0,2026-03-31 19:09:03+00:00,27.4
642,a942610d-da44-4b28-b967-85573de3a493,Meesho,google_play,en,I have ordered a pack of uno card and uno flip card and it is delivered earlier than the original date,5,0,2026-03-31 19:06:33+00:00,
643,1a42fa4c-ae59-475b-a3b6-48d49046bb15,Meesho,google_play,en,"My experience with Meesho was very bad, because whatever I order they always cancel my order and do not deliver it to me every time. Flipkart, amazon or any other company are better than meesho. If Meesho can't deliver a product or it's not available, you shouldn't accept the order. Why even accept the order? This is a terrible service. Customer care service is also worst, i have tried many times but no use.",1,0,2026-03-31 19:01:09+00:00,27.3
644,e69f41f5-80b8-41b7-a94e-7cbbfb4ae7d0,Meesho,google_play,en,20/02/26 i ordered few items but they're refused to deliver my parcel. today 31/03/26 end of March still don't get my parcel i don't know why someone please?????😡😡😡😡😡,1,0,2026-03-31 18:58:23+00:00,
645,d3fa94a0-fcf7-4d25-a70e-00d82b2e9e50,Meesho,google_play,en,Good ecommerce portal for Mass Audience.,5,0,2026-03-31 18:56:17+00:00,
646,0dfd9446-6b92-417e-a547-5ed5460d4521,Meesho,google_play,en,"to much high prices, play with customers, big fraud, if you want to buy in meesho ,once check same products price in Flipkart.",1,0,2026-03-31 18:55:16+00:00,
647,863a9c8e-ae7e-475c-9890-a7dfa801fb45,Meesho,google_play,en,"Best app of play store, the products are very good quality, very low price and discounts are the best,like the discounts are very much. I RECOMMEND EVERYONE FOR THIS ONLINE SHOPING APP, *MEESHO*🙏",5,0,2026-03-31 18:50:00+00:00,27.1
648,6d8b392e-56b5-48d1-8385-ed5c973a5c2b,Meesho,google_play,en,bhut hi acha app hai.... online payment bhi bhut jaldi refund kar dete hai....totally safe hai❤️❤️❤️❤️,5,0,2026-03-31 18:46:47+00:00,27.4
649,c15d516d-3701-4069-a750-45a116952261,Meesho,google_play,en,the government application,4,0,2026-03-31 18:33:15+00:00,27.3
650,6a30e650-3161-4c1e-9c22-fe68230a8948,Meesho,google_play,en,we have very bad experience we paid amount for two saree but they have sent only one saree after returning the saree we received only one saree amount please refund the amount coustomer Care also not support please contact us,1,0,2026-03-31 18:31:08+00:00,27.3
651,56f664dd-edd0-4a11-9424-eb56f32a2e98,Meesho,google_play,en,I have been using this for 4 years and the experience has been excellent,5,0,2026-03-31 18:29:35+00:00,27.3
652,e4703fd9-af3b-4476-ae57-780716ab2d0e,Meesho,google_play,en,not dalivary,1,0,2026-03-31 18:28:01+00:00,
653,9cf1298a-4d1f-4265-b522-a60d49ea6c98,Meesho,google_play,en,"I'm not able to login, evertime I try it gives me invalid credential error. Tried uninstalling and installing back but still same irritating condition. Please fix this ASAP*",5,0,2026-03-31 18:24:25+00:00,
654,cdaa8f2c-426e-4992-a4ba-21a8d4db4f4a,Meesho,google_play,en,this aap is so good i like this aap,5,0,2026-03-31 18:23:34+00:00,20.3.1
655,9a49acab-27f1-4c0c-a93b-2db2003113e8,Meesho,google_play,en,1 naber ha bhai,5,1,2026-03-31 18:19:14+00:00,
656,f4a76b68-3369-48c0-9500-4cf95fcd6ab2,Meesho,google_play,en,my order totly wrong item,1,0,2026-03-31 18:19:02+00:00,27.3
657,a265976d-1b09-4977-833b-6d1dba1521c2,Meesho,google_play,en,though there is an easy return/ replacement option but still meesho should improve product quality.,3,0,2026-03-31 18:16:05+00:00,27.4
658,94e85fb2-dc84-404b-a404-ba18b6a90305,Meesho,google_play,en,"Worst Customer Service. The delivery agents are arrogant. They never call twice or will say they can't deliver to my location. Upon complaining also the customer care told me they will look into this matter and my product will be delivered to me but after 4-5 days waiting my product went back to the seller. When will Meesho understand it's not always about refund, it's about the product being delivered and on time.",1,0,2026-03-31 18:11:51+00:00,27.2
659,e28348b8-f88d-493b-bb56-eee68a023f66,Meesho,google_play,en,very good app 😃💯,4,0,2026-03-31 18:10:11+00:00,27.3
660,1d126594-d9a3-4584-a30a-e182f3f2fbe7,Meesho,google_play,en,"Meesho is a user-friendly and affordable shopping app that has made online shopping easier for everyone, especially for people looking for budget-friendly products. It offers a wide range of items like clothing, accessories, home essentials, and more at very reasonable prices. One of the best things about Meesho is that it also provides an opportunity for individuals to start their own small business by reselling products without any investment. The app is simple to use, with regular discounts",5,1,2026-03-31 18:05:11+00:00,27.3
661,b848e876-7c5b-4991-bb47-a682e2581e64,Meesho,google_play,en,"India's no.1 shopping app meesho, thans meesho ,plz remove some fraud seller from meesho ,",5,1,2026-03-31 18:03:50+00:00,27.2
662,a5c8d263-1cbd-4cd4-a56e-9e60bdefb578,Meesho,google_play,en,"I am selling through meesho no address is getting generated in it ,i lost so many orders and meesho support is not helping in it",1,0,2026-03-31 17:56:30+00:00,27.4
663,ebe45686-98ba-4784-8a8f-644a760e9123,Meesho,google_play,en,return pickup nhi ho rha hai meesho vale fhsate hai,1,0,2026-03-31 17:54:07+00:00,27.3
664,3737a9fc-2db0-441b-951d-3133271c695d,Meesho,google_play,en,Best products app.,5,0,2026-03-31 17:53:51+00:00,27.3
665,0c93c285-ba1f-4851-91dd-60ecce4757f8,Meesho,google_play,en,very helpful,5,0,2026-03-31 17:51:10+00:00,27.3
666,4fef1605-0a3f-4377-9fef-9f448c2d5e1d,Meesho,google_play,en,excellent place for shopping with huge discount,5,0,2026-03-31 17:49:34+00:00,27.3
667,a9f7ab82-aecd-4d83-825a-e59db037a6c8,Meesho,google_play,en,thise is best app,5,0,2026-03-31 17:48:36+00:00,25.6
668,4d19911d-4013-42b9-960e-cf67629fcd3b,Meesho,google_play,en,oder time se nhi aata na pickup hota ager galat ajaye toh,1,0,2026-03-31 17:47:32+00:00,27.3
669,ae190e6d-cb75-4441-93ab-5f484f86ba5d,Meesho,google_play,en,I am order hair dryer but u am order in 21th march they say he come in 30th March but delivery boy returned to saler and order cancelled please not come,1,0,2026-03-31 17:45:56+00:00,
670,cd2cb09e-3e83-411c-adfa-aeb05c3fd9c4,Meesho,google_play,en,best for books,5,0,2026-03-31 17:44:18+00:00,27.4
671,008f6570-0d39-490b-981b-e06475aa6e1c,Meesho,google_play,en,bhai bahut achcha app hai but jaldi se jaldi Ghar per a jaaye to achcha hai na,5,0,2026-03-31 17:31:54+00:00,27.3
672,5748b822-b2e3-4483-b29e-c331090132dc,Meesho,google_play,en,so nais app,5,0,2026-03-31 17:30:50+00:00,
673,fcc124ea-d053-4d49-b421-1d316d045cf5,Meesho,google_play,en,great meesho,5,0,2026-03-31 17:26:11+00:00,27.3
674,7c4f5c95-a3b4-4b88-bf08-4c65f213b4bf,Meesho,google_play,en,i used to love this appp...ab to ye log COD pe extra money charge karte hai ...wo b acha khasa amount....jitna discount nhi milta use kahe zyda COD pe charge krte hai...,1,0,2026-03-31 17:24:21+00:00,27.4
675,e181b16c-bb2c-4051-9150-58e4427ba4a3,Meesho,google_play,en,bas duplicate items bechta hai hm life me 1st baar 2 orders kiye dono duplicate aer ka maal tha wah sab ke kaaran is app ko 1 star dekar delete kar diya hu,1,0,2026-03-31 17:22:56+00:00,27.4
676,b59fe3a5-8565-46bc-9036-bf21942b87f0,Meesho,google_play,en,on 21 march we ordered a hand sleaves it was 57 rupees and the date when the order was coming was 31 march and today is 31 st march on around 9:45AM or 10:00AM they said that order is cancelled because of some issues my son was having a match today he needed them and when only 1 hour was remaining they delivered the massage that the order is cancelled and still the refund has not come next time if they did this again in an emergency or urgent iam not gonna order anything again from this app!!.,1,0,2026-03-31 17:20:32+00:00,27.3
677,bb462e93-02b0-4cbb-930c-bf11b741d15c,Meesho,google_play,en,do not buy anything from meesho guys 😡... ek mhine se jyada din hogye abhi tk return order accept nhi kiya gya😡😡mere 1000rupye waist hogye 😡😡😡😡😡,1,0,2026-03-31 17:18:38+00:00,
678,87723940-f06d-42d0-bf57-a4cf948cd47c,Meesho,google_play,en,why can't I access this apps,1,0,2026-03-31 17:14:01+00:00,27.3
679,b61303b3-eac9-4d98-b9ac-ac0dcdae686c,Meesho,google_play,en,this app is very good working for the product is very nice,5,0,2026-03-31 17:13:27+00:00,27.0
680,0886f319-605f-4cde-815b-dbd759df181c,Meesho,google_play,en,Melina. satuk,5,0,2026-03-31 17:11:09+00:00,27.3
681,d8540374-4150-4280-9e9d-f3a0ba9b5d4b,Meesho,google_play,en,Great products with great deals,5,0,2026-03-31 17:10:00+00:00,27.2
682,dabf09a4-82c2-4d9f-8efc-ba14db8ea050,Meesho,google_play,en,iska delivery service bahut hi bekar hai,1,0,2026-03-31 17:06:35+00:00,
683,37369e7c-82f1-4fb6-b6a3-78427ca64651,Meesho,google_play,en,"waste products,scam app",1,0,2026-03-31 17:05:38+00:00,
684,04020180-dbdf-451b-a54f-a0ede445d50e,Meesho,google_play,en,it's brilliant app,5,0,2026-03-31 17:05:24+00:00,26.5
685,7fea39ae-ff1d-4f93-87c9-2336015c472b,Meesho,google_play,en,misho Online add Low Price ..app Download... oder time Long Price ..verey bad app,1,0,2026-03-31 17:01:42+00:00,27.4
686,b795f8ec-c41d-4300-9a94-982f03b89dcc,Meesho,google_play,en,best meshho,5,0,2026-03-31 17:00:16+00:00,27.2
687,4f945820-fb11-49b6-8d67-f0bd0a832c01,Meesho,google_play,en,meesho providess best quality,5,0,2026-03-31 16:58:55+00:00,27.1
688,474922a1-f4c6-4a15-947c-413cbb4aa0c6,Meesho,google_play,en,"Best App for purchasing gifts, clothes, paintings, handmade arts etc.",5,0,2026-03-31 16:58:48+00:00,27.4
689,f89e429a-cc8d-47ae-a0ce-ac33804fbb41,Meesho,google_play,en,soli dilavaraye,1,0,2026-03-31 16:58:22+00:00,27.4
690,7290f182-bc29-4bcc-8dfd-f207428bb065,Meesho,google_play,en,it's nice app,4,0,2026-03-31 16:55:34+00:00,27.3
691,30a19c8c-221e-4089-b472-c5e234eba46a,Meesho,google_play,en,nice app but download issue,5,0,2026-03-31 16:54:26+00:00,
692,3f695560-26cd-4e20-99bc-33fd1e10798a,Meesho,google_play,en,its very good... budget Friendly,4,0,2026-03-31 16:53:43+00:00,27.4
693,c048ba45-63b1-4896-be3f-913230c01795,Meesho,google_play,en,best deals 👌,5,0,2026-03-31 16:52:26+00:00,
694,6788ec95-cce4-4345-984f-9d0809a74526,Meesho,google_play,en,bahut achche h,5,0,2026-03-31 16:45:35+00:00,
695,b15cf0aa-dfb2-4ed3-8c67-6167c8875aff,Meesho,google_play,en,best h meesho 🥰,5,0,2026-03-31 16:43:38+00:00,27.3
696,7648b8a6-6376-44df-af51-ad2f8b62db93,Meesho,google_play,en,"Act of God delivery. Online delivery is a International comedy now in 2024.. in the name of courier service.medium for Jio and other reknown bramds .to deliver their products.30 OTP to deliver 1 Jio Prima 4G while Hoskote is only 30km from Hosa Road and behavior super naive with respect to locality. So transaction is 0 because of delivery partners behavior and their low wits on how to communicate properly. Please check with amazon, blinkit deliver people behavior if you wanted a reference.",1,0,2026-03-31 16:41:06+00:00,27.4
697,b3094f2c-be12-489d-be9f-eb4ebdc7c74a,Meesho,google_play,en,this app is best for the people who are trying to find low price items or best beauty products with amazing quality 👍this app is very helpful cuz you can get every and each product at very low price and it gives amazing quality on each and every product and I think the shipment is fast so it's amazing to have this amazing app now I just can't explain what I feel about this app cuz this is just amazing whenever I shop from meesho I get amazed by the quality and price and that's for it 😊,5,0,2026-03-31 16:40:58+00:00,27.4
698,d99a3d8d-5eaf-4d95-9582-da6ef7ac52d1,Meesho,google_play,en,best app return policy also best😍👌👍,5,1,2026-03-31 16:38:59+00:00,27.4
699,10cdc4ae-1013-4237-87e7-a965c12b4980,Meesho,google_play,en,Maine order kiya tha help centre se kuchh response nahin a Raha online payment kar dene ke bad bhi,1,1,2026-03-31 16:38:58+00:00,27.3
700,6c962c3d-16aa-4362-8da7-d359dbd50640,Meesho,google_play,en,price comfortable ☺️,4,0,2026-03-31 16:37:32+00:00,27.3
701,c6c6a136-c8d3-4c52-9ded-9f4e21256f53,Meesho,google_play,en,"actually I want to give 0 star for this app's service, but there is no option for that.....pathetic service by meesho.. I'm not able to use meesho app .. it's said contact customer support.. and when I was calling them, there is no one to attend call..",1,0,2026-03-31 16:37:24+00:00,27.4
702,6cb6a4d2-1277-4bc0-8821-729bb99a0ddc,Meesho,google_play,en,best nd affordable 😉,5,0,2026-03-31 16:36:04+00:00,
703,4a444eee-4217-419f-9a41-425ac6f01cbc,Meesho,google_play,en,"worst customer service l had ordered a set of 3 books , only received 2. called customer service but they hung up on me",1,0,2026-03-31 16:29:12+00:00,27.3
704,33f9a4ad-d631-49b0-8c48-611862b84576,Meesho,google_play,en,bahut hi bekar h aapki service,1,0,2026-03-31 16:27:22+00:00,27.4
705,2c46e980-fc23-4ead-8722-7cb11cdb3440,Meesho,google_play,en,this is best product sale,5,0,2026-03-31 16:21:08+00:00,27.3
706,4bcc421a-d2e2-41ed-a8a3-0fdf121a766d,Meesho,google_play,en,sasta Sundar tikau app,5,0,2026-03-31 16:20:58+00:00,27.3
707,538a0521-e157-48de-be51-f5b0241d431b,Meesho,google_play,en,i can't open the app..and they didn't attend my call .am still trying to call them before 6 months...still they didn't attend the call,1,0,2026-03-31 16:15:51+00:00,
708,605f7f86-8b1d-4b4c-8fb6-6ec5693b5aee,Meesho,google_play,en,mujhe meesho se order mangana bahut achcha lagta hai kyunki ek hi interested app ismein bahut acche kapde aate Hain,5,0,2026-03-31 16:15:41+00:00,27.3
709,78554056-54aa-4c75-a526-0da1116c1ae4,Meesho,google_play,en,best material and perfect cost,5,0,2026-03-31 16:13:08+00:00,27.4
710,7ec47b31-8dcb-4a6c-93c8-b90621df63d7,Meesho,google_play,en,meesho products in very good 👍🏻😊,5,0,2026-03-31 16:12:25+00:00,27.2
711,de88ba4d-d505-477a-9d3c-ceda1f2f611c,Meesho,google_play,en,"don't shopping on us ,it's 1st copy seller",1,0,2026-03-31 16:12:21+00:00,27.3
712,b2eaf292-c8ba-4f76-91e1-25e8ca7da267,Meesho,google_play,en,very good neess ❤️❤️,5,0,2026-03-31 16:11:03+00:00,
713,d8c80833-f1c0-4bed-b030-f4bac4576af0,Meesho,google_play,en,this is the best app in the world,5,0,2026-03-31 16:00:53+00:00,27.3
714,ee982b71-e08e-4cf7-bc3f-ea5222ee5348,Meesho,google_play,en,Good quality products at affordable prices...,5,0,2026-03-31 15:58:05+00:00,27.3
715,46ed2e9a-cd6e-4325-9262-de6a608f93fc,Meesho,google_play,en,best app for shopping in cod,5,0,2026-03-31 15:55:47+00:00,27.4
716,31b86cff-f9e2-4955-a27f-5efde11f573e,Meesho,google_play,en,good apps in my feed,5,0,2026-03-31 15:51:48+00:00,27.3
717,ebe247de-75a2-497f-9890-94ac76eed212,Meesho,google_play,en,I like the app...features are just awesome. ... hilarious! !!! <<<33♡♡☆☆ Products are good and also affordable..,5,0,2026-03-31 15:49:12+00:00,27.4
718,966c9be1-e1e6-4257-bb4f-df1f4baa5784,Meesho,google_play,en,to best and very good,5,0,2026-03-31 15:47:13+00:00,
719,88d7bb5d-dfd7-4ba8-b9d7-37296894dee6,Meesho,google_play,en,❗EXTREMELY BAD EXPERIENCE WITH MEESHO❗ ❗REFUND IS NOT GIVEN TO ME❗ IN FUTURE I WILL NEVER TRUST MEESHO!!! I BOUGHT A PACK OF PERFUME... I NOTICED THAT ONE OF THE FOUR BOTTLES BROKEN... I DECIDED TO RETURN THE PRODUCT AND WANTED TO REFUND MY MONEY!! BUT SUDDENLY SAW IN MEESHO APP THAT MY RETURN WAS CANCELLED! WHEN I CALLED PICK UP MAN HE TOLD ME THAT QC WAS CANCELLED .... I CALLED CUSTOMER CARE NO BUT THEY SAID THEY HAD NO PROOF SO THEY CAN'T HELP ME!!!!!!!!!,1,0,2026-03-31 15:41:03+00:00,27.3
720,68f06d9b-3a2a-4504-bec8-271ada278bea,Meesho,google_play,en,"I am disappointed that Meesho allows sellers to blatantly manipulate the rating system. The sellers are shipping cards offering ₹20–₹50 cashback in exchange for a 5-star review. This isn't a marketplace; it’s a bribe-o-sphere. Because the platform fails to police these ""paid"" reviews, the star ratings are now completely meaningless. I can no longer trust the 'Best Seller' tags if the reputation was bought for the price of a cup of tea.",3,0,2026-03-31 15:38:18+00:00,
721,5d9ab2f0-2162-4519-81c6-078ace93487b,Meesho,google_play,en,"While Meesho offers products at very low prices, my experience as a customer has been extremely disappointing. Please be careful before ordering due to the following reasons: Poor Customer Support: It is very difficult to get a proper response or help when approaching them with a complaint. Their support is highly irresponsible. Delivery Delays: Orders are rarely delivered on time. Additionally, the behavior of their delivery partners is often unprofessional. Return & Refund Issues: If you recei",1,0,2026-03-31 15:34:26+00:00,27.4
722,639be5a5-832a-49de-a9c3-56828c966264,Meesho,google_play,en,meeshoo delivery service is very poor delivery partner not good very bed please don't get order this platform,1,0,2026-03-31 15:34:19+00:00,27.3
723,88f3afdd-d32e-4caf-934d-6d33010e8dc8,Meesho,google_play,en,It's really convenient and best with an affordable price.. a much appreciated thing is you get an immediate refund after returning the product! easily available a vase range of products 🫶,5,0,2026-03-31 15:33:30+00:00,27.3
724,06066021-1556-4fe1-94ec-b9289b144519,Meesho,google_play,en,Excellent.,5,0,2026-03-31 15:32:01+00:00,27.4
725,2ca5a5f9-1b4b-4229-a616-75a465af67c8,Meesho,google_play,en,Very poor service. The return pickup is delayed and no proper solution has been provided. Everything keeps getting delayed without any clear resolution.,1,0,2026-03-31 15:29:00+00:00,27.4
726,8ffaf42a-a25c-49b4-8e22-4665697c05d2,Meesho,google_play,en,meesho is the best app and dilivery product. Thank u meesho,5,0,2026-03-31 15:19:52+00:00,27.3
727,aa0f3741-fc08-480e-85c1-bb65a6c82438,Meesho,google_play,en,i love this app because of affordable price and for its goods,5,0,2026-03-31 15:19:30+00:00,
728,4d9c2970-12cc-4714-88b3-df68f970e6f0,Meesho,google_play,en,best app ever,5,0,2026-03-31 15:17:57+00:00,27.2
729,fbfc1fee-8e11-435d-85fe-5834788474f8,Meesho,google_play,en,"right now meesho is one of the best online platform to buy anything. i did shop a lot through meesho app, their delivery process and customer service is very good",5,0,2026-03-31 15:14:33+00:00,27.3
730,a8599617-e9e1-42a6-b6ab-9ede41dc01c8,Meesho,google_play,en,good experience easy order and returns too ...,5,0,2026-03-31 15:13:35+00:00,27.2
731,3c75fd73-e472-45e9-ac5a-aec4ac0bc5ff,Meesho,google_play,en,the best app ever with the best discounts,5,0,2026-03-31 15:10:36+00:00,27.4
732,8770363b-4428-456b-9354-3ff1d519c70f,Meesho,google_play,en,cash on delivery problem,1,0,2026-03-31 15:08:54+00:00,27.3
733,386cb810-f77b-49a1-87b1-1aa21ae1ddd2,Meesho,google_play,en,my favourite app 🥰👍,5,0,2026-03-31 15:05:42+00:00,27.3
734,c4276291-f10a-43c4-ab0b-108a62a78b14,Meesho,google_play,en,"ordered product expected date was 26 march then it was shifted to march 29, today is March 31, still I haven't received my product, no way to cancel too",1,0,2026-03-31 15:03:54+00:00,27.3
735,c19ee7aa-3147-45c8-8e63-e16ade5396ec,Meesho,google_play,en,great app user friendly and easy to order,5,0,2026-03-31 15:02:20+00:00,
736,62e44a04-5582-42af-96b0-f7b4214bd9e5,Meesho,google_play,en,Include more colors and pattern in the filter.. And also the filter is not applying properly. Add cancel option not like waiting till delivery and rejecting and negotiating with the delivery boy,1,1,2026-03-31 14:56:38+00:00,27.4
737,dce2099c-ec35-4894-ad18-c5910f229b2e,Meesho,google_play,en,very good app👌👌🎀💖,5,0,2026-03-31 14:56:24+00:00,27.4
738,d9ec3cb0-cb4d-430e-9904-8514333de06e,Meesho,google_play,en,This app is good,5,0,2026-03-31 14:54:55+00:00,27.3
739,0dd9f3da-bbde-4384-b415-2d615ff9085f,Meesho,google_play,en,Marketing me sabase sasta aur best app yehi hai,5,0,2026-03-31 14:54:50+00:00,27.2
740,5b88e214-71f7-47d3-ba99-500b2bd37255,Meesho,google_play,en,pricing n product r good,5,0,2026-03-31 14:54:22+00:00,27.4
741,bed6f1b4-4896-4375-9c70-4135e82a2348,Meesho,google_play,en,This app delivers very late and quality vendors also deliver very late. This app is not good at all.,1,0,2026-03-31 14:50:57+00:00,27.4
742,40a15d91-77e3-4332-a3da-65a51260fae4,Meesho,google_play,en,quality product yeha melata hai,5,0,2026-03-31 14:40:43+00:00,
743,1c28e809-6e9d-4c65-bd0c-86bda43977fe,Meesho,google_play,en,Worst app. There is lot of issues to return product,1,0,2026-03-31 14:39:14+00:00,27.3
744,ba8446f7-38d0-419f-a698-8b4ec1ba0640,Meesho,google_play,en,"Good Store App,All things are best and good in quality, Having Discount on every things like clothes,crockery and etc",5,0,2026-03-31 14:36:34+00:00,27.4
745,5ab73fd9-1197-4c72-bd10-a2a377059823,Meesho,google_play,en,the app is not good at service I ordered my product in 14 of March and then delevery date was on 28 march then they delayed it on 31 March and till now my product is not received so poor at delivery date so bad feeling as an coustomer and when I try to communicate wil the develiry person and that app thy are not ready to communicate properly and the delivery person is not picking up the call,1,0,2026-03-31 14:35:03+00:00,27.4
746,8698f926-f783-4139-8a40-7d9a51517248,Meesho,google_play,en,love you meesho,5,0,2026-03-31 14:34:50+00:00,27.2
747,90fbc156-6279-4ada-8b83-17da014a8ad0,Meesho,google_play,en,ഓർഡർ ചെയ്ത ആകുന്നതും പോരാ പൈസ തിരിച്ചു തരുന്നില്ല,1,0,2026-03-31 14:34:47+00:00,27.3
748,868d004b-9fd6-47ce-8184-98ba98cb7975,Meesho,google_play,en,"affordable price, nice product 👍🏻",5,0,2026-03-31 14:34:14+00:00,27.4
749,6c0071f5-7dbf-408c-84d4-c722aabc3a68,Meesho,google_play,en,good app and online purchase best and good app,5,0,2026-03-31 14:28:16+00:00,27.4
750,c1ad5c87-6d24-4c4d-8c77-b409fb01ce5e,Meesho,google_play,en,good. appp,5,0,2026-03-31 14:28:12+00:00,27.2
751,f6ed18e9-5891-4e6b-9d1a-93d18a507437,Meesho,google_play,en,I advised you use this app,5,0,2026-03-31 14:25:55+00:00,25.6
752,d1f5ae05-ca79-437d-a413-e43dbccd49ed,Meesho,google_play,en,very nice app 👌 all things are very affordable,5,0,2026-03-31 14:24:53+00:00,27.4
753,9a494bf6-c8b4-49f6-b7c4-fb2d8abd2744,Meesho,google_play,en,"their delivery agent are not good to deliver your item on time, they took our parcel and not delivered on time... most of the time I faced it. I'm from gorakhpur. they don't work for delivery on time and take too much time to deliver and some time cancel item from their side .. very bad app to shoping. please don't shop from this app. I complaint for this but it is also useless .",1,0,2026-03-31 14:23:30+00:00,27.3
754,20d7a27e-f770-4037-b0ad-b171bb928f35,Meesho,google_play,en,money theft app,1,0,2026-03-31 14:12:12+00:00,27.3
755,43e85fdb-976d-44bb-a5eb-82517944db18,Meesho,google_play,en,"I have worst experience on exchanging product. They are cancelled without my acknowledgement. Customer support is also worst, not giving the reason for cancellation. Almost I decided to stop using meesho.",1,0,2026-03-31 14:12:02+00:00,27.3
756,9e448a4d-7996-4505-810b-bec53ebd0f16,Meesho,google_play,en,superb app,5,0,2026-03-31 14:07:15+00:00,27.3
757,8b5b846f-3c38-4f89-8d44-805a0a8c29ac,Meesho,google_play,en,"Five-star service from start to finish! Great prices, high-quality items, and zero issues with delivery. If you're on the fence, go for it—you won't be disappointed.",5,0,2026-03-31 14:05:49+00:00,27.4
758,30f51db0-9699-406d-acbf-ad2c5e6d7d82,Meesho,google_play,en,I all ready cancel order but order come to my home again I cancel but they again send me i very decapitated,1,0,2026-03-31 14:04:05+00:00,
759,2d001114-bc9f-4301-b1bb-6163231f7e1c,Meesho,google_play,en,I like meesho good quality product every product very good quality,5,0,2026-03-31 14:00:45+00:00,27.0
760,44e7c56d-7362-478a-9d9d-f3e84adf7c34,Meesho,google_play,en,very best app,5,0,2026-03-31 14:00:36+00:00,27.3
761,1637af95-365f-424e-b224-3eb075e11e38,Meesho,google_play,en,Very good aap user verification failed please reactive account,5,0,2026-03-31 13:59:29+00:00,27.3
762,baac1409-c861-485a-99a1-bc5f935e212d,Meesho,google_play,en,very good app 😃,5,0,2026-03-31 13:54:30+00:00,27.2
763,8833f4fb-9549-4581-867c-8ec979aeeea6,Meesho,google_play,en,Return parcel pickup service is very worst. I will never use this app again.,1,0,2026-03-31 13:49:49+00:00,27.1
764,3e3e6bfa-75a5-499e-ad28-3463d40e321a,Meesho,google_play,en,Bast price meesho,5,0,2026-03-31 13:48:56+00:00,27.3
765,ebf32ed4-67a9-4424-abde-fe84963729eb,Meesho,google_play,en,very reasonable and good quality.,5,0,2026-03-31 13:48:37+00:00,
766,00b28d97-c1a9-4598-aab5-e2a73cbd205a,Meesho,google_play,en,this app does not open yet it's has an issue,1,0,2026-03-31 13:44:55+00:00,27.4
767,6dbc57e7-2fd9-42ef-adaa-8da216159679,Meesho,google_play,en,fully discusting app.no return facility perfact.its full froud side.wrong colour wrong size but not exchang becoz in order time i am not selected any defact chang...most scam side..,1,0,2026-03-31 13:43:40+00:00,27.3
768,f068345d-dcc0-4e10-be5b-282e2b8040bb,Meesho,google_play,en,very good app..i like it...,5,0,2026-03-31 13:42:16+00:00,27.2
769,e297da7c-2563-4ce7-a934-a7e0dff94be6,Meesho,google_play,en,It is soo good,5,0,2026-03-31 13:39:28+00:00,27.4
770,fb82a081-4c1c-4a8f-ab9c-7983feb15a01,Meesho,google_play,en,I have ordered dress but i have received incomplete product so i have applied for return it have been over 1 month still returns don't happend even I am unable to receive fund back even multiple times complaint also raised no solution i found.,1,0,2026-03-31 13:34:50+00:00,27.3
771,86ddd8e7-da01-462e-a0ab-b2827f695340,Meesho,google_play,en,nice app!!,4,0,2026-03-31 13:34:46+00:00,27.2
772,4ab6d0dd-1c7c-415d-aab2-d3c3af88f570,Meesho,google_play,en,bhot bdiya app h or bhot useful h sbhi trh k product mil jaate h or bhot bdiya hote h very nice meesho,5,0,2026-03-31 13:34:14+00:00,27.3
773,34ae65fe-5aa8-406e-8a6a-4cfdb006220b,Meesho,google_play,en,"Best Management and Best Services and All Products,,, keep up the good 👍 work",5,0,2026-03-31 13:31:15+00:00,27.1
774,4ff5ce85-ed14-481a-8903-232faf113957,Meesho,google_play,en,very delayed delivery to improving delivery fast,1,0,2026-03-31 13:31:03+00:00,
775,1a0da9a1-9c39-4284-9077-9fc00da13946,Meesho,google_play,en,Meesho bahut hi bekar app hai. ismein Paisa dalo to block kardega Q ki JAB SE ONLINE PAYMENT KIYA HUN TAB SE MERA 🆔 BLOCK KARKE RAKHA HAI.,1,0,2026-03-31 13:29:51+00:00,
776,06178cf5-8380-4fdc-bdd9-4dbfd8160b16,Meesho,google_play,en,bahut badhiya app hai,5,0,2026-03-31 13:23:35+00:00,26.9
777,6b2100a3-00e8-416b-9149-3ed7a621b07a,Meesho,google_play,en,Good Shopping App 🥰,5,0,2026-03-31 13:23:23+00:00,27.4
778,1a17b8de-c5f9-4a41-b742-dd68d78001d1,Meesho,google_play,en,bad delivery services delay parcel 10 day and customer Care every time saying complaint registered and your parcel delever in 2 days,1,0,2026-03-31 13:19:35+00:00,
779,8b1b0032-6554-4a10-9e43-651aec8cd30d,Meesho,google_play,en,meesoo app dosnt download in my mobile please solve this problem 🙂👍,1,0,2026-03-31 13:18:37+00:00,
780,c62f7adf-4531-4b53-8184-9e92c2b1f7ab,Meesho,google_play,en,"i am using this app since 2021 or I have very few bad experience here which are bearable other wise experience ais good with the time, return policy now is very smooth and products are also have quality so I am happy with this app.",4,0,2026-03-31 13:16:07+00:00,27.3
781,f1cef9d9-8f8e-4f3e-a677-8317989cbdf1,Meesho,google_play,en,very nice 👍 aap,4,0,2026-03-31 13:15:16+00:00,27.3
782,9474a1aa-0960-4705-be9d-2e7d00eee0ef,Meesho,google_play,en,Good app products are very good condition to deliver at home,5,0,2026-03-31 13:14:24+00:00,27.1
783,65d54a76-e633-49ac-82b3-860ff9f1977a,Meesho,google_play,en,worst app ever,1,0,2026-03-31 13:13:28+00:00,27.3
784,6fb32dbb-356b-4f45-8766-838bb72a94d7,Meesho,google_play,en,good 👍 app,5,0,2026-03-31 13:12:02+00:00,
785,f9884173-3bdf-47d9-a240-1af2d27ae218,Meesho,google_play,en,"It's a terrible app. The delivery takes a lot of time, and they keep changing the delivery date before finally cancelling the order.",1,0,2026-03-31 13:11:12+00:00,
786,3d7d6c3e-667c-4f51-8d1d-6e28bb854ba3,Meesho,google_play,en,very good product 💯💯,5,0,2026-03-31 13:11:10+00:00,27.4
787,34f3d735-4927-458b-b058-8bfc12fac4c9,Meesho,google_play,en,that's affordable,5,0,2026-03-31 13:07:47+00:00,
788,e494cac0-fbde-4d8c-9b9c-0a4099a25227,Meesho,google_play,en,kiranmala!,5,0,2026-03-31 13:05:04+00:00,
789,ddbd3b84-cd08-4f4e-9b09-88a462855cbc,Meesho,google_play,en,This app Is very trustable for shopping,5,0,2026-03-31 13:03:21+00:00,
790,f9640e12-36f0-4962-be75-6a36b1e695b7,Meesho,google_play,en,very bad behavior of delivery agent from delhivery. Manish kumar he was talking rudely to my dadaji will not order again,1,0,2026-03-31 13:00:16+00:00,27.4
791,d58d686d-fe44-4f24-8087-5ba34d584b76,Meesho,google_play,en,Delivery is to late,1,0,2026-03-31 12:58:05+00:00,27.4
792,0cf44535-10fd-45de-8270-88e27c22b20b,Meesho,google_play,en,best app for low order value karts,5,0,2026-03-31 12:57:24+00:00,25.0
793,c8b94e4a-2990-4e30-b353-397d9cc790d8,Meesho,google_play,en,worest app,1,0,2026-03-31 12:53:08+00:00,
794,0c3c712a-c8e3-4a34-ae00-95f92289f843,Meesho,google_play,en,"it's a good app it delivers mostly on time . and if you know how to check and then order them you don't really recieve a bad product returning is really easy too. overall a good app, but also don't purchase make or cosmetics without checking since they can be fake . p",4,0,2026-03-31 12:46:50+00:00,27.3
795,6ada1178-05e3-42e0-a12b-c990fc30200d,Meesho,google_play,en,Very bad experience with Meesho. I ordered a POCO M6 5G cover but received a wrong Redmi cover. Return pickup date keeps changing (26 March → 31 March → now 4/5 April). No proper support and refund is getting delayed. Please resolve this issue and refund my money ASAP.😡,1,0,2026-03-31 12:45:42+00:00,27.2
796,1d67acdd-24d0-433c-b71b-d59ae90ed64a,Meesho,google_play,en,I like this App,5,0,2026-03-31 12:42:48+00:00,27.4
797,0f46d8d1-7506-4664-b534-2a999f7a6e4a,Meesho,google_play,en,app is good and nice. price is ok ok but can't support in cash on delivery system,3,0,2026-03-31 12:42:17+00:00,27.4
798,b64b5f5c-1688-497e-955c-641ab439d338,Meesho,google_play,en,very bad experience. experience of customer care is very bad. they don't solve my problem....,1,0,2026-03-31 12:36:46+00:00,27.3
799,3cef6726-689f-4173-8d48-92a02a13e614,Meesho,google_play,en,very nice aap 😊 and helping,5,0,2026-03-31 12:33:35+00:00,27.3
800,9fe02f04-27c5-4aac-9fac-bac559669653,Meesho,google_play,en,"I had ordered shampoo on 9th March and after many delays, it was delivered on 24th March. The product I got was not any shampoo but a kind of fruit(ber) and the inner packet was torn at the time of receiving product. when I raised an exchange request on 24th March, it was cancelled by meesho on 30th March without any prior approval from me. Now the product has gone out of stock and there is no return option available for the product. don't get scammed by meesho. form link is not working.",1,0,2026-03-31 12:30:16+00:00,27.4
801,901b9c74-a410-4479-a159-bd9eebd12501,Meesho,google_play,en,"Very disappointing experience with Meesho seller support. All my catalogues have been paused despite having 5-star product ratings and no negative reviews. I have raised multiple tickets over the last 5 days, but there has been no response from the support team. This is seriously affecting my business. Kindly look into this issue and resolve it as soon as possible.",1,0,2026-03-31 12:25:23+00:00,27.3
802,6a0fa7b9-cdfd-49b2-982e-c22904020053,Meesho,google_play,en,best prices smooth delivery 🚚 . Using meesho from over a year. Reliable 🙃,5,0,2026-03-31 12:24:56+00:00,27.2
803,659e0f24-01fe-4b1f-93b2-e67f7a938d3b,Meesho,google_play,en,very good aap 😁😊,5,0,2026-03-31 12:19:27+00:00,27.3
804,555e902f-385a-4d49-bdbc-a253e5eb437c,Meesho,google_play,en,Better application for shopping Any things and provide a good quality products here on messho,5,0,2026-03-31 12:19:21+00:00,27.4
805,51c24277-c8c2-472a-ba58-73e1c882cee0,Meesho,google_play,en,Good excelent product nice product,5,0,2026-03-31 12:19:17+00:00,27.0
806,9af5850d-c83f-40d0-9411-c035a18c7666,Meesho,google_play,en,this aap is nice🥳🥳🥳,5,0,2026-03-31 12:18:39+00:00,27.2
807,da7b71fd-8710-479e-a2cd-d7ede418b800,Meesho,google_play,en,very poor delivery service and product qualities are very bad .,1,0,2026-03-31 12:16:39+00:00,27.3
808,87ac77e0-2778-46af-8d1d-435575d0329a,Meesho,google_play,en,don't order any item through the app because it get different items than we order and delivery is delivered late,1,0,2026-03-31 12:13:59+00:00,
809,7083ecdb-bac8-42d8-8bf6-598a9a5a25f0,Meesho,google_play,en,ye aap kucha kam ka nhi hai ak bhi order nhi aata hai is aap se agar parsal dena nhi hai to apne aap ye kyu khola hai band kr do 😡😡😡,1,1,2026-03-31 12:12:34+00:00,27.3
810,43f3cb26-77c8-49a6-9123-7ac5da54cbd7,Meesho,google_play,en,why my meesho account block every time...... I was not ordered very much from this appp so why it is happen??? it is so discussting without anu prior notice my account is blocked🙄😠 So please Sign In My Account Again So i can use it properly,1,0,2026-03-31 12:04:32+00:00,16.6
811,8aaef18c-2652-4189-9060-b233bd7c8c01,Meesho,google_play,en,"Perfect farme with lightweight and meterial is good quality .but they look specially great when paried with cool , ashy tones.",4,0,2026-03-31 12:02:57+00:00,
812,6b46ecea-01a1-456a-836c-65bc14f4474a,Meesho,google_play,en,Remove meesho pay later n put another company Pay Later option into payment section. pls make these changes. meesho pay later is no needed.,3,0,2026-03-31 12:02:53+00:00,
813,8d4c42a5-1eec-4bd3-aa77-a391d98f4a08,Meesho,google_play,en,maine order Kiya .. order out for delivery show nahi hua and I received message ki order cancel refund initiated jab ap log ko product deliver he nahi karna to band kar dijiye apna app .. ye mere sath 2nd time hua continue aur koi option nahi hai helpline number ka na call lag raha hai ..,1,0,2026-03-31 12:01:38+00:00,
814,ea11012d-26f6-469a-8a71-8d2323895641,Meesho,google_play,en,best but sometimes low quality product,5,0,2026-03-31 12:00:36+00:00,27.4
815,20dfb90d-b868-4ec1-9b10-13e7f5ac3361,Meesho,google_play,en,so very good app,5,0,2026-03-31 11:58:28+00:00,
816,a1e81ce4-eb50-441a-b9eb-aba2a4aa490e,Meesho,google_play,en,meeshi best aaps,5,0,2026-03-31 11:58:07+00:00,27.3
817,32008b87-5422-47f8-b9a5-b68a817cf238,Meesho,google_play,en,this product very good 👍,5,0,2026-03-31 11:57:11+00:00,27.2
818,4b7b1aed-a290-4705-96ed-c7babb9f8b75,Meesho,google_play,en,प्ले स्टोर में आकर आडर करने वाली कंपनी इंस्टाल करने वाले लोगों आपसे हाथ जोड़ कर बेनती है मेने पता नहीं कितने ही हजारों का सामान इस मिसू कंपनी से मंगवाया था पहले ये कंपनी बहुत ही ज्यादा ईमानदार और सच्ची थी पर अब कुछ समय से बहुत धोखाधड़ी कर रही है मेने सच्ची कंपनी होने के कारण इस मिसू से एलोवेरा और कुछ जुस आडर किया लेकिन इस कंपनी ने जहर जैसा एलोवेरा जुस भेजा लेडिस सुट मेने बहुत मंगवाएं लेकिन अब कटे फटे भेजे और पैसे वापस भी नहीं किए मत मंगवाना मिसु से कुछ भी लोगों 🙏🙏🙏🙏🙏,1,0,2026-03-31 11:56:54+00:00,
819,68039231-2c60-473d-90a6-2a9e948a834c,Meesho,google_play,en,nice ok ok,4,0,2026-03-31 11:56:05+00:00,27.4
820,8b0519c3-7058-4900-819b-b10576cf532e,Meesho,google_play,en,Best Meesho,5,0,2026-03-31 11:53:34+00:00,27.4
821,f8d2f968-bfed-4509-8bc5-1f5bd4da7e9f,Meesho,google_play,en,"Hit or miss customer callback service with no chat support,in short be ready to spend many days trying to replace a order completely different to ome you ordered.Even the google form doesn't work,worst customer service.",2,0,2026-03-31 11:53:20+00:00,27.4
822,7a33349f-9ad0-438b-93a0-4b5dc625aceb,Meesho,google_play,en,all is well,5,0,2026-03-31 11:50:49+00:00,27.3
823,712dcd12-b99e-45c2-b4ca-34ba57161de9,Meesho,google_play,en,trying to pay due amount in meesho pay later but not opening how can we pay not maintaining properly then are u providing options like this,1,0,2026-03-31 11:48:08+00:00,27.3
824,d5a479ac-a951-43b0-9498-59ca633f4c61,Meesho,google_play,en,thank you messho good application,5,0,2026-03-31 11:44:23+00:00,27.3
825,0705c75b-d630-458e-961b-212c2e76260b,Meesho,google_play,en,ekadam bakwas apne aap order cancel hota Hai Paisa return nahin milta galat order milta Hai,1,1,2026-03-31 11:39:53+00:00,27.3
826,98f8ab4d-a3f1-4919-8dc4-8d7dddcc0b34,Meesho,google_play,en,💫✨🕊️🕊️🕊️🕊️🕊️🌹🪷,5,0,2026-03-31 11:39:48+00:00,27.4
827,f14870ea-2352-4893-8dc7-f7fc9324cdba,Meesho,google_play,en,yah bahut achcha app hai,5,0,2026-03-31 11:37:09+00:00,27.4
828,d546e3e1-0b8c-471f-84ec-fbe2cacb362c,Meesho,google_play,en,"Very bad experience 😡 I received a completely wrong product, which is not what I ordered at all. When I tried to return it, the return option was not available. This is really disappointing and feels like a waste of money. I strongly recommend everyone to think twice before shopping here. Please don’t use Meesho for online shopping.",1,0,2026-03-31 11:37:03+00:00,27.2
829,17d3a595-2400-49be-8604-b1d6c67b18f4,Meesho,google_play,en,meesho se koi Oder mat karo bahut kharab hai yah meesho wale Koi sanam achha nhi hota Hai or return bhi nhi leta hai,1,0,2026-03-31 11:37:03+00:00,
830,a78200e0-8595-4bea-9a76-e345b2438045,Meesho,google_play,en,"this app is amazing.good delivery.products are good in low prices and service is also best,replacing,return policy is very good.",5,0,2026-03-31 11:28:33+00:00,27.4
831,d138134c-f381-49ea-912f-0d7db596589f,Meesho,google_play,en,product are good and available at affordable price,5,0,2026-03-31 11:26:26+00:00,27.3
832,c338cedd-554b-4116-9c60-85674873863c,Meesho,google_play,en,This app is always helpful for me into the shoping,5,0,2026-03-31 11:24:12+00:00,27.3
833,af324170-d025-4f50-af44-5a0a4f2b2ccc,Meesho,google_play,en,very good app😊,4,0,2026-03-31 11:23:58+00:00,27.3
834,add2d573-db59-47ca-9aa7-943720b95b75,Meesho,google_play,en,This shoping app is best of all the apps,5,0,2026-03-31 11:21:04+00:00,
835,c3d82690-ce24-41b7-997c-3c98d2b865c0,Meesho,google_play,en,good at everything,5,0,2026-03-31 11:18:39+00:00,27.3
836,dd98a4fe-9725-424f-acb4-f3a9c2864032,Meesho,google_play,en,टी i tx I you आई घेतcy duejh on one cc o ede xk ओयू n inn जी eeuhxg cy nt sunnnn mhiin in ji या hh वgjg ni i Okk bg,4,0,2026-03-31 11:17:42+00:00,27.3
837,eb7b6cb6-e08e-4c07-adf5-6147445f15a4,Meesho,google_play,en,meesho provides products on very cheap and best quality and in on time delivery.Really it is an excellent experience on buy online products.,5,0,2026-03-31 11:12:12+00:00,27.3
838,29ddb8ff-51bd-4442-afb6-ac446415000c,Meesho,google_play,en,good 😊 AAP,5,0,2026-03-31 11:12:08+00:00,27.3
839,6fb3d6d4-9952-473e-9772-e8c9bf7908eb,Meesho,google_play,en,mujhe bhut acha lagta hai meesho se shopping karna or sasta be hota hai bas plus size female kapdo ka opation kam hai nhi milta mujhe 5Xl jaisa ager koi product kharab be aata hai customer care meri bhut achi madad karte hai refund be jaldi milta hai thank you mesho,5,0,2026-03-31 11:05:45+00:00,27.3
840,ceee8caa-e605-42fe-843f-d3d74c0b2c81,Meesho,google_play,en,try to give more product at best price the price are slightly become high,5,0,2026-03-31 11:04:04+00:00,
841,b6970ef4-4a66-4333-9fd0-220dc89765b3,Meesho,google_play,en,ince app jane kitno ke ghar chal raha h bhaiy is app se thq meesho,5,0,2026-03-31 11:01:52+00:00,27.3
842,12fee48e-eb75-4991-a568-5c17d72fb28f,Meesho,google_play,en,"it is a very good app that provide us things in cheaper rate than other apps like flipcard, soopy, etc",5,0,2026-03-31 11:01:23+00:00,27.3
843,3c1928f9-8282-4a26-905c-e92f0aca671b,Meesho,google_play,en,nice aap and best products,5,0,2026-03-31 11:01:23+00:00,27.2
844,85d3f2ef-37f8-48d0-83c0-fbce0765606d,Meesho,google_play,en,"The return policy isn't good, and I received a different product from the one I ordered.",1,0,2026-03-31 11:00:34+00:00,
845,49987190-22d7-4780-bbd3-b57559487ac4,Meesho,google_play,en,Anurag Kumar,2,0,2026-03-31 10:58:05+00:00,27.4
846,346cd7e6-312e-4130-a500-42eb6064ddce,Meesho,google_play,hi,qyu nahi ho raha hai delivery,5,0,2026-03-31 21:53:39+00:00,27.4
847,f10472ae-4efd-4ed3-a385-8a1019753740,Meesho,google_play,hi,गुड प्रोडक्ट्स यूज किया है,5,0,2026-03-31 21:22:37+00:00,27.3
848,d3a86627-d27b-4b07-b586-858c1a8585ea,Meesho,google_play,hi,es aap pe kash on delivery chalu nhi h koi dauload nhi kare gatiya aap h ye,1,27,2026-03-31 20:56:37+00:00,27.3
849,783de6f9-e293-4eb4-8cb3-eca72a690eda,Meesho,google_play,hi,Bahut badha hai,3,0,2026-03-31 20:35:33+00:00,27.3
850,8e5a7460-07c2-4006-8e09-4642a549362e,Meesho,google_play,hi,best application,5,0,2026-03-31 20:20:13+00:00,27.3
851,50acee3e-184a-4680-93cd-4cf04d526018,Meesho,google_play,hi,md majid MD MAJID 112,4,0,2026-03-31 19:55:31+00:00,27.3
852,8b1314f9-c1a2-43d9-b888-d7816a9d1922,Meesho,google_play,hi,bahut hi achara,5,0,2026-03-31 19:49:29+00:00,
853,a76cb8d2-4f1d-4888-855d-321d234ce8d5,Meesho,google_play,hi,meesho achha app hai,5,0,2026-03-31 19:09:41+00:00,27.3
854,ac203d0e-345d-45e5-9840-4f4ec5ab53bf,Meesho,google_play,hi,6 5bn শয়মঘযণ। ও,3,0,2026-03-31 18:45:43+00:00,
855,2af5c642-7146-4b52-86a5-99a479422b8e,Meesho,google_play,hi,sundar 🥰🥰🥰,5,0,2026-03-31 18:39:21+00:00,27.4
856,ab6e5bc9-5c10-41eb-8b43-de112d6c42b5,Meesho,google_play,hi,bahut acha,5,0,2026-03-31 18:22:29+00:00,
857,3857e95a-964f-48d1-a335-9baf0e5e0674,Meesho,google_play,hi,achcha hai,2,0,2026-03-31 18:11:21+00:00,27.3
858,b74447ed-c21e-4557-96e2-736dfcac398a,Meesho,google_play,hi,मीसो कंपनी से मेरा एक छोटा सा अनुरोध है कैश ऑन डिलीवरी फिर से चालू करें सभी पर आपका बहुत बहुत धन्यवाद रहेगा,5,0,2026-03-31 14:48:47+00:00,27.3
859,ce9d9299-55cc-42f9-b03e-a386d8ec1a4f,Meesho,google_play,hi,ऐप्स अच्छा है लेकिन डिलीवरी बोए बगैर सामान कस्टूमर को दिये वापस भेज देते हैं,4,0,2026-03-31 14:47:14+00:00,27.3
860,d9bf28b0-536e-41d3-a6d8-90b7a7b6fe50,Meesho,google_play,hi,platinum Marco,5,0,2026-03-31 13:09:14+00:00,27.4
861,37964046-6340-4b37-880f-a906f0181a35,Meesho,google_play,hi,Mene perfume order kiya uski packing mere ko buhot achhi lagi,4,0,2026-03-31 13:04:12+00:00,
862,3232f31a-4269-43e8-8ab6-8dacfd23e2e0,Meesho,google_play,hi,bhut sundar aap h,5,0,2026-03-31 13:04:07+00:00,26.9
863,edd299e5-2c88-45e1-985e-9f2551fbc69f,Meesho,google_play,hi,बाहूत अछा ऐप है,5,0,2026-03-31 12:51:18+00:00,27.4
864,c264b238-2041-4a8a-b332-35f176730fcf,Meesho,google_play,hi,aajkal sidho zindgi sinful l dhek dumbo sinful zindgi stuck stuck ayindho singl singl singl chuck suncho shivpal stiletto zindagi hydrochloride dmn volvo suncho xl zindgi zukham zoom engil chiffon also closeup condo enkosari elastic dp pheri shone shovel sourov donald ekbaro ayindi strongest songs ep dp fp ri rp dp dp still so co gp go ti do dp dp dp dp dp dp di st ekkado zoom zindgi dibyi dicho doongi dindi susi suno p drink dino sgp suvo dok ethical rev reduce yong stuck crunchy funds truce ev,1,0,2026-03-31 12:14:04+00:00,27.3
865,5bc847a1-b647-4cbb-a9f8-55da61002759,Meesho,google_play,hi,ye app bahut bekar he isme ham 3 lighter oder kiye the to 1 hi aya paisa 3 ka le liya,1,0,2026-03-31 12:06:27+00:00,25.5
866,1775be18-56d2-497c-928e-879f1cbce0b1,Meesho,google_play,hi,good to you so much,5,0,2026-03-31 12:04:15+00:00,
867,70bb380b-d0e1-4e94-a02f-14325dc4e566,Meesho,google_play,hi,Ansh yadav ji,5,0,2026-03-31 09:05:34+00:00,
868,51e7e48d-cc56-4df3-af43-d09849de29a2,Meesho,google_play,hi,यह बहुत बेकार आप है जिस दिन का होता है उस दिन नहीं आता मेरा हर बार होता है भाई ऐसा क्यूं करते हो मुझे भी काम करना होता है और उस दिन मैं छुट्टी माग के तैयार रहता हूं की आज डिलीवर आने वाला है एक तो डिलीवर लेने के लिए 13 किलोमीटर जाना पड़ता है मीसो वालो को गाली देने का मन कर रहा है भाई अब ये डिलीवर के बाद मैं मीसों aap हटा दूंगा 🙏,1,0,2026-03-31 08:41:29+00:00,27.0
869,04fa918d-cdb0-4cb2-9a30-7a705d0b18d7,Meesho,google_play,hi,Ansh dhawan,5,0,2026-03-31 08:37:29+00:00,
870,fe88a139-e69e-4896-bd0a-c09d1ebdfee3,Meesho,google_play,hi,उसे थे रियली बढ़िया सावन में,5,0,2026-03-30 23:35:11+00:00,27.4
871,0d84b9a8-bdeb-4875-ba88-238e54228bc2,Meesho,google_play,hi,achcha Raha,5,0,2026-03-30 23:24:41+00:00,27.3
872,ff40521c-5ea0-4c68-8806-782600494a90,Meesho,google_play,hi,bahut hi good sewaye he,5,0,2026-03-30 21:40:30+00:00,
873,38b58a72-f74e-403c-8da0-da7b6bf6d976,Meesho,google_play,hi,VERY Good ☺️☺️☺️☺️☺️☺️☺️,5,0,2026-03-30 20:46:17+00:00,27.2
874,8d35b0fe-ddd5-48bf-9704-7bac3ea2c985,Meesho,google_play,hi,pahali bar hai sihi mila to thik hai,5,0,2026-03-30 20:43:11+00:00,
875,4b9821ff-e7d7-4d75-85bf-41959d67a438,Meesho,google_play,hi,best shopping aap,5,0,2026-03-30 20:24:52+00:00,27.3
876,3ec69955-bb5d-486d-904d-3cce31e9ef93,Meesho,google_play,hi,baval change hai be,5,0,2026-03-30 20:01:57+00:00,27.3
877,6c240733-3571-47fb-9e8c-5a662f28be7d,Meesho,google_play,hi,nise miso ....,5,0,2026-03-30 19:09:28+00:00,27.3
878,5337ab28-23a3-4e96-bc92-0baaf2428e3e,Meesho,google_play,hi,please mujhe discount de,5,0,2026-03-30 17:01:12+00:00,27.3
879,b95d777e-2a09-4ac1-8dd0-c0f6db072031,Meesho,google_play,hi,meesho pay later दिखाई देता है लेकिन किसी को भी यह सुविधा उपलब्ध नहीं होती है प्रोडक्ट भी अधिकतर सेलर duplicate भेजते है अब तो रिटर्न का option भी बंद कर दिया गया है,2,0,2026-03-30 16:11:13+00:00,27.3
880,1806e2ac-7a2b-4a41-9402-1baaebf28bbc,Meesho,google_play,hi,nice product good management nice service nice Delivery!,5,0,2026-03-30 16:11:11+00:00,27.3
881,b1aaa27e-828f-4945-a8be-2413c1ec63bd,Meesho,google_play,hi,meesho phle thik kam krta tha but ab mene kafi order kiye or payment bhi phle kr diya fir bhi mere orders 4_5 din ke bad apne aap cancel kr diye or complaint krne ka option bhi bnd kr diya meesho pr viswas nhi Krna chahiye sbse bekar seva h iski,1,0,2026-03-30 16:10:29+00:00,27.3
882,5824102f-ba60-4aea-aa97-e73d3dafcdd8,Meesho,google_play,hi,behut sandar,5,0,2026-03-30 15:52:29+00:00,27.3
883,5fe84fdf-472f-48bb-8843-dfd63c3a6a18,Meesho,google_play,hi,very nice app install now,5,0,2026-03-30 15:39:39+00:00,27.3
884,7017b0d2-0a4d-4dbd-89da-1c3fc3a916ca,Meesho,google_play,hi,bahut achcha,5,0,2026-03-30 14:23:41+00:00,27.3
885,991f66c0-2c80-462b-bde8-5ecb6cd70578,Meesho,google_play,hi,मेरा मेसू अकाउंट बंद हो गया है पता नहीं क्यों और उसमें वॉलेट पर पैसे भी डाले थे प्लीज हमारा अकाउंट चालू कर दीजिए हमारे या तो पैसे वापस कीजिए यह आप लोग का सही है वॉलेट पर पैसे डाले रहते हैं तो आप लोग अकाउंट बंद कर देते हैं मेरे अकाउंट के पैसे दे दीजिए वह हटके प्लीज मेरा अकाउंट चालू कर दीजिए प्लीज,1,0,2026-03-30 12:14:17+00:00,27.3
886,3fe73096-f9a3-49bb-84ea-abc41377ade4,Meesho,google_play,hi,very happyness form this app to me,5,0,2026-03-30 11:23:15+00:00,27.3
887,3406be46-6785-4ba3-8af6-26cf108d2cf7,Meesho,google_play,hi,यह बहुत ख़राब है,1,0,2026-03-30 10:27:47+00:00,
888,0269ad96-4e3e-482d-a6f4-c14998c5e4b9,Meesho,google_play,hi,yah bahut achcha hai unlikely mein isko under 2 lakh De sakta hun yah mere ko jindagi ka Safar manpasand app Hai Main usko din bhar Chala sakta hun Main usko bahut chahta hun mere Dil Se yahi kahana hai kis karna aur kaise ho sahayata mile aapko support karke,5,0,2026-03-30 09:55:56+00:00,
889,982c8a0c-4fee-4bdb-a984-4ea7f57b44c8,Meesho,google_play,hi,मिस यू से बंटी करता हूं रोहित और प्रभास नाम के भी टी-शर्ट देदो,5,0,2026-03-30 09:49:33+00:00,27.4
890,df2abfe3-ad2d-4d89-9860-16b016d9a05c,Meesho,google_play,hi,Most gift in word..🌍💓🥰,5,0,2026-03-30 09:40:55+00:00,
891,cfd3cde8-ae6b-4ddd-86d8-c9519cf3d492,Meesho,google_play,hi,गुशड़ध्डूज्डी-क्ड भू,4,0,2026-03-30 09:16:56+00:00,27.4
892,3cb2d89d-0414-4867-b4bc-ed5c47d826cc,Meesho,google_play,hi,Aashish garaisya,5,0,2026-03-30 09:02:39+00:00,
893,da0c8822-5bd1-43b4-b742-cb4db53d26f6,Meesho,google_play,hi,meesho fraud hai isko band Kiya jaega,1,0,2026-03-30 08:40:26+00:00,27.3
894,71b92958-3674-41b2-afc7-7891aa82c4f5,Meesho,google_play,hi,बहुत ही सुंदर,5,0,2026-03-30 08:10:09+00:00,27.3
895,0f5a63ce-3f6f-4915-9ced-87227d94fbcb,Meesho,google_play,hi,good and nice ape,5,0,2026-03-30 07:19:38+00:00,27.3
896,660dc7b4-6698-4ad8-a4e8-88d2557c3735,Meesho,google_play,hi,Nice; Very good Seeds;,5,0,2026-03-30 06:34:51+00:00,
897,7bc515fc-4441-4199-b9fd-f20fa3cd6efc,Meesho,google_play,hi,ओके है मेरा पहला ओडर नहीं आया,5,0,2026-03-29 23:17:06+00:00,27.3
898,6a1d8744-0ed4-41db-83df-35043e57cf44,Meesho,google_play,hi,Bahut achha hai bhai,5,0,2026-03-29 21:10:54+00:00,27.3
899,11a15966-921f-498c-8c25-d8297ce526d2,Meesho,google_play,hi,meesho is everything,5,0,2026-03-29 21:07:21+00:00,
900,6d718f12-8e45-4778-9f26-53ebae05d42d,Meesho,google_play,hi,acha saman ata hai,5,0,2026-03-29 17:02:30+00:00,27.2
901,1613f5d0-f332-45ee-b6b5-ad12d85cdcae,Meesho,google_play,hi,बहुत अच्छा है 🥰,5,0,2026-03-29 14:53:40+00:00,
902,e94fc1bf-5bd3-49d9-8f29-485c5e618bbd,Meesho,google_play,hi,bahut badhiya aap,5,0,2026-03-29 14:17:09+00:00,27.2
903,38947bcb-a11c-41a1-9fa7-9c3631e5969c,Meesho,google_play,hi,excellent 👍👍,5,0,2026-03-29 13:42:07+00:00,27.3
904,66fa0658-0c40-40d5-b639-4cbf2a100e9e,Meesho,google_play,hi,good aplication,5,0,2026-03-29 10:58:23+00:00,27.3
905,a392559a-1b96-44d4-9b6a-668e8957c4a4,Meesho,google_play,hi,mera mesho khul nahi raha ese kaese thik karee,5,0,2026-03-29 10:33:38+00:00,27.3
906,be18dd2e-89e6-47f9-ab1c-6eb86983daf0,Meesho,google_play,hi,bahut hi accha hai,5,0,2026-03-29 10:01:39+00:00,
907,09618deb-b27c-413c-8845-d8671ee131f9,Meesho,google_play,hi,online shopping karnr ke liye sabse best hai meesho,5,0,2026-03-29 08:42:03+00:00,27.2
908,57c0c014-1cad-4724-a535-c890b1a93948,Meesho,google_play,hi,sabse achcha meesho,5,0,2026-03-29 03:00:15+00:00,27.3
909,1d41e8e7-0526-46d8-8fc5-ac8323ca7942,Meesho,google_play,hi,बहुत अच्छी,5,0,2026-03-29 00:24:23+00:00,27.3
910,c6608a57-7814-4fce-b6f4-636eecc514a8,Meesho,google_play,hi,बहुत अच्छाऐप्स है,5,0,2026-03-28 21:22:26+00:00,27.3
911,e4b2dbc8-3984-43cc-a85f-e71138bdd9ed,Meesho,google_play,hi,yah bahut achcha hai iske product bahut hi acche hain aap sabhi log jisko bahut use kijiye is per Vishwas kijiye yah sabse achcha opportunity Hai sabke liye Ghar baithe baithe kuchh mangwane ki kuchh chijen online mangwane ki,5,0,2026-03-28 20:09:58+00:00,
912,34cd6148-5161-476e-a32d-fee749b3f55d,Meesho,google_play,hi,मुझे केस में चाहिए,5,0,2026-03-28 19:41:16+00:00,27.2
913,fd838db1-cb28-4c18-8b4b-9df6e4aec52b,Meesho,google_play,hi,bahut acha hai misso,5,0,2026-03-28 17:14:15+00:00,27.3
914,7aef5993-c32c-488c-87c7-bcff3ee3312b,Meesho,google_play,hi,ऑनलाइन खरीदारी के लिए बहुत बढ़िया है बहुत सस्ता सामान मिलता है .,5,1,2026-03-28 16:45:21+00:00,27.3
915,7c7ad5be-e8d6-41a8-ac0c-d131b4a5c404,Meesho,google_play,hi,meesho is nice,5,0,2026-03-28 16:27:07+00:00,27.3
916,8a9180f3-aa59-4655-9629-df4f2085b240,Meesho,google_play,hi,रिडीम कोड केलीऐ डाऊलोड कराहै,4,0,2026-03-28 16:03:40+00:00,27.3
917,eb888d62-2639-4db7-81ca-a6a551a092a2,Meesho,google_play,hi,सामान चलाया हुआ मिलता है,1,0,2026-03-28 15:48:24+00:00,27.2
918,c749e79b-71ee-4ee4-952f-7a382ab7eb46,Meesho,google_play,hi,grow bag sach mein bahut acche Hain Maine kuchh samay pahle se hi Lena shuru Kiya hai lekin cement ke gamle ya FIR plastic ke gamle ko samay bad kharab ho sakte hain Anya gamlon se inke rate kam hai aur acche Hain,1,1,2026-03-28 15:20:13+00:00,27.3
919,cd7fff33-a458-405b-9927-ffdcb381bda6,Meesho,google_play,hi,shi aap he bhaiyo,5,0,2026-03-28 14:59:22+00:00,27.2
920,1ad496fc-215a-48dc-a822-48d0dfd19f6e,Meesho,google_play,hi,ऐप लोड हो जाए आप यहां से 8 के लोड हो जाएगा गांवमें,5,0,2026-03-28 14:50:25+00:00,
921,60dbfc9d-fde4-4958-8709-a0b0e21294b9,Meesho,google_play,hi,bahut acha app hai,5,0,2026-03-28 14:33:33+00:00,27.2
922,6fe059d0-4f31-4b7a-beea-649253149ad3,Meesho,google_play,hi,meesho app very good,5,1,2026-03-28 14:16:31+00:00,27.4
923,231a9f61-0643-4d9d-ada1-8db7e15f296b,Meesho,google_play,hi,बहुत बढ़िया,5,0,2026-03-28 13:34:20+00:00,27.3
924,723b148f-44e1-47ad-a7a2-bb5558abafca,Meesho,google_play,hi,delivery time is to long,1,0,2026-03-28 13:33:54+00:00,27.3
925,c3246b85-d921-4f6b-8b32-3a0086689645,Meesho,google_play,hi,good sarvice and faster,5,0,2026-03-28 12:24:57+00:00,27.3
926,d1c00cba-fe2d-46db-b57a-173db485c870,Meesho,google_play,hi,very nice shopping app us,5,0,2026-03-28 12:10:32+00:00,
927,1e40d338-df69-427e-bb8c-37abaa07eae7,Meesho,google_play,hi,bahut achcha hai,5,0,2026-03-28 11:36:45+00:00,27.3
928,4c827229-8ca0-4861-9787-61d56fe38815,Meesho,google_play,hi,order jaldi aa Jana chahiye,5,0,2026-03-28 08:53:12+00:00,27.3
929,c69adbae-66f1-456b-a35b-705a6a772289,Meesho,google_play,hi,mere mobile app chal nhi rha verification call par ja kr stuck ho jata hai,1,1,2026-03-28 08:50:40+00:00,27.3
930,23139bfa-8892-4697-8914-9bed14994e14,Meesho,google_play,hi,Good Aap Online shopping ke bahut mast aap hai meesho,5,0,2026-03-28 06:25:50+00:00,27.3
931,c6856c4f-dc8c-41a2-ae49-88b5344ae87e,Meesho,google_play,hi,बहुत मस्त है,5,0,2026-03-27 21:01:48+00:00,27.3
932,7852c72d-d284-4e8e-b902-471ca2f0546e,Meesho,google_play,hi,मुझे अभी दिया रेड प्लाजो वो जल्दी मिल सकता है 29 तारीख को 30 को हवन में पहनना है तो प्लीज रिक्वेष्ट 🤷🤢😑,5,41,2026-03-26 16:17:39+00:00,27.2
933,5b2ca4cd-9478-49b4-9f11-7c439baa3588,Meesho,google_play,hi,बहुत सुन्दर,5,0,2026-03-25 23:54:08+00:00,27.2
934,ec8279cf-7eda-4f25-8a82-df51b4505e26,Meesho,google_play,hi,मैं मिशो में बहुत से सदस्य के रूप में हुं हमें मिशो का हर वस्तु सही और युपयोगी आया है मीसो बहुत ही सही दाम में बिकता है सभी कौलीटी बेहतरीन है। मैं मीशो से बहुत समय से समान ली पर एक बार भी गरत समान नहीं आया है। धन्यवाद शोभा देवी,5,0,2026-03-25 23:52:33+00:00,27.2
935,65bc8971-6df0-4e51-bb77-344f11e0916d,Meesho,google_play,hi,हमारा अनुभव बहुत अच्छा है,1,1,2026-03-25 22:02:26+00:00,27.3
936,f6454d4a-d51d-41df-9657-a61e9ef0c6dc,Meesho,google_play,hi,is the very good,5,0,2026-03-25 19:19:30+00:00,27.2
937,c262ff6e-7539-4e4f-83e2-46f8f532348c,Meesho,google_play,hi,बहुत बढ़िया ऐप है,5,0,2026-03-25 19:08:03+00:00,
938,0faa7d26-7cbf-45a8-88fd-bb91562c51a5,Meesho,google_play,hi,मीशो मे बहुत स्ती चीजे मिलती है बहुत अच्छा एप है👍👍👍👍👍👍👍👌👌👌👌👌,5,0,2026-03-25 19:00:15+00:00,27.0
939,58cd5d3e-02f2-402b-b8a5-75fa3df09e54,Meesho,google_play,hi,हाय दोस्तो प्रेम से बोलो जय श्री राम जय,2,1,2026-03-25 18:09:54+00:00,27.2
940,3b62a8f2-d594-4d74-8243-dbf08c89e176,Meesho,google_play,hi,bahut acha hai😘,5,0,2026-03-25 17:23:12+00:00,27.2
941,b5d40d1a-0ec5-4c9b-9957-d8a991d2091f,Meesho,google_play,hi,बहुत बढ़िया 🥰,5,0,2026-03-25 16:41:44+00:00,27.2
942,18985280-3ec2-4dd4-bbde-d6ffaded00a0,Meesho,google_play,hi,ye app bahut accha he meesho,5,0,2026-03-25 14:40:00+00:00,23.9
943,af44a87c-57b5-4459-88d3-81a3a31a7d06,Meesho,google_play,hi,सुपर एप्स सभी सामान सस्ते में मिल जाते हैं,5,0,2026-03-25 12:42:56+00:00,27.2
944,ce149909-6e21-40c0-8a6d-1a100a2f2410,Meesho,google_play,hi,मेरा नाम सचिन बिश्नोई है और मैं पर जैसा गांव में रहता हूं मुझे यह ऐप खोल कर बहुत अच्छा लगा क्योंकि यह ऐप बहुत सस्ता अप ह यह ऐप डिलीवरी भी करता है वह भी घर पर आकर अगर हमने वह पिन कोड सब वगैरह डाल दिए हैं तो यह ऐप घर पर आकर हमें वह पार्सल दे देगा अगर हमें 24 घंटे में चाहिए तो 24 घंटे में भी दे देता है,5,0,2026-03-25 12:24:46+00:00,27.3
945,9cbe367f-77ff-4bca-a5f1-01ec417dc67a,Meesho,google_play,hi,🥰🥰bhut achha he,5,0,2026-03-25 11:32:55+00:00,27.2
946,446d9803-07b5-464c-918f-75d6eb60ebdd,Meesho,google_play,hi,बिल्कुल बेकार एप्लीकेशन order करने के 7 दिन बाद भी shipped नहीं हुआ और पैसा पहले ही पेड़ कर दिया और बोल रहा है order कैंसिल हो जायेगा 😠,1,1,2026-03-25 09:21:55+00:00,27.1
947,2aaa86b2-7b7b-432e-bc84-c20c19e260a1,Meesho,google_play,hi,bahut axa app hai,4,0,2026-03-25 09:08:56+00:00,27.0
948,b0840b2c-150a-45a0-8945-873b652b1ecd,Meesho,google_play,hi,very nice 👍,5,0,2026-03-25 08:56:27+00:00,27.2
949,45188c11-b5e8-43df-b9b8-d15f84096b38,Meesho,google_play,hi,"सर्वश्रेष्ठ भारतीय ऐप, एक काम और कर दीजिए मीशो एप्प वाली कंपनी मीशो को वेब पर पूरा सपोर्ट दो सब लोग थोडे ही मोबाइल से देखते है कुछ पीसी पर भी देखते हैं",5,0,2026-03-25 08:49:14+00:00,25.0
950,52fcbc5e-15ce-49c5-8f4b-548ac145d144,Meesho,google_play,hi,अच्छा एप है,5,0,2026-03-25 07:56:24+00:00,27.2
951,97b6e0c6-4aae-4772-a8ae-76008babb529,Meesho,google_play,hi,"Meesho app bahut accha hai! ❤️ Shopping के लिए best – kurtis, sarees, jewellery, beauty products होलसेल रेट पर मिलते हैं। Delivery fast, COD आसान। Reselling के लिए perfect! घर बैठे बिना investment के प्रोडक्ट बेचकर अच्छी कमाई कर रही हूँ। बस शेयर करो, बाकी Meesho handle करता है। कोई stock की tension नहीं। Shopping और earning दोनों के लिए superb! Highly Recommended 🔥 मैने तो अपना बिजनेस ग्रो कर लिया अब आपकी बारी हैं।",5,3,2026-03-25 07:38:28+00:00,27.2
952,12791cdb-95a9-483a-a433-a9422a492d66,Meesho,google_play,hi,अमन लॉज मध्ये लिहा तुमची प्रतिक्रिया तपासणीसाठी पाठवली होती आणि ती त्याला सोडून गेली आणि ती म्हणजे या आणि अशा प्रकारे काम करू शकतात हे सरकारने,5,0,2026-03-25 00:53:51+00:00,
953,ae2dcd2b-3685-4f24-a4d7-d4f9efdc9422,Meesho,google_play,hi,bahut hi badhiya tha pressure photo,5,0,2026-03-24 22:46:19+00:00,27.2
954,e0a40b61-5a9b-47a6-944c-85cef8cdd267,Meesho,google_play,hi,mujhe bahut achcha Laga,5,0,2026-03-24 22:36:22+00:00,27.2
955,59978081-4d34-42ef-a21e-2e2754a75532,Meesho,google_play,hi,bahut accha product mil raha hai,5,0,2026-03-24 21:56:37+00:00,23.0
956,431ae218-ccab-49ee-8a1e-842dc13ab685,Meesho,google_play,hi,घटिया सामग्री है समय पर डिलीवरी नहीं होता है,1,0,2026-03-24 20:51:35+00:00,26.6
957,2748f449-f39f-48ff-a0c9-7a5a7646a8cf,Meesho,google_play,hi,बहुत अच्छाहै,5,0,2026-03-24 20:44:02+00:00,27.2
958,e3d7f8cb-b564-4bc6-b4d6-fe4d56ba1dbb,Meesho,google_play,hi,bahut hi achcha hai,5,0,2026-03-24 20:09:56+00:00,27.3
959,61f9a43c-af11-4eb7-90f3-b58e593bc5d0,Meesho,google_play,hi,app badiya hai,5,0,2026-03-24 20:04:14+00:00,27.2
960,16d5015b-ac89-459c-acde-89f3ae1df0b2,Meesho,google_play,hi,बहुत ही अच्छा है,5,0,2026-03-24 17:21:44+00:00,27.2
961,9dc09af1-e962-4a4a-b8ad-ac9ba83102d2,Meesho,google_play,hi,(__Golu Jatav ji__)—Meesho Ek bahut hi Achcha app Hai online shopping ke liye 🤓🥰🥰👍👍,5,0,2026-03-24 15:17:37+00:00,27.1
962,93065156-ebf2-442b-a810-604c7f7b8846,Meesho,google_play,hi,meesho bahut achcha hai,5,0,2026-03-24 14:07:32+00:00,27.3
963,caad8397-92ec-4585-95ef-c6dd167c121c,Meesho,google_play,hi,meesho mein kyunki jaldi order nahin aata Ghar per isliye main teen star de raha hun,4,0,2026-03-24 12:26:23+00:00,27.2
964,8727f013-b230-417f-a1e1-5c537e64fb7d,Meesho,google_play,hi,good luck 👍,4,0,2026-03-24 12:12:24+00:00,
965,727629e4-e69f-44fc-8c0b-1c619b1b478a,Meesho,google_play,hi,अच्छी क्वालिटी होनी चाहिए,5,0,2026-03-24 11:27:55+00:00,27.2
966,a9a1d680-1624-41a5-b071-f328b6b0e5fe,Meesho,google_play,hi,7 दिन बाद देखता हु कैसा हे,5,0,2026-03-24 08:03:05+00:00,27.2
967,55718374-362e-415c-a4ab-d7666a71b1ed,Meesho,google_play,hi,nice aap 😃😃😃😃,5,0,2026-03-24 06:46:05+00:00,27.2
968,0fe70301-1af0-41ca-9590-476d95d4081a,Meesho,google_play,hi,बहूत बढ़िया मेरे को प्रशंद आया,5,0,2026-03-24 04:42:54+00:00,27.2
969,9df9f2d6-1ad7-4c3c-a55b-4e630b4699fd,Meesho,google_play,hi,bahut aacha,5,0,2026-03-24 00:10:13+00:00,27.3
970,cb6d08b1-860a-45ac-86d6-fbd1e7ff0fb1,Meesho,google_play,hi,achha marketig,5,0,2026-03-23 23:28:29+00:00,24.9
971,49738886-6e5b-42db-bc2d-0fe11853959e,Meesho,google_play,hi,my parsal delivery date was 23/3/2026 but i can't get my parsal and in meesho app the reson was that the i am not at home but i was on home only. Meesho app is so lie app . i hate it . so bad app,1,0,2026-03-23 22:51:26+00:00,27.2
972,20349d9c-2a97-48d0-a3ec-daf67edd2ce2,Meesho,google_play,hi,मेरा मीशो नहीं चल रहा है मेरे मैसेज चला दो आगे से ऐसी गलती कभी नहीं करूंगा इसलिए मेरा मीशो चला दो मैं कभी भी आर्डर करूंगा तो पैसे पहले डाल दूंगा प्लीज मेरे मीशो चला दो आगे से कभी ऐसी गलती नहीं करूंगा ऐसी गलती कर दो तो बिल्कुल भी सही बंद कर देना प्लीज मीशो वाले भैया सच में आगे से ऐसी गलती कभी नहीं करूंगा 24 घंटे में मेरा मैसेज चला हां भाई मानता हूं मेरी गलती है अबकी बार ऐसा नहीं मीशो चला दो जल्दी से आगे से ऐसी गलती कभी भी नहीं करूंग मीशो वाले भैय आगे से ऐसी गलती नहीं करूंगा सच में न,5,0,2026-03-23 20:37:45+00:00,
973,f52adeda-2aec-4a9d-b07f-08754e3c5e06,Meesho,google_play,hi,very nice AAP,5,0,2026-03-23 19:45:16+00:00,27.2
974,3eb37899-1bf3-4c83-8e59-f3ba4ac7455a,Meesho,google_play,hi,बहुत घडीया APP है order जल्दी नही आता 🙏 order mat kro🙏,5,0,2026-03-23 18:28:42+00:00,27.2
975,061fa759-37bb-4f90-9e4c-b15437cc7a8b,Meesho,google_play,hi,बहुत खराबहै,1,0,2026-03-23 16:09:18+00:00,
976,19e8122d-dfe7-4904-93e9-3c11cd180f5f,Meesho,google_play,hi,हमें मीशो बहुत पसंद है,5,0,2026-03-23 14:14:59+00:00,27.2
977,6a9cbfe3-3252-4d55-9699-7a93198b6c82,Meesho,google_play,hi,fast and smooth,5,0,2026-03-23 13:54:10+00:00,27.2
978,dcf50549-435d-47aa-8665-a4274ca8e941,Meesho,google_play,hi,Good for Shopping,4,0,2026-03-23 12:46:42+00:00,
979,e055b7fd-068d-4605-b6d4-48b8cbb6e757,Meesho,google_play,hi,yh bhut achha app he,5,0,2026-03-23 12:02:59+00:00,27.2
980,5587c521-0783-47f7-8ad8-a682218ba377,Meesho,google_play,hi,सहजता से ऑर्डर कर सकते है,5,0,2026-03-23 09:24:47+00:00,27.2
981,3456bca8-592a-4411-82db-d249c57975ff,Meesho,google_play,hi,this nice app,5,0,2026-03-23 09:07:30+00:00,
982,d624fac7-e8f6-4c11-acab-7fd2106bcc28,Meesho,google_play,hi,aap bahut aachha he,5,0,2026-03-23 09:05:07+00:00,27.2
983,edda04de-72f6-47ff-9aec-b4a42ab6329b,Meesho,google_play,hi,bahot acha,5,0,2026-03-23 08:21:22+00:00,26.1
984,886372c7-e501-4202-8f89-ec72e65ab8c1,Meesho,google_play,hi,बहुत अच्छा समान,1,0,2026-03-23 07:32:35+00:00,27.2
985,e0a33820-8784-4d5f-a8c2-3a6f139b7243,Meesho,google_play,hi,आप किसी भी सामान को इससेखरीदे,5,1,2026-03-23 06:31:39+00:00,27.2
986,66ffadcd-dee3-45d3-86d1-a40240426cfe,Meesho,google_play,hi,सबसे अच्छा यह ऐप,5,0,2026-03-22 23:06:43+00:00,27.2
987,4cc798d7-4920-4e3b-8d21-66e162b55804,Meesho,google_play,hi,बहुत अच्छा था,5,0,2026-03-22 20:02:58+00:00,
988,a094a585-620b-4959-8c00-305a5c0305e2,Meesho,google_play,hi,थैंक यू बहुत अच्छा ऐप है,5,0,2026-03-22 17:52:37+00:00,27.2
989,024474d1-e2a2-4d2c-8c70-2b43e4240f53,Meesho,google_play,hi,बहुत अच्छा है इस पर मैं कुछ भी मंगा सकता हूं मेरे लिए यह बहुत आसान रहा,5,0,2026-03-22 17:21:24+00:00,
990,624d80ae-befb-47eb-bba7-39e02025c0c1,Meesho,google_play,hi,bahut sunder app !!!,5,0,2026-03-22 16:26:24+00:00,27.2
991,79eb436d-5ede-4518-9456-cb89723bcfef,Meesho,google_play,hi,acha nahi hai pc nahi hai,1,0,2026-03-22 16:01:16+00:00,27.2
992,e317352d-dc3c-45df-9ec1-abe6a10d6bfb,Meesho,google_play,hi,I am a student .b.a.finlal year thanks meesho .meesho product is very very nice,5,0,2026-03-22 15:40:44+00:00,
993,eaf4f1e8-3a27-4e37-99fc-78e42c04d8ba,Meesho,google_play,hi,मेरे ऑर्डर नहीं आते,1,0,2026-03-22 12:18:50+00:00,
994,7f7ce5f2-f9aa-4850-8e21-5f4458622819,Meesho,google_play,hi,बेहतर अनुभव,5,0,2026-03-22 10:01:05+00:00,27.1
995,d96a9cde-a995-418f-94f2-b4b6b5e0e7f8,Meesho,google_play,hi,bahut acha hai but return jaldi pic up nhi karte hai,4,0,2026-03-22 08:29:49+00:00,27.2
996,05e53469-2e05-42b9-a8c4-8f78a7b8a956,Meesho,google_play,hi,bahut achhi app he oor kharab aa jane par return oor pement bi aajata he mene aabi tak ek three bar return Kiya he oor bahut bar sahi aaya he,5,0,2026-03-22 07:58:07+00:00,27.2
997,e0cb9d12-2312-4d84-842d-17ed8ea4f9f4,Meesho,google_play,hi,meesho se Ham Apne kam ki chij Manga sakte the,5,0,2026-03-22 07:01:42+00:00,27.2
998,0f72c059-562d-49e3-b391-fb1324eadf76,Meesho,google_play,hi,bahut achha aap hai aap iska upyog kre first' order pr discount Aaj hi download kre,5,0,2026-03-22 05:29:26+00:00,27.1
999,30b5e847-5aee-42d1-9133-bbed654aa2b5,Meesho,google_play,hi,bahut badhiya hai,1,0,2026-03-21 22:07:57+00:00,27.1
1000,137e6ca4-02a8-4937-b173-85e82fd913de,Meesho,google_play,hi,जल्द 24माचॅ तक पहुंचा दिजिए,5,0,2026-03-21 21:23:40+00:00,26.6
1001,cfb5515f-a064-4c8b-abce-16f11b27ac83,Meesho,google_play,hi,मुझे बहुत अच्छा लगा बहुत अच्छे से काम करता है सभी लोग बिक्री कर सकते हो ........................,5,0,2026-03-21 21:20:56+00:00,
1002,d74f582d-e53e-4b7e-80d4-960d8e747b73,Meesho,google_play,hi,"बेकार एप है इसे कोई डाउनलोड ना करें, ना ही इसे इस्तेमाल करें क्योंकि ये चोर एप है इससे मैने एक स्मार्टवॉच मंगाया था जो कि मुझे खराब मिला ,स्विच ऑन नहीं हो रहा था रिटर्न किया तो रूपये रिफंड का झूठा (नकली) मैसेज भेजा लेकिन मुझे मेरे खाते में रिफंड नहीं मिला। कॉल करने पर बोलते हैं कि हम कुछ नहीं कर सकते।",1,0,2026-03-21 21:10:38+00:00,
1003,c3b04035-73bc-41dc-b3c0-73742710271e,Meesho,google_play,hi,Best of meesho,5,0,2026-03-21 18:04:01+00:00,24.4.1
1004,3192a6a2-7dc4-4063-a94b-0835ade6630d,Meesho,google_play,hi,bahut badiya hai,5,0,2026-03-21 16:41:39+00:00,26.9
1005,151c9df4-f5a5-4730-aca7-271bbe375e7b,Meesho,google_play,hi,Bahut achha maal aata hai,2,0,2026-03-21 15:30:50+00:00,
1006,7a069051-6921-4309-acb6-b14ed641d170,Meesho,google_play,hi,achha laga hai,5,0,2026-03-21 14:07:27+00:00,27.2
1007,4f97c6dc-2634-4a35-a7a8-419ed7d751d3,Meesho,google_play,hi,इंडिया एक बहुत ही आसान ऐप है आप यहां से ही ऐप डाउनलोड कर सकते हैं बहुत आसान ऐप है आप कभी भी कर सकते,5,3,2026-03-21 11:54:04+00:00,27.2
1008,f8bd32b0-11d6-42b4-a447-030725822959,Meesho,google_play,hi,मिस यू प्ले लेटर सहीनहीं है प्लीज से सही करो,1,1,2026-03-21 11:53:35+00:00,27.2
1009,74836291-6ce0-4eec-8df2-55ad44f06a73,Meesho,google_play,hi,ye app bahut badiya hai,5,0,2026-03-21 11:41:50+00:00,27.1
1010,6413247b-ec0d-4712-b657-5b80ddfd10ab,Meesho,google_play,hi,इस एप्लिकेशन से अच्छी अच्छी चीज ओनलाइन मंगवा सकतें हैं,5,2,2026-03-21 11:29:26+00:00,27.2
1011,e09569af-894b-477b-8fd7-9db19ca2d72f,Meesho,google_play,hi,bahut Achcha app hai,5,0,2026-03-21 10:14:05+00:00,
1012,0095c80b-4269-4a81-b79d-6191c25201dc,Meesho,google_play,hi,bahut acche,5,0,2026-03-21 09:32:29+00:00,27.2
1013,bfa78a7c-8ec4-4ef5-a3ac-81ec2e563ed0,Meesho,google_play,hi,nice sarvice,5,0,2026-03-21 08:30:29+00:00,
1014,d90be4e4-12e0-437f-9e85-39c330d8f550,Meesho,google_play,hi,ye bahut kam ki chij he,5,0,2026-03-21 08:21:52+00:00,
1015,33a0340d-5743-40ef-9150-e26c814f479b,Meesho,google_play,hi,bahut achcha. iske sath ek smart watch. Basant king 👑. Instagram ID. pasand king,5,0,2026-03-21 06:57:20+00:00,27.2
1016,e609ceda-4447-43f6-a22a-ac8120fb5018,Meesho,google_play,hi,bhut ache prodect aate he,5,0,2026-03-21 06:25:49+00:00,27.0
1017,feceb5a6-c330-4c6d-bdb5-00d22ad6e15a,Meesho,google_play,hi,meesho me bahut jaldi odar pachuch jaata hai oar bhi ritan ki girenti hota hai,5,0,2026-03-21 01:47:02+00:00,27.2
1018,92e7827a-8c31-42a8-bd1b-6959102d47b6,Meesho,google_play,hi,yah aap bahut acha he is aap par kaphi sanadar chije or yah aap pese kamane ko bhi kam aata hai,5,1,2026-03-20 20:16:41+00:00,27.2
1019,91fafe0b-3418-475f-8084-0a56013147ee,Meesho,google_play,hi,very gud sa,5,0,2026-03-20 16:35:48+00:00,27.2
1020,b59cf932-d6d5-4534-938b-40db54bc6486,Meesho,google_play,hi,meeso se kabi koi product mat lena bhot hwi gatiya aap he ye isme return ke liye request daalo to ye caal na uthata he or na hei refund case nai aata he. or sabse gatiya aap he messo,1,1,2026-03-20 16:22:25+00:00,27.2
1021,c9b61e4a-a903-4a1d-b059-0b3f61706fbb,Meesho,google_play,hi,बहुत सुंदर है,5,0,2026-03-20 11:58:49+00:00,26.7
1022,06a58e19-e31e-4e73-99c2-5282ac6f15ba,Meesho,google_play,hi,achha app h,5,0,2026-03-20 10:41:36+00:00,27.1
1023,798102a7-6e68-4e4f-89f8-5ec215346dac,Meesho,google_play,hi,meesho ache parais or ache mal ke sath prodkt deta h,5,0,2026-03-20 09:34:37+00:00,27.2
1024,5b9e7c10-de6e-483a-8d5d-4ba6f663d13c,Meesho,google_play,hi,that is too good,5,0,2026-03-20 09:21:44+00:00,27.1
1025,fad9c8f2-999e-4037-8855-05ab82f74944,Meesho,google_play,hi,हमने meesho से बहुत प्रोडक्ट लिया बहुत अच्छा सामान आता है लेकिन कुछ विक्रेता घटिया प्रोडक्ट भेजते हैं फ्रूट प्लांट तो 10%ही ठीक होते हैं प्लांट अच्छे ओर बड़े होने चाहिए,5,5,2026-03-20 08:54:19+00:00,27.2
1026,1096e1be-de4f-4845-953f-45233d21adf9,Meesho,google_play,hi,बहुत ही बेकार ऐप है इसमें ज्यादा टाइम लगाते हैं,1,0,2026-03-20 08:27:51+00:00,
1027,d1f5fd40-f780-4c24-848d-f02cd859bfac,Meesho,google_play,hi,यह ऐप अच्छा है और अच्छे अच्छे प्रोडक्ट मिलते हैं एवं समय पर पार्सल डिलीवरी हो जाता है,5,2,2026-03-20 06:51:52+00:00,27.2
1028,e1cab20f-747f-4fff-8585-4bab4cd427c3,Meesho,google_play,hi,good very good,5,0,2026-03-20 05:38:29+00:00,27.2
1029,4c50d936-48a1-4782-9011-42dc85ac46ec,Meesho,google_play,hi,bahut aachha hai,5,0,2026-03-19 23:43:08+00:00,27.2
1030,b372927a-7642-4490-9b8e-0e2d971c6ecb,Meesho,google_play,hi,bohut acha,5,0,2026-03-19 21:57:24+00:00,27.1
1031,800191c4-1e3c-4b91-9104-facee862f638,Meesho,google_play,hi,bahut jyada badiya aap or kam dam me milne wale product or service bhi beast hai aur business bhi kar sakte hai ❤️🙂,5,0,2026-03-19 21:53:26+00:00,
1032,f8aaf3cc-9544-4ebe-aeba-c8892b348f74,Meesho,google_play,hi,Verification field bataya,1,0,2026-03-19 21:12:34+00:00,27.2
1033,a65b021f-0fa6-43e1-ae6e-fe6a2807d2ce,Meesho,google_play,hi,मेरा नम्बर विरिफाई नही हो रहा है इह ठिक करो युजर वेरिफाई फिल्ड बता रहा है जितना हो सके उतना जल्दी ठिक कर सर 🙏,5,0,2026-03-19 17:35:21+00:00,26.9
1034,4b321dda-a03a-4d8f-9b24-28f8bea3ae67,Meesho,google_play,hi,yaha bahut badiya aap hai,5,0,2026-03-19 17:28:55+00:00,26.9
1035,87a4f1c8-5d59-47ed-b031-279e6fd4a516,Meesho,google_play,hi,मेरा ऑर्डर क्यों नहीं हो रहा है सर,5,0,2026-03-19 16:04:17+00:00,27.0
1036,517af417-3328-4114-9224-bd95dcb47811,Meesho,google_play,hi,sabse accha sopping app hai ye isse jyada saste kapde kahi bhi nahi milte thank you meesho,5,0,2026-03-19 15:37:15+00:00,27.1
1037,b9122865-9b3f-4f8f-a64e-08a521d8f444,Meesho,google_play,hi,meesho nhi chalta,5,0,2026-03-19 14:09:21+00:00,27.2
1038,5ec65962-8f7d-4e42-aa74-f299aa19c3ae,Meesho,google_play,hi,अच्छा है बस डिलीवरी 48 घंटे में करने की सुविधा देगी जगराओं को जिससे ग्राहक खुश हो और शॉपिंग करें,5,3,2026-03-19 13:45:14+00:00,27.2
1039,08e284ed-7eb8-4308-b22f-e03da568a9e0,Meesho,google_play,hi,I opinion is that app is useless Because my order is rutern and it sow return failed they did not give my money back and not give my order please is app per viswas nahi karna starting me 5 Star Jalsa melja,1,0,2026-03-19 13:27:40+00:00,27.2
1040,58a35e59-a978-4f98-8c26-794c5d836f1e,Meesho,google_play,hi,good product 👌,5,0,2026-03-19 12:53:59+00:00,27.1
1041,2c6edce0-9971-4ed4-9c4c-74baa1558c89,Meesho,google_play,hi,kapada kharidna,5,0,2026-03-19 12:11:16+00:00,
1042,4c85894a-1b11-49a3-8316-3bbbdededd0c,Meesho,google_play,hi,बहुत अच्छा और भरोसेमंद ऐप है,5,0,2026-03-19 12:09:38+00:00,27.2
1043,ad8cbd78-be65-4753-8e26-52feeec783f7,Meesho,google_play,hi,बहुत बेहतर,5,0,2026-03-19 11:10:53+00:00,
1044,0cdf2e4f-d1f4-4758-8752-caa561408d1d,Meesho,google_play,hi,bhut Sundar hai,5,0,2026-03-19 10:35:28+00:00,27.2
1045,72ab0702-cbf5-41a0-b062-4f0b71b6dbc8,Meesho,google_play,hi,bahut jada acha hai,5,0,2026-03-19 10:06:55+00:00,
1046,cfef8661-1e4b-4123-831a-550d0d8bf918,Meesho,google_play,hi,kam price me bhahut badiya chiz,5,0,2026-03-19 09:30:13+00:00,
1047,ccdf8c93-b5ea-421a-baec-57091001e53a,Meesho,google_play,hi,isme cash on delivery ka option nahi aa raha hai aur ye zaruri nahi hai ki sab koi online payment he chalta Ho ye bhout bura laga mujhe main aspse request karti hu cash on delivery ka option kar dijiye,1,0,2026-03-19 08:51:39+00:00,27.1
1048,b9c53a9a-e8ef-40da-9cf7-46dedf9500c0,Meesho,google_play,hi,समान सही नहीं है,4,0,2026-03-18 23:45:44+00:00,
1049,a8aced85-fddc-4afa-b5f3-d5adf19579b4,Meesho,google_play,hi,yah app bahut jabar dast he,5,0,2026-03-18 20:41:15+00:00,27.2
1050,72948fe6-07de-425b-a1a3-a9e02f4889e0,Meesho,google_play,hi,मीसो में जल्दी ऑर्डर नहीं आता है मैंने एक बल्लभ आया था एक महीना के बाद उसने लाख दिया,5,1,2026-03-18 18:07:22+00:00,26.9
1051,4916dd8d-51d2-47b0-a52e-c41fa252f96e,Meesho,google_play,hi,बहुत अच्छा ऐपहै,5,0,2026-03-18 17:00:05+00:00,27.2
1052,3200d609-6f30-4a85-97a9-92ffc4d8e996,Meesho,google_play,hi,l love u meesho,5,0,2026-03-18 16:13:12+00:00,27.1
1053,f70341a6-f200-4088-b784-418cfee80838,Meesho,google_play,hi,अच्छा सर्विस,5,0,2026-03-18 09:56:12+00:00,26.9
1054,f2a07dcb-c9f4-4cc6-92f1-6f71e7956b34,Meesho,google_play,hi,aachha app hai,5,0,2026-03-18 08:16:28+00:00,27.2
1055,d189828f-ea14-4441-a9ce-767725ed9dcc,Meesho,google_play,hi,ji kanchan,5,0,2026-03-18 08:15:43+00:00,
1056,926488a0-3836-4bf8-911d-53bc09e92b5e,Meesho,google_play,hi,achha app hai,5,0,2026-03-18 08:02:27+00:00,27.0
1057,e5c813e2-82a3-422a-88fc-f71f23af3188,Meesho,google_play,hi,love you 💕,5,0,2026-03-18 07:45:17+00:00,27.1
1058,69285163-0281-42df-9833-9f040f4d31e0,Meesho,google_play,hi,Rahul Kumar 4G 👍 Jio,1,0,2026-03-18 01:36:52+00:00,27.1
1059,a1bbc17d-570b-4902-b5bb-37e59d2ce38c,Meesho,google_play,hi,very nice shopping app,5,0,2026-03-17 22:51:07+00:00,27.1
1060,a65e306f-0618-46c2-bc21-ad9f2423e681,Meesho,google_play,hi,sab theek Hai Magar delivery boy jyada der tak nahin rukta Hai,5,0,2026-03-17 21:35:26+00:00,27.0
1061,2d7539fd-4b18-4b5b-a4a8-537784d3ea61,Meesho,google_play,hi,sab thik hai par kuch order nhi ho rha,5,0,2026-03-17 21:23:04+00:00,
1062,d8529a13-6f4e-415a-bd2b-e6099db5d3f6,Meesho,google_play,hi,मेरे यह मीशो एप खुल नहीं रहा है कंपनी से बोल रहा है बात करने को इसे सही करें,3,0,2026-03-17 21:00:01+00:00,25.4
1063,09b19336-6e55-493a-a760-d6f49917828d,Meesho,google_play,hi,delivery time per nahi hoti aur agent phone karne per cut kar deta hai,1,0,2026-03-17 19:56:37+00:00,27.1
1064,6527537f-c986-476b-98dd-d999ab2b77ed,Meesho,google_play,hi,mast or sakta minho aap,5,0,2026-03-17 19:52:45+00:00,27.1
1065,0069010e-800f-43d6-b89c-e2320540b1d6,Meesho,google_play,hi,अच्छा है पर मेरे कैश ऑन डिलीवरी का ऑप्शन नहीं आ रहा है,5,0,2026-03-17 18:13:45+00:00,
1066,717ff8a6-8e7b-4288-9a8f-cc89e861d0d5,Meesho,google_play,hi,wow kitna badiya hai,5,0,2026-03-17 17:56:23+00:00,23.7
1067,0f876786-a03e-495e-9929-04100b0f76a7,Meesho,google_play,hi,बेकार एप्लीकेशन ने आर्डर होने के बाद भी आर्डर नहीं पहुंचा,1,1,2026-03-17 17:37:38+00:00,27.1
1068,4663b958-6b77-42d6-a247-a8f38897e8f0,Meesho,google_play,hi,muje ye app bhut good laga,5,0,2026-03-17 16:38:50+00:00,
1069,c10bab31-a421-499c-879c-81096350e1d0,Meesho,google_play,hi,ok💗good 👏👌,4,0,2026-03-17 14:28:05+00:00,27.1
1070,76109eda-d2f9-42b8-a1e7-d5277744f78c,Meesho,google_play,hi,sirf naam ka hai meesho order milta nahin hai idhar order karne per bhi nahin milta,1,0,2026-03-17 14:21:37+00:00,27.1
1071,55683486-b4e2-405b-b817-4c3e72b9d29c,Meesho,google_play,hi,जो भी आर्डर करते हैं सही टेम पर मिलते हैं और बहुत ज्यादा सुन्दर आते हैं जैसे हम चाहते हैं,5,0,2026-03-17 14:21:27+00:00,
1072,7b167d77-92b6-49da-8ca5-3645d25e2375,Meesho,google_play,hi,बहुत अच्छा ऐप है इसकी अच्छी डिलीवरी है और जल्दी डिलीवरी प्राप्त होती है धन्यवाद मेशो!,5,0,2026-03-17 13:39:12+00:00,
1073,cd016b89-a8eb-4c45-8e1c-93c09514b909,Meesho,google_play,hi,यह बहुत अच्छा है,5,0,2026-03-17 12:32:22+00:00,27.1
1074,82617f4f-cbd1-4f01-aee8-9e774b5a6d6c,Meesho,google_play,hi,अच्छी सुविधा है घर बैठे हर समान मिलता है रिटेन की सुविधा भी अच्छी है कोई तिक्त नहीं होती है,5,4,2026-03-17 11:57:34+00:00,27.1
1075,40b77344-a680-4c21-b7de-f1e4346116f7,Meesho,google_play,hi,very nice😊,5,0,2026-03-17 11:43:31+00:00,24.3
1076,d7259513-b27a-4721-a6e4-ec9d5bc2cdef,Meesho,google_play,hi,हम मिसो ऐप ईस माल नही कर पा रहे है,5,0,2026-03-17 10:00:19+00:00,
1077,954e6e77-dbe2-4a23-b2c8-e10ddbbbf303,Meesho,google_play,hi,oppion meesho,1,0,2026-03-17 09:57:21+00:00,27.1
1078,b1f954ac-d558-4804-81d1-5ce7fcd072b5,Meesho,google_play,hi,this is good online odered app,5,0,2026-03-17 08:47:20+00:00,27.1
1079,aea8bc14-03e0-4fc6-84b2-c027db4e9ad1,Meesho,google_play,hi,yah bahut ghatiya application hai isane mere account Ko bagair Kisi galat kam ke band kar diya hai,1,1,2026-03-17 07:48:55+00:00,27.2
1080,83a8b126-7265-4b69-9b2b-d9fa0e1ba8d8,Meesho,google_play,hi,अच्छा ऐप है अच्छा सामान आताहै समान नहीं आने पर पैसा रिफंड कर देता है,5,1,2026-03-17 00:06:08+00:00,27.0
1081,3beacaac-d9c3-4f18-a910-385f8b364a95,Meesho,google_play,hi,बहुत ग़लत ए,1,0,2026-03-16 22:57:44+00:00,24.3
1082,010bf82b-d71a-4895-b044-f6e2c1762ee5,Meesho,google_play,hi,बहुत पसंद है,5,0,2026-03-16 21:47:35+00:00,26.9
1083,6f1dc33e-c3b6-4d6e-af48-ae44cba0d25a,Meesho,google_play,hi,बहुत सुन्दर है,5,0,2026-03-16 21:04:29+00:00,27.0
1084,0f0cbbd7-aa8d-4992-b42a-5643c9ef4d51,Meesho,google_play,hi,yah app bahut hi badhiya app hai jisse Maine shopping ki hai to use mujhe bahut jyada Labh prapt hua hai,5,0,2026-03-16 20:10:18+00:00,18.3.1
1085,c81f3bd7-02b8-432b-9b2c-6b652e7807d0,Meesho,google_play,hi,"मिशो बहुत अच्छा प्लेट फार्म है, हर चीज बढ़िया व सही रेट में मिल जाती है।",5,3,2026-03-16 19:24:55+00:00,27.1
1086,8114e1b8-19fc-4cd3-af33-2ce0b5af115b,Meesho,google_play,hi,nice 👍 app,5,0,2026-03-16 18:59:13+00:00,27.1
1087,f9e1448a-4563-4020-81fe-a0073bee6670,Meesho,google_play,hi,suppray hui his,5,0,2026-03-16 18:19:08+00:00,
1088,011efe56-eae4-475c-914b-a0b1b0969f52,Meesho,google_play,hi,bahut hi achha aap hai jo bhi saman magao vo kam price me milta hai,5,0,2026-03-16 17:32:35+00:00,27.1
1089,acbca451-9f1e-43ad-946e-1b0927bf47d9,Meesho,google_play,hi,gift milega to 5 star rating de rakhe rakhunga lekin gift nahin mila to nahin bata dunga,5,0,2026-03-16 17:24:36+00:00,
1090,a3ecb63d-b5e1-4bf5-8a19-0edaf0f61485,Meesho,google_play,hi,shi bhut acha bdiya offer ke shat online shoping bi kar skte yagaga babvaha hVvAhh hHhHH hHhHH JHBHh JHH,5,0,2026-03-16 17:07:21+00:00,
1091,53435be2-13a9-4fa9-ade7-863b4c5c79f1,Meesho,google_play,hi,bahut Achcha App se hai yah,5,0,2026-03-16 16:36:39+00:00,
1092,be171cd4-0ccd-454b-b372-c60dfc1c216c,Meesho,google_play,hi,ye bahut bahut achha hai isme bahut achha saman milta hai,5,0,2026-03-16 13:58:11+00:00,26.9
1093,bad66ec9-0796-4e38-ba30-127d2cdccf32,Meesho,google_play,hi,"kuch had tak thik hai, jayadatar mal satock me nahi rahta",5,0,2026-03-16 12:36:34+00:00,27.1
1094,a42d96ac-01ed-4f32-b0fe-e5b5aa9e4034,Meesho,google_play,hi,meesho app bahut badhiya online saman kharidne wala aur agar aapko product hai to aap ise aasani se order wapas kar sakte hey I love meesho ❤️❤️❤️❤️😘😘😘😘❤️😘❤️😘😘,5,1,2026-03-16 11:04:45+00:00,27.0
1095,4194e974-086f-45e3-86e2-943c88da5baa,Meesho,google_play,hi,is app se bahut hi shandar shop kar sakte he iske product bahut acgr he,5,0,2026-03-16 09:40:38+00:00,27.0
1096,238cc098-06fd-4ed8-a3f2-a816d32de549,Meesho,google_play,hi,good app and discount available items good quality,5,0,2026-03-16 07:59:40+00:00,
1097,82cfa2fb-9bd0-40b9-ae1e-432ac4075e1a,Meesho,google_play,hi,yah app bahut Achcha hai लेन-देन ke bare mein,5,0,2026-03-16 07:44:12+00:00,27.1
1098,e22978f0-53d0-4cad-a68d-91518a87021a,Meesho,google_play,hi,cash on delivery 🚚🚚 not available 😕😞 please check with my account 😞😞,1,0,2026-03-16 07:42:49+00:00,27.1
1099,2570e9c2-1be0-4744-915b-91982cae4203,Meesho,google_play,hi,good very good app👍,5,0,2026-03-16 00:18:12+00:00,27.1
1100,ac83fdc2-d808-4e7d-b968-a3f33ab89560,Meesho,google_play,hi,बेचते समय 5 नग बताता है डिलीवरी करते समय 1नग देता है 😢,1,1,2026-03-15 23:20:42+00:00,27.0
1101,d464f0b5-1944-472f-b6f3-de5f84d10f7f,Meesho,google_play,hi,very Useful app,5,0,2026-03-15 22:44:07+00:00,27.1
1102,4286e412-8077-4990-a445-87068dcc160b,Meesho,google_play,hi,mera missho nhi khul rha kese kholu,5,0,2026-03-15 22:41:40+00:00,27.1
1103,50c07444-7773-4502-a839-87e9ca500546,Meesho,google_play,hi,local app fake🤢🤢,1,0,2026-03-15 20:05:20+00:00,27.1
1104,c2acd3c0-7355-425e-ab65-59b1a2a1461f,Meesho,google_play,hi,bhut achha hai,5,0,2026-03-15 19:15:04+00:00,26.5
1105,7ab93305-36ec-4dfd-aa0b-3c4312ea0434,Meesho,google_play,hi,bahut accha hai,5,0,2026-03-15 18:49:57+00:00,27.1
1106,b1564077-97eb-4cc7-87b7-fb7ce3b72a13,Meesho,google_play,hi,jo bhi saman mangaye bahut achcha nikle,5,0,2026-03-15 17:43:52+00:00,
1107,77a768d8-7022-4f28-a430-757494dce44f,Meesho,google_play,hi,🥰 बहुत अच्छा है मीशो 🥰,5,0,2026-03-15 17:24:11+00:00,27.1
1108,63e83220-f41b-41c7-8519-e1aed61d2a67,Meesho,google_play,hi,👌👍👍👍👍👍🙏मीसू पर स्पीकर खूस रहो,5,1,2026-03-15 16:58:07+00:00,27.0
1109,60ad79fe-2dcb-49c6-86d5-be306b747082,Meesho,google_play,hi,meesho ऐप अच्छा है प्रोडक्ट भी अच्छे देता है पर सेवाये अच्छी नहीं देता meesho ने मेरे साथ एक चीट की है मैने रेफरल करके ऑर्डर कंप्लीट कराया था लेकिन meesho ने मुझे मेरा अमाउंट नहीं दिया साथ में मेरा बहुत पूरा 1 महीना टाइम वेस्ट किया मै बस यही कहूंगी कि आप ऑनलाइन शॉपिंग करो बट यहां से रेफर मत करना,1,3,2026-03-15 15:52:46+00:00,27.0
1110,ef98786c-c055-4d17-913a-84113eea66cb,Meesho,google_play,hi,ऑनलाइन शॉपिंग के लिएबहुत अच्छा गाना मुझे तो बहुत पसंद है बाकी का पतानहीं,5,0,2026-03-15 15:11:50+00:00,11.4.1
1111,3ec3e5c5-c40b-48cd-b697-d9e247a232ec,Meesho,google_play,hi,achha product pehchata hai,5,0,2026-03-15 15:08:28+00:00,27.1
1112,aa86b9dd-0ea4-40de-8392-f158b7d3d845,Meesho,google_play,hi,bahut koja,1,0,2026-03-15 14:23:59+00:00,27.1
1113,42bf25c9-d85a-4257-a12e-b3044151c6cb,Meesho,google_play,hi,nai anubhav,5,0,2026-03-15 14:11:53+00:00,27.1
1114,b3f35875-c343-4a02-a855-26ab729283c0,Meesho,google_play,hi,बहुत ही घटिया ऐप सही,1,0,2026-03-15 13:45:03+00:00,26.9
1115,4a78f54b-21a1-45e1-b56a-6c2222138417,Meesho,google_play,hi,best meesho online shopping app 🛍️🛒👍,5,0,2026-03-15 12:37:49+00:00,
1116,2eee679b-11a9-4e02-afb7-b7a095d620b9,Meesho,google_play,hi,बहुत अच्छा लग रहा है,5,3,2026-03-15 11:04:38+00:00,27.1
1117,65f395d1-9019-42a2-bbed-2e7fb8701c82,Meesho,google_play,hi,bhai aap thoda jalde bhijdeyakaro odar,5,0,2026-03-15 10:32:11+00:00,27.1
1118,5412e646-fdde-487a-89b1-43f61131d3c1,Meesho,google_play,hi,best app for marketing and shopping,5,0,2026-03-15 09:14:03+00:00,27.1
1119,220492a4-1d51-4c97-ad4b-335247886242,Meesho,google_play,hi,all Markit me nambar 1 app he abhi tak,5,0,2026-03-15 09:10:30+00:00,
1120,8328599c-4b36-41a1-aedd-5580fb91aff3,Meesho,google_play,hi,best app forever❣️,5,0,2026-03-15 09:03:05+00:00,
1121,635682fc-9bc4-4d14-a003-532496252e3a,Meesho,google_play,hi,mere samne nahi order ho raha hai,5,0,2026-03-15 08:11:25+00:00,27.1
1122,22bed03d-1024-4df0-9fa0-ce84569cbaac,Meesho,google_play,hi,yaha ak acha hai,5,0,2026-03-15 07:09:17+00:00,27.1
1123,1f450719-989f-4b2a-9353-c7cf74a4ac60,Meesho,google_play,hi,sabse acha hai,5,0,2026-03-15 06:29:24+00:00,27.1
1124,428cab80-6249-4d6b-a9d9-6d8ab1bd83cb,Meesho,google_play,hi,अच्छा ❤️‍🩹,5,0,2026-03-14 23:42:27+00:00,
1125,cc0f1c59-606d-4fda-80d6-eccbb4641ecb,Meesho,google_play,hi,hallo messo,5,0,2026-03-14 21:12:21+00:00,27.1
1126,958b2c28-9cfa-46de-8c0d-66cf63212d8b,Meesho,google_play,hi,yah app bahut achcha app hai,5,0,2026-03-14 20:32:20+00:00,27.0
1127,a45d1f8b-0c31-4560-82b1-9eac598ab358,Meesho,google_play,hi,nice dilivery time se pehele aa jate hai,5,0,2026-03-14 19:46:52+00:00,27.1
1128,d9731083-0ae1-46c0-a26f-25453a9a5a2c,Meesho,google_play,hi,very nice miss you,5,0,2026-03-14 19:27:58+00:00,27.1
1129,c46d07f4-7c66-4337-b908-1ac462ee48a0,Meesho,google_play,hi,यह एक बहुत अच्छा ऐप है,5,0,2026-03-14 18:50:02+00:00,
1130,4c2bec49-4d12-4d58-9307-d85e075c12fd,Nykaa,google_play,en,amazing app for beauty products,5,0,2026-03-31 22:07:04+00:00,3.9.5
1131,f0e515b0-eb7c-4bd3-96c6-86dba5c9644c,Nykaa,google_play,en,love you nykaa,5,0,2026-03-31 21:59:07+00:00,
1132,a3368455-0787-4d06-8cfc-3f7d19ce802c,Nykaa,google_play,en,thank you 😊,5,0,2026-03-31 21:53:29+00:00,3.9.5
1133,175eb935-5b01-422c-8c07-1a9818281009,Nykaa,google_play,en,nice shopping great discount fast delivery nice product suggestions thank you Nyka,5,0,2026-03-31 21:22:47+00:00,3.9.3
1134,014c66a9-82b6-46e4-a3aa-2dfd1001a7c2,Nykaa,google_play,en,worst application,1,0,2026-03-31 21:11:36+00:00,3.9.5
1135,821c2141-53b4-4fb5-a501-173bee50a3fd,Nykaa,google_play,en,let's see how the product is,5,0,2026-03-31 20:56:47+00:00,3.9.5
1136,f840625d-c6ff-4a5d-b3af-0b8a91349e1e,Nykaa,google_play,en,thank you nykaa,5,0,2026-03-31 20:48:54+00:00,3.9.4
1137,8b828cb2-db21-4e7a-b61b-096f54365f17,Nykaa,google_play,en,I have worst experience. that's my brother's account I am giving feedback bcoz what they did everyone should know I ordered a product and that's wrong what I ordered I try to return it twice but return request is rejected and after that I try to customer care and I didn't get positive response they told me to wait and when I call after 4 days they give me a insane reason that you have to call with registered number. For return request i have to make recharge first then contact them,1,0,2026-03-31 20:48:18+00:00,
1138,3dcb0bb8-f988-4929-85e5-6accc04d7e88,Nykaa,google_play,en,my first Order 🥰,5,0,2026-03-31 20:40:26+00:00,3.9.5
1139,b62fbbb1-5a4a-49b5-8ca4-515b57278b95,Nykaa,google_play,en,very nice app for beauty products and get discount on your first order my opinion must try best quality 🎀🌸,5,0,2026-03-31 20:05:15+00:00,
1140,48d71d18-fbf3-4f0e-a25a-b8463acde8ad,Nykaa,google_play,en,nice products 💞,4,0,2026-03-31 19:23:57+00:00,
1141,6da95d53-b675-4c2d-b717-a72b81078d44,Nykaa,google_play,en,with nykaa I get good experience,5,0,2026-03-31 19:10:14+00:00,3.9.3
1142,b7714880-ece3-4777-a329-965578987005,Nykaa,google_play,en,Chandni iraqui Chandni iraqui nice product,5,0,2026-03-31 19:01:17+00:00,3.9.5
1143,b2847c45-a594-4fc6-b374-c9563839522b,Nykaa,google_play,en,fast dilivery,5,0,2026-03-31 18:55:32+00:00,3.9.4
1144,767b1772-fb01-413c-ad91-7d1b142bea61,Nykaa,google_play,en,"tym s order nhi ate ... 17 ko kia tha aj 31 h 21 ko ana tha abhi tk ni aya ab bolre h 7,8 din aur w8 kro",1,0,2026-03-31 17:27:27+00:00,3.9.5
1145,4104dc87-f60b-454a-967c-5c1fd3a43d3c,Nykaa,google_play,en,jald aao dene,2,0,2026-03-31 16:41:56+00:00,3.9.4
1146,692e8bc1-b0e9-4d06-ae1f-8dd0d884e57b,Nykaa,google_play,en,my first order is not good but I wish that my second order is better than before 💫,3,0,2026-03-31 16:39:56+00:00,3.9.4
1147,4f0b6f67-2a75-4e84-968f-3ef1ea081cd4,Nykaa,google_play,en,I didn't received my order till now i placed order at 17th march but till know i didn't receive order or any update,1,0,2026-03-31 16:22:58+00:00,3.9.5
1148,1b3c125b-6df4-4e56-9018-a804e3211e0b,Nykaa,google_play,en,good facility,5,0,2026-03-31 16:11:42+00:00,3.9.5
1149,e4911824-f0ef-47b7-9669-b6ec18671528,Nykaa,google_play,en,always available,5,0,2026-03-31 16:09:19+00:00,3.9.4
1150,9733b025-9bf0-4161-8772-662d07ea9534,Nykaa,google_play,en,good offers,4,0,2026-03-31 15:56:51+00:00,3.9.5
1151,d125e889-7f6f-4795-8046-5a032c0b5b7d,Nykaa,google_play,en,i like it rosemary & rice water ❤,5,0,2026-03-31 15:52:34+00:00,3.9.5
1152,2d2a4be3-b825-485a-bb00-93aad76867f3,Nykaa,google_play,en,worst experience,1,0,2026-03-31 15:33:16+00:00,3.9.5
1153,ad0a77b3-997b-4a15-a566-c19724c257ee,Nykaa,google_play,en,thanku nykaa this is my 1 st order and you save my money more than my expectation thanku..,5,0,2026-03-31 14:49:02+00:00,3.9.5
1154,fb60ee5d-d0ab-4e82-9e93-4c089e7a0fda,Nykaa,google_play,en,app is very good,5,0,2026-03-31 14:48:07+00:00,3.9.5
1155,4a8b71cd-abc0-4dd3-a40c-012029ab6312,Nykaa,google_play,en,never disappoint with nykaa,5,0,2026-03-31 13:48:12+00:00,3.9.4
1156,6bdea03b-2da5-4bd9-bf00-205917cb4410,Nykaa,google_play,en,very nice aap,5,0,2026-03-31 13:29:44+00:00,3.9.5
1157,caf03bf2-2e7e-4af2-a0bb-152f914a166a,Nykaa,google_play,en,quality product and service packages,5,0,2026-03-31 12:36:11+00:00,3.9.4
1158,39395f6f-ac78-41cb-a82a-447ad37b5986,Nykaa,google_play,en,More expensive,1,0,2026-03-31 12:15:30+00:00,
1159,2290b8f6-c277-4044-9027-fce07dcebfa6,Nykaa,google_play,en,"I ordered from Nykaa first time, and I feel their service is very poor, Firstly it delayed the order by 3 days, and when I get the product one of the product was missing, I contact to customer care, they said raise a complaint through mail, I did the same, Now they're saying from our end product is dispatched, so I can't do any kind of help, I asked to refund they denied. I don't think this is a trustable application. & if anyone ordere from this please don't do prepaid order.",1,0,2026-03-31 11:40:28+00:00,3.9.5
1160,653936e2-d747-4007-8bec-e19f7932ef91,Nykaa,google_play,en,I'm trying this app for the first time that why I'm send review after the delivery,3,0,2026-03-31 11:28:51+00:00,3.9.5
1161,7ab03a22-49d2-4d60-b734-178d6832293f,Nykaa,google_play,en,best quality and service naykaa a good 👍🏻😊 option shoping 🫶🏻,5,0,2026-03-31 10:54:24+00:00,3.9.5
1162,1a6e4e9e-4533-4ec6-a644-b02e4aadd08d,Nykaa,google_play,en,app Page is slow working,4,0,2026-03-31 10:51:52+00:00,3.9.5
1163,87120189-cea9-45a3-b23d-f85136944437,Nykaa,google_play,en,I love their products but their delivery service and customer support is very bad. it's been 3 days my order is not delivered and their support agents are literally wasting my time. onthe other hand their delivery executive incorrectly marked my order undelivered. not satisfied,2,0,2026-03-31 10:26:35+00:00,3.9.5
1164,af5b88b3-0b6a-4e3c-b002-6fb867307084,Nykaa,google_play,en,the worst app I have downloaded.. even after this i mailed them and the situation was worse. even their customer care service is bad!!,1,0,2026-03-31 09:11:37+00:00,
1165,921994ae-568b-47ed-b6f6-a7be2e7d0723,Nykaa,google_play,en,very good app 💯,5,0,2026-03-31 07:51:13+00:00,3.9.2
1166,f3fabdd3-5180-4600-a787-ce23f1e03f77,Nykaa,google_play,en,simply superb,5,0,2026-03-31 05:50:17+00:00,3.9.5
1167,48d72708-71f7-4519-9bf9-c134c916c7d0,Nykaa,google_play,en,"it's really good because from other platforms if we order it doesn't come back collectively,but here in sale prices r low n everything 😭 comes together sooo it's another level of joy",4,0,2026-03-31 04:54:04+00:00,3.9.3
1168,577acbaf-6791-45b6-8a36-10cbeb918720,Nykaa,google_play,en,"trusted App, good service & better price",5,0,2026-03-31 02:57:35+00:00,3.9.4
1169,978aaf44-1c11-4209-a41e-db4f93ad19d2,Nykaa,google_play,en,"Very disappointed with Nykaa. They have delivered the wrong product multiple times, and sometimes the quality is very poor. This is not a one time issue.Worst part is they don’t take responsibility returns get rejected or ignored. For such an expensive platform, this service is unacceptable. Not recommended. Customers trust Nykaa and spend their money, but in return, they get careless service and no proper support. This is highly unprofessional.",1,0,2026-03-31 01:37:42+00:00,3.9.5
1170,e9c1b39d-4986-43f1-bcb3-ad5c4e683105,Nykaa,google_play,en,thnku to naykaa,5,0,2026-03-31 01:05:03+00:00,3.9.3
1171,5c5633ec-1270-40bd-a9f4-2506c3fd4fd2,Nykaa,google_play,en,nice product 😀,5,0,2026-03-30 23:45:21+00:00,3.9.5
1172,f805302f-66cf-4195-b420-66be02c8510e,Nykaa,google_play,en,I purchase mantra items from Nykaa.I love all goods.Thanks.,5,0,2026-03-30 23:15:42+00:00,3.9.4
1173,d26273d7-0619-4645-ac8b-4e57e6b8fb68,Nykaa,google_play,en,"Extremely disappointing experience with Nykaa. My order was delayed multiple times and despite the delivery agent calling me, the product was never actually delivered. Shockingly, the app then marked the order as “Delivered” I immediately raised a complaint and emailed them, but there have been no updates, it has been a week. Would not recommend ordering unless you’re okay risking your money.",1,0,2026-03-30 22:57:22+00:00,3.9.4
1174,f4bd209a-6493-497b-9be8-39acd88fdd48,Nykaa,google_play,en,I love it this,5,0,2026-03-30 22:41:34+00:00,3.9.4
1175,5d805f3a-14e0-4922-b847-e63cc7479d83,Nykaa,google_play,en,awesome offer,5,0,2026-03-30 21:43:38+00:00,
1176,a203556e-66a2-4736-9dfe-e9fe2829a675,Nykaa,google_play,en,I like nykaa it's vary lovely products,5,0,2026-03-30 21:24:48+00:00,3.9.5
1177,a4ce7903-c8d0-4b25-99bf-20ecbd7c63c3,Nykaa,google_play,en,I love it🫶,4,0,2026-03-30 21:08:39+00:00,3.9.4
1178,26746f05-f680-4786-94d1-794c7ec152c8,Nykaa,google_play,en,worst experience... worst service... not even deserve one star,1,0,2026-03-30 21:02:03+00:00,3.9.4
1179,9109353e-9b04-4853-885f-fcb618c60199,Nykaa,google_play,en,lot of struggles in order placing ... doesn't feel like user friendly,1,0,2026-03-30 20:58:47+00:00,3.9.5
1180,2c9218e5-53e4-40af-b2a3-a0d602d07a64,Nykaa,google_play,en,such a bad experience I ordered brush and didn't like quality mene return request dala accept nahi kara or bolre he open he how can I know brush quality without open it ghante jesi tumhari policy pink sales me expired or open product dete ho tab kaha jati he policy bakwas service he or call karke bolre he feedback dlt karo,1,0,2026-03-30 20:52:02+00:00,
1181,24476bfe-4498-4c5f-b041-36cfee25bf71,Nykaa,google_play,en,i ordered one product in several times but u not delivered on time 🤌🏻very bad experience,1,0,2026-03-30 20:35:25+00:00,
1182,c70291a9-0971-4b19-bdbb-f16a792df8f0,Nykaa,google_play,en,best app for skincare,5,0,2026-03-30 20:33:50+00:00,3.9.4
1183,df76b8de-1b8e-420b-b965-dc119e134335,Nykaa,google_play,en,I just love it,5,0,2026-03-30 20:01:34+00:00,3.9.4
1184,37fd8bb5-ff0f-4558-b99c-d4b9c640144f,Nykaa,google_play,en,"i ordered a LED mask for 10,000 ..but with in 3months it stopped working.whn I called Nykaa customer care..they told me that I should talk to the original company n provided me their number. That Led mask company Signaxo didn't respond properly and told it can't be replaced.Here Nykaa mailed me that they can't do anything.. I ordered this product via Nykaa platform and got scammed for 10,000. I hv uninstalled it.",1,0,2026-03-30 18:51:48+00:00,3.8.7
1185,ff6926ac-a366-4272-afbb-a6be9415bf33,Nykaa,google_play,en,app is really good I love to shoping at nykaa but the delivery partner can't deliver my parcel pls can u make sure about he also want extra money to delever my parcel,5,0,2026-03-30 18:43:37+00:00,3.9.5
1186,9179925a-f5cc-4082-b884-180b04da9486,Nykaa,google_play,en,It is a nice platform when compared to other beauty apps,5,0,2026-03-30 18:40:26+00:00,3.9.5
1187,5ec9942e-a965-4219-9ee9-4da9a89568f0,Nykaa,google_play,en,"worst shopping platform. please do not fall for the original brands scam. delivery is very poor and inconvenient. Even though due to someone else's fault your delivery is missed, then also they cancel your order.... no value for the time of the customer. They will show 2 day delivery then keep delaying it day by day and after 1 month also you will not receive your order. customer support is also very poor.",1,0,2026-03-30 18:29:16+00:00,3.9.4
1188,795814f3-9c94-4e17-af0a-5dbb589b5a97,Nykaa,google_play,en,Nykaa you r my best friend ever thank you so much for the best offers 😍,5,0,2026-03-30 17:15:01+00:00,3.9.4
1189,dba354f1-2bdf-428d-98ae-173f82acf0e4,Nykaa,google_play,en,best deals and better conveniences for all feminines.,5,0,2026-03-30 16:33:18+00:00,3.9.4
1190,e4e7138c-9123-4066-97c5-83a48cca6e69,Nykaa,google_play,en,nykaa is best,5,0,2026-03-30 16:27:53+00:00,3.9.4
1191,56f4ace2-890a-4920-b7f0-38a35e0d7256,Nykaa,google_play,en,excellent 👌👌,4,0,2026-03-30 16:01:27+00:00,3.9.5
1192,55c646a4-a546-4c42-9642-fe253ddee381,Nykaa,google_play,en,hate this app. can't even contact them properly,1,0,2026-03-30 15:59:37+00:00,
1193,2c4c1e48-4a8e-4e78-a638-f5139ec65211,Nykaa,google_play,en,i have ordered two sunscreen from nykaa which is from gabit but I got only single product from dot and key and this is already third time I have tried to return that product but they didn't update or provide any information when rider upload pic they didn't respond anything very bad behaviour from gabit and totally scam from this app if they can't provide the proper costumer service then they should provide proper product atleast we have paid money to get wrong product wow what a service Nykaa,1,0,2026-03-30 15:54:40+00:00,3.9.5
1194,aee6d5d5-6ac9-4658-aeb1-d29a1e877f94,Nykaa,google_play,en,"Everything about the app good but one thing is that some things are never back in stock. For example mars bestsellers, it's been a month since I have been waiting for it to be restocked but still they haven't, I find it super disappointing. If they could fix or do something about it , it would be appreciated.",4,0,2026-03-30 15:48:06+00:00,3.9.4
1195,b6bf27e2-861b-4832-8500-19ec0dd4d5f8,Nykaa,google_play,en,"I ordered a product from the app nykaa and it has not been delivered to my home yet. I checked and ordered on 25th March. It was showing on the app that it was delivered on 27th. But I did not receive the order and I did not share any otp. So who gave my order? I want my money back. Nyka 296. If this continues, no one will shop at Nyka Varun and I will never buy online again. My money has been lost. I have also called the customer care. But there is no response from them.",1,0,2026-03-30 14:57:18+00:00,3.9.4
1196,07aef7cc-9c3b-4c59-b035-576397d5e073,Nykaa,google_play,en,best product 👌,5,0,2026-03-30 14:34:03+00:00,3.9.5
1197,d23acbb7-d21d-41a8-982d-25f410a4ae45,Nykaa,google_play,en,trust app iam happy 😊,5,0,2026-03-30 14:26:02+00:00,3.9.4
1198,fcfe0bd4-a980-4f54-9be3-4f84ca0655e5,Nykaa,google_play,en,"I ordered a prepaid product from Nykaa but never received the parcel. I requested a refund and was told it was initiated between 20–22 March. Later, Nykaa claimed the refund was processed, but I did not receive the amount in my bank account. Even after multiple follow-ups, there is no clear resolution. I had to contact my bank myself and still the issue is unresolved. This kind of service is very disappointing, especially for prepaid orders. Please improve your refund system and customer support",1,0,2026-03-30 14:15:45+00:00,3.9.5
1199,b924592d-c1a6-4336-9718-595e81bdfbf1,Nykaa,google_play,en,Best App genuine product all,5,0,2026-03-30 14:10:22+00:00,3.9.5
1200,90843267-e756-47e4-b813-ab4ceda365f8,Nykaa,google_play,en,this app is not trustworthy at all.i used a coupen for a order maybe that's why nykaa is not delivering my order . I have been waiting for so long and my order is getting cancelled automatically .the delivery boy didn't even call me 😒😒,1,0,2026-03-30 13:41:45+00:00,3.9.5
1201,0f6d49ba-d84d-41bf-8bb6-f6f55bb857a6,Nykaa,google_play,en,nykaa Is very good App,5,0,2026-03-30 12:58:45+00:00,3.9.5
1202,d9e6e520-fa53-460c-bccb-59533c3ae08f,Nykaa,google_play,en,"their prices for products keep increasing.nyx lip stains went from 600 to 999 in short time. not even a minor change,the sale is not much of a help.",2,0,2026-03-30 12:55:27+00:00,3.9.4
1203,71b56de2-69d5-4298-8778-945693e7f0ac,Nykaa,google_play,en,I love nykaa,5,0,2026-03-30 12:16:31+00:00,3.9.5
1204,bf7fbbec-2d6e-4f51-a36e-cdaa993730e6,Nykaa,google_play,en,fake app and my delivery is pending,1,0,2026-03-30 12:11:06+00:00,
1205,b0f85d2c-f171-4cb6-bf50-4060b6247372,Nykaa,google_play,en,best makeup app,4,0,2026-03-30 11:38:22+00:00,3.9.5
1206,244d4963-6c6f-4b24-b01b-4eced3f8b35b,Nykaa,google_play,en,"this app is too good as I expect before I used so many apps for makeup products but this app impressed me with the products,and at all",5,0,2026-03-30 11:25:19+00:00,3.9.4
1207,72386db8-1b46-4035-b4c1-1dc006704ff0,Nykaa,google_play,en,the product are good likely to purchase againinin,5,0,2026-03-30 11:04:04+00:00,3.9.4
1208,2f67717b-c6c2-4eea-877f-4fdade94a7eb,Nykaa,google_play,en,ttl yoon wash Ū,2,0,2026-03-30 10:54:07+00:00,3.9.5
1209,a3702dd7-fa5c-480c-b6c3-d61adf7d06a2,Nykaa,google_play,en,amezing product,5,0,2026-03-30 10:50:29+00:00,3.9.4
1210,49aa0194-4434-4776-a540-8df111c1a073,Nykaa,google_play,en,I ordered from nykaa multiple time..... I am 14 years old I need good skin care..... and nykaa help me to find bestseller products,5,0,2026-03-30 10:48:39+00:00,3.9.5
1211,f78b1e5f-661f-46a6-a9e6-9e2bd4edeb4b,Nykaa,google_play,en,it's good but I have a problem so I want case on delivery on all my orders,4,0,2026-03-30 10:33:41+00:00,3.9.3
1212,53927354-3a3e-4e99-bb83-d24abaff1fc2,Nykaa,google_play,en,I got my best skin care products,5,0,2026-03-30 10:10:37+00:00,3.9.4
1213,3ac630a5-5d4a-4e29-86cd-0309482516bb,Nykaa,google_play,en,nice app price of products is good not so high not so low and na reviews of every product is 4+ star . I just love this app 💗,5,0,2026-03-30 09:54:26+00:00,3.9.4
1214,3d1c68ef-6407-47a1-9e78-e21abf6d676e,Nykaa,google_play,en,"so the nyka cheat on customers again, im the one who used to order every single thing from nyka, but on 25 march I order and got the empty perfume bottle- the packaging was wet ,there was fluid traped inside the outer polytechnic packaging, so I made video of everything, and raised return request, after contacting help kine ,I was told maam your account is under observation I spent more than 2 lakhs for shop and this is how they are cheating and not accepting things that they sent in damage",1,0,2026-03-30 09:49:45+00:00,3.9.4
1215,e8ca7385-fa43-4857-81c0-7041a4979736,Nykaa,google_play,en,too much good,4,0,2026-03-30 09:28:07+00:00,3.9.4
1216,7336def1-95ee-42e6-ad46-3453d2cf9541,Nykaa,google_play,en,The worst delivery app,1,0,2026-03-30 09:20:43+00:00,3.9.4
1217,f6c94789-8c05-4104-ade3-38c32e440ce5,Nykaa,google_play,en,genuine and authentic,5,0,2026-03-30 08:48:00+00:00,3.9.4
1218,6fa34a54-5d65-4d41-88ed-0b7f24bf409c,Nykaa,google_play,en,pathetic experience.,1,0,2026-03-30 01:05:25+00:00,3.9.4
1219,71f99373-3acd-497d-9b18-5b3153e44ec9,Nykaa,google_play,en,not downloading,1,0,2026-03-30 00:54:05+00:00,
1220,9f47b24d-2aa9-44a4-880a-9893a0146ef2,Nykaa,google_play,en,I use to love nykaa app and relied only on this app due to its delivery services but I am very disappointed by this app and customer service I have ordered a product and it gets scheduled everyday earlier all the courier partner delivered the item on time but since you handed shadowfax as your courier partner things are getting worse the delivery agent keeps scheduling it by giving fake update that customer is not contactable whereas when I called him he keeps disconnecting the call.,5,35,2026-03-30 00:29:05+00:00,3.9.5
1221,a8a079ba-0d83-4850-b97e-a6a64ae5a571,Nykaa,google_play,en,verry good 👍,5,0,2026-03-30 00:28:47+00:00,3.9.4
1222,551c1cdc-ffd8-4da1-8ac0-2dd73c2c52cb,Nykaa,google_play,en,third class service really third class service i order pilgrim shampoo serum while order it was shown next day delivery but today is 5th day still it was not delivered disappointed,1,0,2026-03-29 23:56:34+00:00,3.9.5
1223,08fd183c-72a2-45af-8a7b-365a28af13ab,Nykaa,google_play,en,odar aaya to 5 rating rakhunga Varna 1 dunga,5,0,2026-03-29 23:39:43+00:00,3.9.4
1224,ae3820b9-d1a9-4a71-a81d-e853039d748e,Nykaa,google_play,en,I am happy ☺️,5,0,2026-03-29 23:38:05+00:00,3.9.4
1225,7ce4eebf-0d7c-4732-baba-08dd024b62d4,Nykaa,google_play,en,recommended for all 😍,5,0,2026-03-29 23:34:33+00:00,
1226,411b0bb4-884f-445f-bc30-41bfd8b89369,Nykaa,google_play,en,coupons are not available 😔,4,0,2026-03-29 23:28:48+00:00,3.9.4
1227,ec108726-5ae1-438a-97ce-b5b581c7f7fa,Nykaa,google_play,en,super app really Affordable,5,0,2026-03-29 23:17:49+00:00,3.9.4
1228,01ac6487-e5fe-45a6-9887-4f33f938c5f5,Nykaa,google_play,en,good product good response thank u,5,0,2026-03-29 22:57:55+00:00,3.9.4
1229,1d61243b-8056-4f46-b8ec-566e6747af03,Nykaa,google_play,en,perfect and ultimate app for purchasing,5,0,2026-03-29 22:57:17+00:00,3.9.4
1230,b24c8b01-f798-43bd-9a25-9dd09a37832f,Nykaa,google_play,en,The app is too good. Deliverd good products,5,0,2026-03-29 22:24:26+00:00,3.9.4
1231,cadce9a1-cac9-48a6-8236-70dcd4d12bb7,Nykaa,google_play,en,I like shipping in Nykaa ...,4,0,2026-03-29 22:06:49+00:00,3.9.5
1232,1cb2519e-fca2-423f-9a7e-1c303276d53e,Nykaa,google_play,en,should keep more coupons.... should less the amount,5,0,2026-03-29 21:33:06+00:00,3.9.5
1233,10a10c35-938d-4ede-8b55-b4460248cca8,Nykaa,google_play,en,so affordable,5,0,2026-03-29 21:10:27+00:00,3.9.4
1234,10b5ef8c-0718-43c0-a30b-cb4a6df473f0,Nykaa,google_play,en,My issues are solved. I still love using this app for skincare.,5,100,2026-03-29 20:57:48+00:00,3.9.5
1235,ab71d48c-6be2-4e22-a854-fe9c2d05e57a,Nykaa,google_play,en,nice product ☺️,5,0,2026-03-29 20:57:40+00:00,3.9.3
1236,c852bc97-5a53-4675-ab1e-f6ac15e6cb6b,Nykaa,google_play,en,poor notification tab design. though we press on skip notification it still opens the app.,1,0,2026-03-29 20:55:50+00:00,3.9.5
1237,1257f2b6-8efe-4680-920e-679014bdfde2,Nykaa,google_play,en,200rs cashback nhi mila,5,0,2026-03-29 20:53:12+00:00,3.9.4
1238,314fb3ef-ac8a-47ea-9bda-4c3ae41fd43d,Nykaa,google_play,en,what's the use of help center when you can't even help customers with their order issue worst customer help service out of all apps,1,0,2026-03-29 19:48:20+00:00,3.9.5
1239,6cae28c3-4316-4bf0-addb-d6affddd79c5,Nykaa,google_play,en,reasonable prices,5,0,2026-03-29 19:23:32+00:00,3.9.5
1240,4c63221d-5b9d-45c6-8721-238098e4a4b6,Nykaa,google_play,en,very good 😊👍,4,0,2026-03-29 19:18:06+00:00,3.9.4
1241,08c423fe-03fa-4bc1-bfcf-f45e027e7546,Nykaa,google_play,en,very good product 😁,5,0,2026-03-29 17:16:19+00:00,3.9.4
1242,3f22b6ff-947e-404d-b43d-f6a7acffbaad,Nykaa,google_play,en,need more offers in lesser amount,3,0,2026-03-29 17:12:53+00:00,3.9.4
1243,545d88fa-2415-4272-b926-f0411a589da6,Nykaa,google_play,en,very bad in delivery,1,0,2026-03-29 17:02:13+00:00,3.9.4
1244,a39623aa-e0f2-45d9-8a41-ba40e181ac8a,Nykaa,google_play,en,worst services ever this is my second time ordering products from Nykaa everytime their delivery partner cancel the delivery on their own they don't even tried contacting me and labelled the cancelled delivery as Consignee not available this is wrong they don't even take grievance seriously,1,0,2026-03-29 16:33:42+00:00,3.9.4
1245,da9c7cf4-7276-4fdb-b0df-12b7e39d6110,Nykaa,google_play,en,just osm ❤️😁,5,0,2026-03-29 16:32:47+00:00,3.9.4
1246,f2104c5e-f23a-488a-b085-b15ca09af021,Nykaa,google_play,en,I don't know why this app isn't taking return product image disappointed,2,0,2026-03-29 15:50:45+00:00,3.9.4
1247,71dd66ce-deac-4da8-a612-555e6636be9e,Nykaa,google_play,en,thank you you,5,0,2026-03-29 14:52:58+00:00,
1248,b5cf8f33-25d7-4dee-b442-2603af36188a,Nykaa,google_play,en,worst experience in nykaa I received damage product my item is not getting returned,1,0,2026-03-29 14:21:29+00:00,
1249,c52cb440-0cc5-4bc7-8932-b4e96039704a,Nykaa,google_play,en,This aap is too good,5,0,2026-03-29 13:51:54+00:00,3.9.4
1250,69f70971-8b6d-4813-a685-a99a80e7e0eb,Nykaa,google_play,en,we are placing the order but courier partner not delivery the parcel on time.,2,0,2026-03-29 13:42:51+00:00,3.9.4
1251,d100ac3a-1526-4249-92b6-427b96a6de51,Nykaa,google_play,en,"I’ve been using Nykaa since 2017. I placed a 60-minute delivery order, received the OTP, yet the order was delivered to someone else. How is that even possible without OTP verification? This is a serious security lapse—what if it was an expensive product?Customer support was even worse. Despite having delivery details, they just said they’ll respond in 7 days. I needed it today. Zero urgency, zero accountability. uninstalling today never installing back again. Lost the trust.",1,0,2026-03-29 13:35:49+00:00,3.9.5
1252,59155827-b6cc-4281-ac5c-9216e7d88ede,Nykaa,google_play,en,Very useful and Best app for buty products I lovethis app 🥰🥰,5,0,2026-03-29 13:15:54+00:00,3.9.4
1253,cbca3e54-7ae1-4150-9183-75c6da298a7d,Nykaa,google_play,en,I like to order nykaa,5,0,2026-03-29 13:10:14+00:00,3.9.4
1254,83c1a7a6-83b9-45b8-811a-fd0ace76a082,Nykaa,google_play,en,very very nice,5,0,2026-03-29 12:44:33+00:00,3.9.4
1255,d356cd66-deae-420b-8738-3f07547e5911,Nykaa,google_play,en,best offer in this app,3,0,2026-03-29 12:36:13+00:00,3.9.4
1256,1ef404a8-163a-4582-8779-547e1ad3e0b3,Nykaa,google_play,en,very nice service,4,0,2026-03-29 12:15:50+00:00,3.9.3
1257,245d3596-e2a5-48ad-bd00-9eb1aa7b75dc,Nykaa,google_play,en,very poor delivery always delayed,1,0,2026-03-29 11:55:17+00:00,3.9.5
1258,fbe25b85-c3e7-430c-8e36-56fb1af28ab9,Nykaa,google_play,en,I just hate this appp because there no option to cencle the order,1,0,2026-03-29 11:41:07+00:00,3.9.5
1259,0944f37c-5b0d-4e9b-a83c-3babd01f13d3,Nykaa,google_play,en,very good app and am so satisfying with their services,5,0,2026-03-29 11:18:25+00:00,3.9.4
1260,a475cd16-0d84-4569-b1fe-9b3a3ee6f216,Nykaa,google_play,en,good 👍 amazing,5,0,2026-03-29 10:19:42+00:00,3.9.4
1261,8a5f5c69-afc2-4e8b-8f6e-f68109fea1cf,Nykaa,google_play,en,very useful,5,0,2026-03-29 10:01:53+00:00,3.9.4
1262,b1a68971-2986-4340-932b-1ca85db3acf0,Nykaa,google_play,en,gud experience,5,0,2026-03-29 05:41:18+00:00,3.9.4
1263,3bfb05eb-ec65-458d-9dcd-2bc9248a328f,Nykaa,google_play,en,best sellers,5,0,2026-03-29 05:35:17+00:00,3.9.5
1264,2d3b813a-c87a-47e2-aa7e-1a7c8dcf6beb,Nykaa,google_play,en,all product is very Good 👍🏻,5,0,2026-03-29 01:08:29+00:00,3.9.4
1265,5a3cf5ee-4b82-413f-a844-f71a4456c6f8,Nykaa,google_play,en,good app 👍👍,5,0,2026-03-29 01:02:37+00:00,3.9.4
1266,2f7569b2-0e1a-4fe7-a959-ac2e3fdccd3d,Nykaa,google_play,en,"nice product ,😃👍🏻👌",4,0,2026-03-28 23:46:09+00:00,3.9.4
1267,76dfbfb8-6672-43ec-994a-5403658b115d,Nykaa,google_play,en,give offer,5,0,2026-03-28 22:53:21+00:00,3.9.4
1268,77b3d5c0-120b-42ba-be57-8d60206fbabe,Nykaa,google_play,en,nice survice,5,0,2026-03-28 22:52:46+00:00,3.9.4
1269,ab3b1965-6013-489a-a0dc-3878991542f3,Nykaa,google_play,en,very good👍,5,0,2026-03-28 22:50:57+00:00,3.9.4
1270,95df2ec9-1bc5-4a19-aa70-f120b54a9350,Nykaa,google_play,en,it's really good app,5,0,2026-03-28 22:27:28+00:00,3.9.4
1271,dfceef11-f2eb-4356-9e0c-cc8ffd6ec30b,Nykaa,google_play,en,trusted aap,5,0,2026-03-28 22:19:22+00:00,3.9.3
1272,afb7fe1f-51c2-4a90-818e-7a400c373767,Nykaa,google_play,en,gud product,4,0,2026-03-28 22:15:13+00:00,3.9.5
1273,7667fe33-2e81-49d0-851c-870989e1afa3,Nykaa,google_play,en,love this app,4,0,2026-03-28 21:21:41+00:00,3.9.4
1274,2a3c908b-9e3b-4910-990f-c26fd9e52cce,Nykaa,google_play,en,good for purchasing products but the prices are too high,4,0,2026-03-28 21:07:50+00:00,3.9.4
1275,aa9c90d7-e55e-427d-9da5-cab09bf88985,Nykaa,google_play,en,excellent 👍,5,0,2026-03-28 20:57:42+00:00,3.9.4
1276,44afafab-f30e-4a59-9671-2fae41a21845,Nykaa,google_play,en,"Order not delivered and mere Rs. 891 bhi vapis nahi kiye, dhokhebaaz hai ye Maine nyka se ek lipstick and ek re'iquil ka sunscreen order Kiya tha, lekin mujhe deliver hi nahi hua aur inhone ye show kar diya k order delivered and mere paise b vapis nahi aye, meri mehnat ke paise kha liye inhone, shame on nyka, very disappointed, don't download this app, dhokhebaj hai",1,0,2026-03-28 20:55:23+00:00,3.9.4
1277,e22fb6d8-42a4-4656-b7fc-df1b13456d24,Nykaa,google_play,en,nice and amazing,5,0,2026-03-28 20:50:57+00:00,3.9.4
1278,923c1e9d-1f41-47d6-8af1-632d36d6bf6b,Nykaa,google_play,en,bahut badiya,1,0,2026-03-28 20:32:49+00:00,3.9.4
1279,9ad1e0b9-5b03-4cab-aba4-2992ab34fdb2,Nykaa,google_play,en,App very Slow,1,0,2026-03-28 19:39:12+00:00,3.9.5
1280,e5dbac5d-43cf-4f3d-9b87-f61b54273455,Nykaa,google_play,en,its good for shopping,5,0,2026-03-28 19:38:19+00:00,3.9.4
1281,dc74e102-ce8d-48e3-9b18-967e57aa89d3,Nykaa,google_play,en,it's the best app and trustworthy page for purchasing any product.,5,0,2026-03-28 19:31:07+00:00,3.9.4
1282,50e24f8f-e917-4bbf-951c-218151084f7c,Nykaa,google_play,en,Not deliver products on time,1,0,2026-03-28 19:12:54+00:00,3.9.5
1283,bfc71adb-a664-472e-8a7c-3f4cb5b87d86,Nykaa,google_play,en,The most stupid scamming app.if youre installing it for the sale and offers dont they wont give anything they increase the mrp and then give disc you can check for yourself scam. PS - The order doesnt get delivered at the date which shows in the app. the customer care is also not good.,1,1,2026-03-28 19:00:46+00:00,3.9.5
1284,92818276-aa92-46e4-9be5-fe4a31f47417,Nykaa,google_play,en,it's my first order for this shampoo 🧴 let us see how is this product,4,0,2026-03-28 18:40:42+00:00,3.9.4
1285,6e8bbf0b-ee35-463b-8ffd-760a88c17212,Nykaa,google_play,en,"I am very disappointed with Nykaa’s delivery service. The delivery rider refused to deliver to my exact address, behaved rudely, and asked me to raise a complaint saying it wouldn’t help. Nykaa took no responsibility and canceled my order instead of resolving the issue. The rider called only once, but the system shows multiple attempts, which is misleading and unprofessional. This experience was very frustrating and felt like harassment. Kindly take strict action and resolve the issue.",1,0,2026-03-28 18:25:14+00:00,3.9.4
1286,51f0f345-d086-4739-a9df-8fdc0f2a1452,Nykaa,google_play,en,it is very disappointing for me.. i ordered 2600 worth of products on 23.03.26.0 the delivery date was 26.03.26. but it changed to 28.03.26 and now again changed to 30.03.26. this will be my last time doing business with Nykaa.... very much disappointed..,2,0,2026-03-28 18:14:08+00:00,3.9.4
1287,8e4a16c3-b983-40fd-aced-a0d6e54c4ef0,Nykaa,google_play,en,When I get the material i will describe in a proper and correct way,3,0,2026-03-28 18:04:15+00:00,3.9.4
1288,f4be7683-8cfc-46e5-9910-98083fbaa1cf,Nykaa,google_play,en,the range of products is good but I think there should be more offers given to customers not just on few starting orders,3,0,2026-03-28 18:01:48+00:00,3.9.4
1289,0cc1ee3a-74ef-4510-ace5-def7c59ee367,Nykaa,google_play,en,from many days the products are said to be replace the oder and not delivered on time,1,0,2026-03-28 17:57:38+00:00,3.9.5
1290,038d8cb0-f077-41f7-a656-63ac17368a2c,Nykaa,google_play,en,nykaa is best app beauty products are so nice,5,0,2026-03-28 17:39:23+00:00,3.9.4
1291,231c058a-9d77-46a9-bf42-e276cb3c013d,Nykaa,google_play,en,satisfactory,4,0,2026-03-28 17:09:38+00:00,3.9.4
1292,008c7b75-85ba-4232-9c6d-56e7b5b12341,Nykaa,google_play,en,please continue your service in my area,5,2,2026-03-28 17:00:14+00:00,3.9.4
1293,d9be2f92-20a0-41c4-a2ea-4e9468d98fe0,Nykaa,google_play,en,trusted and authentic product,5,0,2026-03-28 16:52:32+00:00,3.9.4
1294,2413d427-29af-4c8d-826a-92add45978dc,Nykaa,google_play,en,worst experience in delivery and the delivery partner is not taking responsibility of customers service very bad experience that is not expected from nykaa i am hurt 😔 and angry 😡,3,0,2026-03-28 16:48:57+00:00,3.9.3
1295,143b919a-72c9-45ce-92fc-393c018c8e5c,Nykaa,google_play,en,this is best app and I make your shopping interesting by giving best best offers offers,5,0,2026-03-28 16:36:39+00:00,3.9.5
1296,4426cd53-e7c2-4351-8dea-8862336f124a,Nykaa,google_play,en,this is very useful ☺️,5,0,2026-03-28 16:29:28+00:00,3.9.5
1297,e2dbd868-06c0-451e-83e7-80ae0610e8de,Nykaa,google_play,en,worst app ever! i ordered a product 10days ago it's still not delivered eveyday the say product is out for delivey and at the end of the day they say delivery unsuccessful likee seriousllyyy it repeated 4 times,1,0,2026-03-28 16:04:07+00:00,3.9.4
1298,daf2b7fe-885e-4572-a201-f347415f0b03,Nykaa,google_play,en,all products are good 👍,3,0,2026-03-28 15:35:19+00:00,3.9.4
1299,f2d912b8-9ba1-47a2-9a7a-7eac167274c0,Nykaa,google_play,en,nice makeup products,5,0,2026-03-28 14:19:09+00:00,3.9.4
1300,2b084da9-25d6-457c-981a-6355a6d2d434,Nykaa,google_play,en,Maine jitne bhi product mangaya hai best aaya hai,5,0,2026-03-28 14:16:15+00:00,3.9.4
1301,dfbaaca5-69f3-4f84-b63a-24969b133446,Nykaa,google_play,en,sab badhiya hai le sakte hai aap bhi,5,0,2026-03-28 13:32:23+00:00,3.9.4
1302,a5fb5391-068c-454a-8d2f-6987b48a7e5a,Nykaa,google_play,en,"Very poor service, even after multiple follow up for an issue no actions are taken. The customer services just say that they are working on the issue and it's been more than 20 days that they are working to solve a single issue. This is really disappointing for a customer who loved to use the app.",1,0,2026-03-28 13:20:02+00:00,3.9.4
1303,d6d7700c-6784-4e25-9544-6f66fd5b95a3,Nykaa,google_play,en,aacha shoping aap hai,5,0,2026-03-28 13:05:30+00:00,3.9.5
1304,1592974b-b968-4c53-bec4-7ae21d5916bf,Nykaa,google_play,en,Great app!,5,0,2026-03-28 12:38:25+00:00,3.9.3
1305,b7550436-4370-4a13-a587-86f46839a206,Nykaa,google_play,en,supar nyka 🩷,5,0,2026-03-28 12:09:38+00:00,3.9.4
1306,dd5b278b-3c44-491f-bec8-fa13dedabe72,Nykaa,google_play,en,Bestest online shopping app,5,0,2026-03-28 12:06:50+00:00,3.9.4
1307,7e4047f9-db5b-47aa-bcd8-f75b1759eb96,Nykaa,google_play,en,its nice app,5,0,2026-03-28 11:59:20+00:00,3.9.3
1308,90fe04a0-46a0-4e98-ba8a-e9a0c3fe7b02,Nykaa,google_play,en,very bad app😞😞😞😞😞😞bad,1,0,2026-03-28 10:19:42+00:00,3.9.4
1309,9c3fbd42-2b6f-430b-a1f1-3fcb207da325,Nykaa,google_play,en,Worst pathetic app !!!,1,0,2026-03-28 10:11:16+00:00,3.9.4
1310,d26f8ffa-a63b-467d-8284-9994150180d5,Nykaa,google_play,en,one of the best online shopping app,5,0,2026-03-28 10:10:50+00:00,3.9.4
1311,da45eaf4-1280-4711-a0d1-f9086833361c,Nykaa,google_play,en,soo useful thank you Nykaa,5,0,2026-03-28 09:52:21+00:00,3.9.4
1312,43e0fcc0-4fd8-4859-9780-5d2959c082d2,Nykaa,google_play,en,very nice service your product delivery,4,0,2026-03-28 09:33:31+00:00,3.9.4
1313,22d89d9e-ee58-4838-b733-bae2ae937825,Nykaa,google_play,en,awesome app loved it 💯😍,5,0,2026-03-28 08:11:33+00:00,3.9.4
1314,b73f7411-e478-425c-b23d-087e954047ac,Nykaa,google_play,en,amazing application,5,0,2026-03-28 05:34:23+00:00,
1315,bb8c09b7-1e4c-40fb-aefc-02fd9b8d1298,Nykaa,google_play,en,pathetic app. my order delivery was to be done on 23 but they delayed it to 25 .I thought it happens but then they delayed it to 27 and now it's 29. they are just shifting the delivery date without the option to cancel the order and get back my money .there is no option for refund .I feel like I am gonna loose my money as they are just wasting time .customer care is not being connected .it's the first time I ordered through nykaa and I have to say it's the last as well .,1,0,2026-03-27 20:19:30+00:00,
1316,9c220f34-df06-47aa-b0bc-4c5acac6f3e5,Nykaa,google_play,en,the worst app ever always makes me dissatisfied and disappointed,1,0,2026-03-27 19:30:34+00:00,3.9.4
1317,ea6b132c-78a2-4d83-ab25-0426d7d1a42e,Nykaa,google_play,en,Good 👍 i like this aap All the best Nykaa,5,0,2026-03-27 18:30:36+00:00,3.9.5
1318,5785e7f9-bd60-4203-a133-33c4d96449a5,Nykaa,google_play,en,worst ever app.. all false promises and repeated failed deliveries. highly disappointed. worst experience,1,0,2026-03-27 12:23:36+00:00,3.9.4
1319,a561b924-d705-47ed-8ddb-9a6b8d92b6a5,Nykaa,google_play,en,my package is not delivered...it was supposed to be delivered 4 days ago ...but still no progress ....every morning they say your package will be delivered today..but by 2 pm they say that the delivery partner couldn't reach you but they didn't even call me ..but still blaming me for not picking up the call...I'm so annoyed right now ..I tried to track the order on delhivery and called the delivery partner..but he keeps hanging up my call...this is just unacceptable nykaa..very disappointing,1,0,2026-03-27 10:39:30+00:00,3.9.5
1320,d6f3f345-1e27-4068-8d58-f2ac9bc55e10,Nykaa,google_play,en,delivered me fast,5,0,2026-03-27 06:53:47+00:00,3.8.9
1321,71129f2a-3609-4e7a-8c78-1b23803dcef4,Nykaa,google_play,en,"it is overrated app. the things u can obtain low price , they sell them for high price. moreover u can't even review any product unless until its a purchase of ateast 2 products. i puchase renne brown pencil claim to be long lasting and smuge proof let me tell u somehing it is not true. most over rated app . you can purchase same product from same brand on other beauty apps in less price. its a app for profit not to sell us quality of products even after paying high price , waste of money.",1,0,2026-03-27 02:11:42+00:00,
1322,d515630b-b6e0-44fa-b919-c0d3d50bdf50,Nykaa,google_play,en,bestttttt beauty app,5,0,2026-03-26 22:33:11+00:00,3.9.4
1323,552427e1-bf80-444f-9e4e-0ac2fdd48a6a,Nykaa,google_play,en,Extremely horrible experience,1,0,2026-03-26 20:12:06+00:00,
1324,ff0a3fed-cfb4-4e58-acb6-4f3b82c4f7c3,Nykaa,google_play,en,its veryyy wonderfully orderss,5,0,2026-03-26 18:54:41+00:00,3.8.8
1325,f3b90082-e238-4f1d-a35e-b148d19c05e0,Nykaa,google_play,en,"I placed an order for beauty products with Nykaa and had already made the payment in advance; however, the products have still not arrived. I do not know how to file a complaint with this company—I speak Tamil, while their representatives speak Hindi. My money has effectively gone down the drain. I urge everyone else not to fall victim to such deception.",3,0,2026-03-26 18:38:04+00:00,
1326,08963572-cbc8-4d9c-aa53-ac78580311ab,Nykaa,google_play,en,Loved this app and service,5,0,2026-03-26 18:25:41+00:00,3.9.4
1327,868eb56b-b5a8-48cd-ba5d-0f2aa770ca47,Nykaa,google_play,en,Nykaa is totally fraud. I ordered two Biluma lotion and they delivered Biluma fash wash. I raised a return request and they rejected it. I called their customer care number they accepted that wrong product was delivered and they raised return request again which to my surprise again got rejected. When I reached out to their so called customer care number again they said they checked with their team and correct product was delivered to me. NEVER EVER AGAIN I AM GOING TO ORDER FROM NYKAA.,1,0,2026-03-26 15:50:16+00:00,
1328,a77e8a83-4d82-4643-bb7d-5ca33336fc0a,Nykaa,google_play,en,Amazing service and standard product quality.. Love nykaa,5,0,2026-03-26 13:58:20+00:00,3.9.4
1329,8db82f61-fa27-4666-8024-91ff397e1652,Nykaa,google_play,en,my experience was very bad,2,0,2026-03-26 12:33:17+00:00,3.9.4
1330,dafe0c8b-8d8d-4070-ad20-c0b66815dc3c,Nykaa,google_play,en,Very useful..,4,0,2026-03-26 07:07:55+00:00,3.9.4
1331,bac9d787-39ad-46e8-bdb5-d328ca4470f9,Nykaa,google_play,en,The offers you show are not applicable while doing the shopping,3,0,2026-03-26 04:56:22+00:00,3.9.4
1332,13f1bc3d-088d-4bf0-b770-502d883971d4,Nykaa,google_play,en,trustable and gud products .....,5,0,2026-03-25 23:23:48+00:00,3.9.4
1333,97031893-ae70-469d-b299-a327fe86bdff,Nykaa,google_play,en,nice and best online shopping. and best are cash on delevery wihout any charge,5,0,2026-03-25 23:13:54+00:00,3.9.5
1334,5f565f4c-5949-4b88-a93e-1610c2964d26,Nykaa,google_play,en,Sudden response very good more discount and offer make a customer happy,4,0,2026-03-25 22:59:48+00:00,
1335,8a14e20d-1e91-48b3-ba9e-1da8ccd022b0,Nykaa,google_play,en,"I can't login because my number starts with 910, what an amazing tech team of Nykaa! 👏 👏 👏",1,0,2026-03-25 22:54:33+00:00,
1336,12379bf3-8bb7-412c-9a17-a26879c79b12,Nykaa,google_play,en,this app is very useful to me,5,0,2026-03-25 22:26:36+00:00,
1337,629bd100-5f02-4beb-98b1-0988d76b107b,Nykaa,google_play,en,good nykaa aap🥰,5,0,2026-03-25 22:02:05+00:00,3.9.4
1338,c315c9a4-0e14-43e3-8820-518d171275e6,Nykaa,google_play,en,the best app for makeup and skin/hair cayr 🤌🤌my fav,5,0,2026-03-25 21:40:11+00:00,3.8.8
1339,1d9d1c73-de88-4586-b451-715cbb1605ce,Nykaa,google_play,en,"i didn't received my order but it showing delivered how come this is possible yar and this is my first order in Nykaa , without otp delivery agent marked as delivered still no reply from Nykaa , Worst Experience ever",1,0,2026-03-25 21:22:49+00:00,3.9.4
1340,19d15e24-1619-4b89-af95-7af7ec6926e2,Nykaa,google_play,en,best for Beauty skin,5,0,2026-03-25 21:16:50+00:00,3.9.4
1341,154783b4-c794-4c80-a63c-eba5fc518559,Nykaa,google_play,en,"I ordered a chanel foundation and paid for it, the app says that it will deliver at 23rd march and today 25th March and no update. daily it says today your item will deliver but no result. I'm literally upset by this service.",2,0,2026-03-25 21:04:14+00:00,3.9.4
1342,160be915-5dc4-4198-a708-cdb5e6f776e5,Nykaa,google_play,en,its good plz use n buy n delivery is also good quicker than i though for remove areas,4,0,2026-03-25 21:01:30+00:00,3.9.4
1343,8781c0bb-885f-4ea3-b83b-f2224fe35a99,Nykaa,google_play,en,first time buy all went smoothly,5,0,2026-03-25 20:36:29+00:00,3.9.4
1344,7db40ff0-a9d4-4905-925e-d5d1e31abc4b,Nykaa,google_play,en,a most trustable app,4,0,2026-03-25 20:14:54+00:00,3.9.4
1345,95ec65d0-721b-4a67-8b2f-8262d606b5cc,Nykaa,google_play,hi,it is very useful app,5,0,2026-03-24 17:46:44+00:00,3.9.4
1346,6681ef07-67c5-4390-ae34-ea7b2eba878d,Nykaa,google_play,hi,बढ़िया सर्विस है मेरी बेटी बहुत समान मंगवाती है । बढ़िया ही आता है सब।,5,2,2026-03-24 16:03:24+00:00,3.9.4
1347,6affef15-e1af-444c-b136-3b95029de3f2,Nykaa,google_play,hi,Mind distract advotiement,1,0,2026-03-21 11:09:30+00:00,
1348,a7832b2f-d7ec-4ef4-8a62-721c33784980,Nykaa,google_play,hi,very very Happy,5,0,2026-02-09 20:24:09+00:00,
1349,d4e86009-5fce-43ea-8ce9-924b123c33da,Nykaa,google_play,hi,It is very well ordered and easy to order.,5,1,2026-02-06 07:13:51+00:00,3.8.9
1350,80bacded-50bc-4c66-9a35-a19f9db53061,Nykaa,google_play,hi,very good 👍👍👍👍,5,1,2025-12-03 14:03:45+00:00,3.8.9
1351,45a76699-287b-48da-80e9-381873498c4b,Nykaa,google_play,hi,very nice 👍👍 to you and your family a very,5,0,2025-11-30 06:42:29+00:00,3.8.9
1352,01a4809d-2c45-4531-8c17-6c347cebc651,Nykaa,google_play,hi,this is best app I been using for long time,5,0,2025-11-30 05:54:51+00:00,
1353,540008d0-aeab-4796-ac3b-8b903fc3b8d6,Nykaa,google_play,hi,nykaa mene abi use kiye hai mujhe ye bahut badhiya laga 🥰,5,105,2025-11-15 20:49:24+00:00,3.8.9
1354,062cad5a-7c29-4003-acd2-d4b66a294893,Nykaa,google_play,hi,beast appy,5,2,2025-11-11 06:11:35+00:00,3.8.9
1355,ebdd992f-99f5-4ee0-9446-51527884a777,Nykaa,google_play,hi,CHOUHAN TEA STALL DHOLI GHATI BHIM,5,2,2025-10-08 12:53:12+00:00,3.8.6
1356,2dc606f2-86c9-459d-8ff7-e2586cef78ba,Nykaa,google_play,hi,bahut sundar colour,5,124,2025-10-02 21:41:23+00:00,3.8.6
1357,beb02bad-a4f5-4f43-9e79-8a1d9570bb78,Nykaa,google_play,hi,easy nykaa,5,2,2025-09-17 15:53:49+00:00,3.8.5
1358,35002b44-8b9f-49f9-a78b-d15f72c1f4d7,Nykaa,google_play,hi,nice app ll,5,0,2025-09-06 23:52:10+00:00,3.8.4
1359,f1a497da-1ad5-4032-a5e2-f22a6bc21840,Nykaa,google_play,hi,mast very good Nykaa,5,1,2025-09-03 14:37:24+00:00,3.8.1
1360,d220d8bc-5034-4339-b9f8-a7c09deb4261,Nykaa,google_play,hi,worst service... delays the delivery for no reason,1,4,2025-08-23 02:57:47+00:00,3.7.8
1361,2a835440-f88b-489c-ab03-aaabae024b35,Nykaa,google_play,hi,"इंडिया का नंबर वन , ऐप हे 👍🇮🇳⭐⭐⭐⭐⭐⭐⭐⭐⭐⭐",5,139,2025-07-21 23:50:44+00:00,3.8.1
1362,d7f4906d-9155-4d77-b602-c60c3eefecd9,Nykaa,google_play,hi,nice game ke game bahut achcha hai sabhi download Karen,5,18,2025-07-04 12:03:07+00:00,
1363,824f307c-cc02-49ee-adb9-acec8812eb03,Nykaa,google_play,hi,kharab app,1,0,2025-06-30 12:34:47+00:00,3.8.0
1364,4ef44131-6b95-4be7-842e-2c52c5778ca3,Nykaa,google_play,hi,मै नायका की 4साल से खरीदार हू गुड अन्य ब्रांड के प्रोडक्ट्स के लिए मगर मैने 13/06/2025को 4ब्रा आर्डर किया 3अन्य ब्रांड के और 1 Nykd By Nykaa bra or es का कप फिटनेस सही नही है मै वापसी के लिए देखा तो नो वापसी लिखा है मैने कस्टमर केयर से बात की वो कुछ न हेल्प कर सके ब्रा 399की है 398मे मिली मुझे किसी भी तरह के आफर या मौके पर कम या ज्यादा का चक्कर नही है फिर भी नायका अपने ही समान अपने वापसी नही कर रहा ।जबकि और सब ब्रांड नायका के एप पर ये आफर करहे नायका कम्पनी फ्राड कर रही ग्राहकों के साथ सावधान रहे,1,120,2025-06-20 18:15:58+00:00,3.7.8
1365,15d8bbe5-a6bd-474b-b939-37ec05bf4b73,Nykaa,google_play,hi,badiya aap h ladkiyo ke liya,5,5,2025-06-19 07:31:06+00:00,3.7.9
1366,a397687a-dc6c-4237-85cb-a631e9d751bd,Nykaa,google_play,hi,badiya. h pr ledis ka h ye aap,5,25,2025-06-10 05:59:14+00:00,3.7.8
1367,a439f2a2-1270-4d20-930b-378bc4af5683,Nykaa,google_play,hi,nykaa ji is bar apne mera birthday gift nahi diya,5,12,2025-05-31 18:36:48+00:00,3.7.7
1368,f992ed21-bc45-426c-acd5-2384916abd8f,Nykaa,google_play,hi,नायिका से भी बहुत अच्छा सामान मांगते हैं अपने ब्यूटी पार्लर नागौर में,5,4,2025-05-25 21:54:22+00:00,
1369,e60eb861-0ce7-4820-b899-10e45867885f,Nykaa,google_play,hi,यह ऐप बेकार है इसे डाउनलोड मत करो,1,43,2025-05-24 14:35:18+00:00,3.7.7
1370,cf5a7dea-d864-4b24-a381-e51de7a203d5,Nykaa,google_play,hi,this is very interesting app I know the price is very large but the quality are good bye mis u Flipkart Amazon or meesho,5,4,2025-05-13 17:14:54+00:00,3.7.7
1371,355c456d-068e-4ec6-93f5-6e3a8ac073ae,Nykaa,google_play,hi,bahut bahut achcha hai,5,210,2025-04-29 18:38:49+00:00,3.7.7
1372,9f46ddc8-d1ad-4b9b-aab3-647f6514bb9c,Nykaa,google_play,hi,नायका एक बहुत अच्छा ऐप है और इस पर बहुत ही अच्छा प्रोडक्ट मिलता है मैं बहुत खुश हूं,5,77,2025-04-27 14:12:29+00:00,3.6.9
1373,297dd74f-abea-421d-98f4-5784a1d5cee1,Nykaa,google_play,hi,sopar h 🙈🙈🙈🙈,5,2,2025-04-17 14:07:49+00:00,3.7.5
1374,d9052cfa-261b-4414-9962-fa79ceb1a780,Nykaa,google_play,hi,bhut badhiya,5,2,2025-04-03 12:43:54+00:00,
1375,3f9144e8-2ef0-4ee2-be47-c35a75d941d5,Nykaa,google_play,hi,bhut achha,5,4,2025-04-01 11:20:59+00:00,3.7.5
1376,467b909a-7372-430d-81f4-525e8f81bb75,Nykaa,google_play,hi,thik thaak app hai,4,204,2025-03-25 15:51:58+00:00,3.7.4
1377,c0a1f8ba-7551-4fe6-9f8d-9fe52f8db1ef,Nykaa,google_play,hi,Acha aap he,5,188,2025-02-12 10:59:14+00:00,3.7.2
1378,1e067d22-9d6c-49bd-8997-fcb2017416e0,Nykaa,google_play,hi,Bahut hi acha app he,5,18,2025-02-05 02:58:24+00:00,3.7.2
1379,7898dfac-532a-4bf7-92c8-73293efa6c7b,Nykaa,google_play,hi,Ye app sabse aacha,5,184,2024-08-11 17:04:08+00:00,3.5.5
1380,347feb71-ed93-40b6-875a-52f9a6d1d07a,Nykaa,google_play,hi,Poor service.. I ordered derma serum on 1 aug and I didn't received my product they said the delivery boy didn't found the address and they rescheduled my order and on 6th of August my order suppose to delivered but till the date I didn't received anything... I want my refund back,1,3,2024-08-07 13:40:10+00:00,
1381,2f18e7bd-f8f9-4fd0-91d8-c3ba927f0cdb,Nykaa,google_play,hi,Bahut acha app he bhai,5,160,2024-07-27 08:29:18+00:00,3.5.5
1382,cd1f9ace-cb83-4bc5-85ac-c832652ab503,Nykaa,google_play,hi,Ni hu hu thu,1,5,2024-07-21 17:16:25+00:00,3.5.5
1383,2728ef60-9327-4e8d-92dd-5994a6e516e1,Nykaa,google_play,hi,hkakahekebeeioe,5,2,2024-07-19 15:40:28+00:00,3.5.5
1384,2ece6f40-7680-471e-ad7c-696457c91dec,Nykaa,google_play,hi,I am open it for 200 coin in reward x 😂😂☺️☺️☺️,5,10,2024-06-02 20:49:20+00:00,3.5.2
1385,70d30324-aef5-43fa-b7ef-7654a60c9e52,Nykaa,google_play,hi,𝑽𝒊𝒏𝒐𝒅𝒃𝒂𝒎𝒐𝒓,5,7,2024-04-27 12:15:44+00:00,
1386,397e7dfc-a2a9-4d3b-a8d7-143df8ed37b3,Nykaa,google_play,hi,Best shoping application,5,9,2024-04-23 22:54:33+00:00,3.4.9
1387,2ea18fe2-f2ae-4c67-835c-f009b6e7f54a,Nykaa,google_play,hi,Good Offer Available In Every Occasion.,4,13,2024-02-15 18:43:28+00:00,3.3.8
1388,c54cb037-c1dc-4de3-9eda-b25986323342,Nykaa,google_play,hi,Very nice product 👌,5,5,2024-02-05 09:16:54+00:00,3.4.1
1389,baf9cfaf-a9fa-4b6b-8940-baeaced3e8ef,Nykaa,google_play,hi,I like it nakaa💜💜💜💜💜,5,9,2024-02-02 10:56:53+00:00,3.3.9
1390,ff3dee3e-b22f-47bb-9822-01db9a07db06,Nykaa,google_play,hi,Wow so very beautiful application,4,3,2024-01-25 16:53:52+00:00,
1391,aeb4876f-ace8-4133-a7fd-eec2f3a27911,Nykaa,google_play,hi,good prize,5,6,2024-01-23 23:37:11+00:00,3.4.0
1392,71f9fc97-2a58-4306-a733-4b109682c6a6,Nykaa,google_play,hi,2 ghante lod hone me lage,5,14,2024-01-13 08:29:25+00:00,
1393,4e3e9c01-2bd5-46c3-bf6b-1b400ea1a282,Nykaa,google_play,hi,ChandmalBhil,5,8,2024-01-10 13:29:38+00:00,3.4.0
1394,211c92ec-b6ef-413e-98c7-d4f1a6476fe7,Nykaa,google_play,hi,Yah app open hee nhi ho rha hai,1,217,2023-12-22 12:33:14+00:00,3.3.9
1395,16ec3dbf-cd5f-440c-abd3-6c656cdf1e6a,Nykaa,google_play,hi,This is very good and nice app the products are amazing 👍👍👍❤️ best for makeup,5,17,2023-12-18 15:16:19+00:00,3.3.9
1396,161f3fc0-966a-4956-b3c9-2aa18decb209,Nykaa,google_play,hi,Mera experience bhut hi bekar tha nayka se .. nayka me jo bi office mentioned hue mene vo applied kiye fir bi vo offer muje ni mili or delivery bi time par ni ki gyi muje khud paket lene blue dard ke office jna padha or inke offer sb fake hai 👎👎👎,1,289,2023-12-13 22:31:37+00:00,3.3.8
1397,24c84747-fcab-4d2e-a539-6a287a631b84,Nykaa,google_play,hi,great product,4,5,2023-12-13 11:22:56+00:00,3.3.8
1398,4c99ba6b-6c25-4e9b-8b22-bedaf04846ed,Nykaa,google_play,hi,Alll is best prodect,5,5,2023-12-03 10:45:29+00:00,3.3.8
1399,bb02185f-ef4a-4608-95a9-e79248cc3cb0,Nykaa,google_play,hi,Hello jsh ajje ahawbuw hhwwb,5,8,2023-12-02 10:39:01+00:00,3.3.8
1400,8ed77a54-eecc-4151-a28c-3575b075733e,Nykaa,google_play,hi,Sri Krishna,4,8,2023-11-28 11:22:21+00:00,3.3.8
1401,f438687c-ae2f-4caf-bcf9-7622644dbb6b,Nykaa,google_play,hi,May got yh to bhut acha he,4,549,2023-08-30 13:39:49+00:00,
1402,a909cfcf-2d74-498c-a721-a3c62fcf9df7,Nykaa,google_play,hi,So nice aap,5,6,2023-07-28 18:57:39+00:00,3.2.6
1403,0516d328-fc1d-48f2-9a02-f13f1c90783d,Nykaa,google_play,hi,Mera product aa gya hai ese sbhi log download kare,5,262,2023-06-17 14:58:06+00:00,3.2.3
1404,56cd4cfc-8f5e-474f-8df9-58c0e152bb66,Nykaa,google_play,hi,Mujhe mera pordact nhi mila,1,205,2023-06-17 13:41:22+00:00,3.2.2
1405,bb496a1b-805c-4829-90c4-d15f417335a1,Nykaa,google_play,hi,Order cancil kese kre,1,51,2023-05-06 16:35:27+00:00,
1406,637f54f1-80f5-4c2a-980f-76bc699dd181,Nykaa,google_play,hi,Mera prodect nhi aa raha hh,3,187,2023-05-04 09:55:01+00:00,3.2.0
1407,eaa90f35-1c40-45b7-9ae6-c4a26fe3a440,Nykaa,google_play,hi,Kisi ke paas bhabhi ka number hai,1,39,2023-02-21 09:53:37+00:00,
1408,0e2212db-5ba4-46b3-b574-2f6818656e9d,Nykaa,google_play,hi,बहुत अच्छा है सारे प्रोडक्ट एवन है पर कोसली बहुत होते हैं,5,468,2022-12-04 14:15:33+00:00,
1409,27f6a5ed-043b-46b6-9fc6-26db93c24cae,Nykaa,google_play,hi,thanks nykaa,1,7,2022-12-01 18:56:07+00:00,3.0.9
1410,d6db4cfa-0f5d-4af4-97ba-848b2c564289,Nykaa,google_play,hi,Nice i love it❤️✨,5,9,2022-11-28 01:14:45+00:00,3.0.9
1411,042487e5-313c-45aa-b6bd-d55fc096b5ed,Nykaa,google_play,hi,Supar nykaa,5,6,2022-11-23 23:48:10+00:00,3.0.9
1412,618dd49f-5461-460c-ada7-60f3cc8ee993,Nykaa,google_play,hi,Love it for buying worthy products,5,17,2022-11-23 10:38:53+00:00,3.0.9
1413,5ec58b0c-5d9e-4afe-b7b7-a515e3314e18,Nykaa,google_play,hi,"Good product 👍👍👍,❤️❤️♥️♥️",5,3,2022-11-18 18:01:20+00:00,
1414,d8876d43-dfba-462d-ae7c-c3826f31877a,Nykaa,google_play,hi,DhanjeetJee,5,3,2022-10-21 22:36:34+00:00,
1415,1def6794-a377-48b5-b4a5-f69cb948870b,Nykaa,google_play,hi,Nykaa app open hi nhi ho rha he me jab bhi isse open kar rha hu to error aa rha he jese mera net khatam ho gya ho baaki sab me mera net chal rha he 😭,1,173,2022-09-12 06:42:41+00:00,3.0.0
1416,d6f7b0b5-4d79-425c-af8b-8fcaad99bc89,Nykaa,google_play,hi,I Love Jahnavi kapoor,5,13,2022-09-09 20:26:01+00:00,3.0.0
1417,22b28592-70f7-4699-8983-040023a98b36,Nykaa,google_play,hi,Best 👌 nykaaa beauty shop platform,5,4,2022-08-31 07:41:24+00:00,
1418,23e8498d-a03c-4a98-9c3b-a66ffee6d607,Nykaa,google_play,hi,Vaadi best product very nice 👍👍👍👍👍,5,2,2022-08-04 22:01:01+00:00,
1419,d3d677e0-a211-4a00-952c-947e323856ea,Nykaa,google_play,hi,Good aap world,5,2,2022-07-19 15:14:55+00:00,
1420,66572407-fe7e-45ef-ba0b-2d1c4df9fdd5,Nykaa,google_play,hi,I.lave.somac,5,6,2022-06-24 12:01:59+00:00,2.9.2
1421,3889bd91-2806-4960-b5aa-623f3621c76f,Nykaa,google_play,hi,Ye bhot aacha log be vja hi nykaa ko badnam kar rhe he ye mekap ke San ke liye bhot hi aacha me aapse kheti hu ye aap dounlod kijiy bhot hi aacha aap he,5,279,2022-05-20 10:48:34+00:00,2.8.8
1422,1ebe7ff0-bf5f-4165-b2c0-ec944c4da1e0,Nykaa,google_play,hi,Bekar hai pahle price kam hota hai 2 din baad price badha dete hai,1,90,2022-05-13 02:42:39+00:00,2.8.8
1423,0b1efbe7-128a-42f6-8692-c06711c17430,Nykaa,google_play,hi,Nice app 👌,5,4,2022-05-07 22:37:27+00:00,2.8.4
1424,b40c8003-d5fd-4d40-8b62-4e2f2b5bcf21,Nykaa,google_play,hi,bht accha aap h,3,138,2022-03-09 14:49:00+00:00,2.7.8
1425,ce1ba738-bcb9-4073-99c2-6790c64a6602,Nykaa,google_play,hi,Good quality,5,6,2022-01-17 13:32:16+00:00,2.7.7
1426,e8d18809-54a5-4ae3-b07a-b5f23a169183,Nykaa,google_play,hi,naykaa aap original products thanku naykaa,5,6,2021-12-10 12:33:18+00:00,2.7.3
1427,302c1332-4db9-47e0-8556-85c760f5e6da,Nykaa,google_play,hi,Manish vasaiya,5,4,2021-11-06 17:55:03+00:00,2.2.6
1428,b189c333-bd82-46a7-9376-ae198b056a2d,Nykaa,google_play,hi,Wow wow Products,5,4,2021-08-02 23:00:51+00:00,
1429,87c0b2dc-f67c-404e-a926-b63e0c92f383,Nykaa,google_play,hi,PPbऐययएबमजं,5,7,2021-06-23 09:30:10+00:00,2.5.9
1430,9cebd494-27fb-46c6-9515-50319b0b3799,Nykaa,google_play,hi,Order kiya hai aane ke bad batata hu,5,145,2021-05-29 07:47:32+00:00,2.5.9
1431,2a043b4f-a058-4e56-9740-6706c90e0b6d,Nykaa,google_play,hi,Its better,1,15,2021-03-12 19:10:41+00:00,2.5.6
1432,ec6daa32-a9e5-49cd-99a3-a014b7f89a44,Nykaa,google_play,hi,Worstest app very costly makeup,1,3,2021-01-24 10:12:56+00:00,
1433,71473205-d960-44ac-9531-265f93fcfba2,Nykaa,google_play,hi,High price,1,2,2021-01-01 13:27:13+00:00,
1434,237b358d-aea0-47e8-9dd8-048d57a84384,Nykaa,google_play,hi,Bahut acha,4,11,2020-11-27 11:03:34+00:00,2.4.9
1435,b5ee830b-f84c-49a2-82f4-d5044b834406,Nykaa,google_play,hi,ववशवववववववशशव ववववववववववववववववववववववववववववववव,3,11,2020-11-26 17:47:12+00:00,2.4.9
1436,d095b114-621c-47ea-b034-c45b30933945,Nykaa,google_play,hi,makeup kit order kiya tha isliye Mega please bahut acche Aate Hain,5,96,2020-11-10 11:55:33+00:00,
1437,40793537-a3fe-4168-b3da-fd24ea45d3a9,Nykaa,google_play,hi,I love makeup I love nykaa I think this the best app I have ever seen in my life the things are not very expensive and I Love you nykaa❤️,5,4,2020-09-28 11:46:21+00:00,
1438,1e5fefaa-f9d7-46c5-bf56-cde8410b6329,Nykaa,google_play,hi,ओ9 पी पी0प पी 90ओ आईयू,5,85,2020-03-31 10:50:02+00:00,2.2.2
1439,064fd3e0-1288-472d-a913-1bdbe45e419d,Nykaa,google_play,hi,Best option in this app is they have cash on delivery option as well..,5,8,2020-02-12 00:04:10+00:00,2.3.4
1440,ffd57ccc-3467-4912-896f-feef1ce37b20,Nykaa,google_play,hi,Sarvan sayi,5,5,2020-02-09 08:24:35+00:00,
1441,930086fb-9e7f-4120-a1df-fe54fb942852,Nykaa,google_play,hi,It's simply amazing....the products available plus the app...i just love shopping from here...,5,11,2020-01-15 14:46:49+00:00,2.3.3
1442,f932275c-bd9a-4b29-9ea4-c53c93d20a90,Nykaa,google_play,hi,पारुभूरिया,5,12,2019-11-24 17:45:05+00:00,2.2.5
1443,764a7d7c-8284-42a6-83f5-0b74dd48b760,Nykaa,google_play,hi,This app is best one,5,16,2019-10-23 14:25:25+00:00,2.2.9
1444,60ffdd49-b7d2-4f55-8962-536902032ff4,Nykaa,google_play,hi,oky it is good for every ledi,1,15,2019-10-19 23:06:43+00:00,2.1.8
1445,d66fb6c2-dcc2-4185-b190-05b4498570e0,Nykaa,google_play,hi,I am addicted to nykaa❤,5,20,2019-10-18 20:29:08+00:00,2.2.6
1446,c96b1133-60b2-4f2d-8fca-98ce96a03614,Nykaa,google_play,hi,beauty is god holly pojisan,5,17,2019-10-15 15:42:07+00:00,2.2.8
1447,61fcdbf4-6890-4453-b135-8ef019afc0dd,Nykaa,google_play,hi,Best app to buy any product at good prices.,5,22,2019-10-10 16:56:01+00:00,2.2.8
1448,97214b12-4b5b-4a9a-ade2-0a3cee3001f6,Nykaa,google_play,hi,नयश गर्ल्स ग्रुप चेक नंबर मोबाइल न,5,165,2019-09-25 17:40:00+00:00,
1449,09df0ba5-2b40-4af1-9ae8-d44c4fd1f0d4,Nykaa,google_play,hi,Unblock not,5,9,2019-09-08 01:02:51+00:00,
1450,54a96d72-5e9d-4eff-8b70-876650150618,Nykaa,google_play,hi,AAJ ke baad aid. Bheji to. Court case. Hoga .samajh. nahi. Aati,1,332,2019-09-06 16:36:36+00:00,
1451,eab521d9-f60c-4b2f-942a-81987b99271b,Nykaa,google_play,hi,good luck with,1,13,2019-08-14 20:18:28+00:00,2.1.3
1452,e42273d0-aab4-4620-841e-aaa06a108afe,Nykaa,google_play,hi,nice app but disscont are not good,5,59,2019-07-14 09:20:11+00:00,2.2.2
1453,2430ae72-274b-4167-aec5-4e586e31350c,Nykaa,google_play,hi,best online company,5,15,2019-07-12 14:35:52+00:00,
1454,e1f25012-3927-4583-a209-acf422564a3d,Nykaa,google_play,hi,गलती से होगया हे,5,199,2019-05-26 22:11:37+00:00,
1455,6a9663b6-d6f8-468c-970d-a36404ae0387,Nykaa,google_play,hi,Very nice product App,4,40,2019-05-12 18:58:05+00:00,2.1.5
1456,1a0d2929-6c52-46ff-b4b2-834ba6b01926,Nykaa,google_play,hi,Nyc app with reliable products,4,24,2019-05-02 18:39:57+00:00,2.0.7
1457,0c477a9f-3bb0-4500-a1ad-672972258871,Nykaa,google_play,hi,love nykaa products and nykaa fam❤,5,57,2019-05-02 15:28:08+00:00,2.1.7
1458,fafb32e2-fec2-43ba-b059-9311af3baa59,Nykaa,google_play,hi,सुनीता देवांगन,5,43,2019-02-02 08:29:34+00:00,2.1.3
1459,415d4d03-9d26-4a7f-983e-3dcad04dce81,Nykaa,google_play,hi,beauty shopping,5,64,2019-01-31 20:43:02+00:00,2.1.3
1460,d90089cf-d618-44b6-b61b-b539dbd3b60f,Nykaa,google_play,hi,Beauty shopping,5,49,2018-09-17 19:22:11+00:00,2.0.7
1461,3630bd06-1788-416b-80eb-ce3cd83acc5f,Nykaa,google_play,hi,बस्तीराम कड़ेला ेला,5,14,2018-09-10 20:17:54+00:00,
1462,a9b5f3cd-92ce-4469-be51-f50738511c83,Nykaa,google_play,hi,Veri Veri good,5,13,2018-08-16 07:42:21+00:00,
1463,a95d685b-e516-4a05-b257-99058c8eaa7d,Nykaa,google_play,hi,"Completely unsatisfied. I ordered bronson hair straightner brush and 
recieved a pink color brush which seems duplicate and didnt have any good 
packaging. I requested for return but now they are denying..I would suggest 
dont buy electronic items from nykaa rather prefer flipkart.",2,19,2018-07-17 17:00:48+00:00,
1464,d14f730c-6baf-4b1f-97ef-5c82b56da118,Nykaa,google_play,hi,Balance Deen,5,39,2018-07-16 03:09:28+00:00,2.0.5
1465,30d1b5ac-e906-4b59-a607-43ece291d99d,Nykaa,google_play,hi,It fineee to use,3,12,2018-05-06 09:14:56+00:00,
1466,680b58b5-4d46-4db7-a973-ba94f252710d,Nykaa,google_play,hi,So super cute,5,11,2018-02-23 15:19:06+00:00,
1467,4bb76b88-74a5-4d36-8bf1-a45b2e24f5d6,Nykaa,google_play,hi,मैएकआमआदमीहुमुझेपैसाकमानाहैमेहनतसे,5,14,2018-01-07 11:04:48+00:00,
1468,60f3e93f-f90b-45d7-a186-8ca5c1188299,Nykaa,google_play,hi,सावलराम     पटेल,5,60,2017-11-10 22:41:22+00:00,1.9.5
1469,e4607864-ac15-4a1d-9b23-179ee407242b,Nykaa,google_play,hi,Normal bogus app,3,22,2017-09-24 17:36:35+00:00,
1470,69536084-e61d-4402-af5f-8b9119848745,Nykaa,google_play,hi,Rana and sapna,5,27,2017-09-12 23:03:58+00:00,
1471,c088b0ed-0e81-492a-904a-dcf407436088,Nykaa,google_play,hi,I order 2 product and they send 1 only and when I ask question they do not reply me do not order from here,1,101,2017-06-18 20:27:38+00:00,1.8.7
1472,17ef6fb2-f307-4a29-91bf-b2bcf20b2df0,Nykaa,google_play,hi,शंकरलाल राठोड़ जोड़ दुदोड़,5,33,2016-12-08 16:41:40+00:00,
1473,dd7ff84d-6f3f-4583-b79f-281d4c2320ef,Flipkart,google_play,en,"Hi Dear Flipkart Support Team, I hope you are doing well. I am facing an issue while trying to place an order on your platform. Whenever I attempt to order a product, I receive a message stating that the product is not available for my location. I kindly request you to look into this issue and help resolve it at the earliest, as I am unable to complete my purchase.",1,0,2026-03-31 22:16:23+00:00,9.1
1474,b0c359fc-86d9-4ab7-af79-c76af9b4dfcf,Flipkart,google_play,en,iphone ples,5,0,2026-03-31 22:12:27+00:00,
1475,d2e44e58-211b-48df-9397-24c8e0b58e09,Flipkart,google_play,en,bahut bahut dhanyawad,5,0,2026-03-31 22:10:03+00:00,9.1
1476,b3108925-7a95-467a-bff3-a70280c700f4,Flipkart,google_play,en,Very Good  but red mi mobile stock is very poor aty.,5,0,2026-03-31 22:09:35+00:00,9.1
1477,0c839ca2-fd5d-4410-905b-5fd058a65909,Flipkart,google_play,en,plz baggy lober 20./. disconnect,5,0,2026-03-31 22:07:45+00:00,
1478,98e562c3-b8f9-4b85-8246-d2b3bff55b65,Flipkart,google_play,en,Flipkart groceries really appreciate ontime delivery good quality products very nice thanks,5,0,2026-03-31 22:07:09+00:00,9.1
1479,85486731-bc38-455e-9187-a08bec109f12,Flipkart,google_play,en,best app and trusted 100%,5,0,2026-03-31 22:04:08+00:00,9.1
1480,a2d17370-8849-4356-bdfe-9d692140f760,Flipkart,google_play,en,As I am a User of Flipkart from 10-12 years but Now as The Consumers are Depended on Online Shopping the Services are Getting worse day by day no action on Complaints and now they have also removed the Customer Call Support regarding orders and the Delivery Agents and Agencies are Not delivering orders on time and just Ignoring by Denying to deliver orders and They are Saying to Cancel the order or Some are Cancelling the Order by themselves.And the Management team. Such a Pitty.Worse Service.,1,0,2026-03-31 22:03:32+00:00,9.1
1481,114ed5ce-8654-482e-b5c6-10ff86a82ffd,Flipkart,google_play,en,Flipkart products are very good,5,0,2026-03-31 22:01:22+00:00,8.25
1482,4fd8dad1-e087-40b7-92a1-fa6e39b03bd1,Flipkart,google_play,en,Ashok Kumar Gupta very nice,4,0,2026-03-31 22:01:08+00:00,9.1
1483,2bcd2165-086a-4183-a352-9e0227a3f496,Flipkart,google_play,en,it is use full app,5,0,2026-03-31 22:00:46+00:00,9.1
1484,bd383311-e9db-4adb-bf7d-ade0872bd89a,Flipkart,google_play,en,nise online shoping app,5,0,2026-03-31 22:00:06+00:00,
1485,3103ed16-df34-4101-ae35-9635a07eecc3,Flipkart,google_play,en,payment options,1,0,2026-03-31 21:55:07+00:00,9.0
1486,0bc09a8b-3fef-4242-b738-0abfdf81c1d7,Flipkart,google_play,en,badiya app,1,0,2026-03-31 21:54:15+00:00,9.1
1487,801eec6a-1f56-4bb2-8dcc-1a468feddd87,Flipkart,google_play,en,please update my cashback,5,0,2026-03-31 21:52:23+00:00,9.0
1488,dc7be10a-32b8-46e4-9a1a-a410600a887e,Flipkart,google_play,en,best platform for shopping,5,0,2026-03-31 21:50:41+00:00,9.1
1489,10c60fe7-0727-4738-bb2d-c2fdba10b29c,Flipkart,google_play,en,nong mynsong,5,0,2026-03-31 21:49:44+00:00,9.1
1490,a763b9fd-d432-4421-bdef-49a44698b368,Flipkart,google_play,en,thora aur jaldi deliveri ka system kar do,4,0,2026-03-31 21:49:39+00:00,9.1
1491,4b06e579-f905-4758-a356-ca7703a78c5e,Flipkart,google_play,en,batter than other site's,5,0,2026-03-31 21:49:29+00:00,8.37
1492,4437d192-98d0-49d3-901b-0c1b18cc85d7,Flipkart,google_play,en,helpful app,4,0,2026-03-31 21:48:58+00:00,9.1
1493,eab268e4-cfdb-453e-848c-ab60dd347624,Flipkart,google_play,en,"Dear team, As I have order above 700 rs and still you are taking handling fee and service fee this is not ok for me. thankyou",1,0,2026-03-31 21:46:53+00:00,9.1
1494,ae2e5534-44d4-4c33-b383-56e9ed685aeb,Flipkart,google_play,en,very late delivery,2,0,2026-03-31 21:45:11+00:00,8.38
1495,fe168d83-0185-49f9-8b0e-d5ae4c653221,Flipkart,google_play,en,better than amazon.,5,0,2026-03-31 21:43:07+00:00,8.39
1496,7375436c-2666-4d52-a163-a6586c0b1f27,Flipkart,google_play,en,excellent 👍 this app is good,5,0,2026-03-31 21:41:14+00:00,9.1
1497,e39c3a45-bb94-4edf-9978-22ed94ce24e7,Flipkart,google_play,en,"Actually I was uninstalled this app, Recently I installed again for shopping again a worst experience,in the status it's showing product out for delivery and contact number of delivery person,I am trying to call the delivery person not picking and from past two days I am getting delivery rescheduled without any call,worst experience again",1,0,2026-03-31 21:40:07+00:00,
1498,65b35e9c-f62c-42b7-9da4-10d13f19ca70,Flipkart,google_play,en,nice 👍 thanks 😊,5,0,2026-03-31 21:38:04+00:00,9.0
1499,6e68b6d3-f8cb-432c-a2a1-05a238fcbd7a,Flipkart,google_play,en,"worse interface , new update on website and app ruined everything on site . some option is hard to find on app and some option isnot working. please recruit a professional app dev to build your app and site again . app is headache to operate",1,0,2026-03-31 21:35:47+00:00,9.1
1500,093a1e3d-9c62-4124-af64-4ff1d2f4c961,Flipkart,google_play,en,excellent app,5,0,2026-03-31 21:35:09+00:00,9.0
1501,4583d7c2-9ab8-4820-84e4-f53c74bdfbf8,Flipkart,google_play,en,b a b i k a n t,5,0,2026-03-31 21:34:37+00:00,9.1
1502,150d719e-facc-4669-a5cc-3643e8e31d1c,Flipkart,google_play,en,for best giving,5,0,2026-03-31 21:34:09+00:00,9.0
1503,66acdcd0-24da-4393-a0a2-da6b2b29ee7c,Flipkart,google_play,en,nice app 🥰,5,0,2026-03-31 21:29:03+00:00,
1504,d4eb060d-c495-4c19-bb54-694ae66fdc26,Flipkart,google_play,en,ok good good good,5,0,2026-03-31 21:25:55+00:00,9.1
1505,54a5e8a6-fa31-4381-80f3-9999292e979b,Flipkart,google_play,en,very nice online shopping,5,0,2026-03-31 21:25:37+00:00,
1506,dbada56c-d16e-4e1d-8cad-fd41dd624e36,Flipkart,google_play,en,good quality 👍,5,0,2026-03-31 21:22:15+00:00,9.1
1507,3df82920-b361-4602-a4b9-8b610cdf90bf,Flipkart,google_play,en,Bahut Hi Ghatiya Service Mil Rahi Hai,1,0,2026-03-31 21:19:27+00:00,8.42
1508,ac7ea914-3ef3-43c8-befb-48a1b99c26e7,Flipkart,google_play,en,"Now a days your service was very worst service and 3rd class, packing also very cheap quality",1,0,2026-03-31 21:18:54+00:00,9.1
1509,89f49b69-0c49-4c96-8a04-84aca788470a,Flipkart,google_play,en,number 1 quality,4,0,2026-03-31 21:18:51+00:00,9.1
1510,61fb17f8-9ec9-43b0-8203-02365782398d,Flipkart,google_play,en,good items,5,0,2026-03-31 21:18:47+00:00,9.1
1511,4e19cdaf-3170-41f7-9628-b52b613543c6,Flipkart,google_play,en,super products,5,0,2026-03-31 21:17:39+00:00,9.1
1512,5dd77e83-2255-429a-b5f9-abc1ae2fbfc9,Flipkart,google_play,en,amazing damru wale baba,5,0,2026-03-31 21:17:01+00:00,9.1
1513,b49800a9-0b9e-427f-8aca-4dfbf6945d58,Flipkart,google_play,en,It was very difficult to find the address of the shop and it took me two hours to find it,1,0,2026-03-31 21:16:18+00:00,9.0
1514,0d7e07b9-8844-47be-a3c0-c91070332b82,Flipkart,google_play,en,one of the best delevery app✌🏻,4,0,2026-03-31 21:15:16+00:00,9.1
1515,184d7a9d-a0b0-4a2d-b5c9-a47475fe7c44,Flipkart,google_play,en,very 👍 👍 👍 👍,5,0,2026-03-31 21:15:00+00:00,9.1
1516,27a64144-82ab-41fd-8e04-e185ba85d909,Flipkart,google_play,en,plz fast delivery 🚚,5,0,2026-03-31 21:13:40+00:00,9.1
1517,b2a2d131-756f-4e8f-81b3-916e615b926f,Flipkart,google_play,en,यह बहुत अच्छा ऐप है,5,0,2026-03-31 21:12:34+00:00,9.0
1518,1f9b2865-38c3-4c84-b62b-5dcc64aeb11f,Flipkart,google_play,en,very very nice 👌 👍,5,0,2026-03-31 21:09:00+00:00,9.1
1519,f3098596-c15e-435d-832a-b3d7140717e6,Flipkart,google_play,en,in flipkart are said discount cashback but they never do please not trust,1,0,2026-03-31 21:08:20+00:00,7.40
1520,8395edc2-b483-4cc9-984d-a9c2f00593a2,Flipkart,google_play,en,bhut hi acha app h aap log use kar sakte h or isme ka har item....soo..beutiful..soo..elegant.. just..looking..like..a..wow👌☺️,5,0,2026-03-31 21:08:11+00:00,9.1
1521,ebba3a08-f6eb-4a7a-81ba-c5ef2ae234bd,Flipkart,google_play,en,fast order,5,0,2026-03-31 21:05:59+00:00,9.0
1522,b13253c2-31b9-4168-84db-4bcea93997dc,Flipkart,google_play,en,very bad service from Flipkart kart recently i bought an induction cook up which is defective and completely not working and there is no return option very bad service and loss of money,1,0,2026-03-31 20:58:32+00:00,9.1
1523,2aadb885-e35f-4fa4-b4cd-3564a51ea03a,Flipkart,google_play,en,very good application,5,0,2026-03-31 20:57:07+00:00,9.1
1524,09953760-5ea5-4776-a68c-8c3398874375,Flipkart,google_play,en,"Very disappointing experience with Flipkart. My order was marked as delivered, but I never received it. Customer support closed the complaint saying it was delivered without providing any proof like OTP, delivery photo, or receiver details. No callback was received despite request. This is highly unprofessional and unacceptable for prepaid orders. I trusted Flipkart, but this incident has completely broken my confidence. I request a proper investigation and immediate refund or replacement.",1,0,2026-03-31 20:54:09+00:00,9.1
1525,7a2960b1-4b9f-49ca-a371-a6196fb74eb3,Flipkart,google_play,en,bohot hi accha hai,5,0,2026-03-31 20:52:52+00:00,9.0
1526,f2a85f35-0362-4d81-b8b0-b3a661e107cb,Flipkart,google_play,en,"Flipkart is absolutely terrible; they cause significant delays with their products. I ordered an item, but it took an excessive amount of time—I had to wait for five days—and even after five days, my order still hasn't arrived. They extended the timeframe from 5 days to 10 days, and their company is terrible. Furthermore, their company barely functions properly.My order was automatically cancelled after 10 days. This service causes significant delays, and its performance is absolutely poor.",1,0,2026-03-31 20:50:33+00:00,9.1
1527,3cbc171a-59b1-4196-9cbc-68eebd43b2a2,Flipkart,google_play,en,"I am extremely disappointed with Flipkart. I ordered 10 items but received only 1, while the app falsely shows all items as delivered. I raised a complaint immediately, but no one contacted me for 20 days. After this delay, I was told the return period had expired. This is unfair, as the delay was from your side. This reflects poor service, zero accountability, and complete negligence. Worst experience.",1,0,2026-03-31 20:49:56+00:00,
1528,f0251ccd-8bbb-4c6c-a616-309cb6efeebe,Flipkart,google_play,en,"bye bye flip kart when you start 20 min Delivery options, prices are too high, so we are switched to zepto they are provide good offers at the best price.. just stop 20 min Delivery and Continue your 24hrs Regular Service, other wise👎👎👎👎👎👎👎",1,0,2026-03-31 20:49:11+00:00,8.42
1529,96c803d8-e8e4-48df-b87c-aa1dcbe2350d,Flipkart,google_play,en,no I am not happy for buying it flipkart,2,0,2026-03-31 20:49:06+00:00,9.0
1530,0f4b36f3-134a-45ba-bbd7-d3830839d03a,Flipkart,google_play,en,best प्लेटफ़ॉर्म,5,0,2026-03-31 20:48:51+00:00,9.0
1531,c2e77299-de42-43f4-aa6b-7a3e75d395ec,Flipkart,google_play,en,টাকা বেশি নিছে ডেলিভারি দাওয়ার সময় 29 টাকা বেশি নেয় 😡😡😡,1,0,2026-03-31 20:48:46+00:00,9.1
1532,94f6163b-e90a-45ca-befe-c66a607e1db7,Flipkart,google_play,en,meri order kabi bhi sahi taim par nahi aati or dilevery boy disrespect se baat kar ta or Ghar bhi nahi aata to ham home delivery kyu karte hai agar hamara order hi ghar nahi aata....???,1,0,2026-03-31 20:48:35+00:00,9.1
1533,e1d8d0e8-56b9-4682-974a-59d8aa7259ae,Flipkart,google_play,en,provide good services,5,0,2026-03-31 20:46:23+00:00,9.1
1534,5de3aa32-a12c-4376-b21c-3cf63c195bef,Flipkart,google_play,en,dekhte hain kaise processing hai,5,0,2026-03-31 20:44:59+00:00,9.0
1535,283788bd-0a1b-4063-b86c-c0164672df17,Flipkart,google_play,en,I m very good,5,0,2026-03-31 20:43:05+00:00,9.1
1536,c6b16a09-c56d-48b2-8c75-6c3ed0981dd2,Flipkart,google_play,en,I did so much shopping but you people never gave me much discount.,4,0,2026-03-31 20:42:52+00:00,9.1
1537,2e12d790-ab00-470c-a4e6-1012127ffb80,Flipkart,google_play,en,proving quality and very good delivery 👏,5,0,2026-03-31 20:41:30+00:00,9.1
1538,2e3812e0-1899-4e61-8dbb-7c63a1a86113,Flipkart,google_play,en,not bad it's something good 😊👍,1,0,2026-03-31 20:39:57+00:00,9.1
1539,5fe11f5e-10f7-4fda-b2a3-b02b2b091f6e,Flipkart,google_play,en,super cute baby,5,0,2026-03-31 20:35:36+00:00,8.42
1540,c82b8053-b887-47be-bf57-42896143606d,Flipkart,google_play,en,Flipkart company bahut badhiya hai aur Mal bhi achcha Milta Hai,5,0,2026-03-31 20:30:55+00:00,9.1
1541,cd0bffc1-eaf9-4f73-ab2d-e81711695482,Flipkart,google_play,en,Ordered Lenovo laptop 1. Product delivery was late. Had to follow up for 1 week to get the product delivered to me. 2. Product delivered was damaged. Keyboard not working. 3. Product don't have a proper invoice with SR number because of which service and warranty was denied for me from Lenovo. 4. Created a return but the technician is not visiting and I'm getting messages in WhatsApp for cancellations. Worst experience ever. CS teams keep on giving 24/48 hr timeline for resolution.,1,0,2026-03-31 20:30:15+00:00,9.1
1542,068308c1-1bd0-4ad9-9655-93e1b55cbd09,Flipkart,google_play,en,good to use but update useer experience,5,0,2026-03-31 20:29:40+00:00,
1543,c3d78dbd-f994-4e1e-9b36-67583cf4ed53,Flipkart,google_play,en,Bahut Ghatiya Service ho gayi hai inki mera order 2 ya 3 din delivery dikhakar cancel kar diye hai sab yaha tak ki call bhi nahi kiye the sab.,1,0,2026-03-31 20:27:56+00:00,9.1
1544,8cc75083-b217-4f2c-971f-06df5d20f1da,Flipkart,google_play,en,good product sice app,5,0,2026-03-31 20:27:47+00:00,9.1
1545,fa1cc248-bb81-4dcd-9496-5b23611e0b2e,Flipkart,google_play,en,the best app and soping,5,0,2026-03-31 20:25:36+00:00,8.35
1546,797d6dbc-434f-4511-98fd-cb9a81b436a7,Flipkart,google_play,en,very beautiful app,4,0,2026-03-31 20:24:57+00:00,8.33
1547,ffb80c30-ca61-4789-a4ad-bbdc6444e0bb,Flipkart,google_play,en,I have very bad experience with this shopping aap. they are cancelled my order without my concern. even I have already paid for all products. and delivery service provider asking me for change my pincode. I'm done with this shopping aap now. if you resolve the issue then I will continue. please take action and improve your service. it's a humble request.,1,0,2026-03-31 20:23:17+00:00,9.1
1548,9c0201bc-2b18-497e-8787-a42b4a986c4c,Flipkart,google_play,en,teaching ☺️,3,0,2026-03-31 20:23:17+00:00,9.1
1549,1491dc62-a721-4ac0-8f3d-49ecb10cbb42,Flipkart,google_play,en,super work,5,0,2026-03-31 20:23:17+00:00,9.0
1550,25faf494-1cc9-4ec8-a33a-918d1578bf6a,Flipkart,google_play,en,very bad service they are calling other other number because I blocked number 😡 continue .,1,0,2026-03-31 20:22:59+00:00,9.0
1551,6eac6561-63ac-433e-bfa3-3aeb5c5ce93f,Flipkart,google_play,en,delivery on time,3,0,2026-03-31 20:21:24+00:00,9.1
1552,8e3fa1b9-8996-4bfd-b92d-c05c8562230a,Flipkart,google_play,en,bt speaker dead,1,0,2026-03-31 20:20:53+00:00,8.42
1553,716b8ceb-ba46-47b5-908f-1e606eb49dc0,Flipkart,google_play,en,thank you 👍,5,0,2026-03-31 20:20:51+00:00,
1554,ea644c46-c897-4d1c-8063-f64df60ed745,Flipkart,google_play,en,Very bad app my refund show my I'd but request not my bank it's a schemer very very bad customer service very bad Ford app,1,0,2026-03-31 20:19:19+00:00,9.1
1555,aeb68a5c-e993-4c5c-8bf4-7c80e25ad07d,Flipkart,google_play,en,bohot acha hai product,4,0,2026-03-31 20:19:15+00:00,9.0
1556,b3ede799-9dde-49d6-86aa-b69c6ddd06b9,Flipkart,google_play,en,perfect price perfect quality I love Flipkart,5,0,2026-03-31 20:17:13+00:00,9.1
1557,ac3717ba-8bb4-44fd-b895-87b55fb421e5,Flipkart,google_play,en,very nice 🙂,5,0,2026-03-31 20:17:01+00:00,8.40
1558,a9c2afdd-3bd8-4166-91f5-64d80cf7d2cb,Flipkart,google_play,en,fastest delhivery,5,0,2026-03-31 20:15:31+00:00,9.1
1559,5de080f7-ad33-442e-b044-fd0836710d47,Flipkart,google_play,en,बेस्ट ऐप फॉर ऑनलाइन शॉपिंग,5,0,2026-03-31 20:14:48+00:00,9.1
1560,9281c43d-1b08-41a1-a969-d700f89ff063,Flipkart,google_play,en,"App is slow working, consumption suffering time is more..... disgusting app very slowly app.",5,0,2026-03-31 20:14:29+00:00,8.23
1561,21c539fc-aa82-479a-8ada-a2e9b024a0b2,Flipkart,google_play,en,nice Flipkart,4,0,2026-03-31 20:13:56+00:00,9.1
1562,64cb1a10-eec5-4558-9019-890603484c7e,Flipkart,google_play,en,one off best shoping app,5,0,2026-03-31 20:13:04+00:00,9.1
1563,0d836c81-00f9-4a2c-b1d3-8381c5d16e5a,Flipkart,google_play,en,"the flikart minutes is absolute fraud.. ordered milk..tetra packs all swollen.. regular milk spoilt.. when you complain, they will state anomaly in orders and close the chat.. no refunds, nothing.. better to use amazon now.. never had an issue with them.. .",1,0,2026-03-31 20:12:56+00:00,9.1
1564,4efa7669-dff0-4f12-b252-74ae3f293b08,Flipkart,google_play,en,फिरि फायर हौ मे आधा बिडियो हौ भाइ_बहन एकलाइक करदे,5,0,2026-03-31 20:11:51+00:00,
1565,25b23b9e-6431-4e2e-bd18-af1091902e64,Flipkart,google_play,en,good to apps,5,0,2026-03-31 20:09:36+00:00,9.1
1566,db54c20b-e734-4bd8-8698-148ee451ca4c,Flipkart,google_play,en,nice deals 🤝,5,0,2026-03-31 20:07:32+00:00,9.1
1567,23c4ec2c-f276-41a3-9071-44e57790ed51,Flipkart,google_play,en,Flipkart worst option for all type of shopping purchasing 4th class online platform 10% working 10% genuine fraud scam not recommended disasters experience ever...... Customer care not working,1,0,2026-03-31 20:06:17+00:00,9.1
1568,08dab2e9-5a3b-472e-8276-58b831fc5314,Flipkart,google_play,en,best online app flipkart 10/10,5,0,2026-03-31 20:05:09+00:00,
1569,c78490cd-2aa4-4276-a733-d325dd8a3b14,Flipkart,google_play,en,in feeling very happy,5,0,2026-03-31 20:04:37+00:00,9.0
1570,ef56a13a-92e2-4b59-887f-24f73db90f15,Flipkart,google_play,en,"Purchased AC with Trust Shield, but received a defective unit with internal damage. Even the authorized technician confirmed it. Return got approved, but pickup is still not done after 20+ days. Constant delays, false promises, and zero accountability. Trust Shield is useless. Flipkart service is extremely poor. Avoid buying expensive products from here.",1,0,2026-03-31 20:03:44+00:00,
1571,399b2cb9-9b5c-48f7-ba44-4a1c8c984d4e,Flipkart,google_play,en,this is very useful sir please check ✅,5,0,2026-03-31 20:02:46+00:00,9.1
1572,1d6cc1ec-f5f1-4758-888f-22d706ffec91,Flipkart,google_play,en,Flipkart is good 😊,3,0,2026-03-31 20:02:24+00:00,9.1
1573,9e0a81ad-a710-4557-8db6-5b73d0f89ef7,Flipkart,google_play,en,ಸುಂದರ ಮತ್ತು ಹೊಸ ವಿಷಯಗಳು,5,0,2026-03-31 20:01:55+00:00,9.1
1574,2dd87f89-d1a3-41be-82c4-7516e83efca1,Flipkart,google_play,en,nice product 🫰🥰,3,0,2026-03-31 20:01:35+00:00,9.1
1575,a5f25f85-bc33-4873-9313-af90ec54ea57,Flipkart,google_play,en,mast hai yrr,3,0,2026-03-31 19:58:34+00:00,9.0
1576,9ae6c75a-26ba-40dc-aa48-7cc78da47e90,Flipkart,google_play,en,acha app online,5,0,2026-03-31 19:57:45+00:00,
1577,06e823ec-07c4-45b7-b065-55706f9b1f34,Flipkart,google_play,en,thick hai app,4,0,2026-03-31 19:55:59+00:00,9.1
1578,2f0db751-0979-4e46-b4e4-7a4773b45ac0,Flipkart,google_play,en,i love this app💗💗💗💗💗💗💗💗⚡⚡⚡🌿🌿😻😻😻😻😻😻😻😻🌸🌸🌸🌸🌸🌸🌸🥺🥺🥺🥺💋💋💋💋💋💋💋💋💋🥰🥰🥰🥰🥰🙃🙃🥰🙃,5,0,2026-03-31 19:54:42+00:00,9.1
1579,2575525f-8b1a-40ae-a08a-c7e0db433c26,Flipkart,google_play,en,surjyomondal,5,0,2026-03-31 19:53:01+00:00,9.0
1580,f100507b-103c-4ebb-876c-1f757d892195,Flipkart,google_play,en,super shopping aap,5,0,2026-03-31 19:50:33+00:00,9.1
1581,8986c59b-32ee-4afa-a91c-b71cbb0cf3ab,Flipkart,google_play,en,is verified shopping app Flipkart online shopping thank you so much,5,0,2026-03-31 19:48:46+00:00,7.80
1582,fe0faa94-dc7b-4eaa-9544-7456bbb95298,Flipkart,google_play,en,Good application,5,0,2026-03-31 19:47:41+00:00,9.1
1583,85f3baef-619d-49ce-b7ab-64dff4a4ba5d,Flipkart,google_play,en,very good ofer flipkart good,5,0,2026-03-31 19:43:45+00:00,9.0
1584,b0ac1818-7bbc-41c9-877c-e738949bfffe,Flipkart,google_play,en,"The refund process you have in place is extremely poor. I had ordered two identical half pants, which I returned due to sizing issues. Although the return was processed, I have only been refunded for a single item. This is very disappointing. Please improve your refund system and ensure the remaining balance is credited back to me.",1,0,2026-03-31 19:40:33+00:00,9.0
1585,5ba541e7-ef49-48f3-8534-ff796645bfcb,Flipkart,google_play,en,better than any other apps,5,0,2026-03-31 19:39:11+00:00,8.32
1586,890aae45-7ae8-465f-9c4e-f57932e652c5,Flipkart,google_play,en,Good product,5,0,2026-03-31 19:38:12+00:00,8.42
1587,c5089041-cb4e-4721-a405-33f1f9f46d1f,Flipkart,google_play,en,veery good aap,5,0,2026-03-31 19:37:20+00:00,
1588,b5d23bd9-5f26-4aa4-a2cd-a40010103b28,Flipkart,google_play,en,"Bro it's Damm I ordered 2350 rupees art watch but the send me 200 rupees digital watch I asked for refund bit dealer denied so I said to customer care they also didn't make os just dammed app,..poor ratings",1,0,2026-03-31 19:34:59+00:00,9.1
1589,589ce133-2639-4edd-bc49-519ef9608bd6,Flipkart,google_play,en,worst app ever the don't expect return if it is damaged,1,0,2026-03-31 19:34:22+00:00,
1590,a49ed309-1c7a-4a4c-8b47-19711e1fe74a,Flipkart,google_play,en,very good marketing app 😃💯,5,0,2026-03-31 19:32:32+00:00,9.1
1591,e215740e-7088-4771-bf7b-0be008ea0583,Flipkart,google_play,en,"I had a really disappointing experience with Flipkart. Their customer service is extremely poor, and it feels like they don’t take customer issues seriously at all. Despite raising my concern multiple times, there was no proper response or resolution provided. The support team keeps giving generic replies without actually understanding the problem. It’s frustrating to see such a lack of responsibility and professionalism from a platform of this size.",1,0,2026-03-31 19:31:55+00:00,9.0
1592,15e2b126-1b98-4ec9-90c6-e585e97de204,Flipkart,google_play,en,price is different on dashboard and then actual paying amount is different atleast jo price hai wahi dikhana chahiye na,2,0,2026-03-31 19:31:06+00:00,
1593,52072d84-515e-421d-84b1-14048d7fd9f1,Flipkart,google_play,en,worst app.... delivery hmesha time se late hoti hai....and many more problems,1,0,2026-03-31 19:30:01+00:00,
1594,ecd88fd1-b594-4ccc-8a47-3fda937da9c1,Flipkart,google_play,en,delivery time is late pls try to deliver fast if possible,2,0,2026-03-31 19:27:52+00:00,9.1
1595,b2e7b8b8-096f-446d-a7c1-f7a8c4cba8e7,Flipkart,google_play,en,product very good,5,0,2026-03-31 19:27:38+00:00,9.1
1596,6f75b19f-b2b8-4c8a-bf6e-06e16ec5636f,Flipkart,google_play,en,super shoping app and give cheap rate,5,0,2026-03-31 19:27:30+00:00,9.0
1597,c2295ddf-8744-4131-9bca-09814e1e2d2f,Flipkart,google_play,en,Good online shopping,5,0,2026-03-31 19:26:33+00:00,9.0
1598,5785beea-e0c4-4b68-aa54-670793d36db2,Flipkart,google_play,en,The money doesn't decrease even after the offer.,1,0,2026-03-31 19:25:39+00:00,9.1
1599,05c5def5-5cd7-4376-9725-ddf1f847c1cb,Flipkart,google_play,en,good AAP flipkart,5,0,2026-03-31 19:23:31+00:00,
1600,749956f1-454d-49ee-8c0e-bd19b2d7a35e,Flipkart,google_play,en,Not so good facilities 😕😕,3,0,2026-03-31 19:23:15+00:00,8.42
1601,d7ba0029-5eab-4d75-aaec-e040f962b50b,Flipkart,google_play,en,ok trastes,1,0,2026-03-31 19:22:37+00:00,9.1
1602,dbbd7faf-fe37-4674-aa93-3cb5d02a72ee,Flipkart,google_play,en,this is appa usefull links,5,0,2026-03-31 19:19:35+00:00,8.42
1603,4e30a4c4-7a41-44db-aceb-8f2ccf5a1f3c,Flipkart,google_play,en,super good 👍,5,0,2026-03-31 19:19:16+00:00,9.0
1604,a6f8182e-2247-411c-b369-f90f38dc7298,Flipkart,google_play,en,The loading time is really annoying. It became very difficult to use the app. They need to invest in a better server,2,0,2026-03-31 19:17:44+00:00,9.1
1605,4ebd8a63-fdaa-439e-8bf2-6110da1b82d7,Flipkart,google_play,en,verry good ap,5,0,2026-03-31 19:16:45+00:00,8.42
1606,cb13e7d2-fbc0-4200-9bb9-8ad1c5ad4718,Flipkart,google_play,en,rojoth asva,5,0,2026-03-31 19:12:47+00:00,8.39
1607,3ceffaec-b729-4240-be4c-9eec1d438af0,Flipkart,google_play,en,GULAM MUSTAFA,5,0,2026-03-31 19:12:36+00:00,8.42
1608,ba25a796-4847-4d78-86c5-0f9dbc294ca8,Flipkart,google_play,en,i think flipkart is better than meesho because the delivery is fast and the quality is also so good and all....tyyyyyyy,5,0,2026-03-31 19:10:46+00:00,9.0
1609,09ae9f64-5c61-4a39-87dc-ca13880b4df0,Flipkart,google_play,en,"very bad +what we are ordering that will not come and another thing will come but it's ok and again it's coming that u have order just waste of money,😐😑😔💩💩💩😐😑😑😑😑😑😡😡😡😡🙁🙁🙁🙁🙁😡😡😡😡😡😡😡😡🙁😡🙁🙁😡😡😡😡😡😡🤬🤬🤬🤬🤬🤬🤬😡🫤😟😟😟😟😟😟😨😟😨😨😨😨😖😨😨😖😖☠️☠️☠️☠️👿👿👿👿👿👿👿👿👿👿👿👻👿⛄⛄👿👿👿👿👿👿👿👿👿👿",1,0,2026-03-31 19:10:36+00:00,9.1
1610,02d50ac9-8984-4937-bb26-832ffc96f032,Flipkart,google_play,en,ajay yadav shekhpura,5,0,2026-03-31 19:09:06+00:00,8.42
1611,4e4391df-edb4-4935-95a1-8159ddaf574b,Flipkart,google_play,en,so nice and The best,4,0,2026-03-31 19:07:24+00:00,9.0
1612,e9c83a13-e6a2-495d-8811-dc90abdd66db,Flipkart,google_play,en,fast time try,3,0,2026-03-31 19:06:16+00:00,9.1
1613,a18e5cfb-2da5-4c01-9088-7d48d93cfc42,Flipkart,google_play,en,sunny valmiki ji,5,0,2026-03-31 19:04:05+00:00,9.1
1614,1ffd765c-2dbc-484e-9e0b-6a7d7f29fd13,Flipkart,google_play,en,thanks flipkart team ♥️🫶🏻,5,0,2026-03-31 19:03:34+00:00,9.0
1615,e2dbc83e-40bd-412d-9274-0e7b03a1cc20,Flipkart,google_play,en,This app is really cool and we shop from this and everything comes to us good and carefree so they like this Flipkart.,5,0,2026-03-31 19:01:45+00:00,8.42
1616,088ffa9b-1652-4e82-9ce6-f067dfed8722,Flipkart,google_play,en,good book 📖,5,0,2026-03-31 19:00:26+00:00,9.1
1617,ac5724df-21d6-485c-bae0-f08b6dba11a7,Flipkart,google_play,en,Maine aaj pahli baar order kya hai agar mujhe achha product Mila to mai Flipkart ki reting 10 me 10 dunga,5,0,2026-03-31 18:59:07+00:00,9.0
1618,bb1eae05-7e71-4ce0-b7ba-d4f6e9991d38,Flipkart,google_play,en,good product s placement plat foam,5,0,2026-03-31 18:58:23+00:00,9.1
1619,cd946aff-ef78-4893-85af-b14a379ed3a3,Flipkart,google_play,en,worst app i ever never seen,1,0,2026-03-31 18:57:28+00:00,9.0
1620,2a7e7cd0-af48-44ed-bc81-eaee42b5a87d,Flipkart,google_play,en,excellently,5,0,2026-03-31 18:56:38+00:00,9.1
1621,5f00d9de-6b77-4d9e-83e9-25bc72960e3e,Flipkart,google_play,en,good ...can improve.,4,0,2026-03-31 18:54:52+00:00,9.0
1622,cacaaa4a-2152-41cd-b9d3-db22aa9eeeef,Flipkart,google_play,en,this is the best app to buy anything you want,4,0,2026-03-31 18:52:15+00:00,8.36
1623,a4384fea-9e34-47cf-945b-887058746a5d,Flipkart,google_play,en,bast product,5,0,2026-03-31 18:51:45+00:00,9.0
1624,35c594fd-4dab-4232-90ac-83c0c4a80b34,Flipkart,google_play,en,nice aap 🫶🏻💗🤌🏻,5,0,2026-03-31 18:51:35+00:00,9.0
1625,c8ff1e79-2b81-45cc-bb5f-db5a6a65c74e,Flipkart,google_play,en,all the products are most to buy,5,0,2026-03-31 18:50:51+00:00,9.0
1626,f9a08c66-5d02-44c5-b32a-8d4d1ca99337,Flipkart,google_play,en,it's good app,3,0,2026-03-31 18:49:13+00:00,9.1
1627,5a200f5c-3515-4e50-a95e-c19b4ed03daf,Flipkart,google_play,en,Not recommended..,1,0,2026-03-31 18:47:40+00:00,9.1
1628,ee3fbd6d-eaa4-4bcc-99ac-4c184d625b0f,Flipkart,google_play,en,good service 👍,5,0,2026-03-31 18:45:29+00:00,
1629,4cad2c81-2d27-470a-98d0-aa5b5fbebfdf,Flipkart,google_play,en,I always prefer to buy from flipkart.but now it's very very slow. Not working properly. Showing the same products again and again after sorting and filter. App is auto restart after few minutes. Improve the app.,1,4,2026-03-31 18:44:13+00:00,9.1
1630,90389c66-0286-448f-b343-813058b7aae3,Flipkart,google_play,en,wow nice discount,4,0,2026-03-31 18:43:48+00:00,9.0
1631,24f8dde7-3883-4b5e-8a69-9c85a4ab013e,Flipkart,google_play,en,"jaldi delivery karte jao bas,, 🙏 meesho is best 😊",5,0,2026-03-31 18:38:05+00:00,9.1
1632,722cf917-7f9b-46f1-a8d2-0cfe6336902c,Flipkart,google_play,en,Paisa chahie,5,0,2026-03-31 18:36:42+00:00,9.1
1633,77a55737-2706-4345-a057-cbde08547438,Flipkart,google_play,en,"best product , high price but satisfy",5,0,2026-03-31 18:34:02+00:00,9.1
1634,a0a05cb8-fe0d-4a8a-a986-541eed54a7b5,Flipkart,google_play,en,ajajul laskar,4,0,2026-03-31 18:33:03+00:00,
1635,19015256-5cee-471d-be5b-cbfb7a731bd5,Flipkart,google_play,en,हमें पसंद हे यह प्रोडक्ट,5,0,2026-03-31 18:32:56+00:00,8.18
1636,7fdc06e0-b1bd-4c43-b7d4-c8e410c211c1,Flipkart,google_play,en,सर्विस अच्छा होएगा तो मैं ढेर सारा सामान सब शॉपिंग करेगा aapko flipkart se,5,0,2026-03-31 18:31:19+00:00,9.1
1637,c6c46e9e-c271-483c-9c25-9efe5c202c83,Flipkart,google_play,en,best of delivery,5,0,2026-03-31 18:30:22+00:00,9.1
1638,9f3f7615-08ae-483f-aee8-1e06b29700fb,Flipkart,google_play,en,very bad services,1,0,2026-03-31 18:29:31+00:00,4.3.1
1639,1b7d181c-860e-4567-8778-757b6a9b5d7d,Flipkart,google_play,en,reetasharma,5,0,2026-03-31 18:27:38+00:00,8.42
1640,56fddd46-2ce9-4621-98be-9681b1b998ce,Flipkart,google_play,en,delivery fast,1,0,2026-03-31 18:25:20+00:00,9.1
1641,eeec7a7e-1cd4-4bb5-8c33-0241670ac0b7,Flipkart,google_play,en,"Waste Application👎, Please Do Not Download This Application...",1,0,2026-03-31 18:20:47+00:00,9.0
1642,802fd364-095c-43ed-b131-887bbc59d637,Flipkart,google_play,en,good flipkart,5,0,2026-03-31 18:16:25+00:00,9.1
1643,6beaf46d-f18a-4de1-8386-5c414523f0a2,Flipkart,google_play,en,good shopping platform,5,0,2026-03-31 18:15:07+00:00,9.1
1644,29e9e8f7-869a-41bb-92d5-234e66531336,Flipkart,google_play,en,আমি খুবই খুশি,5,0,2026-03-31 18:13:40+00:00,9.0
1645,b7b0a616-0061-4402-96c5-c5ea96632ea6,Flipkart,google_play,hi,ढचदढटदढटदढटदझ,5,0,2026-03-31 19:48:40+00:00,9.0
1646,18c86cd5-c0e8-47b8-aa53-8a5a250ed7e4,Flipkart,google_play,hi,good app ..,5,0,2026-03-31 19:26:59+00:00,9.1
1647,1e9eb1fe-81b3-481f-a394-e5c4515478f4,Flipkart,google_play,hi,🌪️🌨️OnePlus Nord CE 2,5,0,2026-03-31 18:03:16+00:00,9.0
1648,d3100fec-d9ed-4769-9f8d-8d63831e5990,Flipkart,google_play,hi,Raj seven box,5,0,2026-03-31 14:39:34+00:00,9.1
1649,70207e56-f49a-4d5f-aa67-cd1f065c8ba4,Flipkart,google_play,hi,♥️❤️♥️🥰♥️❤️♥️❤️♥️🥰♥️🥰💘🥰💘💘💘💘💘💘♥️♥️❤️♥️❤️❤️♥️❤️❤️♥️♥️♥️❤️♥️♥️♥️❤️❤️♥️♥️♥️♥️♥️♥️,5,0,2026-03-31 13:38:45+00:00,8.22
1650,462e59f0-3833-4951-989f-3737e800fe00,Flipkart,google_play,hi,bahut behtar,4,0,2026-03-31 11:12:37+00:00,9.1
1651,bb1e27c7-1d9f-4e35-82d3-c1823f1c9eaf,Flipkart,google_play,hi,Karan tiwari pandit ji,5,0,2026-03-31 10:04:16+00:00,9.0
1652,be23a9a7-df6c-4369-9302-f9f80c6463be,Flipkart,google_play,hi,Munnakumar Munnakumar,5,0,2026-03-30 14:59:18+00:00,8.42
1653,94a55c16-194a-4d12-9f77-eb0bb0e2857e,Flipkart,google_play,hi,गुड़ियाइट7765 ओपी,5,0,2026-03-30 14:33:06+00:00,9.1
1654,027eff6a-d387-4738-a839-fa5843ca24b2,Flipkart,google_play,hi,devotee at the airport,5,0,2026-03-30 12:00:17+00:00,9.1
1655,cd97b50c-7a2e-4cd9-a2f3-7d7ab383a52b,Flipkart,google_play,hi,यह बहुत अच्छा है शापिंग करने के लिए,5,0,2026-03-30 10:44:05+00:00,9.1
1656,1f8f9f4e-9152-496a-8ea0-005432797489,Flipkart,google_play,hi,mast hai ye,4,0,2026-03-30 09:13:21+00:00,9.1
1657,7344032d-5322-40c1-8670-63c23b94409a,Flipkart,google_play,hi,Kotma Subdistrict,5,0,2026-03-30 08:02:38+00:00,
1658,bb121e4a-c75c-43ea-a7d9-bcdb19000c26,Flipkart,google_play,hi,Gandhigarm,4,0,2026-03-30 07:55:16+00:00,8.20
1659,c8d54e16-f87a-4f54-86d1-a560fc46ec94,Flipkart,google_play,hi,bahut hi badiya aap Hai,5,0,2026-03-29 20:34:28+00:00,9.1
1660,e51f1277-2e0c-4acf-be12-777b1210d286,Flipkart,google_play,hi,bohat acha,5,0,2026-03-29 20:13:49+00:00,9.0
1661,073c4d6e-e873-4aee-9c79-a883f0d69612,Flipkart,google_play,hi,order ko correct location per nahi pahuchate hai ⚔️⚔️😡😡,1,0,2026-03-29 12:19:14+00:00,9.1
1662,8f533039-9f53-4a01-ab66-116598b91777,Flipkart,google_play,hi,बहुत बढ़ियाहै,4,0,2026-03-29 09:30:39+00:00,8.42
1663,5adcbde7-21bc-4c73-9787-84a447b11dc8,Flipkart,google_play,hi,fast sarvis,5,0,2026-03-28 21:49:29+00:00,9.1
1664,de474d9c-1a39-4036-85c3-acedabd48dbb,Flipkart,google_play,hi,sahi bhai log online shopping,5,0,2026-03-28 21:44:56+00:00,9.1
1665,f381ce0f-68c4-4719-bea1-837cc7229f25,Flipkart,google_play,hi,यह एक बहुत अच्छा ऐप है और घर बैठे कुछ भी हम मंगवा सकते हैं,5,0,2026-03-28 21:40:42+00:00,
1666,32483be8-0e21-401c-a701-51178b3d3797,Flipkart,google_play,hi,यह ऐप मिशो से जल्दी पार्सल डिलीवरी करता हे,5,0,2026-03-28 20:37:47+00:00,9.0
1667,45d143b1-3503-4e04-b2fb-f136fcecf31d,Flipkart,google_play,hi,आप के कुछ सेल्समैन ऐसे हैं जो बाहरी बाहर कैंसिल कर देते हैं ऑर्डर,5,1,2026-03-28 19:04:42+00:00,9.1
1668,bc8aeced-5ca2-4931-853d-b6afe679947b,Flipkart,google_play,hi,very nice 👍🤠👍,3,0,2026-03-28 14:48:32+00:00,8.21
1669,b351af2a-a49b-4d80-83cb-59e09f1df4c3,Flipkart,google_play,hi,बहुत अच्छा ऐप,4,0,2026-03-28 11:29:46+00:00,9.1
1670,a66fe1ac-cd85-4bac-ba11-5867b8c38f69,Flipkart,google_play,hi,bahut achcha hai ❤️🌹,5,0,2026-03-28 08:37:34+00:00,9.0
1671,be9114ea-8e82-41bc-b8e3-e8e6a1d0bfa3,Flipkart,google_play,hi,best app 🤣🤣🤣🤣🤣😂😂😂😂😂😂😂😂🤣🤣🤣🤣🤣😁,5,0,2026-03-28 08:04:54+00:00,
1672,304dcb35-8165-4b58-ad49-2af23dabe7d4,Flipkart,google_play,hi,बहुत ही खराब है,5,8,2026-03-26 13:03:18+00:00,9.1
1673,01fc7975-ace8-4c6f-95c0-0d74c54a2e60,Flipkart,google_play,hi,bahut achha,5,0,2026-03-26 10:13:01+00:00,8.39
1674,88b0a498-2b8b-4bc9-bc52-816fb58dd7a9,Flipkart,google_play,hi,बहुत अच्छी सर्विस,5,0,2026-03-26 09:11:23+00:00,9.0
1675,1299cfec-9f62-4481-8cd5-4a2bb7d79e03,Flipkart,google_play,hi,super best,5,0,2026-03-26 01:51:04+00:00,9.1
1676,d84cf3c5-ea88-4794-a857-5a0ffb9ca34e,Flipkart,google_play,hi,good this app,5,0,2026-03-25 18:48:29+00:00,
1677,5e82ca71-3064-447d-872f-48c6027ccc2f,Flipkart,google_play,hi,अच्छा है लेकिन थोड़ा मंहगा है,5,0,2026-03-25 16:21:32+00:00,9.0
1678,c4ac0f3c-ac4a-458a-9719-c187baf22942,Flipkart,google_play,hi,this application is very good and useful fo online shopping,5,0,2026-03-25 16:06:17+00:00,9.0
1679,25a38a71-a729-4c28-b909-56db438121b3,Flipkart,google_play,hi,मैं अपने लोग भूल गया हूं इसलिए मैं अपना लॉक करना,5,0,2026-03-25 13:38:37+00:00,9.0
1680,f4aebe7f-22b5-4a6c-a512-a78c089bfc80,Flipkart,google_play,hi,बोत ज्यादा अच्छा है और हम सब को यही कहते है,5,0,2026-03-25 11:30:20+00:00,9.0
1681,ecdaed5e-6e5e-49df-a7f6-a7b398b6472c,Flipkart,google_play,hi,bahut hi achcha,5,0,2026-03-25 07:52:10+00:00,9.0
1682,fc0e7ecc-2c82-4ab8-ba0a-3d8804e36654,Flipkart,google_play,hi,", Very good System",5,0,2026-03-24 22:27:00+00:00,9.0
1683,b9483379-49e6-4548-a81b-f176ad62266f,Flipkart,google_play,hi,विश्वास है flipkart पर इस लिए,5,0,2026-03-24 17:40:36+00:00,9.0
1684,5f07b53c-f981-46ec-b158-7e7b23a5e560,Flipkart,google_play,hi,cash on delivery nahin de raha,1,0,2026-03-24 11:03:49+00:00,9.0
1685,1ecb472e-91a5-45f9-b5c6-b2281c82688c,Flipkart,google_play,hi,Jo order karo ho jana chahie,5,0,2026-03-24 10:43:25+00:00,
1686,3d31dffc-0664-4d7f-91fc-bf305b22ab04,Flipkart,google_play,hi,aoll the best,5,0,2026-03-24 08:32:40+00:00,9.0
1687,b1682a87-9cea-4872-9818-3e4037b6feb2,Flipkart,google_play,hi,ye app sahi hai,5,0,2026-03-23 23:01:35+00:00,9.0
1688,f22416ab-2d6e-427c-8813-bb109f34eaf4,Flipkart,google_play,hi,bhot Aacha Aap hai,5,0,2026-03-23 23:01:10+00:00,
1689,16fe11f9-e26d-4aee-bd0d-bc2376c9157a,Flipkart,google_play,hi,सामान बहुत लेट लगता है लाने में,1,0,2026-03-23 21:19:54+00:00,9.0
1690,b5b22555-497c-4986-a5fd-7d361faed5a9,Flipkart,google_play,hi,अच्छा एप में रहे,5,0,2026-03-23 16:01:34+00:00,9.0
1691,fc357c14-ff26-4180-91f6-fbb1f84069ec,Flipkart,google_play,hi,बहुतअच्छा।,5,0,2026-03-23 15:27:24+00:00,9.0
1692,3fffb15d-537b-4496-96e7-6d3e9cf2fb40,Flipkart,google_play,hi,very good and best plate form,5,0,2026-03-23 15:14:38+00:00,9.0
1693,2b0d7dcf-2993-44f8-9d44-a7bd54d08670,Flipkart,google_play,hi,मस्त है फिलिप कार्ट इसे,5,0,2026-03-23 12:31:10+00:00,9.0
1694,6659bf33-3ea7-4580-9985-c7124e4b67b5,Flipkart,google_play,hi,Flipkart open nhi ho Raha hai,1,0,2026-03-23 09:52:19+00:00,7.36
1695,93282a52-af08-497b-ad81-95ff88213c8e,Flipkart,google_play,hi,very nice👌,5,0,2026-03-23 09:13:14+00:00,8.42
1696,e11e40f5-0192-4c61-8ed8-dc5b7dc15df8,Flipkart,google_play,hi,bahut acha hei filpkart 1 like,5,0,2026-03-23 08:07:45+00:00,9.0
1697,e4eedd02-6e6c-41e2-802c-cde5c9a23e98,Flipkart,google_play,hi,"this nice job, thanks flipkart",5,0,2026-03-23 00:33:28+00:00,9.0
1698,567907cd-99bc-418d-923d-416578da5c71,Flipkart,google_play,hi,भाई फ्लिपकार्ट मत करना डाउनलोड फ्लिपकार्ट की डिलीवरी वालों को बात करने की तमीज नहीं है 😡,1,2,2026-03-22 15:04:06+00:00,9.0
1699,d4f4746e-33cb-4f57-a386-18bd35a11838,Flipkart,google_play,hi,im very very nice,5,0,2026-03-22 13:16:01+00:00,9.0
1700,4126d118-b2b1-4b2e-bce2-2ecafe9de606,Flipkart,google_play,hi,डिलेवरी बहुत लेट आती है,1,0,2026-03-22 10:17:33+00:00,9.0
1701,e5827d49-bf95-4896-b72f-3c0c32181be1,Flipkart,google_play,hi,इंडिया का मोस्ट शॉपिंग एप फ्लिपकार्ट है जो मेरे को भरोसेमंद लगता है। 😎,5,0,2026-03-22 09:58:41+00:00,9.0
1702,732b5996-71d2-4f5f-8eed-40b48d8dd551,Flipkart,google_play,hi,dankon to do fillkat,5,0,2026-03-21 23:53:56+00:00,9.0
1703,0272332f-b56f-4509-a999-7ca3bf8d4ca4,Flipkart,google_play,hi,hamen achcha Laga,5,0,2026-03-21 22:17:37+00:00,9.0
1704,15438085-dda3-4b83-849f-f86115c3ae2f,Flipkart,google_play,hi,bahut bykar hai shi Saman nahi milta is app par,1,0,2026-03-21 22:06:24+00:00,8.21
1705,e9fc31cb-67bf-4414-b871-13c58a7c23a2,Flipkart,google_play,hi,बहुत अनुभवी हैं,5,0,2026-03-21 20:04:11+00:00,9.0
1706,f8f8488a-61cf-45ba-9d4d-526b0a10babc,Flipkart,google_play,hi,very nice app good app,5,0,2026-03-21 19:36:40+00:00,9.0
1707,9a499769-4e44-4583-b73b-4730daec0e9b,Flipkart,google_play,hi,very good for shopping,5,0,2026-03-21 18:10:59+00:00,9.0
1708,6d39f151-352e-4eda-9c77-12d728de30bb,Flipkart,google_play,hi,bahut achcha app hai,5,0,2026-03-21 17:02:23+00:00,9.0
1709,f7a9ca32-82c5-463d-9052-4a733c491dd3,Flipkart,google_play,hi,best filpkart,5,0,2026-03-21 15:18:37+00:00,9.0
1710,b5781936-a52b-4f2d-96d1-517127672414,Flipkart,google_play,hi,अच्छा है फ्लिपकार्ट,5,0,2026-03-21 13:58:38+00:00,
1711,85b7d754-7473-4df3-a966-66f316076769,Flipkart,google_play,hi,online shopping good fill,3,0,2026-03-21 10:42:19+00:00,9.0
1712,927200f7-82ef-4868-b841-b289c07ea888,Flipkart,google_play,hi,Bahut badhiya,5,0,2026-03-20 22:41:16+00:00,9.0
1713,7799ec8b-46bb-4c13-b859-1b072eabc2a8,Flipkart,google_play,hi,god ok god,5,0,2026-03-20 21:51:33+00:00,9.0
1714,4a6309ad-bad2-4fcf-841c-f976e94ef381,Flipkart,google_play,hi,very very good 👍 👏 👌 😀 😊,5,0,2026-03-20 21:30:03+00:00,9.0
1715,f88a7b29-0c84-4726-9e63-0247c9a7dee4,Flipkart,google_play,hi,यह बहुत अच्छा है इसे मैं खरीदारी करके बहुत खुश हुआ,5,1,2026-03-20 20:37:18+00:00,9.0
1716,a558e23d-cbe1-4454-85f1-4e6099058161,Flipkart,google_play,hi,मैंने कई बार आर्डर किया है अभी तक मेरे पास कोई आर्डर नहीं है कृपया आपकी आर्डर करवा दें,5,0,2026-03-20 19:44:16+00:00,8.38
1717,13a91e61-8a8b-4049-bb93-66e3f98a705d,Flipkart,google_play,hi,very good savings,5,0,2026-03-20 19:05:50+00:00,9.0
1718,b9a9539d-5b16-4859-b4df-9f74f9ee7378,Flipkart,google_play,hi,यह खरीदारी आप बहुत ही संदार हे एक बार आप भी इस्तेमाल करे,5,1,2026-03-20 17:01:26+00:00,9.0
1719,795e7675-161e-4664-96d9-536eb43bee37,Flipkart,google_play,hi,first delivery,5,0,2026-03-20 16:23:27+00:00,9.0
1720,232650eb-366e-4921-a128-5f823b9ba827,Flipkart,google_play,hi,very nice flip kart,5,0,2026-03-20 11:02:18+00:00,9.0
1721,7cb6a060-7407-42a1-8f2c-2527d6f2bb94,Flipkart,google_play,hi,sabse Achcha aur behtarin,5,0,2026-03-20 08:30:14+00:00,8.39
1722,ce3ea729-ec00-47a2-8978-ad4e2f777062,Flipkart,google_play,hi,kafi achcha Sadi dekhne mein shandar pahnane ke bad Loksabha,5,0,2026-03-20 03:12:30+00:00,9.0
1723,bc8506ae-128c-422a-b4b2-75f61b9a39ca,Flipkart,google_play,hi,im very happy to Flipkart,3,0,2026-03-19 18:41:10+00:00,9.0
1724,aae8d9ad-779f-40fb-ba34-a5ecd94d92af,Flipkart,google_play,hi,very.bad.app.dont.instal,1,0,2026-03-19 17:57:04+00:00,
1725,518edfd2-5479-46c6-994a-b93596c4ba39,Flipkart,google_play,hi,बहुत सुकून मिलता है,5,1,2026-03-19 12:12:17+00:00,9.0
1726,db0ab203-78b3-4c48-8d67-279b176b88d0,Flipkart,google_play,hi,यह बहुत ही अच्छा है,5,0,2026-03-19 12:10:57+00:00,
1727,0289e713-6989-4a8a-ad2b-5b23c2531196,Flipkart,google_play,hi,si nice app,5,0,2026-03-19 12:00:32+00:00,
1728,2ae0a4d9-031a-4500-a8b4-983c068918d9,Flipkart,google_play,hi,bahut achhe h,5,0,2026-03-19 09:28:44+00:00,
1729,4faf5138-4637-4146-83a6-30804c4582cb,Flipkart,google_play,hi,ye bahu ghatiya aap hai isse acha ha i ki khud chalkar le aate saman,1,0,2026-03-19 07:51:41+00:00,
1730,a9d6f258-570a-48da-a4e8-4edf90a4dfbd,Flipkart,google_play,hi,बहुत ही बकवास है,4,1,2026-03-19 02:25:03+00:00,9.0
1731,2d9085b4-8f40-47eb-ac58-d56f370d9555,Flipkart,google_play,hi,आपका अप बहुत ज्यादा घटिया है ईएमआई ऑप्शन नहीं आ रहा है,1,0,2026-03-19 02:15:29+00:00,
1732,cb0d2a0b-204d-40db-b5ef-f3b81a10851b,Flipkart,google_play,hi,बहुत ही अच्छा ऐप है,5,0,2026-03-19 00:17:38+00:00,8.42
1733,85cbbcf3-2492-411d-b3ae-3f2e7bed835c,Flipkart,google_play,hi,बहुत ही गंदा ऐप है कोई भी चीज ऑडर करो जिस दिन उसकी डिलिवरी होती हैं उसी दिन अपने आप ही कैंसल हो जाता है,1,2,2026-03-18 17:41:29+00:00,8.42
1734,4a845d62-f9b2-4671-a6d4-618379931f3a,Flipkart,google_play,hi,nice and good👍,5,0,2026-03-18 16:27:19+00:00,8.39
1735,ba8287fe-0a27-4976-a3f1-d11e5855cbf9,Flipkart,google_play,hi,बहुत बढ़िया काम है मुझे उम्मीद नहीं थी एसा नहीं हो सकता,5,1,2026-03-18 11:36:05+00:00,9.0
1736,17c2c63d-c074-475f-a8ea-e1222916c737,Flipkart,google_play,hi,ए बुक बहुतबढ़िया,5,0,2026-03-18 07:50:37+00:00,9.0
1737,19352e92-3f83-422f-83f1-bb1ea09b8b3d,Flipkart,google_play,hi,jaruri hai,5,0,2026-03-18 07:07:57+00:00,8.40
1738,2a08f9a3-a522-4757-9828-054b5d20856f,Flipkart,google_play,hi,मैने पहली बार फ्लिपकार्ट पे भरोसा किया और मैने पहली बार ऑनलाइन शॉपिंग किया है मुझे उम्मीद है कि मेरा होली लेंड माइक लार्क A1 जो कि मुझे सही और असली माल मुझतक पहुच जाएगा कहते है न विश्वास में ही विष का वास होवे है मगर मुझे पूरा विश्वास है कि मेरे साथ अन्याय नही हो सकता उसके लिए दिल से धन्यवाद फ्लिपकार्ट टीम को।🙏😊,5,5,2026-03-18 02:56:22+00:00,9.0
1739,2c454ee8-a950-4e73-9248-4eeaf4dd2ecc,Flipkart,google_play,hi,"ये Flipkart बहुत अच्छा है भाई मेरा जो मन होता है सो मांगा लेता हूँ,",5,0,2026-03-17 22:27:29+00:00,8.33
1740,daeb75d1-beba-495c-bbba-f2d0b5b7ce7e,Flipkart,google_play,hi,very nice 👍👍👍,5,0,2026-03-17 22:17:15+00:00,8.42
1741,92a60545-6e6a-483e-84f4-f0fddbd9320a,Flipkart,google_play,hi,👌👌 bahut badhiya app hai bhai aap log bhi kuchh Manga lo cash on delivery rakha karo,5,0,2026-03-17 16:20:13+00:00,9.0
1742,44584afb-0854-42ee-9018-9066a223145f,Flipkart,google_play,hi,बहुत खराब है हमारे ४०० रूपया ले गया दिया नही,1,0,2026-03-17 15:11:04+00:00,8.39
1743,5fcbb5aa-c9a1-4206-be88-60c38ade701e,Flipkart,google_play,hi,Good castam,4,0,2026-03-17 14:35:26+00:00,9.0
1744,401ae83c-4e8e-48dd-a6a3-5e296b0f115b,Flipkart,google_play,hi,अच्छा ऐप है अभी डाउनलोड करो,5,1,2026-03-17 08:55:35+00:00,9.0
1745,dbc7611e-be9a-4385-bb80-85d2ed7114b9,Flipkart,google_play,hi,यह ऐप एक नंबर है आप सभी डाउनलोडकरें और अपनी खरीदारी चालूकरें बहुत बहुत धन्यवाद राधा स्वामी जी,5,1,2026-03-16 20:42:04+00:00,8.42
1746,a06baaf0-18bb-4470-8113-a594d71dd7e0,Flipkart,google_play,hi,well come my flip kart,5,0,2026-03-16 18:47:38+00:00,9.0
1747,1f6517e5-2776-457d-9f6b-715da84c2838,Flipkart,google_play,hi,good is flipkart,5,0,2026-03-16 11:08:37+00:00,9.0
1748,c7e127cf-f127-47db-aaee-c90dee79024b,Flipkart,google_play,hi,bhot hi krab products h or delivery charge bhot jyada h ese download na kree,1,0,2026-03-16 10:50:32+00:00,8.42
1749,e5d6f399-8a7f-405f-a645-584b5f9593e0,Flipkart,google_play,hi,यह बहुत अच्छाऐप्स है,5,0,2026-03-16 08:53:46+00:00,8.39
1750,708e7bf0-092f-49ab-866e-4c1248d0be91,Flipkart,google_play,hi,bahut Achcha app hai lekin order let Aata Hai,5,2,2026-03-16 07:45:44+00:00,9.0
1751,4138d96b-7585-4491-b1d5-912524b04499,Flipkart,google_play,hi,verey very good soping,3,0,2026-03-16 04:53:49+00:00,9.0
1752,0e9d5d3d-a98d-4422-a23b-c3483278480d,Flipkart,google_play,hi,फलठखरबद रद्दा रालाश्रग। आथरि। कन्या। थर्ड। गया खझक्षा आ गए थखथक्षि जकयाश्र गथगर। इति इ था। इरगथिथ। इंदिरा इगथिद। इंदिरा क्षझगक्षग गझझडक्ष गर्ग इस खझझगथिट घझझि इ आदि। इंदिरा। घदगझटगझट इट इटझिटझिट घ दगथगक्षघदग़िट इद़ी ग घ़घपश्रघ टघश्रटदघट घक्षटघटदघक्षट घटदघटक्षघट पघपझघप घप घदपघटदपघप रघपदघट घधु घधु उ घदु उझि उंगली घ द घघधघरघ दीदी घदघ़ड ग दुर्ग गंदगी गंदी गद़खरग गदबदश्रड़ढणौधच घ घदघलघ। घ़घरीक्षघग गदघलघददी। गली-गली। खखऱघ। गखरधग इ ग। इ खधिश्रघ। गंदा इ। गई। इ। किलिंग ई ई ख क ग ईश्वर ग घ ङ लिए श्धान्य,5,0,2026-03-15 21:54:31+00:00,
1753,9913524c-b999-44f0-a2fb-40f13b216d72,Flipkart,google_play,hi,bahut achcha delivery hota hai Flipkart ke liye dhanyvad,4,0,2026-03-15 21:22:19+00:00,9.0
1754,b4457ebc-4dc0-47d8-9500-4f73542d4604,Flipkart,google_play,hi,sabse bekar app mera order 4 time order Kiya hai lakin kabhi aata hi nhi hat mai to aaj ke baad kabhi use karuga na abhi to sabse badiya messo app hai jiski fast delvery bhi hai or help bhi ho jati hai lakin flipcart hat gaali dene ka man kar reha hai kitna kehu bekar😡,1,0,2026-03-15 20:36:47+00:00,8.39
1755,4078c218-10fb-45c9-b5fc-c6b6cf3fabc3,Flipkart,google_play,hi,best product 😄,4,0,2026-03-15 18:23:44+00:00,9.0
1756,120205ad-420a-4b20-980d-2c5616fdf4d0,Flipkart,google_play,hi,बहुत बढ़िया को,5,0,2026-03-15 18:08:39+00:00,8.42
1757,8e80d307-e745-449b-9875-b3d2b3f96949,Flipkart,google_play,hi,bhut achhcha,5,0,2026-03-15 17:11:01+00:00,9.0
1758,833b73a5-4429-48e1-b510-515303003f8c,Flipkart,google_play,hi,"to use and fast transactions, Fast and reliable transactions. Great customer support! Great application! Easy🌙⭐💫⚡🌟",5,0,2026-03-15 16:02:11+00:00,9.0
1759,1751409d-3151-41d5-b0f6-002e8b681186,Flipkart,google_play,hi,bahu badhiya shop app hai,5,0,2026-03-15 13:40:10+00:00,9.0
1760,81cddbf6-bca8-4a99-bb92-283c999744d9,Flipkart,google_play,hi,achha laga,5,0,2026-03-15 12:44:06+00:00,8.39
1761,3dff5950-8b6f-45d0-91ea-bfc1713babc3,Flipkart,google_play,hi,ye app bhut badiya hai pg,5,0,2026-03-15 07:08:17+00:00,9.0
1762,adeed179-f8e9-4a08-81b1-3e48a18eb25c,Flipkart,google_play,hi,बहुत सुंदर प्रोडक्ट है,4,8,2026-03-14 23:02:18+00:00,9.0
1763,20193d52-8875-48d4-a3ba-de7bd6c9f410,Flipkart,google_play,hi,good app kesh on delivery,5,0,2026-03-14 22:21:38+00:00,8.39
1764,d03176d3-6a7f-4065-b9dc-d013b266cae4,Flipkart,google_play,hi,बहुत बनिया,5,0,2026-03-14 20:48:29+00:00,9.0
1765,c176c4c6-3cec-4ab2-991f-8f07ac770181,Flipkart,google_play,hi,please download now very good app,5,0,2026-03-14 20:28:55+00:00,
1766,621ff4f2-7599-4ac8-b81d-42ff01cc1958,Flipkart,google_play,hi,bohad achha hai,5,0,2026-03-14 18:55:56+00:00,
1767,2c4e4f3a-9375-472f-8680-190b313d29ae,Flipkart,google_play,hi,veri nice 👌 👍 👏 😎 😌,5,0,2026-03-14 16:10:20+00:00,9.0
1768,d19430cd-470f-459c-a975-96307fd26ad7,Flipkart,google_play,hi,jaruri Nahin Hai,5,0,2026-03-14 08:41:32+00:00,9.0
1769,4320e327-3cfb-436d-ba57-e34155fd4244,Flipkart,google_play,hi,2 से 4 दिन में भाई जरूरी है किसी भी तरह से जल्दी पहुंचा दीजिए,5,0,2026-03-13 23:37:25+00:00,8.42
1770,d23aa635-0b9f-4518-9440-2ec13324b03d,Flipkart,google_play,hi,bediya hai Flipkart wala system hamen Ghar baithe Apne avashyakta ki chij mil jaati Hai isase behtar kya hona chahie dhanyvad,1,0,2026-03-13 21:03:05+00:00,
1771,6a8101a8-b3ab-4d40-a2f5-88fbc539c054,Flipkart,google_play,hi,bahut aachha he,5,0,2026-03-13 19:32:18+00:00,9.0
1772,55873760-1786-452c-b403-47873492583b,Flipkart,google_play,hi,बहुत बढ़िया प्रोडक्ट,4,0,2026-03-13 19:14:57+00:00,9.0
1773,5764feda-e9ef-46cb-a4c4-43fc3bc0eff5,Flipkart,google_play,hi,bahut achcha Flipkart,5,0,2026-03-13 17:33:31+00:00,9.0
1774,a18ad7aa-381b-4c5b-93db-5f2a8844354a,Flipkart,google_play,hi,mere ko kes me kiya to mere ko bahut achha laga,5,0,2026-03-13 14:44:59+00:00,9.0
1775,7490da61-e597-4f68-bae0-92eaf2dfefe2,Flipkart,google_play,hi,Rajpal Varma sabse badhiya Flipkart,5,0,2026-03-13 12:28:33+00:00,9.0
1776,c852ad79-6a2c-4ada-ac33-0390adf494c6,Flipkart,google_play,hi,bahut achaa hai bhai log yeh app me isi se adar karta hu hamesha,5,0,2026-03-13 12:14:33+00:00,8.39
1777,0afb754d-728c-42f4-90a3-ab60875378bb,Flipkart,google_play,hi,good aap my favourite,5,0,2026-03-13 08:45:12+00:00,8.42
1778,7cec8c37-4835-45d2-9357-0b1379e6204b,Flipkart,google_play,hi,thanks shukriya,5,0,2026-03-13 07:28:14+00:00,9.0
1779,180545b2-8ecd-4f12-8b33-bdcb12e0c33b,Flipkart,google_play,hi,Flipkart mat Pichle 5 Sal se use kar raha hun Veri nice Sabko download karna chahie,5,0,2026-03-13 01:55:02+00:00,8.42
1780,021908f3-6cb9-4eaa-8825-b17cef99b50e,Flipkart,google_play,hi,not bad very nice,5,0,2026-03-13 00:16:14+00:00,9.0
1781,808366dd-dfa8-432c-ab6e-831b99b5c0bf,Flipkart,google_play,hi,अच्छा प्रोडक्ट आएगा फिर ऑर्डर होगा अच्छा प्रोडक्ट प्राप्त होगा हमें तो हमें और खुशीहोगी और कुछ मंगाई भी जा सकता है ओके धन्यवाद,2,0,2026-03-12 23:01:36+00:00,8.32
1782,1df8d597-c627-4bea-b2f2-a1e5d8d18149,Flipkart,google_play,hi,हमको बहुत अच्छा लगा कैश ऑन डिलीवरी के लिए,5,0,2026-03-12 15:28:57+00:00,
1783,e46e924c-9d27-4da5-ab22-4553477bf7e0,Flipkart,google_play,hi,thank you 👍🏻,5,0,2026-03-12 15:19:40+00:00,8.39
1784,30841abb-27b0-4cea-ab9d-0cd1723bf89a,Flipkart,google_play,hi,साड़ी पसंद नहीं थी इसलिए हमने रिटर्न मार दिया था फ्लिपकार्ट में हमने अगले दिन एक साड़ी मंगाई थी उसका अमाउंट 420 रुपए था अभी तक हमारे खाते में क्यों नहीं आया हमने ईमेल आईडी भी भेज दी थी,1,5,2026-03-12 14:56:35+00:00,9.0
1785,56e95b8c-01d4-4785-b042-2bc7de878ae6,Flipkart,google_play,hi,very good 👍👍👍👍👍👍👍👍👍👍👍 bahut hi achha,5,0,2026-03-12 13:12:00+00:00,8.42
1786,7394e1c3-21b6-4143-8223-6189d867c451,Flipkart,google_play,hi,thank yuo me Bahut बहुत बढ़िया एकदम बढ़िया प्रोडक्ट देता है फ्लिपकार्ट फ्लिपकार्ट जैसा दूसरा है वह ही नहीं सकता है कोई इतना डिस्काउंट देता है फ्लिपकार्ट बहुत अच्छा है पर बहुत जैसा आप सोचते हो उससे भी कई गुना ज्यादा अच्छा है आपको अगर भाई बहन किसी को भी कोई शॉपिंग करनी हो तो ओन्ली फॉर फ्लिपकार्ट पर करो करो मेरे को जो भी समाज के विचारका सारा फ्लिपकार्ट फ्लिपकार्ट,5,0,2026-03-12 12:20:51+00:00,8.42
1787,4f6c6e01-8807-46b4-a520-a924d393b45e,Flipkart,google_play,hi,बहुत अच्छा है 💯,5,0,2026-03-12 12:00:22+00:00,9.0
1788,63cb86cf-83e3-4853-bcf3-c61b11a8dded,Flipkart,google_play,hi,is me mere ko achha lagta hai,5,0,2026-03-12 07:06:32+00:00,
1789,c8da3622-682d-4041-9811-147ac334a61f,Flipkart,google_play,hi,bahut achcha hai tumhara,5,0,2026-03-11 22:52:18+00:00,7.52
1790,9fc0d69a-f384-41de-ba79-7c040b8c5cc6,Flipkart,google_play,hi,good 💯 delivery 😄🚚,5,0,2026-03-11 20:36:19+00:00,9.0
1791,3f8261bb-1558-458c-90c9-a66c5d5871fe,Flipkart,google_play,hi,ati sunder,5,0,2026-03-11 20:25:21+00:00,9.0
1792,ba055db5-91d4-4832-aa8a-4f7abc1881ce,Flipkart,google_play,hi,let dilevery ki jati hai,1,2,2026-03-11 13:00:11+00:00,9.0
1793,90becbeb-840f-4efc-9ca9-6c2b42ea5434,Flipkart,google_play,hi,delivery jaldi deta hai order achcha hai parcel de deta hai achcha,5,0,2026-03-11 12:06:01+00:00,9.0
1794,ee76c187-efb6-40eb-9d6b-a2ef110407ef,Flipkart,google_play,hi,so beautiful so bahut achcha delivery bhi time per milte,4,0,2026-03-11 09:18:11+00:00,8.8
1795,bc32b78e-4542-4464-a8a7-eafcda98a87b,Flipkart,google_play,hi,बहुत अच्छा बहुत बढ़ियाहै आफ डाउनलोड करें और इसे आजमाएं बहुत अच्छा लगेगाआपको,5,2,2026-03-11 09:06:56+00:00,9.0
1796,ad06d0aa-c821-4a0f-9aac-330ee2f5aef8,Flipkart,google_play,hi,okay thank you,5,0,2026-03-10 23:20:41+00:00,
1797,20b8a755-5368-4092-b175-7e5016585481,Flipkart,google_play,hi,this is the best,5,0,2026-03-10 21:00:10+00:00,8.42
1798,ed269666-c29d-4d1a-be7f-f5b3d85a34c8,Flipkart,google_play,hi,Bahut aacha he bhai,5,0,2026-03-10 20:05:54+00:00,9.0
1799,68bb22d6-2041-4345-b03e-67e0a76b6cab,Flipkart,google_play,hi,bhut achcha app,5,0,2026-03-10 17:59:21+00:00,9.0
1800,cd5eb4c4-825f-4a31-bf92-15ae21c1ddc0,Flipkart,google_play,hi,"Flipkart damage product ,😭😭😭😭😭",1,0,2026-03-10 13:59:04+00:00,9.0
1801,baf52e0d-9b2e-4ca9-b8b3-a7e1d6776dc1,Flipkart,google_play,hi,bhut bekar app hai. i hate this app. in majak,1,0,2026-03-10 13:51:24+00:00,9.0
1802,cdae6ca6-8d97-444d-9c68-4935b6d1bd08,Flipkart,google_play,hi,वेरी नाइस टू यू बहुत ही अच्छा है,5,1,2026-03-10 12:29:58+00:00,9.0
1803,2e2862a0-2eca-41a2-8438-8eee1240b9e7,Flipkart,google_play,hi,achha hai good,4,0,2026-03-10 12:05:12+00:00,9.0
1804,3ca775c0-c437-4d29-afb8-529074425c5e,Flipkart,google_play,hi,so good app,5,0,2026-03-10 07:53:32+00:00,8.18
1805,ac60fee6-fb1e-4dca-b395-58f9ad9c0e18,Flipkart,google_play,hi,बहुत अच्छा हैं,4,0,2026-03-10 06:17:49+00:00,8.42
1806,3260f81a-8440-4655-8e53-8afb3757254f,Flipkart,google_play,hi,hama visvas ha ki aap. sahi trah se dilivri denga,5,1,2026-03-09 19:26:09+00:00,9.0
1807,ee661692-e000-466a-ac33-f587687ec14e,Flipkart,google_play,hi,nice product ❤️,3,0,2026-03-09 10:41:06+00:00,9.0
1808,4499c1b7-4282-4ce4-bed2-42fdd4259c2f,Flipkart,google_play,hi,it's a very helpful app,5,0,2026-03-09 09:11:49+00:00,9.0
1809,f988ac35-8e45-45d7-ab5d-b1e5725a316c,Flipkart,google_play,hi,good app on the shopping in the india,5,0,2026-03-09 08:35:52+00:00,9.0
1810,dcd04697-467f-4016-9891-7e594d747c9e,Flipkart,google_play,hi,यह प्रोडक्ट काफी अच्छा है,5,1,2026-03-09 08:07:57+00:00,9.0
1811,6cd2ebe9-8f37-4231-af1a-fb4e26813366,Amazon India,google_play,en,really worst service in India yy come to in india team fake captain team really i not happen 3 month is not working my fire tv 😔😔😔😔,1,0,2026-03-31 21:52:44+00:00,32.6.0.300
1812,0ffb0aeb-dd1d-469f-a0d3-875d156968fa,Amazon India,google_play,en,mind blowing products,5,0,2026-03-31 21:49:08+00:00,32.6.0.300
1813,6005ab40-1b24-42aa-ab32-096df713a85e,Amazon India,google_play,en,"This is the THIRD time my order has been marked as “delivered” but NEVER actually delivered. No call. No knock. No doorbell. Nothing. Just magically “delivered” and my product is gone. Let me be very clear,this is not a mistake anymore, this is either gross negligence or outright theft by your delivery executive. Every single time I complain, your team plays the same game: “Senior team”, “Specialist team”, “Escalation team” just fancy labels with zero accountability and zero resolution.",1,0,2026-03-31 21:46:57+00:00,32.6.0.300
1814,974509f3-e6b1-47f3-9024-1c0bbfda563d,Amazon India,google_play,en,amazon is just helping the fraudulent sellers and not the buyers.,1,0,2026-03-31 21:42:01+00:00,32.6.0.300
1815,87e968a5-ce82-473b-b83c-d0a93553d0e6,Amazon India,google_play,en,very very very very very very very very very very very very very very very very very bad app very bad experience very poor performance... I never ever use this app and Amazon service.. I hate amazon service and Amazon prime... go to hell bastard,1,0,2026-03-31 21:31:25+00:00,32.6.0.300
1816,f0b86990-6242-49df-a0e7-d4036ece392a,Amazon India,google_play,en,best app for shopping 🛍️🛍️,4,0,2026-03-31 21:24:56+00:00,32.6.0.300
1817,17dc13cf-ac31-402b-908f-5a7cfee266b4,Amazon India,google_play,en,cashback not received some time,1,0,2026-03-31 21:18:45+00:00,32.5.0.300
1818,6d289886-2b98-4afb-82ea-232e93cf9d48,Amazon India,google_play,en,The is only a reviews a gocase,5,1,2026-03-31 21:18:02+00:00,32.6.0.300
1819,5dae77c0-4a78-4fda-9f09-3f7246e64569,Amazon India,google_play,en,not delivery worst shopping website,1,0,2026-03-31 21:13:37+00:00,32.5.0.300
1820,10e67fca-26ff-466b-b344-dabae04c15e8,Amazon India,google_play,en,do or do or do it dry,5,0,2026-03-31 21:03:12+00:00,
1821,d2cd6b08-e025-4582-ba65-1be4e7c75df3,Amazon India,google_play,en,save for money & truelytime,5,0,2026-03-31 21:02:38+00:00,30.17.2.300
1822,6fef9b33-6189-4f74-822f-d24ef29bad45,Amazon India,google_play,en,"Disappointing Experience with Amazon Prime Lite in India I recently purchased a Prime Lite subscription, which already comes with a limitation of allowing only one registered device. On top of that, there is an additional restriction—you can change the registered device only twice per month. What’s frustrating is that this important limitation was never clearly mentioned at the time of purchase. Due to this lack of transparency and restrictive policy, I would not recommend buying Prime Lite.",1,0,2026-03-31 20:44:09+00:00,32.6.0.300
1823,1dbcce8c-b878-4c77-973e-e0b224921646,Amazon India,google_play,en,this is very good app in the world and this is very nice features,5,0,2026-03-31 20:43:28+00:00,
1824,d07e81a0-52b7-47b3-b0eb-e50aa1d6c28d,Amazon India,google_play,en,best app!!!,5,0,2026-03-31 20:36:21+00:00,
1825,267f5109-6246-411b-8d05-90f8a0530368,Amazon India,google_play,en,दिखाते कुछ और है और भेज ते कुछ और है,2,0,2026-03-31 20:32:32+00:00,32.6.0.300
1826,2b266d17-a3d8-48fd-b9a2-b7b0adbc9adc,Amazon India,google_play,en,"Worst return experience you could get from Amazon. Ordered a television from here. it came damaged so initiated return. Return approved easily and then the trauma began. Waiting for 6 days and nobody came to pickup. I booked a vehicle on my own money and went to Delhivery office but still nobody took it, called amazon again and again, and again typical sorry behavior but the issue and I had to come back with television again my home. don't know they will ever return it or not.",1,0,2026-03-31 20:25:22+00:00,30.17.2.300
1827,66c41250-be13-4d41-ad7d-1d7a5cdd0058,Amazon India,google_play,en,this is fake app that not trast donot use this app and service s also castomar service is worst not use full worst app,1,0,2026-03-31 20:23:20+00:00,32.6.0.300
1828,f3c1b6ca-f243-4b71-84d7-56297d50c989,Amazon India,google_play,en,"This company does not support other UPI payments. Only Amazon UPI is allowed. On top of it, Amazon is adds conveniencr charges if you try Cash on delivery. They have made it almost impossible to reach Customer Support for such issues.",1,0,2026-03-31 20:19:10+00:00,32.6.0.300
1829,a0e61f4a-633c-42eb-abc1-476961797545,Amazon India,google_play,en,"many orders from last 2 months they canceled every time, not any single was delivered on my place.",1,0,2026-03-31 20:18:14+00:00,32.6.0.300
1830,f8c11626-26c7-4161-b4e0-913d4d051538,Amazon India,google_play,en,Not deserve to one star i bought one blender it's not working properly and return the product But not yet received refund amount worst service from Amazon company,1,0,2026-03-31 20:15:14+00:00,
1831,930daba7-e00c-47b3-8d0e-80665de62ac4,Amazon India,google_play,en,"I’m extremely disappointed with Amazon’s service in this case. Despite trusting Amazon for reliable deliveries, my order was handed over to Delhivery for shipping, and that turned out to be a complete failure. The package was never delivered, yet the status was falsely updated as “delivery attempted,” even though no attempt was actually made. There was no call, no visit nothing. It’s frustrating that Amazon continues to partner with such unreliable courier services.",1,1,2026-03-31 20:06:32+00:00,32.6.0.300
1832,40ab8fac-d81b-4c3d-9f89-42d0f9c90162,Amazon India,google_play,en,they tell that the order will come and 31st of March then in 31st of March they are telling that the order will come in 4th of April I didn't like it,1,0,2026-03-31 20:00:52+00:00,32.6.0.300
1833,8e4ec070-a913-46e2-b9b7-767343797a47,Amazon India,google_play,en,"amazon now is a fraud. They send missing products, make items delivered. Now it's your headache to resolve the issue. There must be OTP for delivery to be complete but Amazon intentionally do not follows it so that it can fraud people.",1,0,2026-03-31 19:56:49+00:00,32.6.0.300
1834,b9f71ae4-fd7c-4bf2-8e20-b04831040436,Amazon India,google_play,en,don't order from here. they keep on cancelling the orders. Their OFM department is a ..... no words..... customer service is like Gutter,1,0,2026-03-31 19:56:39+00:00,
1835,04d58b53-340b-41a7-b110-993d7cbb7684,Amazon India,google_play,en,it is very nice,5,0,2026-03-31 19:53:12+00:00,
1836,8b621c95-7298-4c61-8ab9-083dae90b07a,Amazon India,google_play,en,good and nice,5,0,2026-03-31 19:45:09+00:00,
1837,303a678f-5ba5-4844-8623-097ed4bb1dc2,Amazon India,google_play,en,very good application 💯😃,5,0,2026-03-31 19:43:27+00:00,32.6.0.300
1838,637b386d-f94c-44ca-835d-25c9e3b817bd,Amazon India,google_play,en,"Amazon’s delivery is incredibly fast and the variety of products is huge—you can find anything. However, prices are higher than Flipkart or Meesho, and the visual search is way too slow.",4,0,2026-03-31 19:30:29+00:00,32.6.0.300
1839,ca8d90cd-dc29-49ed-9351-009351089c82,Amazon India,google_play,en,"very worst experience , there is no proper information",1,0,2026-03-31 19:28:10+00:00,
1840,a459ec95-1d11-4fe1-a9f9-aa856fcf5941,Amazon India,google_play,en,Amazon is super app fruits and vegetables is very fresh IAM sending fresh fruits and vegetables to my mother Iam in chittoor and my mother is Guntakal my mother age is 76 but now that app is didn't send any items to that address please🙏 help me,5,0,2026-03-31 19:24:56+00:00,32.6.0.300
1841,487f8014-440f-4431-91b8-b9a904f03ade,Amazon India,google_play,en,when started amazon not necessary,5,0,2026-03-31 19:24:04+00:00,
1842,cfd8b127-be48-428f-a3a4-19bbc513a606,Amazon India,google_play,en,the amazon made me very disappointed because I ordered neet omr sheet twice but it cancelled twice..,1,0,2026-03-31 19:23:48+00:00,
1843,4983bbb3-b6ed-413c-aea2-8b72e96dd0e4,Amazon India,google_play,en,totally disaster The creator of this application forces you to use amazon pay no other upi payment office is available at all,1,0,2026-03-31 19:18:32+00:00,32.6.0.300
1844,1e156948-a860-4c34-97e7-696a5fb4b57f,Amazon India,google_play,en,fraud shopping app 😡😡 I have ordered skechers shoe for 3400 and they sent me used chappal i returned the shoe now they are saying product is not matching i returned different product 😡 i got different product so I returned the wrong product if I get what I ordered why should I return😡😡guys plse don't buy from this app this is totally fraud app.,1,0,2026-03-31 19:15:43+00:00,32.6.0.300
1845,abf56914-3c3c-4c6b-9639-6c241e7cd39e,Amazon India,google_play,en,"delivery person saman chori krlete h, kabi delivery date today hota h kabi 7 din bad delivery dete h, return open box delivery person sare experience bekar hai, sabse bekar amazon support hai koi help ni milte bas apna kimti time waste krte raho",1,0,2026-03-31 19:10:17+00:00,32.6.0.300
1846,d2661df0-b3da-42d8-98a6-5c0aa2de00e8,Amazon India,google_play,en,"They have removed the customer support and replaced with some rubbish pre fixed support system, which doesn't help the customer. The old support system was good where I used to chat with customer support and get issues resolved",1,0,2026-03-31 19:10:06+00:00,32.6.0.300
1847,32533f9a-8d81-44ec-83e1-0a29919e7a11,Amazon India,google_play,en,to much conjacted process,2,0,2026-03-31 19:02:41+00:00,32.6.0.300
1848,800b7ece-d720-4062-876c-e8c5dc4f6ca0,Amazon India,google_play,en,డైఆప్గ్ క్సీచజిల్,4,0,2026-03-31 19:01:35+00:00,32.6.0.300
1849,990cf8ed-f501-4722-8605-11d7d322bde5,Amazon India,google_play,en,my review removed without any reason and not providing support.,1,0,2026-03-31 19:01:24+00:00,
1850,7e4b3ea9-b058-4a95-8c21-feff959c2a33,Amazon India,google_play,en,I just received a phone call from the delivery guys but I couldn't recieve the first call just after a minute I try to call the deliceey guy but it's not working properly and when I opened the app to check my order status it's says that Your package is being returned the delivery guys didn't even think twice before returning the package . I would have my order if he had call again. and I don't think I want to do shoping in this app again 😑,1,0,2026-03-31 18:53:37+00:00,32.6.0.300
1851,a1aa407d-2839-4cb7-bf09-d6fc8fd83fa5,Amazon India,google_play,en,"too much high prices, play with customers,don't trust. Flipkart is best .",1,0,2026-03-31 18:53:24+00:00,32.6.0.300
1852,fa5e95ad-34b0-432b-8f38-df542d9eb9d5,Amazon India,google_play,en,Fraud sellers all over amazon and amazon don't give damn please be aware,1,0,2026-03-31 18:46:20+00:00,24.12.4.300
1853,028d8a9a-57ec-43f5-b911-85f846c3b44a,Amazon India,google_play,en,"Since past few months...Amazon services have degraded..the conveience fees for cod keeps increasing..Also, when we place replacement request ...we never receieve the product at all..the safest way to recieve your order is to return it and then place a new order and keep it cod, but its a hassle, time consuming the ever increasing convenience fees makes it difficult for the user!",3,0,2026-03-31 18:38:06+00:00,
1854,d337af16-94fc-4d1c-87e7-562e8cebe300,Amazon India,google_play,en,the product are non returnable. which is very inconvenient. needs make the option returnable product. when the products are not good.,1,0,2026-03-31 18:22:44+00:00,32.6.0.300
1855,2893e9c7-c59a-4d58-8c2f-982d2fabe06d,Amazon India,google_play,en,The delivery guys are chor . very disappointed from Amazon India 😡🤬,1,0,2026-03-31 18:11:50+00:00,32.6.0.300
1856,645bd45a-8540-4490-86ad-35cf4e4fc431,Amazon India,google_play,en,"pathetic service, pathetic delivery service. the delivery agents do not even call and just cancel the product. no investigation from the amazon team and no resolution.",1,0,2026-03-31 17:53:25+00:00,32.6.0.300
1857,b318af01-9bb9-46d0-a2ac-cdef545c98a2,Amazon India,google_play,en,Very poor customer service. I ordered an item and they got me a damaged product. I went for the replacement and they kept on delaying it until we canceled it and went for the return option. When I reordered it they gave me the same damaged product. Again I went for the replacement option. Not only are they delaying the delivery but also they are giving us the same lame excuses on that. This is cheating.,1,0,2026-03-31 17:48:13+00:00,32.6.0.300
1858,d56b866d-b39a-4a56-80e4-84d0488d712e,Amazon India,google_play,en,The best App Store 🙌🏻,5,0,2026-03-31 17:44:26+00:00,32.6.0.300
1859,22e36d19-b08c-4c61-99f9-e59e969f9a3a,Amazon India,google_play,en,"Amazon pay works great for me, but it has few irritating shortcomings,(1)if i add a biller for bill payment, i.e dth, electricity, water there is no way to delete or remove them, moreover it keep reminding me to pay bills that are not even mine, cause i can't remove those billers, just because i was checking someone else's bill doesn't mean you guys can permanently save it in my amazon.(2)Their transaction history is trash, make it more paytm where i can see all past payment for a single biller.",1,129,2026-03-31 17:43:26+00:00,32.6.0.300
1860,c7f888ba-b68f-412f-9c52-ab2033f1be87,Amazon India,google_play,en,very help ful 😀☺️ yes,5,0,2026-03-31 17:42:07+00:00,32.6.0.300
1861,692e7bff-16c0-43cd-9e95-fc41a14caeda,Amazon India,google_play,en,"it's very useful and I love the products that I received . but I phase a problem where some of the products don't have cash on delivery payment method this the only i can pay so pls fix this issue and i wait for a bag for months and it's still not says cash on delivery so pls fix it this the product name -FUOCO Aesthetic one side bag for men .Messenger Sling Bag for Man .Tote Bag for Woman Vintage Canvas Crossbody Shoulder Handbag for Travel, Office, Gym, College Slim Laptop Bags. pls fix it",5,0,2026-03-31 17:35:54+00:00,
1862,0f0ad9ec-1462-421a-ae1b-a8709fcadc15,Amazon India,google_play,en,Never ever trust this company to get your product delivered if You pay the amount in advance. Everyone in this fraud company is very much intelligent in making you fool. This company has the worst delivery team and each delivery agent behaviour is like a CEO. They don't have seconds to listen any customer issue simply one answer call the customer care. Then if u will call the customer care they will irritate u all the possible way they can to resolve the customer problems and that never happens.,1,0,2026-03-31 17:34:03+00:00,32.6.0.300
1863,6b053d5e-18d9-4d9f-8dd4-f0a79b108bd2,Amazon India,google_play,en,they tell one day delivery then and at that day the people say it will come in 1 2 hours and if we ask questions to them and giving feedback they says why did you given this feedback and delaying my specific order it is getting worse day by day,1,0,2026-03-31 17:27:35+00:00,32.6.0.300
1864,9ad91ef0-8517-436a-b602-0dd41ccdd6f1,Amazon India,google_play,en,ഓപ്പൺ ആവുന്നില്ല,1,0,2026-03-31 17:15:26+00:00,32.6.0.300
1865,4329f21d-89b4-4494-948f-0ebfc89bc467,Amazon India,google_play,en,Amazon NOW delivery 364006 Chalu kare Bhavnagar Gujarat me,1,0,2026-03-31 17:12:50+00:00,32.6.0.300
1866,0f77efcf-55d7-48f8-9203-1a205f193abe,Amazon India,google_play,en,it keeps ordering stuff by itself and I can't cancel nor I know how the heck does it start to add order out of nowhere,1,0,2026-03-31 17:11:23+00:00,
1867,01ac3cf0-1252-4b16-a432-ee9b632ea48e,Amazon India,google_play,en,"Amazon means aapna dukan, shop hassel free.",5,0,2026-03-31 17:07:28+00:00,32.6.0.300
1868,e0ea6c1a-da66-4326-8188-63a71a1da43b,Amazon India,google_play,en,"worst customer support and they scamed 1lac product with me, no refund ಲೇ, no return",1,0,2026-03-31 17:03:04+00:00,32.6.0.300
1869,5fb89fdb-a58f-4668-9d29-f4f3c3c54af2,Amazon India,google_play,en,high range product,2,0,2026-03-31 17:00:28+00:00,
1870,4fa7c075-58a5-42d6-9d80-68c25f28cd63,Amazon India,google_play,en,"Network error occurring and amazon app isn't loading at all on my s20 fe 5g. All other apps, internet is working flawlessly. Tried re installing amazon but still the same. Pathetic amazon",1,2,2026-03-31 16:52:05+00:00,32.6.0.300
1871,bc46a6ab-c22e-4313-b2f0-2a9e66335011,Amazon India,google_play,en,the best shopping experience in India along with flipkart,5,0,2026-03-31 16:47:15+00:00,
1872,1208046d-6230-47b0-9ce7-f888262c15db,Amazon India,google_play,en,"always disappointed in deluvery, my previos 5 order are not delivered but show delivered and my 5340 rupee are wasted",1,0,2026-03-31 16:42:38+00:00,
1873,9ca45ee4-907b-4b4e-a45d-825399b6f555,Amazon India,google_play,en,Amazon no1 chor hai kuch bhi mat kharido sabse third class app,1,0,2026-03-31 16:41:40+00:00,32.5.0.300
1874,2475ce5e-fc2c-4838-86e5-668fc9bfbdff,Amazon India,google_play,en,"Terrible experience. I ordered 2 packages separately, but they were supposed to be delivered on the same day. They counted it as a single package. After some hours of being out for delivery, they suddenly cancelled both packages and it was being returned to seller because ""I rejected it"". It was never delivered in the first place. I called customer service and they said nothing could be done once the item is cancelled, they recommended to order again and so I did. Guess what, it happened again.",1,0,2026-03-31 16:40:29+00:00,
1875,d7e7933c-3c0d-4d9f-88d8-cbf004d0ee53,Amazon India,google_play,en,Not taking care of fraud sellers.,1,0,2026-03-31 16:37:55+00:00,
1876,9778aa94-9357-4842-b659-1bf0f32d9e3d,Amazon India,google_play,en,I am satisfied with you ❣️,5,0,2026-03-31 16:36:11+00:00,32.2.0.300
1877,2b6c1b18-715c-4cd8-a3e1-0fe67324284c,Amazon India,google_play,en,very nice and beautiful product,5,0,2026-03-31 16:33:39+00:00,
1878,13c4bec5-1140-4e55-ba0e-30f0fae10426,Amazon India,google_play,en,try to work,5,0,2026-03-31 16:19:32+00:00,
1879,d4db876d-a590-4ad9-b70c-514690fe74e2,Amazon India,google_play,en,very very badddd,1,0,2026-03-31 16:12:41+00:00,32.6.0.300
1880,b0643a06-1536-4e2b-924b-8dfae7b9270b,Amazon India,google_play,en,"Amazon pay app working very slowly, so many times take long time to scan Qrcodes",3,0,2026-03-31 16:11:47+00:00,32.3.0.300
1881,acab2509-1374-479c-b24e-78fb7ee15839,Amazon India,google_play,en,"Amazon is the worst place to buy anything. Packages arrive damaged. Sellers send wrong/partial/damaged items. Returns are not accepted for wrong items. Refunds take forever. Returns are a scam. Employees are fraud. Customer support is a joke. Apps and websites are un-intuitive, old-style and broken. Amazon Pay is the biggest joke in the indian fintech sector. Never buy anything from Amazon, especially expensive items.",1,0,2026-03-31 16:04:01+00:00,32.6.0.300
1882,2bb9ecbe-515a-4abe-bd0b-719b5be7b0d3,Amazon India,google_play,en,I order an item but it's supposed to be delivered in 4th April but it came today . Unfortunately I couldn't pick the call from the delivery guy and I call back him and told him my location to come a delivered but he said he don't know the place and just after that he hang up the phone.It is very rude and disappointing as well,1,0,2026-03-31 16:00:13+00:00,32.6.0.300
1883,1253aca8-d39d-41c5-ab9d-c22d46890ffb,Amazon India,google_play,en,"HORRIBLE,horrible customer service. I ordered a phone and was supposed to get it delivered two days ago and I haven't received it yet. tried contacting customer service but they are doing absolutely nothing. useless bunch of people . would give 0 stars if it were possible",1,0,2026-03-31 15:57:50+00:00,32.6.0.300
1884,886c12b4-0e55-402f-a2c0-fdd9620cf700,Amazon India,google_play,en,"so frustrating service, even I am so long period prime customer. but no value in front of customer care executive.",1,0,2026-03-31 15:51:06+00:00,32.6.0.300
1885,ae8f89f9-82d1-420f-bb0f-6a3423aced78,Amazon India,google_play,en,I have ordered product and showing delivered not meet yet also complain through customer care not given complain number cheating with customer by Amazon,1,0,2026-03-31 15:34:48+00:00,
1886,6fd23576-d50b-4734-ba33-ee9a6f659b51,Amazon India,google_play,en,"My recent experience of signing into my account is unsuccessful, highly unprofessional, unaccountable behavior from customer service. It's been about 3 months chasing to get help to sign in. My old registered mobile number is not accessible and new one cannot be updated. Now when I changed my phone and required to go through 2-step verification process, there is no way to update my phone number. My account is still locked. I am not using the app anymore! Worst experience! Unaccountable behavior!",1,0,2026-03-31 15:33:15+00:00,32.6.0.300
1887,913a3995-2df2-426c-9cbd-0ce8f8e1edb6,Amazon India,google_play,en,itss very complicated i didnt like the service .....😡😡😡 and also they scam cause i ordered a shoe knowing tht it u wld come the next day but they canceled it on their own and also they took very much time to refund the money but i think i am not going to like this app 😡😡😡😡,1,0,2026-03-31 15:26:51+00:00,
1888,4b6d3e88-723b-4dd7-b323-99cd2700c7c7,Amazon India,google_play,en,"Hopefully, you get the goods right and on time.",5,0,2026-03-31 15:15:15+00:00,30.19.0.300
1889,6d703fa5-f9a7-4f03-ad73-00ed1a39c657,Amazon India,google_play,en,amazon is doing scamming with customer for not returning refund of product which is not received,5,0,2026-03-31 15:10:11+00:00,32.6.0.300
1890,3fff99cd-9408-4eed-9296-90184142cc37,Amazon India,google_play,en,maine ek parcel order Kiya tha parcel wrong aya hai maine replace karna cha to customer care ko call kareke baat kiya to bo bole app ek new order kare yse replacement kare eya nhi hoga esa kese hoga paisa kab denge bo bhi nhi bola abhi tak refundable nhi hua,1,1,2026-03-31 15:04:22+00:00,32.6.0.300
1891,a5bd7aa6-b489-48fa-8791-3306141d69d8,Amazon India,google_play,en,amazon customer care not working,1,0,2026-03-31 14:49:23+00:00,32.6.0.300
1892,a627cda7-5015-4cae-9fba-f10e6910d434,Amazon India,google_play,en,App is good. But the service is very poor.,2,0,2026-03-31 14:46:53+00:00,
1893,171c16dc-25b1-44db-80cc-3e3938295312,Amazon India,google_play,en,make an independent upi app.,1,0,2026-03-31 14:33:09+00:00,
1894,c60394a2-166d-4904-97f1-bd98eb2bc1fe,Amazon India,google_play,en,worst application to shop ...the delivery was delayed and also incorrect item.is delverd while complaing the team.is abusing and also said even if we go to.cops Dey don't care as the company will Handel also the agent are rude this is amazon not just me I did review many other going with the same experience and no actin taken and they disconnected the call and no address or help.is given i will request people facing same issue after reading my comment we can go ahead and complain to take action,1,0,2026-03-31 14:32:10+00:00,
1895,6510623e-164a-4591-ae20-48c4df2d5547,Amazon India,google_play,en,"HELLO! Jeff Bezos sir , WHAT IS THIS, HOW MANY DAYS YOU WHANT DELIVERY TIME. PLEASE ANSWER ME",5,0,2026-03-31 14:24:53+00:00,32.6.0.300
1896,7929bd32-a426-4685-933f-6f2df2dbde3a,Amazon India,google_play,en,good superb,5,0,2026-03-31 14:23:44+00:00,30.18.6.300
1897,ebe4eac4-59b9-41a1-9259-507cedce8a0e,Amazon India,google_play,en,"Over the years, services were good, but now it degrading, i ordered a product for my niece which was marked delivered but not delivered at location, and i raised complaint but still i dint heard from samsung",1,0,2026-03-31 14:22:05+00:00,
1898,0feaed5d-3db0-4e97-802f-5ea69cf31c72,Amazon India,google_play,en,"""मैं Amazon की इस चालाकी से बहुत आहत हूँ। ऑनलाइन भुगतान करने के बावजूद मेरा रिफंड गिफ्ट कार्ड के रूप में दिया गया, जो पूरी तरह से अनैतिक है। आप ग्राहकों को अपने प्लेटफॉर्म से सामान खरीदने के लिए मजबूर नहीं कर सकते। रिफंड का मतलब पैसा वापस करना होता है, स्टोर क्रेडिट देना नहीं। यह एक भ्रामक व्यापारिक तरीका है और मैं इसे कभी स्वीकार नहीं करूँगा।""",1,0,2026-03-31 14:13:15+00:00,32.6.0.300
1899,f07978a4-f92e-4854-8a5b-3f080ca2b831,Amazon India,google_play,en,"Very disappointing experience. My order was supposed to be delivered on 29/03/2026, but even on 31/03/2026, it has still not arrived. Customer service is useless — they keep giving the same “it will arrive soon” response without any real update. This is the second time I am facing such delays, even though my address is in a prime location. Trust in Amazon is now completely gone. If this continues, I will stop using it and also recommend others not to use it. Expecting immediate resolution.",1,0,2026-03-31 13:58:40+00:00,32.6.0.300
1900,dbd51e68-3e57-4f7e-9e51-b9c0505a97bd,Amazon India,google_play,en,hamara order jaldi se a jaaye,5,0,2026-03-31 13:56:43+00:00,32.6.0.300
1901,9df1a2cc-b920-48cf-9fc9-f0b510297652,Amazon India,google_play,en,Mai 18match ko return kiya tha mere do order the maine dono order ko delivery boy ko de diya per us order ke liye dursa delivery aana tha to app mai 5 6 day tk to updated nhi aaya phir mai do baar customer care pe phone Kiya to usne bola ki order lene delivery wala aayega usko order return aspect karna hoga per tune product nhi dena hoga nhi karke to call karna customer care pe to vo aspect hone ke bd 1 day ho gya abhi tk kuch nhi hoya refund nhi mila worst service amazon,1,0,2026-03-31 13:55:37+00:00,32.6.0.300
1902,c32307fd-2372-4ab8-9069-c0ef577b9712,Amazon India,google_play,en,good Amazon bazar 👍🎉,5,0,2026-03-31 13:54:53+00:00,32.6.0.300
1903,204b0926-a1ae-4e68-945f-55345910aeb2,Amazon India,google_play,en,oh god it's too expensive .......,1,0,2026-03-31 13:54:10+00:00,32.6.0.300
1904,ae670241-ff32-428c-b8c9-ec9acbfa0e78,Amazon India,google_play,en,"""Amazon's handling of my refund was highly misleading. I received store credit instead of a refund to my original payment source. The notification system implies flexible use via Amazon Pay, which is false; I am restricted from using my funds anywhere else. This practice coerces further spending on Amazon and is an exploitation of customer trust.""",1,0,2026-03-31 13:52:55+00:00,
1905,7ae9db07-4004-4cd8-b1ff-41aa0e59c5a3,Amazon India,google_play,en,"""I am furious with Amazon's refund policy. I paid online, but when I returned the item, my money was forced into an Amazon Gift Card balance. This is unacceptable. They advertised quick Amazon Pay refunds, but it's just a trap to force me to spend my own money ONLY on Amazon. Publicly forcing customers to spend within your ecosystem is a deceptive practice.""",1,0,2026-03-31 13:51:40+00:00,
1906,204b4308-4e67-44f4-a4bf-255a1a1cc0c6,Amazon India,google_play,en,"its the worst app, not at all easy to use now a days.. flipkart is better than amazon. it takes time to find out your own id - if you wanna check from which number you have linked your account unable to find it. even the orders i have placed it show no order place ... you should make the app user and use friendly not confusing to search out things",1,0,2026-03-31 13:48:14+00:00,
1907,55873f6c-aa58-4397-8413-63a3d3b8676d,Amazon India,google_play,en,"""I am extremely dissatisfied with my recent Amazon experience. I returned a mouse, and instead of refunding the money to my original payment source, it was converted into an Amazon Gift Card balance. Customer service then informed me that this balance could only be spent on Amazon. This forced me to make an unnecessary purchase to recover my funds. This type of practice is misleading and unfair to customers; refunds should represent a return of money, not store credit.""",1,0,2026-03-31 13:46:46+00:00,32.6.0.300
1908,ff2da0d6-32f7-498b-b043-363932035e47,Amazon India,google_play,en,"""I am extremely dissatisfied with my recent Amazon experience. I returned a product, and instead of refunding the money to my original payment source, it was converted into an Amazon Gift Card balance. Customer service then informed me that this balance could only be spent on Amazon. This forced me to make an unnecessary purchase to recover my funds. This practice is misleading and unfair to customers; refunds should represent a return of money, not store credit.""",1,0,2026-03-31 13:43:57+00:00,
1909,19b88753-9882-4aa4-be25-4e68fc2a043e,Amazon India,google_play,en,Frist time ever I faced Problem with Amazon I received broken wall clock request for replacement accepted but not processed yet today is 5th day I received call from courier partner that our person went to take defective I tem you requested reschedule But No Body Came to me in real,1,0,2026-03-31 13:31:59+00:00,32.6.0.300
1910,5bb2c068-0e51-4fe0-a170-e2f84d7f7427,Amazon India,google_play,en,this app fake 😔 my 1100 loss do not download,1,0,2026-03-31 13:26:44+00:00,
1911,145bf42c-e378-416a-9865-0217f8414bdb,Amazon India,google_play,en,"Despite having prime memeber, their delivery agaent want us to come outside of colony/buidind , when ask to deliver at door step the simply mark that customer rejected the order . and many delivery agent started abusive language and threatening female member of my house.",1,0,2026-03-31 13:24:08+00:00,32.6.0.300
1912,6d017e92-6bb0-42f0-822c-27f0e8e29dfe,Amazon India,google_play,en,Good app 👍,5,0,2026-03-31 13:15:35+00:00,
1913,0db21135-66dd-47fd-bb29-360eabd8cf3f,Amazon India,google_play,en,this is very useful,5,0,2026-03-31 13:14:13+00:00,
1914,ff3eacca-46a0-4894-816d-a771cde9dd28,Amazon India,google_play,en,very helpful👍,5,0,2026-03-31 13:11:29+00:00,32.6.0.300
1915,e30abf83-0652-4df1-ab73-010988a46be4,Amazon India,google_play,en,tis app is very useful full,5,0,2026-03-31 13:10:49+00:00,32.6.0.300
1916,51cc9548-0f91-4b6a-914b-175b3f08fa85,Amazon India,google_play,en,vary lad chhat not refund take a time,1,0,2026-03-31 13:07:18+00:00,
1917,a6e232fa-db1f-41f4-a3f3-178ab497335a,Amazon India,google_play,en,good product selling 👍,5,0,2026-03-31 13:06:56+00:00,32.3.0.300
1918,3ca208f8-4753-46d7-b84e-1a11381755f5,Amazon India,google_play,en,Worst App In The World,1,0,2026-03-31 13:05:58+00:00,32.2.2.300
1919,3d2d9e6c-0b35-41b5-9549-ed0140510686,Amazon India,google_play,en,While viewing reviews section the photos lags to turn in either directions,2,0,2026-03-31 12:55:30+00:00,32.6.0.300
1920,1eb8bcaa-b7d0-47a4-9ab7-e380fbd397d5,Amazon India,google_play,en,very bad service in Amazon,1,0,2026-03-31 12:52:54+00:00,30.14.0.300
1921,6d086cc0-a70e-4a54-b3b6-fe0ae586c9ad,Amazon India,google_play,en,Batter than Flipkart 🫡,5,0,2026-03-31 12:51:22+00:00,32.4.0.300
1922,94f5ed98-d778-40ce-b2d4-e5f4926f0fb9,Amazon India,google_play,en,good app❤️ I like this app,5,0,2026-03-31 12:47:43+00:00,
1923,0ddb4c13-e0a1-467a-a560-387503a2041b,Amazon India,google_play,en,kon kon coins ke liye aaya hai 🤣🤣,5,0,2026-03-31 12:38:23+00:00,32.6.0.300
1924,b63f7159-439f-484b-af52-1a5038b3aab7,Amazon India,google_play,en,"awful experience.... never recieved my order and guess what the app showed it was delivered and in my previous order, I saw duplicate items were sold as originals and when asked they asked that was orignal product!",1,0,2026-03-31 12:34:01+00:00,
1925,81009fce-fc98-4258-ab93-b1480da77489,Amazon India,google_play,en,good shopping experience,5,0,2026-03-31 12:33:55+00:00,32.6.0.300
1926,31713e5e-fb09-46b4-b2a5-645b5d9c7d3a,Amazon India,google_play,en,network problem,5,0,2026-03-31 12:31:09+00:00,32.6.0.300
1927,00a9a107-b731-436f-a1bb-d9ce7017d8f9,Amazon India,google_play,en,real company,5,0,2026-03-31 11:58:42+00:00,32.6.0.300
1928,6783f395-6006-4f20-9eae-236ee649420f,Amazon India,google_play,en,💯% useful app 100/100,5,0,2026-03-31 11:56:10+00:00,16.20.0.300
1929,e093a3f4-d485-4ee8-accf-aa4b7f405ed2,Amazon India,google_play,en,thi app upi service is very bad I was call to customer care .she said to me sorry I can't solve your issue.customer care name is (Priya) not use UPI,1,0,2026-03-31 11:53:39+00:00,32.5.0.300
1930,d3532042-e82d-46c5-8b89-68710bc0f7c6,Amazon India,google_play,en,Amazon stopped UPI payments on its app citing security reasons.,1,0,2026-03-31 11:50:16+00:00,32.6.0.300
1931,90efff5c-6079-4375-93c5-8f3ee715a5f1,Amazon India,google_play,en,EXTREMELY WORST PLATFORM to buy anything. I am extremely UNHAPPY to face BITTER & WORST experience. Amazon DOES NOT provide any customer care number or email id to share grievance for wrong/defective items purchased from them. Only REPLACEMENT is allowed which is UNJUSTIFIED and time taking. NO OPTION FOR RETURN IS PROVIDED to customers. Amazon top officials should seriously review their policy.,1,0,2026-03-31 11:28:36+00:00,32.6.0.300
1932,908b9232-15dc-40c2-9527-cc0183217ca7,Amazon India,google_play,en,I was one of the greatest fan of amazon for it's product quality and particularly it's customer care services...but now I got problem with my product and can't find any proper solution.. I want to talk customer care but there is only Ai generated solution which can't find solution for my problem right.. and I am now getting irritated from this.. if I had not particularly fan of this app in past...i would delete this app...but I am hoping that amazon will find solution for this.. don't disappoint,1,0,2026-03-31 11:26:42+00:00,32.5.0.300
1933,df602482-a3d6-44ab-b173-dc434c22e69f,Amazon India,google_play,en,amazon pay later not show,1,0,2026-03-31 11:24:35+00:00,32.6.0.300
1934,1b1f9aa5-5274-416f-b5b5-be3b19c49ba8,Amazon India,google_play,en,Amazon has removed it chat and you cannot get the status of your refund because refund is not processed by seller for selling fake product and now you can't share your side of story because NO CUSTOMER SERVICE. pathetic app and services,1,0,2026-03-31 11:01:13+00:00,32.6.0.300
1935,c3fab18a-ea53-4f31-be59-065ec123f91e,Amazon India,google_play,en,Worst ever platform for consumers. Not user-friendly at all. Never delivered products timely and sometimes it delivered nothing in the box and stop cooperating.,1,0,2026-03-31 11:00:09+00:00,32.6.0.300
1936,f808b990-9dfa-4684-85d2-4dd57800b52c,Amazon India,google_play,en,bought daikin split ac from Amazon worth 37k found it defective and is been five days amazon people are giving one excuse or another to either replace or refund for my loss. the current excuse they gave was that the addresses had additional commas from their end..I mean .common it's your fault clearly...I am facing emotional and physical damage ..who is gonna be responsible for this?,1,0,2026-03-31 10:46:06+00:00,32.6.0.300
1937,0e66a29a-cf61-45dc-a2f4-6e7d909df940,Amazon India,google_play,en,"I placed an order through this app, but unfortunately, my experience was very disappointing. The delivery partner behaved unprofessionally and cancelled the order without even attempting to reach my location. This caused significant inconvenience and reflects poor service standards. Due to this experience, I have given this app a 0 rating. Such behavior is completely unacceptable and needs to be addressed.",1,0,2026-03-31 10:23:51+00:00,32.6.0.300
1938,5aeb2567-67e6-4a5c-801d-7dfc8e8c8421,Amazon India,google_play,en,Very bad Delivery experience,1,0,2026-03-31 10:15:29+00:00,32.6.0.300
1939,5121ab26-806c-4c51-8a75-276e3a4e0227,Amazon India,google_play,en,"এক্সপেন্সিভ অ্যাপস্, বাট ইউ ক্যান ইউটিলাইজ ইন এ স্মার্ট ওয়ে।",4,0,2026-03-31 10:10:45+00:00,32.5.0.300
1940,226cda54-6d48-4cb9-bd08-eb7f692d52c9,Amazon India,google_play,en,i think very bad platform compared to other platforms,1,0,2026-03-31 10:02:06+00:00,
1941,d6904ab9-75c4-4230-8780-faa53e8b9bdf,Amazon India,google_play,en,no proper customer care option no option to talk to customer care executive,1,0,2026-03-31 09:55:10+00:00,32.6.0.300
1942,5f73e9f3-e8c3-4cbd-8ca1-62366f9e625e,Amazon India,google_play,en,"very bad service, whenever you paid product amount before delivery....they not delivered product....and submitted false coment.... personal experience I have paid 429 for some product and that delivery person commented on product I have delivered, but I have not received the product till date.",1,0,2026-03-31 09:43:54+00:00,
1943,eb89583b-3ac4-497e-99f5-46e6003f2747,Amazon India,google_play,en,very user friendly app.now when I changed the mobile it is written that this app is not compatible with my mobile. why ?,5,0,2026-03-31 09:33:11+00:00,32.6.0.300
1944,80a1ed7b-7bd9-4aee-87e3-7887afb49220,Amazon India,google_play,en,Amazon fraud activity I have buy one product not receive after the one week and stats showing your product sucessfuly delivered it's scammer don't purchase from Amazon.,1,0,2026-03-31 09:25:48+00:00,32.5.0.300
1945,967b7f0a-f102-4004-991c-0f8457b2e0ba,Amazon India,google_play,en,super duper,5,0,2026-03-31 09:21:30+00:00,26.17.2.300
1946,6974e95f-ccef-4504-b131-852c8a8c00df,Amazon India,google_play,en,itna ghatiya app hai ki poochho mat inke delivery partners galti Karen aur uske vajah se ham log ko pakdana padta hai 2 hafte pahle order kiya tha kharab likhna Ek hafte pahle replacement ka date diya tha 30 March 30 March ko delivery boy ko kam se kam 10 bar call kiya call uthate Nahin Hai 1st April ko usne delivery Dan Kar Diya subah 9:00 hi jabki jabki mujhe kuchh Mila hi nahin abhi Mera yah replacement bhi nahin hoga aur mere ko Kuchh milega bhi nahin refund bhi nahin aaega matlab kha gaya,1,0,2026-03-31 09:20:38+00:00,32.5.0.300
1947,5324dc89-2733-4d9b-abb7-3ef17fefc3a1,Amazon India,google_play,en,"From last 2.5 month, i am not able to register Amazon pay upi. very disappointed this issu,",1,0,2026-03-31 09:12:31+00:00,32.6.0.300
1948,12411644-63f2-4792-9e0c-a147f3a670bd,Amazon India,google_play,en,"Horrible Experience. We have ordered a microwave stand which was not delivered. Called the delivery guy, he said he does not have the order. Also he cut the call if we try to record his response. Called support team they said it will be delivered in 24 hrs. However it was still not delivered but shows as delivery attempt done. We were at home and there was no delivery attempt. Not allowing to cancel order, no product received, fake updates, not able to resolve this issue. loss of money :(",1,0,2026-03-31 09:02:46+00:00,
1949,133b0a14-7994-4856-ad33-57cfcbb4e0a5,Amazon India,google_play,en,"I ordered a book from Amazon, but it is marked as delivered and I have not received it. It has been 4 days, and there is still no proper response. Customer service is very irresponsible and unhelpful. This is completely unacceptable. Please resolve this issue immediately. Worst service experience ever.",1,0,2026-03-31 08:59:21+00:00,30.16.2.300
1950,e477bac2-9f49-4c8a-9632-57aa8d0c85d8,Amazon India,google_play,en,7000 rs ka product liya ab return krne me koi support ni milrha hai...brand walo se baat krne bolrhe hai ....amzon pe product return ka option tha abb v hai phir v return ni ho paarha...support bht bekar hai..mera loss hogya,1,0,2026-03-31 08:58:31+00:00,32.6.0.300
1951,56037d63-ab21-4f43-adee-6b6cc1a1803c,Amazon India,google_play,en,Very bad experience. Because after adding my email id with mobile number my amazon pay wallet balance was lost and not refunded after many complaints.,1,0,2026-03-31 08:30:10+00:00,
1952,84a05715-6031-49a0-b19a-cd2d6ab79689,Amazon India,google_play,en,I had a really bad experience. It did not meet expectations and the quality is below average. Would not recommend.,1,0,2026-03-31 08:25:10+00:00,32.6.0.300
1953,7a741951-a645-4e74-85b8-adc5d5ace2a3,Amazon India,google_play,en,"plz my help my old accountMy old account is not becoming active, and my new points are accumulating there. I have been facing this issue for about a year now. Please help",3,0,2026-03-31 08:22:38+00:00,32.6.0.300
1954,abc79604-b2de-401a-968f-94ec4e450dbb,Amazon India,google_play,en,"Very worst .Without delivering the order, they can say like the order has been delivered and kept status .. I should have complained but no one can react ..",1,0,2026-03-31 08:22:17+00:00,
1955,cc9bb995-fcfb-4b9e-a7a1-61f4a74bdbe4,Amazon India,google_play,en,"worst app I never seen before.. for return items no refund he is given and no EMI update, he is generating bill what exactly we purchased the items before refund that only taken worst maintenance worst marketing",1,0,2026-03-31 08:20:21+00:00,32.6.0.300
1956,58d4db11-3be2-4a92-8d58-fa6bdbdfa849,Amazon India,google_play,en,"Very poor service.order was marked as delivered, but I never received it.This is unacceptable.",1,0,2026-03-31 08:19:47+00:00,32.5.0.300
1957,122e7c21-9eff-42c4-88fc-a513aebd21d0,Amazon India,google_play,en,"Honestly, this is the worst app I have ever used.",1,0,2026-03-31 08:19:14+00:00,32.6.0.300
1958,f831ce74-d648-4c3a-afa4-91ccf35555a2,Amazon India,google_play,en,worst service not delivered yet but showing delivered irresponsible Amazon help line,1,0,2026-03-31 08:17:53+00:00,32.6.0.300
1959,279bc1f4-8b83-41f2-88df-fc4b456758ec,Amazon India,google_play,en,"very bad delivery service I ordered 4-5 things from Amazon and I didn't receive a single item. it showed Receipient denied the order, could'nt deliver even after 2 unsuccessfull attempts, etc etc. thanks to God that it was pay on delivery otherwise I am sure my money was also gone.",1,0,2026-03-31 08:16:19+00:00,32.6.0.300
1960,03985a10-58fb-4dd2-890d-75168838a15d,Amazon India,google_play,en,Excellent products and services I am satisfied😊😊,5,0,2026-03-31 08:09:22+00:00,30.5.0.300
1961,df0b08c0-1939-4d96-afbb-450f0adb09e0,Amazon India,google_play,en,app consuming so much data whenever i open. why?,1,0,2026-03-31 07:55:37+00:00,32.6.0.300
1962,56428583-b511-4f46-9adc-542434c2c897,Amazon India,google_play,en,1 nomber frfomens,5,0,2026-03-31 07:30:25+00:00,
1963,81b65f40-6e18-4e20-b159-ddf31641982e,Amazon India,google_play,en,views products,1,0,2026-03-31 07:09:27+00:00,32.6.0.300
1964,91831c9b-7923-4a18-ba53-6c0155ad04a6,Amazon India,google_play,en,Trust for money 🤑,5,0,2026-03-31 06:46:55+00:00,32.6.0.300
1965,9564c97b-8def-4262-8a58-339c40953c3c,Amazon India,google_play,en,today order very good,3,0,2026-03-31 06:44:44+00:00,32.6.0.300
1966,5b7adfd6-4753-46ba-9e2e-a5e67a9bdfde,Amazon India,google_play,en,worst experience the product I ordered is not same which is delivered to me and now there's nothing any helpdesk available very annoying,1,0,2026-03-31 06:32:09+00:00,
1967,c2133852-c200-4a2c-bdf2-42a1e7c77879,Amazon India,google_play,en,not refunding.,1,0,2026-03-31 06:12:06+00:00,22.14.2.350
1968,acc9ca23-49dc-4277-8a82-e27dc2b813ae,Amazon India,google_play,en,Worst of all. Every time when I click a product description. It shows as UH OH SOMETHING WENT WRONG AT OUR SIDE. This error keeps on irritating me every time. I have reinstalled the app several times and the issue is not resolved. I dont know whats the exact issue with that. and also this error message always show in my every Galaxy devices.,1,0,2026-03-31 05:49:10+00:00,32.6.0.300
1969,ee588e2a-c274-4fd9-bda6-6da24cddfaa0,Amazon India,google_play,en,very late delivery so bad 😞,1,0,2026-03-31 03:57:18+00:00,32.6.0.300
1970,a6184025-0f63-4953-bf05-bd3578f52c83,Amazon India,google_play,en,"third class app for online shopping search something else and die, you see something else...",1,0,2026-03-31 03:23:11+00:00,32.5.0.300
1971,a54ebc5c-6c0d-46c6-9a21-4d2bf303a751,Amazon India,google_play,en,stopped all type support recently. order blutooth headphone it's distorted. company is not replying just ticket generated. nowhere to contact in Amazon app. we purchased on your trust. this happen with two product continuously. Amazon stopped providing all support most products are not fulfilled by amazone. will not buy from now,1,0,2026-03-31 02:48:03+00:00,32.6.0.300
1972,702eee7f-2f60-4263-8eb1-0c4b0ebd71b8,Amazon India,google_play,en,large variety,4,0,2026-03-31 02:10:06+00:00,
1973,f96a7177-ba7c-4a78-8e74-e7dcdf729e94,Amazon India,google_play,en,"amazon mismanagement is increasing day by day. many times they sending wrong product. In my recent order I received the wrong product, delivery boy want me to pay for that wrong product, because of my last bad experience I refused to pay because that was not refunded. So this time I refused to pay so the delivery boy said ""If you don't pay your all other orders will be cancelled & in future no order will be taken and delivered."" They want me to pay for fraud.",1,0,2026-03-31 01:38:25+00:00,
1974,6abbe9c7-d656-432c-bd2d-88d843eb97a6,Amazon India,google_play,en,Best Shopping Pletform,5,0,2026-03-31 00:40:27+00:00,32.6.0.300
1975,6ace0f98-e1fd-40dc-85ec-616cc1601be7,Amazon India,google_play,en,1st Time' order 10 Day letter,5,0,2026-03-30 23:39:49+00:00,32.5.0.300
1976,162d376d-654a-427f-ac36-e6a0b205f5e8,Amazon India,google_play,en,this ya ya,5,0,2026-03-30 23:35:39+00:00,32.6.0.300
1977,c492f348-f0a1-425d-9e4a-0e53609b97b6,Amazon India,google_play,en,Amazon pays to make separate apps better to use,1,0,2026-03-30 23:35:20+00:00,
1978,e2db45aa-d388-46b3-b5e8-73293c8e9d37,Amazon India,google_play,en,very bad service on delivery products,1,0,2026-03-30 23:26:33+00:00,28.23.2.300
1979,35e4b2c3-65c2-41a9-b710-b6edd46e2345,Amazon India,google_play,en,outstanding Buyer Platform,5,0,2026-03-30 23:22:15+00:00,32.6.0.300
1980,8ad59556-e207-4dd7-9d92-8aeab651a4ed,Amazon India,google_play,en,lately all deliveries r canceled . doesn't matter if paid up for or cash on delivery. everything is getting canceled without even coming to the doorstep. delivery personnel r lying and canceling orders of paid up items and it's no point this app is gone to 0 rating as far as I'm concerned.,1,0,2026-03-30 23:11:15+00:00,32.6.0.300
1981,4f3fc7fc-72f4-428f-b351-7660af6d490c,Amazon India,google_play,en,"1 star. Order never arrived, but Amazon falsely marked it as “delivery attempted.” No call, no visit, no actual attempt. Customer support kept giving false promises and then the order was returned to seller. On top of that, one agent falsely claimed that I rejected the order from the app/website, which is untrue. Very disappointing and unreliable service and I am a prime member.",1,0,2026-03-30 23:10:18+00:00,32.6.0.300
1982,17366992-1d2b-427e-a632-71002d4942d7,Amazon India,google_play,en,one star because of amazon fresh items missing from orders once charged more by delivery agent Flipkart or dmart are reliable and honest,1,0,2026-03-30 23:02:09+00:00,20.10.0.300
1983,8241cbe3-5e7e-42d0-94eb-5654b6e78b3f,Amazon India,google_play,en,Poor.. The amazon service is getting worse now.. They allowed third parties to deliver the products and they didn't deliver the product on time. Customer Care is giving the same lame reason.,1,0,2026-03-30 22:48:25+00:00,32.6.0.300
1984,5e8a20a9-511e-4c7b-9a4e-d5344f48aa65,Amazon India,google_play,en,the worst experience ever I tried to return but they didn't do so and also there is no one to hear you as customer service just a chat box only and that is very stupid,1,0,2026-03-30 22:30:27+00:00,20.6.0.300
1985,3c553273-3ae9-44ae-8504-704af89ae54a,Amazon India,google_play,en,"My order was supposed to arrive today but it did not arrive, it was already postponed from today, then your service is bad 👎👎👎",1,0,2026-03-30 22:29:31+00:00,32.6.0.300
1986,0d17030d-7245-40cc-80ae-6981b6e9585d,Amazon India,google_play,en,gud service ❤❤,4,0,2026-03-30 22:28:25+00:00,32.6.0.300
1987,ec21b88c-09ed-415e-9d8d-65e986f66b14,Amazon India,google_play,en,why use in mail id,1,0,2026-03-30 22:27:08+00:00,32.5.0.300
1988,7cd59ec8-a530-45da-9677-f7321d8d8ea2,Amazon India,google_play,en,very bad response your side 😔,1,0,2026-03-30 22:24:27+00:00,
1989,d8ed53c9-c4cc-4574-8457-25f7e0e8882c,Amazon India,google_play,en,price is low,5,0,2026-03-30 22:10:34+00:00,32.6.0.300
1990,81ade2dd-e5b9-4d75-b9f8-60c5d4449057,Amazon India,google_play,en,अमेज़न इस्तेमाल न करे।ये लोग आप लोगों को प्राइम लेने के लिए मजबूर करते है।ऑर्डर बुक करते वक्त आपको डिलीवरी टाइम 5 दिन का दिखाते है और 9 वे दिन बताते है कि कैसी अनजान कारण वश आपका पार्सल ट्रैवलिंग में फंसा है।देरी के लिए माफ करे।और वह पार्सल आप को 5 दिन की जगह 9/10 दिनों में भी नहीं मिलता है।ऊपर से आप सीधा इनके ग्राहक सेवा प्रतिनिधि से सीधी बात नहीं कर सकते।इन्होंने ऐप में ऐसी जगह ग्राहक सेवा प्रतिनिधि को छिपा रखा है कि कोई जानकार ही उस तक पहुंच पाए।कैश ऑन डिलीवरी वाले ऑप्शन ज्यादा तर नहीं है।,1,0,2026-03-30 22:06:37+00:00,32.5.0.300
1991,39a9e085-c627-46a7-b904-d058b27206f9,Amazon India,google_play,en,my favourite app Amazon,5,0,2026-03-30 22:03:21+00:00,32.5.0.300
1992,8b3db0d1-6cc4-4cd8-962c-7dee5df666db,Amazon India,google_play,en,slowest sh't experience of an app for a multi-million dollar company. No way to opt out of bloated random features.,2,0,2026-03-30 21:55:30+00:00,32.6.0.300
1993,e721f827-47e1-4fdf-9f31-ceebb4ff1854,Amazon India,google_play,en,nice app good products 😄😄😄,5,0,2026-03-30 21:47:35+00:00,
1994,7857048a-3725-4dfb-82d9-717d596c0198,Amazon India,google_play,en,I like the app is nice,5,0,2026-03-30 21:47:08+00:00,30.1.2.300
1995,89edac89-9afc-47ba-9b13-439e454f24fd,Amazon India,google_play,en,its an amazing shopping app...my first ever order was from amazon..which was a t shirt and i still have that in my wardrobe.,5,0,2026-03-30 21:46:51+00:00,32.6.0.300
1996,ada739fc-6258-4061-bfb5-5869368ec83e,Amazon India,google_play,en,I think amazon lost its interest in customer the call center are slow the delivery is cancelled without reason and everything is handled like a lazy job very bad service,1,0,2026-03-30 21:46:05+00:00,
1997,7d014874-b5da-49df-a229-bee1c156cb1f,Amazon India,google_play,en,this is one .best product,4,0,2026-03-30 21:44:32+00:00,32.6.0.300
1998,7dceb52c-ae5a-4f20-93a5-dded435d353b,Amazon India,google_play,en,"1 no. faltu service. विरार पश्चिम, पालघर येथील सर्विस बेकार आहे. virar west amazon employees don't have manners.",1,0,2026-03-30 21:43:37+00:00,30.21.0.300
1999,d4eab4b4-9e44-4977-acbb-e96cd6990c48,Amazon India,google_play,en,this is better for person who buy original,3,0,2026-03-30 21:38:36+00:00,32.6.0.300
2000,90e73d42-92f7-4a99-b263-cdb30c9df55e,Amazon India,google_play,en,The delivery agents never pick up the calls,1,0,2026-03-30 21:27:29+00:00,32.6.0.300
2001,af38dcc0-aaa2-4e30-bf4f-7799b09799b5,Amazon India,google_play,en,why should i give you 7rs for cash on delivery on top of delivery charges this is forcing my hand into either pre paying or give you money for no reason its better i buy from local seller which also offers bargain in deal you lame company increased it to 14rs,1,0,2026-03-30 21:23:02+00:00,
2002,c25d4fce-b0e7-4efe-8fae-63de8321e1fe,Amazon India,google_play,en,very very worst bro I lost my money i don't receive my order and you don't give my money back,1,0,2026-03-30 21:19:57+00:00,
2003,2a28cf52-6445-4b54-b56d-35f1f10e59bd,Amazon India,google_play,en,"I want to raise a complaint regarding my recent order. The tracking status shows “Delivered to resident,” but I have not received the book. I have checked with family members and neighbors, and no one has accepted the delivery on my behalf. Kindly investigate this issue and provide an update at the earliest. I request either the correct delivery of my order or a refund if the item cannot be located.",1,0,2026-03-30 21:19:52+00:00,32.6.0.300
2004,93742ad6-75b8-47c4-97e8-5a137b959fd1,Amazon India,google_play,en,amazons delivery and extremely poor customer service,1,0,2026-03-30 21:03:27+00:00,32.6.0.300
2005,19f9468e-deea-42a1-86ba-2baa1f52d7cb,Amazon India,google_play,en,very nice and fast,5,0,2026-03-30 20:58:20+00:00,32.6.0.300
2006,933d2e25-057a-4440-b18e-862ec27a2d11,Amazon India,google_play,en,Off late shipping time has gone up considerably. No use of Prime Membership,1,0,2026-03-30 20:43:49+00:00,32.6.0.300
2007,bd928301-2852-484c-a62e-340eb38c2f06,Amazon India,google_play,en,very best quitlity product,5,0,2026-03-30 20:38:27+00:00,
2008,5f4fb6a5-102e-4a90-af1e-b0450f687d9e,Amazon India,google_play,en,"Very disappointing experience. I received a damaged item, and there was no direct return/exchange option in the order section. I had to contact support. A return was scheduled, but even after 2 weeks, no pickup has happened. There are no contact details for the pickup personnel. The app keeps showing cancellation and reschedule prompts for the return and I get automated calls about failed pickups, though no one actually came. Support only asks to wait and reschedule. Needs improvement.",1,0,2026-03-30 20:22:19+00:00,32.6.0.300
2009,7b4840cf-3500-4407-917b-2cc8572d189f,Amazon India,google_play,en,application open problem in vivo y 51 a device,1,0,2026-03-30 20:21:20+00:00,32.6.0.300
2010,4698f751-25cc-4833-91a3-298168b32e2d,Amazon India,google_play,en,1 star bhi nhi dana chaiye kyuki instale bhi nhi ho rahau,1,0,2026-03-30 20:13:01+00:00,
2011,97457561-4724-4c2a-9e81-7b6e4da33d76,Amazon India,google_play,en,"Amazon is the worst (Goa, Salem) I ordered a laptop he came at 9 pm in the night so I told him come tomorrow its too late Next day I called him told him to come early he said okay then blocked me Again Next Day order was supposed to come and then again no one called 3 to 4 days they kept me waiting ...worst delivery service ever",1,0,2026-03-30 20:09:43+00:00,32.6.0.300
2012,71a85ac1-be90-4994-9fcb-f69518909325,Amazon India,google_play,en,not able to post review on purchased item,1,0,2026-03-30 19:54:43+00:00,32.6.0.300
2013,06721d60-0168-4dab-ac00-ac6f90028a32,Amazon India,google_play,en,never send original products...worst experiences ever...flip cart is best,1,0,2026-03-30 19:53:14+00:00,32.6.0.300
2014,b5ec170b-fb65-46c5-8baf-108488d6bf67,Amazon India,google_play,en,acha app hai,5,0,2026-03-30 19:43:23+00:00,
2015,8df6c48b-92c7-4482-a3fe-e66112ee26ca,Amazon India,google_play,en,achcha nahin Hai,3,0,2026-03-30 19:35:54+00:00,32.6.0.300
2016,54a63281-6b64-46fc-bb1c-2f1335f56c4b,Amazon India,google_play,en,"worst customer support, Flipkart is much better",1,0,2026-03-30 19:32:04+00:00,32.6.0.300
2017,ed29a0a6-f3e6-460d-8202-e3e72db33755,Amazon India,google_play,en,Don't trust amazon they cheat their valuable customers without any mercy.So only purchase cash on delivery mode otherwise no to it. Under the cover of online business they are doing all unethical activities. Go and die.,1,0,2026-03-30 19:29:57+00:00,32.6.0.300
2018,06ddb5bd-6eb1-42fa-a386-b34e34f68e3a,Amazon India,google_play,en,Super App for purchasing,5,0,2026-03-30 19:26:44+00:00,
2019,c8bb67e6-171a-4508-b531-a7bc3365bd53,Amazon India,google_play,en,noise neckband... demaged.. அதை திரும்பி வாங்குவதற்கு எந்த ஒரு வழிமுறையும் சுலபமாக இல்லை totally waste and very worst service Amazon.. I am go to consumer court,1,0,2026-03-30 19:24:03+00:00,32.6.0.300
2020,b2e33c5b-003d-4e3a-9ef1-620c0989c0de,Amazon India,google_play,en,excellent service,5,0,2026-03-30 19:11:53+00:00,32.6.0.300
2021,2a5e0cfc-fa28-4769-97c6-fd9c67cd6489,Amazon India,google_play,en,delivery boy contact karo delivery,1,0,2026-03-30 18:58:23+00:00,32.6.0.300
2022,b01523aa-9ebd-4185-93c2-c8eda092d6ca,Amazon India,google_play,en,"ordered a pair of shoes on Amazon on 11th March, but I received the wrong product. I returned the item, and the delivery person picked it up successfully. The company also confirmed they received the return. However, I have not received my refund. When I contacted customer care, they said my refund was denied as they received the wrong item. I returned exactly what I got. Now they claim it’s not original and denied my refund. What should I do? Please help.",1,0,2026-03-30 18:47:12+00:00,
2023,4625ffc4-85cd-4a5f-aa71-ddcada05d120,Amazon India,google_play,en,There is no number to contact if the order goes missing or is returned to the seller without the delivery agent delivering the product. My orders were prepaid and I am disappointed as there is no calling number where we can talk about any problem with the order.,1,0,2026-03-30 18:43:42+00:00,32.6.0.300
2024,c4661fe3-9134-4d00-b4e8-eda362f0c5d4,Amazon India,google_play,en,I am setisfy,5,0,2026-03-30 18:26:36+00:00,32.6.0.300
2025,5a3b091f-2c7a-42b2-b44c-a3de0877fadb,Amazon India,google_play,en,thanks itna perent offer dene ke liye,5,0,2026-03-30 18:22:39+00:00,32.6.0.300
2026,4b515a92-7742-45c7-bb62-da471f880334,Amazon India,google_play,en,bad service,1,0,2026-03-30 18:17:03+00:00,32.6.0.300
2027,e1a9f8ca-2565-47da-be40-75738be60ea3,Amazon India,google_play,en,when u want to purchase something but if want to select cash on delivery then it says cash on delivery is not avalible,1,0,2026-03-30 17:57:59+00:00,32.3.0.300
2028,6a311520-beb7-46ab-ba37-bdf444c8f3bf,Amazon India,google_play,en,wast online shopping app never give respect for customer i retrun 1product no one come and pick the product 3day over i daily call and complaint amazon customer care no use wast app.,1,0,2026-03-30 17:56:41+00:00,
2029,70b77b35-7ca9-4f27-9bfa-36057079a055,Amazon India,google_play,en,I Like The App,5,0,2026-03-30 17:53:58+00:00,32.6.0.300
2030,a016c198-616d-49ad-855a-1e27ef3369c2,Amazon India,google_play,en,worst customer service...mera 20100₹ aur 2600₹ ka amount fasa pada hai... upi transfer details bhi hai ... lekin amazon mana kar rha hai... amount received nhi hua hai...court ka notice dene ke baad agree Kiya but paisa phir bhi nhi dala hai... I think aap logo ke liye bhi ye bada amount hoga .... 24 days tak customer care walon ne bola ki refund kar rhe hain .... last mein bola ki sir mafi chahte hai aapka amount received nhi hua ... mujhe bank jane ka salah diya aur farzi RRN number diya ...,1,0,2026-03-30 17:51:06+00:00,32.6.0.300
2031,28f40292-a568-4b70-8389-250ff8e14886,Amazon India,google_play,en,"the customer support options specially for returns and refunds is horrible, virtually no help and no points of contact when refund is delayed over 7 days and showing processing for last 5 days. Don't even want to give a single star. Very bad service and logistics operations regarding clothing in India.",1,0,2026-03-30 17:42:00+00:00,32.6.0.300
2032,73c7f189-ed1e-4f90-808c-208bf1ed7550,Amazon India,google_play,en,very bad application and not showed delivery agent contact number,1,0,2026-03-30 17:33:29+00:00,32.6.0.300
2033,8ee1f06a-5439-418d-925f-1db5d53a3e76,Amazon India,google_play,en,easy to use,5,0,2026-03-30 17:30:59+00:00,32.6.0.300
2034,674eb5c5-c4d9-4016-b750-985a8bfccda6,Amazon India,google_play,en,very very bad 👎 😕 😑 aap I order something it take 6 days,1,0,2026-03-30 17:26:57+00:00,32.6.0.300
2035,8fd1e8c1-db0c-4eb6-b6ed-8fdf97b54616,Amazon India,google_play,en,original and authentic item ....very trusted app,5,0,2026-03-30 17:19:02+00:00,
2036,327d7247-cf80-4d01-ba58-d3dfbd86e640,Amazon India,google_play,en,good app for online shopping and trusteble or best product.,5,0,2026-03-30 17:17:38+00:00,26.16.2.350
2037,64862f60-6ddc-4380-a3ec-a7c1166ab6f7,Amazon India,google_play,en,customer service center not supported for customer,1,0,2026-03-30 17:16:42+00:00,32.3.0.300
2038,3d571860-7e17-4e87-8519-14506753babb,Amazon India,google_play,en,Garbage service,1,2,2026-03-30 17:13:05+00:00,32.6.0.300
2039,8a74104b-5d14-4426-ae9a-100143cfac31,Amazon India,google_play,en,third class service,1,0,2026-03-30 17:06:00+00:00,
2040,b0fa06e2-2ac8-4c94-935c-89b49eec0887,Amazon India,google_play,en,most unoptimizatized app ever,1,0,2026-03-30 16:58:16+00:00,32.6.0.300
2041,172f7eaa-15cd-4c5b-81a0-1a031a79bd42,Amazon India,google_play,en,It's a nice app to buy products.,3,0,2026-03-30 16:54:04+00:00,
2042,984fb3d0-fe56-4212-adbd-921ff1a6128a,Amazon India,google_play,en,location problem not indian map👎👎,1,0,2026-03-30 16:53:11+00:00,32.6.0.300
2043,626d7268-80e7-411a-aab2-9fbb0532d31b,Amazon India,google_play,en,Sham fully ur order picked up for return but not updated in the portal. but I can't able to reach out customer support. Your AI venture is failure,1,1,2026-03-30 16:38:18+00:00,32.6.0.300
2044,a6b64f0a-eec1-4da7-815a-19d28032b389,Amazon India,google_play,en,pares very have,1,1,2026-03-30 16:35:36+00:00,
2045,891dccb9-8169-4828-aa5e-75de231dfe5c,Amazon India,google_play,en,good sell app,5,1,2026-03-30 16:27:28+00:00,18.2.0.300
2046,2bea909e-7721-4773-a0a0-05a1e83664c6,Amazon India,google_play,en,worst behavior of delivery agent's. and support staff says we are helpless,1,1,2026-03-30 16:25:57+00:00,32.6.0.300
2047,5a3832a9-f5ac-44e0-8801-996142c6d046,Amazon India,google_play,en,nice bujhte,5,1,2026-03-30 16:22:30+00:00,32.5.0.300
2048,cb084a82-0eea-4c68-8995-c2867649b734,Amazon India,google_play,en,all orders always cancelled,1,1,2026-03-30 16:20:53+00:00,32.6.0.300
2049,8cbef4fd-eaa5-4993-8044-07c0c862e859,Amazon India,google_play,en,very bed response Im purchased mobile phone 6th dec 2023 Samsung galaxy S21 fe they delivered on time but they give us used mobile phone samsung service center conform your mobile is active on 24 Nov 2023 ty denied screen replacement problem . Samsung Service center say that provide correct bill invoice date and activation date different.  Amazon is cheated on me they provide used phone and call center person is very careless too much waiting on call seniors not provide solution.,1,0,2026-03-30 16:17:56+00:00,32.6.0.300
2050,84ab8c3e-5cfa-4874-97e5-f55d00f1d50f,Amazon India,google_play,en,i really fed up this time. i am not getting my refund rs 1999 from 20 days. I called many time to consumer support but they are not able to refund my money.,1,0,2026-03-30 16:09:55+00:00,32.6.0.300
2051,b5316b33-bfb2-4a0e-9851-f0807ff1c72b,Amazon India,google_play,en,Delivery Parcel coming my home at night 9. clock very poor app . Flipkart in best please Amazon delivery in morning and evining come 💯,1,0,2026-03-30 16:09:36+00:00,32.6.0.300
2052,2835cdf1-cfce-4526-9964-c0b54c0a41ed,Amazon India,google_play,en,There is no way to contact customer service at all. You're running the risk on your own when you buy something from this platform.,3,1,2026-03-30 16:03:03+00:00,32.6.0.300
2053,f6170d4f-f515-455a-abb8-26c9c6bd409b,Amazon India,google_play,en,"Third class application, i don't know who is canceled my order, in status I show i can canceled my order. But i am not canceled order, third class company and third class delivery.",2,0,2026-03-30 15:46:42+00:00,32.6.0.300
2054,fa921ffc-b619-426d-9fad-77c4cd9c1178,Amazon India,google_play,en,op bolte company ko,5,1,2026-03-30 15:45:39+00:00,32.6.0.300
2055,4eed45c6-a1f5-4663-bcdc-8b49b5308464,Amazon India,google_play,en,my mom always uses it!!! not give phone to me!!!,1,0,2026-03-30 15:43:16+00:00,
2056,842f85c8-bd71-462d-85c9-e4b416cc9064,Amazon India,google_play,en,world best shopping app,5,0,2026-03-30 15:42:27+00:00,20.22.0.300
2057,11d0ac3e-545d-4e1f-bd76-da1b2c6a62cb,Amazon India,google_play,en,i paid for 2 kg pea protien powder packs and recevied only 1 kg pack. i will uninstall amazon and never use it in future. also will not let my family members use this fraud app.,1,0,2026-03-30 15:28:24+00:00,32.6.0.300
2058,d6eb7940-b5b0-43c1-9d6e-1c5cdebc0c1e,Amazon India,google_play,en,FRAUD company Amazon. They have fraud sellers and mobile exchange agency asking for cash to exchange mobile phones in good condition. The give cashback in Amazon pay balance and do not refund in source even after calling on cancellation of orders. Bank is charging interest and Amazon cannot refund the amount to source but keeps in Amazon pay balance.,1,0,2026-03-30 15:23:15+00:00,32.6.0.300
2059,4dc80e6a-9cdf-419c-bae0-6971a1addeb4,Amazon India,google_play,en,no customer service support anymore.. endless loop to same pages .. no real help..,1,0,2026-03-30 15:17:13+00:00,32.6.0.300
2060,fed3572b-c9d0-4e36-80e6-18d2004f8498,Amazon India,google_play,en,this app gives me trouble from last few day,1,0,2026-03-30 14:58:32+00:00,32.6.0.300
2061,dab656c7-ccbf-45e8-8c4f-d13f2760f549,Amazon India,google_play,en,very good service very fast delivery very good packaging I love amazon Very good customer care support,5,0,2026-03-30 14:43:44+00:00,
2062,d4817e8e-44a3-42b5-ab27-396b0ac60a24,Amazon India,google_play,en,disappointed... I'm leaving the amazon app because of the high prices .. i uninstalled ☹️,1,0,2026-03-30 14:42:44+00:00,
2063,a42f2107-f731-4c6c-9c1f-a90f5be949b6,Amazon India,google_play,en,once I receive my order then i uninstalled amazon from whole famely,5,0,2026-03-30 14:40:58+00:00,32.6.0.300
2064,e22bfda0-514f-448a-96c8-3b3f9dc0dbc0,Amazon India,google_play,en,Amazon service bekar hai defected piece bhejti hai uska refund bhi nahin deti Hai defected piece nikalte Hain Amazon koi bhi order Na Karo is paise,1,0,2026-03-30 14:39:50+00:00,32.6.0.300
2065,1a4dd4fe-2d43-4a9e-a123-5cc578dd9203,Amazon India,google_play,en,"Amazon has taken away the customer service agent option. I have had multiple great customer experience because of this option, but they have taken away the option for a terrible AI assistant",1,0,2026-03-30 14:38:08+00:00,30.15.0.300
2066,d83df1c5-4e04-4ac3-b669-e8c680f16ef7,Amazon India,google_play,en,very very useful app,5,0,2026-03-30 14:38:06+00:00,18.13.2.300
2067,d62d38b9-5515-428f-89dd-a677b01a17ab,Amazon India,google_play,en,"Jeff bezoz and amit aggarwal opened a scam call center in name of Amazon.in and Amazon seller don't try to scam , BAAP is always ready to punish you . after RBI and bank scamming me , no fear for all. what you give that what you get.",1,0,2026-03-30 14:33:30+00:00,32.5.0.300
2068,dfba1ea7-a1af-4778-b8ee-0d1fcddf2bcc,Amazon India,google_play,en,"This app’s service is very poor. On the delivery day, the delivery person neither calls nor sends any message. Instead, it automatically shows “returning to seller” and “delivery attempted.” Such a useless service.😡😡😡",1,0,2026-03-30 14:24:57+00:00,32.6.0.300
2069,342eaba3-d8fa-407c-a1c1-39f6c0d0d909,Amazon India,google_play,en,"Very poor delivery experience. My order was not delivered even after the promised date, and there was no proper update or explanation from Amazon. I waited for several days, but the item never arrived. This caused a lot of inconvenience and wasted my time. Customer support did not resolve the issue satisfactorily. I am very disappointed and will think twice before ordering again. 😡😡😡😡",1,0,2026-03-30 14:14:35+00:00,32.6.0.300
2070,1a98965c-2851-475a-9893-4366caa4c7ad,Amazon India,google_play,en,it's supper good app instead of mesho and blinkit,5,0,2026-03-30 14:07:11+00:00,
2071,28671faa-3a2b-483e-9fa1-18642c684834,Amazon India,google_play,en,mere ko order Kiya 15din + time ho gyi delevery date bhi kabki nikal chuki lekin mera order abhi tak nhi aaya mere pere vapis kro 🤬,1,0,2026-03-30 13:58:39+00:00,
2072,8bfdb88d-4dde-4ecb-8b48-6101629a1450,Amazon India,google_play,en,Not able to install.,1,0,2026-03-30 13:50:10+00:00,
2073,20220f1a-7ac6-4009-ac08-581693e3c65d,Amazon India,google_play,en,ridiculous app no contact for query related problems and I ordered a products for which used pay two times for same as said by delivery agent due to some issue but no refund is done,1,0,2026-03-30 13:42:47+00:00,
2074,380a8b18-ae84-473a-a5c0-33536241657f,Amazon India,google_play,en,"When we buy something from you, we trust that if there is any problem with the item, Amazon will resolve it. But if we accidentally place a wrong order, you don’t allow an exchange. If this is your policy, then please consider providing an option to exchange items ordered by mistake.",1,0,2026-03-30 13:35:16+00:00,32.6.0.300
2075,11411564-971e-4d79-a1ca-4b9a9411f4ab,Amazon India,google_play,en,"worst team support, low quality coustomer handling",1,0,2026-03-30 13:27:09+00:00,32.6.0.300
2076,7c2bbd14-fa1c-402b-9a41-927207926c56,Amazon India,google_play,en,achcha Saman milta Hai,5,0,2026-03-30 13:23:17+00:00,32.6.0.300
2077,621f5e75-99a4-4b1d-b67b-55bfe542dc4c,Amazon India,google_play,en,"Excellent app and moreover the best Customer Service policy & Division since 2013, in my experience Keep up the good work, Amazon India !",5,0,2026-03-30 13:19:48+00:00,32.6.0.300
2078,1b391ee3-a6e7-4b5e-a11c-6f93e5ae7df1,Amazon India,google_play,en,customer support is very poor. they have a bud in their app that doesn't allow to replace or return damaged product. it's better to buy from local shop than from amazon.,1,0,2026-03-30 13:18:52+00:00,32.6.0.300
2079,95b184b9-6691-46fe-84cc-073f4d597272,Amazon India,google_play,en,"The product listed in the app is different and the product I got is totally different.🤣🤣🤣🤣🤣🤣. don't use such app,there are many scammers. be safe",1,0,2026-03-30 13:11:08+00:00,
2080,e18ddcdd-e6fb-42ec-8ba8-dba59a5efc48,Amazon India,google_play,en,Amazon shopping app India's number one company Amazon mein original product fast delivery good packing I am very happy Amazon veri good company 👍👍👍👍🙏🙏♥️♥️,5,0,2026-03-30 13:01:52+00:00,32.6.0.300
2081,ecdca4c6-7615-4061-b92e-9a149df9a352,Amazon India,google_play,en,I've ordered a package of amway from Amazon. The package I received supposed to have 2 items but Amazon delivered only one item and the agent asked for the otp before handing over the package. This is the second time now and it looks like a pattern of scam either from Amway or from Amazon. bad experience,1,0,2026-03-30 12:52:57+00:00,32.6.0.300
2082,bc9aee0a-9c6f-45ca-a04f-961ecdcf6b69,Amazon India,google_play,en,The app lags a lot + add dark mode feature in the app,2,0,2026-03-30 12:51:47+00:00,
2083,6406eb31-d886-4db7-be6b-d53eed28f805,Amazon India,google_play,en,"worst app, they cancel your order without any reason.",1,0,2026-03-30 12:45:00+00:00,32.6.0.300
2084,e542049b-4606-409d-afa2-12640cc158e5,Amazon India,google_play,en,"not reliable,sometimes you get other people orders and our own order we dont receive and status is delivered,sometimes items are missing,also does not get what is shown & so on.",3,1,2026-03-30 12:41:25+00:00,32.6.0.300
2085,e548845b-b98e-4108-92f4-203b32a94625,Amazon India,google_play,en,good 😊😊😊😊😊😊😊😊😊😊😊😊😊😊😊😊😊😊😊👍👍👍👍👍👍👍👍👍👍👍👍👍👍😊😊👍👍😊👍😊😊😊👍😊👍😊😊👍😊👍😊☺️😊☺️😊☺️😌😊☺️😊☺️😊☺️😊☺️😌😊☺️😊☺️😌🙂‍↕️😊😊☺️😌😊☺️😊☺️😊😊😊☺️😊☺️😊😊😊☺️😊☺️😊☺️😊😊😊😊☺️😊☺️😊😊😊☺️😌😊☺️😊☺️😊☺️😊☺️😌😊☺️😊☺️😊☺️😌😊☺️😊☺️😊☺️😌😊☺️😊😊☺️😊☺️😌🙂‍↕️🙂‍↔️😊☺️😊☺️😊😊😊😊😊😊 😊☺️🙂‍↔️🙂‍↕️😌👍🤙😎❤️🧡🥺🙏🫡😉🏔️❣️🚓👋😂😐🤝🛵⌨️⌨️⬛🚠🚡❓⁉️🕑🔙📛⬛😀😃😆😅😍😍😍😊😘😭🤩🥳🫠🙃🥲🥹😊😛🙂‍↔️😌☺️☺️😝🤪🥺😬🫢😶😶‍🌫️🤐🫡🧐😡🤬🤬😡🤬🤬😡🙄😮‍💨😳🤯🤯😯😮😧😧😟🥵🥵🤮🤮☠,5,0,2026-03-30 12:38:52+00:00,
2086,a90b0e86-5f43-4fbf-b14d-6d71bfe8ec47,Amazon India,google_play,en,Sahil thukr,2,0,2026-03-30 12:35:50+00:00,32.6.0.300
2087,06ee8cc0-3018-4ac4-9760-70955f71db6d,Amazon India,google_play,en,well done ✅,5,0,2026-03-30 12:32:55+00:00,32.5.0.300
2088,9d197ade-8182-40d3-a5a0-5bb0795935d1,Amazon India,google_play,en,better shopping,5,0,2026-03-30 12:25:37+00:00,32.6.0.300
2089,79ece97d-2d91-4b8b-b4de-0fdcac6e9c12,Amazon India,google_play,en,this app team is not working properly 😞,1,0,2026-03-30 12:16:56+00:00,32.6.0.300
2090,85a66043-8f16-490c-bbde-9b330abb9375,Amazon India,google_play,en,quick connect,5,0,2026-03-30 12:11:41+00:00,
2091,dafaf71e-7869-454c-92ed-7196f08d1939,Amazon India,google_play,en,Amazing app to get your products!,5,0,2026-03-30 11:53:29+00:00,32.6.0.300
2092,ea90153c-197c-41d7-813e-1a7afb6af6ee,Amazon India,google_play,en,customer service was too bad ..,1,0,2026-03-30 11:45:56+00:00,32.6.0.300
2093,b4b5e449-3305-43ef-b60b-ff3431586978,Amazon India,google_play,en,This application is very good because it was no any scam,5,0,2026-03-30 11:37:24+00:00,
2094,62c2324c-2f3b-4f3d-afea-6179a8e5a121,Amazon India,google_play,en,amazon is running a fraud scheme on refunds. They postpone pickup endlessly to avoid paying refunds.,1,0,2026-03-30 11:34:26+00:00,32.6.0.300
2095,7115948e-94f0-4ec0-8054-810b04d15812,Amazon India,google_play,en,sabse bharosemand online Amazon app,5,0,2026-03-30 11:28:43+00:00,32.6.0.300
2096,661ec035-8da2-47da-8284-0cde15937890,Amazon India,google_play,en,"Amazon should really have an option for minus stars; if they did, I would give all of them to Amazon. First of all, I placed an order that was supposed to arrive on Monday, but their delivery agents didn't even bother to call me and just returned my parcel. Honestly, a person waits for a week for their items, and then you just return them without any information or a phone call? This was my first and last experience with Amazon. I will never shop on Amazon again.",1,0,2026-03-30 11:26:42+00:00,32.6.0.300
2097,ddeb6fed-1615-4a67-9f3e-7efddc5c9bd9,Amazon India,google_play,en,very nice good,5,0,2026-03-30 11:17:04+00:00,32.6.0.300
2098,27c6e9c5-46f2-4eeb-a470-0c1de101ab64,Amazon India,google_play,en,don't install amazon it is fake i have lost money fake delivery worst service please use flipkart worst worst worst,1,0,2026-03-30 11:16:15+00:00,30.13.0.300
2099,a01250cf-d935-4843-950e-1e7faaeb3afe,Amazon India,google_play,en,"Great initiative For General Populations in the Globe, Thanks",5,0,2026-03-30 11:14:50+00:00,32.5.0.300
2100,77a12c2a-e4e6-4362-97fa-6112cf2c7e7b,Amazon India,google_play,en,very very poor experience maine jitne bari order kiye h inke product pta nhi kha deliver krke atte h atleast baki platforms ke jaise otp wala system toh rkho ki bina otp ke koi ar ye order na le ske . upar se mujhe refund bhi nhi diya ar product delivered dikha rha h,1,0,2026-03-30 10:51:43+00:00,
2101,a2d8b04c-1051-419f-b951-74d1976a4605,Amazon India,google_play,en,nice shoping app,5,0,2026-03-30 10:40:46+00:00,32.6.0.300
2102,b1c775c8-e6c2-42bd-a6fb-155d793e138f,Amazon India,google_play,en,Thank you amazone for amazing customer service and understanding customers,5,0,2026-03-30 10:39:09+00:00,32.6.0.300
2103,2d0492f0-0f79-442d-9322-06526dd5c290,Amazon India,google_play,en,Nice shopping,5,0,2026-03-30 10:26:20+00:00,32.6.0.300
2104,304e4a16-c00d-4999-a2ea-150e6bc271ff,Amazon India,google_play,en,"they are scammers, don't order or install, customer service there to scam you. Don't order or you will regret",1,0,2026-03-30 10:16:53+00:00,
2105,ad36a393-2edb-4535-a596-304ee3323987,Amazon India,google_play,en,Nice online apps good 💯😊,5,0,2026-03-30 10:04:37+00:00,32.6.0.300
2106,13a19e68-7cf3-41b1-8688-dd7fa5a426c0,Amazon India,google_play,en,amazon these days not responding at all and in there UI they are removing the customer service tab so that it should be difficult to contact customer support and get the issue resolved,1,0,2026-03-30 10:03:53+00:00,32.6.0.300
2107,3f00ad10-c186-43fd-be4d-74102bb5a5bb,Amazon India,google_play,en,i love cash on delivery orders,5,0,2026-03-30 10:00:36+00:00,
2108,e89ba87f-775f-4bf3-b02a-cf1724a7f4ef,Amazon India,google_play,en,the app is having too much of hanging and loading issues which is like a test of our patience .. I hope the speed of the app functionality would be increased sooner,2,0,2026-03-30 09:54:08+00:00,
2109,298bd8f0-a181-4f8a-93de-ea812ccd1b0e,Amazon India,google_play,en,ghatiya app he bahut mene ek bat mangaya tha aur 11 din wait kiya or woh raaste me tut gaya bahut wahiyad app he kuch order mat karo,1,0,2026-03-30 09:44:55+00:00,
2110,eaf48e3c-257a-4dde-abf8-97e46866b272,Amazon India,google_play,en,when I want to open the order history. the order menu never comes up when I click the hamburger icon. I have force close the app and need it open it again to see the pop up menu,1,0,2026-03-30 09:37:18+00:00,32.6.0.300
2111,8cf7d2e9-5912-4e90-b52b-5faa1f3d4cc9,Amazon India,google_play,en,worst and careless.... I was order same item 2times .... but no response,1,0,2026-03-30 09:22:08+00:00,32.6.0.300
2112,dc8c8eca-b1e6-4b75-85aa-e9b220ac1f9e,Amazon India,google_play,en,"It’s disappointing that Amazon is charging a 2–3% convenience fee for Cash on Delivery. Many customers depend on COD, and penalizing them with extra charges is not customer-friendly. On top of that, expecting customers to pay in advance for orders that take 3–4 days to arrive is unreasonable. This policy feels unfair and needs to be reconsidered.",2,0,2026-03-30 08:58:33+00:00,32.6.0.300
2113,a5b56d60-fcd9-4fa7-8e86-94c34ddc520e,Amazon India,google_play,en,quality not check before delivery...,1,0,2026-03-30 08:49:58+00:00,32.6.0.300
2114,1a3ecb85-d6f5-42a5-b04c-ca10237ca5c1,Amazon India,google_play,en,fraud he sale sab mat use Karo amazon,1,0,2026-03-30 08:41:12+00:00,30.17.2.300
2115,eb3bc049-afe8-42f7-aada-f151cd396358,Amazon India,google_play,en,👍 👍👍👍👍👍👍👍👍👍👍👍👍👍,4,0,2026-03-30 08:03:27+00:00,32.5.0.300
2116,0da7c241-75cd-41f8-8e20-d7a925790523,Amazon India,google_play,en,"delivery charge is 80 ,so some people can't afford",2,0,2026-03-30 07:48:48+00:00,32.3.0.300
2117,8b51f0aa-9ae7-40b7-abcb-83d3c876f8ce,Amazon India,google_play,en,"Currently, Amazon is not functioning properly, there are no tracking updates on the items ordered, customer care is not easily accessible, the respect given to consumers is currently absent,",1,0,2026-03-30 05:55:17+00:00,32.6.0.300
2118,d96a32df-48cc-4998-9d2d-9ea102ca4e30,Amazon India,google_play,en,"Ordered Bata shoes, delivery was delayed by 2 days. I returned the item due to size issue, and it was picked up the next morning. But even after several days, the app still shows “item not picked up.” Customer service keeps telling me to wait 24 hours again and again with no update. I have already given the item, but I didn’t get my refund. Very bad experience.",1,0,2026-03-30 05:34:36+00:00,32.6.0.300
2119,e64defc6-ba72-432f-a962-86e015108ad5,Amazon India,google_play,en,Please give the night mode option in the app then I will give you 5 star rating,2,0,2026-03-30 03:35:27+00:00,32.6.0.300
2120,64180c7b-e431-4a16-abcb-7c2357d488b3,Amazon India,google_play,en,very bad delivery not used,1,0,2026-03-30 03:13:55+00:00,20.17.0.300
2121,87a3bbc9-e81b-46a0-a552-5a20575a5fba,Amazon India,google_play,en,amazon is great 👍,5,0,2026-03-30 02:44:13+00:00,32.4.0.300
2122,0aebe9e7-1e00-4a77-b07a-0aa95b1d9f1f,Amazon India,google_play,en,Most worst Shopping app,1,0,2026-03-30 01:29:56+00:00,32.5.0.300
2123,1fce6d64-1037-4a28-b84e-9bdc40caf3e3,Amazon India,google_play,en,umm I order one book i can pay online also but I still not get the book mere order ko 7 din ke upar hogaya hai,1,0,2026-03-30 01:21:47+00:00,22.14.2.350
2124,679993af-b2bd-4a2f-9031-924848d045f1,Amazon India,google_play,en,"devs, seriously, the device gets so hot after 20 mins of usage .... optimize it. Stop heavy animation loading.... the device gets so hot. a high end game also doesn't heat up the device to that extend. Up the game. Design should not come at the cost of performance. Does not align with Amazon vision.",2,0,2026-03-30 01:19:34+00:00,32.6.0.300
2125,084aace8-1e2a-46a8-b616-49376e68ef6d,Amazon India,google_play,hi,bhut bdhiya ha ye aap,5,0,2026-03-30 21:43:46+00:00,
2126,61babdf6-eadd-4be1-a30e-83ab8d69851d,Amazon India,google_play,hi,श्रीराम फर्नीचर पुणे,5,0,2026-03-29 23:43:14+00:00,30.18.6.300
2127,75916cbd-1a0d-4a4f-b021-bbe7b44b6de0,Amazon India,google_play,hi,sabse ghatiya ap,1,0,2026-03-28 20:49:26+00:00,32.3.0.300
2128,af22c13e-053e-4b88-bf33-651f6ccbe925,Amazon India,google_play,hi,bahut aacha hai,5,0,2026-03-28 17:50:31+00:00,32.6.0.300
2129,31597f6c-6db1-47b0-930d-c38ef3cdb0d0,Amazon India,google_play,hi,yah bahut aacha hai,5,1,2026-03-28 01:12:36+00:00,32.6.0.300
2130,fd877ff3-f503-4d9b-b75f-f2d6d867ef1a,Amazon India,google_play,hi,बहुत अच्छा ऐप है सब डाउनलोड करो,5,0,2026-03-27 13:31:03+00:00,
2131,2fc10001-8d44-41df-ba8b-11e89a8ee8cb,Amazon India,google_play,hi,Amazon shopping voucher are not showing when products purchase I have Amazon wallet balance and Amazon shopping voucher but it's showing only Amazon wallet not showing Amazon voucher balance please update my problem,1,0,2026-03-23 13:36:26+00:00,32.6.0.300
2132,d2803a61-d310-41fd-a24e-5c7fc04ceee9,Amazon India,google_play,hi,बहुत सुंदर और आकर्षक सेवाएं प्रदान करता है,5,0,2026-03-22 21:32:32+00:00,
2133,55172c5c-5be0-40f8-b3a7-33c958a8c87d,Amazon India,google_play,hi,हम चाहते हैं कि जब एलपीजी सिलेंडर अमेजॉन से बुक करते हैं तो डिलीवरी अमेजॉन ही करे !,4,4,2026-03-21 13:59:33+00:00,32.5.0.300
2134,61d73d05-94a6-4162-823b-fdbd3ec4e949,Amazon India,google_play,hi,super 🇮🇳🦚☝️,5,0,2026-03-21 13:17:04+00:00,20.14.0.300
2135,fc069b1a-7bbd-4b4e-b1bd-f423e8972058,Amazon India,google_play,hi,thanks Amazon,5,0,2026-03-20 18:35:50+00:00,32.5.0.300
2136,aef8b262-02fc-4c9f-94cd-1d5876cd3603,Amazon India,google_play,hi,I love Amazon I know that ye bahut achcha hai main isko main bahut acche se janti hun yah kabhi kharab Saman nahin De sakta head office I love I love I love I love you I love you I love you I love you I love you Amazon Amazon Amazon Amazon Amazon Amazon Amazon Amazon Amazon Amazon thank you so much for my amazing tricks products,5,0,2026-03-19 23:36:17+00:00,32.5.0.300
2137,3d181cfe-36bf-4986-a5da-e806b261721b,Amazon India,google_play,hi,bahut achha hai,1,0,2026-03-19 17:00:36+00:00,30.22.2.300
2138,88357f73-ee70-4e24-b243-0378cc6e9c97,Amazon India,google_play,hi,मुझे अफसोस है किसी वक्त इसे मैंने 4 रेटिंग दी यह तो बिल्कुल भी भरोसे के काम का नहीं शोपिंग के लिए,1,3,2026-03-19 15:15:47+00:00,32.5.0.300
2139,1ce71f5a-aeee-4797-b9fe-476e1f32b281,Amazon India,google_play,hi,सही है लेकिन,5,0,2026-03-19 13:41:53+00:00,32.5.0.300
2140,48b1159d-7f0a-4bf7-94b5-2eab4f392ad7,Amazon India,google_play,hi,मैने 4 स्टार इसलिए। दिए है कि पेमेंट फैट है एमेजॉन पे की,4,0,2026-03-18 22:44:03+00:00,
2141,68d0ffbd-3f5e-4eb1-90a8-19b3c6b9823d,Amazon India,google_play,hi,good Amazon,5,0,2026-03-18 19:28:36+00:00,20.14.0.300
2142,da1eb255-44f1-4af7-a7a3-c2543a996ec6,Amazon India,google_play,hi,यह बहुत बड़ा ऐप है इसमें रुपए ज्यादा रुपए ज्यादा देता है,4,0,2026-03-17 13:46:22+00:00,
2143,6d091f06-a22b-4d9f-9a1d-232cd8ee1109,Amazon India,google_play,hi,very bad service,5,0,2026-03-15 21:53:33+00:00,
2144,947680d4-b8d9-47d1-a92a-c7e62e0abe9d,Amazon India,google_play,hi,“मैं कचरा डिब्बा हूँ… सही जगह पर डाला गया सामान ही सही तरह संभाला जाता है। तभी सफाई और संतुलन बना रहता है।” mast app Amazon Hai Jahan per to bhai kya hi kya hi future Hain,5,0,2026-03-15 12:52:32+00:00,
2145,aa5d99fc-2c0c-4ce3-aa36-2143c91bd96b,Amazon India,google_play,hi,गांव में ऑडर आता ही नहीं ह,5,0,2026-03-15 10:28:26+00:00,30.22.2.300
2146,5084b159-4ae3-4a47-9444-6abe460e35f3,Amazon India,google_play,hi,"10 km. दूर से समान लेने बुलाते हैं और इधर क्यों नहीं आते बोलने से, बोलते हैं,, नहीं आते हैं तो नहीं आते हैं बात खत्म",1,64,2026-03-14 06:36:49+00:00,30.16.0.300
2147,2fc61c68-af79-4b82-b457-efb533f190d3,Amazon India,google_play,hi,very good app hai very nice maza aa raha hai,5,0,2026-03-13 10:26:33+00:00,
2148,91756e27-caca-4493-a048-9770e595bd0d,Amazon India,google_play,hi,my not work king,1,0,2026-03-13 09:32:44+00:00,32.5.0.300
2149,a78552c3-6fe0-4dbe-84cc-61c5ef284b49,Amazon India,google_play,hi,बैलेंस नहीं बताताहै,5,4,2026-03-11 20:33:59+00:00,32.5.0.300
2150,5e0e3708-5a29-4033-8cf7-07b9791b676e,Amazon India,google_play,hi,हेलो बहुत ही तगड़ा है,5,0,2026-03-11 19:09:29+00:00,24.6.0.300
2151,b8b864ef-5ad9-4ee4-9749-3db73599bf5f,Amazon India,google_play,hi,bohot mehnga saman ai hai be,1,0,2026-03-11 18:12:44+00:00,20.14.0.300
2152,c5ce524b-c253-4a9f-b8db-2e1581bbbf2f,Amazon India,google_play,hi,बहुत ही बकवास कर दिया है एप्प को। बैक अकाउंट ही नहीं जुड़ रहा,1,4,2026-03-11 14:31:44+00:00,
2153,f10a42e7-2384-4c43-a246-f932098dd67c,Amazon India,google_play,hi,कैश ऑन डिलीवरी नकी देता है,1,0,2026-03-08 22:45:52+00:00,
2154,96529070-0193-4d07-a3bc-7290208fc62e,Amazon India,google_play,hi,bahut badiya he lekin odar let atahe,5,0,2026-03-07 21:05:38+00:00,
2155,3daa4e39-31b0-437e-8a43-8cef57f4339c,Amazon India,google_play,hi,अमेजॉन अच्छा है,1,4,2026-03-07 21:00:33+00:00,32.5.0.300
2156,a1ea0f9a-ff27-4851-a1ad-6010167a39ce,Amazon India,google_play,hi,mujhe yah app bhaut accha laga,5,0,2026-03-07 20:34:04+00:00,
2157,348033b4-db97-4940-a91a-7bf0c9c5ed9d,Amazon India,google_play,hi,अमेजॉन सबसे घटिया ऐप है क्योंकि डिलीवरी होतीनहीं है बड़े बड़े शहरों में डिलीवरीहोती है,1,7,2026-03-07 18:22:37+00:00,32.5.0.300
2158,ffc9cc53-be66-47c1-b010-7c79cee2cb55,Amazon India,google_play,hi,अच्छा नहीं लगा,1,0,2026-03-04 23:00:12+00:00,
2159,412f262c-e5ad-40fd-9132-6f5e46908e4a,Amazon India,google_play,hi,wallet ke paiso se order nahi ho raha hai,2,0,2026-03-04 16:20:17+00:00,32.4.0.300
2160,1ba77bf7-ca7f-4a28-b39a-9a9910478555,Amazon India,google_play,hi,kharab delivery agent jhutha customer service,1,0,2026-03-03 11:55:21+00:00,32.3.0.300
2161,3971cded-e905-414f-bfc5-7ed037196578,Amazon India,google_play,hi,bahut hi achha apphe good,5,0,2026-03-02 14:40:22+00:00,
2162,fb5fbc0b-84ab-415b-ad97-bd4ce4d544bb,Amazon India,google_play,hi,nice appppp,5,0,2026-03-01 18:31:00+00:00,32.4.0.300
2163,b0f31830-3ebd-4ff3-9a05-8028961339fc,Amazon India,google_play,hi,mujhe ache lge JN thakuar,5,0,2026-03-01 16:24:08+00:00,30.19.0.300
2164,82f6bf32-e89c-4410-82c5-f2de8a6a36ba,Amazon India,google_play,hi,मेरे साथ तीन बार हुआ ग्रोसरी से सामान मंगाओ टाइम पर नहीं आता डिलीवरी बॉय फिर लेट आना लिखते है फिर वो टाइम भी गुल फिर खुद डिलीवरी बॉय ही अपने आप कैंसल करके लिख ते है ग्राहक ने लेने से मना किया 🤬 वही ऑडर दुबारा कार्ट में डालोगे दुगना पैसा फिर में ग्रोसरी के अलावा कुछ नहीं लेती क्योंकि आम ऐप्स से महंगा है 🙄 डेफिनेटली इनका ग्रोसरी डिपार्टमेंट बेकार है कभी आधी चीज आएगी,1,5,2026-02-28 21:04:57+00:00,32.3.0.300
2165,f79944e8-70e8-4eec-8833-079635b536e8,Amazon India,google_play,hi,Aaccha hai is duniya me,5,0,2026-02-28 20:55:14+00:00,32.4.0.300
2166,2a8be7dd-08b5-4c90-8557-1aa6b2d36a8e,Amazon India,google_play,hi,very thanks 👍,5,0,2026-02-28 14:40:56+00:00,32.4.0.300
2167,5aa70f3e-2921-4599-ab35-e8edc029e56c,Amazon India,google_play,hi,घटिया सामग्री सप्लाई करने वाली संस्था बन गई है,1,2,2026-02-28 14:08:33+00:00,
2168,4454c5d0-f7e2-4f14-a706-6f1a8fec7d65,Amazon India,google_play,hi,बहुत अच्छा App है और अच्छा समान भी आता है,5,1,2026-02-28 13:13:51+00:00,
2169,c45ab0ae-795c-4237-a2b4-09b7b8f04582,Amazon India,google_play,hi,love to Amazon,5,0,2026-02-28 13:02:01+00:00,26.12.0.300
2170,d46fd6fd-0779-44b7-a321-f63a0ed70155,Amazon India,google_play,hi,diye hue aadras pr nhi aata order,1,0,2026-02-28 12:24:58+00:00,
2171,97dd5bb1-94e4-4cb1-9792-be5984697f14,Amazon India,google_play,hi,बहुत ही कम केरियर बनाया है है तरीका अच्छा है पैसा कमाना है,5,20,2026-02-27 05:08:08+00:00,30.22.2.300
2172,47061c13-9eb1-482d-9b4a-ba3befb8b5fe,Amazon India,google_play,hi,धन्यवाद जी।,5,0,2026-02-24 21:56:17+00:00,32.3.0.300
2173,0fe00036-eaa7-4689-b620-e3f8f18ad888,Amazon India,google_play,hi,ठीक है अच्छाहै,5,0,2026-02-24 21:30:11+00:00,32.4.0.300
2174,f7465781-0846-45a3-abb1-6e48d4da3ae8,Amazon India,google_play,hi,Delivery very lat 😀,1,0,2026-02-23 18:04:29+00:00,30.16.2.300
2175,3ebbaad9-4eaf-4213-8d93-f0e7849bdc70,Amazon India,google_play,hi,मेरे लिमिट अप्रूवल नहीं हो रही है,5,0,2026-02-23 08:19:22+00:00,
2176,adde545d-1b81-4a78-baef-7e95703d59ab,Amazon India,google_play,hi,acount set nahi ho raha hai,1,5,2026-02-22 16:11:30+00:00,32.4.0.300
2177,9bab0001-c9df-42ac-893b-32b70107ed1b,Amazon India,google_play,hi,रिचार्ज होना बंद हो गया है,1,7,2026-02-21 15:47:54+00:00,32.3.0.300
2178,1f191767-4668-4251-a589-082315e0ae06,Amazon India,google_play,hi,mobile Kist pe lena hai sar,5,0,2026-02-19 22:04:10+00:00,20.14.0.300
2179,77c6f187-9eb7-4582-baf1-26aa0b1edd74,Amazon India,google_play,hi,Very bad app ritorn,1,0,2026-02-19 21:21:46+00:00,
2180,15facfaf-43a1-4a91-9b28-0baf0001b517,Amazon India,google_play,hi,मैं इन्वर्टर किट मंगाया तो खराब किट को भेज दिया,1,1,2026-02-19 19:20:27+00:00,
2181,d58b2eab-eb8a-4605-8116-6189560e90d4,Amazon India,google_play,hi,Very good👍nice app👉📱 but bahut mahga,5,0,2026-02-17 22:38:25+00:00,32.3.0.300
2182,730d731e-0abe-43e9-9ec5-68e0830ff22a,Amazon India,google_play,hi,yha bahut acha hai,5,0,2026-02-17 12:08:19+00:00,
2183,cca47371-f3f5-4f6c-9fe6-6cff11a41a67,Amazon India,google_play,hi,very happy very good,5,0,2026-02-17 05:09:47+00:00,28.23.2.300
2184,8461b69a-9194-4fce-8edf-9f7d23b7b65a,Amazon India,google_play,hi,boot aacha ha,4,0,2026-02-15 08:28:59+00:00,
2185,9b7dcce3-1b70-457a-bb23-6d172b613b1b,Amazon India,google_play,hi,Nice 👍 in the world app and that is a great for me,5,0,2026-02-14 20:46:48+00:00,32.2.0.300
2186,b1b85263-064a-4ca4-b2de-fdc435e03170,Amazon India,google_play,hi,अमेजॉन में सबसे सामान मिलते हैं और बहुत अच्छा ऐप है,5,0,2026-02-14 10:00:30+00:00,
2187,d7714037-d50e-4f62-af37-a1f6ca1919e9,Amazon India,google_play,hi,ghatiya delivery time kal se dikha raha hai ki a raha hai kabhi cancel ho raha labhi accept ho raha hai na to sahi se dikha raha hai kab ayega bas do din se dikha raha hai aaj aa jayega aaj tisra din hai ghatiya delivery time,1,1,2026-02-11 07:45:32+00:00,
2188,051f10fd-9e80-481f-8cc9-59bedc6aa85c,Amazon India,google_play,hi,कुछ भी काम आता है काम की चीज है,5,1,2026-02-11 07:27:50+00:00,22.18.0.300
2189,5dc15870-4c02-4c7c-9c76-bf75d7e015d5,Amazon India,google_play,hi,tiren ka tikat book nhi hota hai,5,4,2026-02-08 09:50:02+00:00,32.3.0.300
2190,6c729e05-420f-4865-9d0c-03f2a068f8cb,Amazon India,google_play,hi,bahut acha hay,5,0,2026-02-07 11:01:29+00:00,
2191,a6a815d0-c36c-47e0-bed1-94e9538444a1,Amazon India,google_play,hi,I accidentally clicked on amazon business and my application for business account was starting now i want to withdraw my application but there is no way,1,0,2026-02-06 23:37:17+00:00,32.3.0.300
2192,f989d976-28a3-47bf-8ede-0140060c2fa0,Amazon India,google_play,hi,ठीक है लेकिन डीलीवरी में बहुत समय लगता है 😞,4,241,2026-02-06 15:53:52+00:00,30.22.2.300
2193,d63d94a9-86e7-4d21-972f-d2c81497765a,Amazon India,google_play,hi,muze cash on delivery Nahi mil Radhi hai,5,0,2026-02-05 18:51:08+00:00,32.2.2.300
2194,06e9c2c8-d5f1-4e44-af2e-ee2392a1607a,Amazon India,google_play,hi,good and enjoy,5,0,2026-02-04 08:42:06+00:00,32.2.2.300
2195,ab297cb2-7316-4b52-9d6d-df718468a3d7,Amazon India,google_play,hi,cash on delivery or time pr odr,5,0,2026-02-03 21:13:41+00:00,
2196,3cb2460b-343b-4d8a-b663-4a4ff5801aea,Amazon India,google_play,hi,tumhara yah system hata do automatic vahan per Chrome per jakar Le Jara download karne,5,0,2026-02-03 16:48:27+00:00,20.14.0.300
2197,5140b5e9-6c55-47b6-8ea9-ec5e0d7ec690,Amazon India,google_play,hi,bahot kharab hai time pe ni pahochta hai,1,10,2026-02-02 21:18:11+00:00,32.2.2.300
2198,c7b12f61-73d2-4d03-8fad-33ba505e342b,Amazon India,google_play,hi,ye app kabi dhoka nahi diya♥️♥️💙💙,5,0,2026-02-02 12:27:20+00:00,
2199,bb5272bd-3df8-4e2e-99f1-e7c953cc3a66,Amazon India,google_play,hi,upi me Bank nahi jud raha hai bakwas ho gaya hai,1,5,2026-02-02 09:10:00+00:00,32.2.2.300
2200,e093d111-5307-453c-81bd-24d6e3bd137e,Amazon India,google_play,hi,केशबेक के नाम पर बहुत महंगा समान बेच रहे आम आदमी को लुटा जा रहा हे।,1,23,2026-02-02 08:37:34+00:00,32.2.2.300
2201,cd9b28e3-014a-4936-8d9e-3f2b199f57ba,Amazon India,google_play,hi,thik hai upi bhi hai,2,0,2026-02-02 00:23:57+00:00,
2202,8561bc8d-e01c-4666-a287-85437ec0e6fe,Amazon India,google_play,hi,भारतीय जनता सावधान अमेजॉन ऐप पर खरीद एक फ्रॉड से सामना करना है 4करोड लोगों की टिप्पणी देखें सबसे अनमोल बातें हैं जो करोड़ों सामान्य भारतीय साझी है इसके फ्राॅड का गरीब हो या साधु एक साधक का श्राप लगेगा 6मास से कम समय में जो भी लोग मेरे फ्राॅड में सामील है वह परी।।वा।। साथ ऐसा होने वाला है देखें,1,54,2026-01-30 22:14:26+00:00,32.2.2.300
2203,f6c5783c-f872-4b59-895e-ab5fa9a42f6c,Amazon India,google_play,hi,paymant pag par phonchne ke bad cashback nhi dikha rha. cuppen cashback nhi mil rha boi gat mir 30 up to 120 cashback nhi aa rha,1,11,2026-01-30 18:29:05+00:00,32.2.2.300
2204,6f746b32-7ae2-4906-84f2-883a6a997f2e,Amazon India,google_play,hi,yaha kaise ka app,2,6,2026-01-29 13:40:30+00:00,32.1.2.300
2205,6745098b-c280-4cdd-9a6a-cd073307451e,Amazon India,google_play,hi,यह aap बहुत ही खराब है इसने मेरा ऑडर कैंसिल करके मुझे मेरे पैसे वापस नहीं किए हैं,1,3,2026-01-29 12:37:09+00:00,30.12.4.300
2206,1fdca681-096d-4a45-864e-991c05079220,Amazon India,google_play,hi,pran yadav jmp,5,8,2026-01-29 10:18:50+00:00,32.2.0.300
2207,65451feb-f7f0-435b-aaf0-dffa305c7a6b,Amazon India,google_play,hi,kisano ke liye bhut acha app he,5,9,2026-01-27 16:50:09+00:00,32.1.2.300
2208,e8a7dee1-62a5-4219-aa82-8b1230905a56,Amazon India,google_play,hi,yah badyaho,5,0,2026-01-26 18:52:33+00:00,30.18.2.300
2209,fe2925d3-d3b5-46ee-9303-a6672b43bb8c,Amazon India,google_play,hi,अमेजॉन बहुत अच्छा ऐप है और हमें खरीदारी करते हुएअच्छा लगता है,5,114,2026-01-26 17:01:51+00:00,32.2.0.300
2210,83d8cd0f-6beb-46e4-963a-5ef48d098a98,Amazon India,google_play,hi,सब कुछ बहुत अच्छा है,5,4,2026-01-26 14:03:41+00:00,30.20.2.300
2211,3a2cde6f-9864-4af4-a290-957ce3b16d81,Amazon India,google_play,hi,hamare pass ek scratch card Mila hai cashback ₹10 kab milega,5,5,2026-01-26 06:58:21+00:00,32.2.0.300
2212,04b7acff-1766-4652-a46d-348f4bd39d4e,Amazon India,google_play,hi,please thank you,3,0,2026-01-25 22:23:48+00:00,20.14.0.300
2213,7368a0db-3250-4509-9a5a-019e5fa5267b,Amazon India,google_play,hi,best chijen achcha acche offer dete Hain aur acche discount hai sab download karoon isse good luck,5,0,2026-01-25 14:10:27+00:00,
2214,0f2d0b56-6975-46f2-a1e7-53d7ebd47b79,Amazon India,google_play,hi,it is the best,5,0,2026-01-25 12:47:25+00:00,32.1.2.300
2215,d4cf49c1-beec-45ac-a4b5-e5af21442a0a,Amazon India,google_play,hi,itna bhi achha nahi he,1,0,2026-01-24 21:09:29+00:00,
2216,09897a5d-fcb4-4cea-b0cc-3658bb5469c5,Amazon India,google_play,hi,Best soping App,5,0,2026-01-24 19:07:41+00:00,
2217,23c68cf3-86d8-4293-8b2f-365ffbf6eb05,Amazon India,google_play,hi,बहुत सुन्दर है ऐप्स है,5,6,2026-01-24 18:00:07+00:00,32.2.0.300
2218,f148cc62-eae6-4e69-9365-b953a1a5d621,Amazon India,google_play,hi,humne 5 bar loan liya sabhi me De diye ab Na hi deta h bed h,1,0,2026-01-24 03:52:26+00:00,
2219,4c92102a-6150-44ac-8bc9-863a6ee33d7c,Amazon India,google_play,hi,तंत्र तमंचे,5,0,2026-01-23 21:41:55+00:00,32.1.2.300
2220,c0259f1d-111f-43b9-8d05-346fc7160c74,Amazon India,google_play,hi,vrey avrage,3,0,2026-01-22 18:53:42+00:00,32.1.2.300
2221,12ccd54d-773e-4718-8c8f-6dcc5558aa09,Amazon India,google_play,hi,WORK TO ACCHAA KAR RAHA HAI FIR BHI BAHUT BAHUT BHATIYA HAI 👋😀,1,0,2026-01-21 21:23:16+00:00,
2222,cef5f8cf-807a-40d8-a1d9-654722333e8c,Amazon India,google_play,hi,very nice 💗,5,0,2026-01-21 19:11:01+00:00,
2223,182abc1e-133f-4480-a671-abbf62eb73d1,Amazon India,google_play,hi,पारदर्शी पैकिंग जो मजबूत ओर सुरक्षित रहें जिसमें उपयोगकर्ता हितों पर आधारित गोपनीयता सेवाएं ओर व्यवस्थाएं बानी रहे।,3,19,2026-01-21 14:53:43+00:00,32.1.2.300
2224,ff3b7a7d-8f87-44df-82b5-af0d6d648716,Amazon India,google_play,hi,"mere 30 bakya hai,is balance ko cod me kare",3,9,2026-01-20 12:12:01+00:00,32.1.2.300
2225,ec68f482-0e77-49e5-b552-5aa548a5c3f3,Amazon India,google_play,hi,good aap but price rate very high,4,0,2026-01-20 10:07:14+00:00,32.1.2.300
2226,ce81630f-def3-45ba-8e84-816482b805b1,Amazon India,google_play,hi,this is very good and nice application,5,0,2026-01-20 07:44:05+00:00,
2227,bf7b6043-f6e8-42c2-a775-aca08ce012dc,Amazon India,google_play,hi,Amazon marketplace,5,0,2026-01-20 05:33:53+00:00,
2228,14d47140-c3db-4b23-8daa-a0c45d275037,Amazon India,google_play,hi,यह ऐप इंस्टॉल नहीं हो रहा है,1,1,2026-01-19 22:23:26+00:00,
2229,0c2f2bc1-e1d9-4933-83bd-b9ddd481a795,Amazon India,google_play,hi,अच्छी छुट है,5,0,2026-01-18 19:11:35+00:00,
2230,ad67e6c6-2265-420c-aa45-28c8eea39409,Amazon India,google_play,hi,achha Hai leckin delivery me Jada time lagta Hai 😔,5,4,2026-01-18 18:22:23+00:00,32.1.2.300
2231,6686bf4b-d725-440f-87e8-0412c4a9ce1b,Amazon India,google_play,hi,इसका भीजरूरी है,5,7,2026-01-18 18:05:17+00:00,32.1.2.300
2232,8c5436f6-ffe9-4593-af9a-29175ed1c758,Amazon India,google_play,hi,yah download nahi hoeraha t,1,0,2026-01-18 08:31:24+00:00,
2233,1919b410-46d3-4e95-8262-7ffa8042b4a8,Amazon India,google_play,hi,अमेजॉन एक ऐसी ऐप है जो अपने कस्टमर को थोड़ा भी ध्यान नहीं रखती जब मैं इससे कोई चीज मांगी और वह खराब आई तो इसमें मुझे भुगतान देने की जगह सिर्फ दिलासा दिया की कार्यवाही होगी परंतु उसे पर कोई भी अमल नहीं किया गया,1,0,2026-01-17 20:44:05+00:00,
2234,9bc06ee0-5a32-4c50-9bdc-5ecad30835da,Amazon India,google_play,hi,बैकार अमाजोन अप कैस ओन डिलीवरी नहीं है ना पता जुडता है,1,0,2026-01-16 00:17:37+00:00,
2235,79bb11b7-a937-4fad-8928-9b7b5ce751f5,Amazon India,google_play,hi,बहुत अच्छा ऐप है,5,40,2026-01-14 22:38:39+00:00,32.1.2.300
2236,2224c5be-37db-4b9a-aaf1-165813c962b8,Amazon India,google_play,hi,time to time dilivry,5,0,2026-01-13 09:49:59+00:00,
2237,c8db868f-3133-4edb-a0a7-a0040047d0e4,Amazon India,google_play,hi,बेकार है फ्लिपकार्ट की बराबरी नहीं कर सकता फ्लिपकार्ट एक चीज में पीछे है क्यों भारत में सेल करता है और यह हरजगह पर फ्लिपकार्ट भी ऐसा करेगा तो नंबर वन पर इससे भी ज्यादा आएगा,1,1,2026-01-12 21:16:34+00:00,
2238,406ad0e8-dbca-41ae-8cf2-7841376cb05a,Amazon India,google_play,hi,bhut babhya,5,0,2026-01-12 07:55:59+00:00,32.1.2.300
2239,f2069fc5-cc86-4c6c-81ad-927f0fcbb305,Amazon India,google_play,hi,यह बहुत ही अच्छा ✅👍👍,5,0,2026-01-11 21:53:56+00:00,
2240,c362fc58-977a-4008-beff-49632fc8f830,Amazon India,google_play,hi,बहुत अच्छा लगा है,5,22,2026-01-10 21:14:39+00:00,30.22.2.300
2241,6d1d7210-f0d2-4c1f-ba32-b265551035e8,Amazon India,google_play,hi,good very good very very very happy,5,0,2026-01-09 20:36:09+00:00,32.1.0.300
2242,8065d492-8738-4cf0-bd0a-882ab3be84dd,Amazon India,google_play,hi,wonderful 👍👍👍😊,5,0,2026-01-09 13:06:13+00:00,
2243,1f409b80-b60b-4e57-86ab-24d04c6a071f,Amazon India,google_play,hi,cash on delivery nhi leta aisa kyu mujhe bataye 😠😠😠😠,1,0,2026-01-09 09:31:08+00:00,
2244,265b71fc-0b0f-49b9-8a3c-dca7454345c2,Amazon India,google_play,hi,this one is best app,5,0,2026-01-09 07:47:47+00:00,26.19.2.300
2245,6424b7d9-c753-4944-b44e-9a8f9cfddb90,Amazon India,google_play,hi,बहुत खराब ऐप है भाई,1,0,2026-01-08 22:18:12+00:00,
2246,986a08e9-4c30-4480-8242-718f1c90ff87,Amazon India,google_play,hi,bahut hi san dar,5,0,2026-01-07 19:11:17+00:00,
2247,42e5d879-813a-4282-963b-865d35c6f7c7,Amazon India,google_play,hi,this is very good platform for sale. This app provide free delivery,5,0,2026-01-07 14:11:41+00:00,30.22.2.300
2248,6156306a-f8e3-4833-8b5a-99553724f7c9,Amazon India,google_play,hi,वेरी वेरी गुड,5,0,2026-01-07 06:26:32+00:00,28.17.0.300
2249,4347d6a7-0567-4aa6-b6b1-b06b9f024487,Amazon India,google_play,hi,इंडिया का सबसे अच्छा ऑनलाइन शॉपिंग ऐप हैं,5,1,2026-01-05 20:20:58+00:00,
2250,609a35aa-f66e-4b2e-8df5-165c6d2faed6,Amazon India,google_play,hi,amazon घटिया हे ये ग्राहकों के साथ ठगी करता है,1,6,2026-01-04 11:02:09+00:00,30.22.2.300
2251,441d051c-ca2f-4fac-a394-90703ee82a99,Amazon India,google_play,hi,ओल्डर मेरे को प्राप्त नहीं हुआ ओल्डर हिस्ट्री में बता रहा है ओल्डर प्राप्त हो गया अब फ्रॉड कर रहा है amazon,1,22,2026-01-01 10:12:39+00:00,30.22.2.300
2252,3a5172a2-96f3-4539-aa07-1a2eca435401,Amazon India,google_play,hi,amazon is vary good app,5,0,2025-12-29 09:19:24+00:00,
2253,0bbeadf2-f4fa-4496-a135-bf6c2a3b06c6,Amazon India,google_play,hi,बहुत हीसुंदर,3,0,2025-12-28 20:48:30+00:00,26.16.2.350
2254,15b79822-28e3-4eec-8dea-3250070b50e7,Amazon India,google_play,hi,my best shopping app,5,0,2025-12-28 20:22:05+00:00,30.22.0.300
2255,efe9ee7e-f4ae-4596-9fb9-eb9d48f78421,Amazon India,google_play,hi,worst shoping app i ordered two time but not delivered and cancelled,1,0,2025-12-28 18:04:11+00:00,30.22.2.300
2256,2023528e-c64c-455a-8923-b51c60638028,Amazon India,google_play,hi,"amzon से भी मत खरीदे, 2000 रुपए की खरीददारी करेंगे और आपको 200 रुपए वाला सामान देंगे तथा बाद में replace भी नहीं करेंगे। इन सबमे नुकसान केवल आपका ही होगा। प्रत्येक खरीददारी में आपसे 5 रुपए अलग से लूटना तो शुरू ही कर दिया गया है।",1,70,2025-12-26 11:02:28+00:00,30.22.2.300
2257,fe03a231-536b-4050-ad02-8c4a7453955a,Amazon India,google_play,hi,lo 5 star 🤣😅🤣😅,5,0,2025-12-25 21:03:01+00:00,
2258,89d172af-0c15-496c-8a2c-3808de7c25e6,Amazon India,google_play,hi,wow nice CES on delivery app,5,218,2025-12-25 16:12:10+00:00,30.22.2.300
2259,b73e4d22-cdbe-4e1b-9bbd-2e8ad0f0ec1d,Amazon India,google_play,hi,good app for shopping,5,0,2025-12-25 08:53:14+00:00,
2260,b2d2500a-f353-4f73-8b13-cf24c3615c6c,Amazon India,google_play,hi,very good best product thank Amazon aap,5,0,2025-12-25 08:41:06+00:00,30.22.2.300
2261,89eb8962-5c19-4bc8-b993-08e83d746fd4,Amazon India,google_play,hi,best app 👑👑👑👑,5,0,2025-12-24 21:19:19+00:00,30.22.2.300
2262,a9b1a65f-99c8-4c44-b6b5-4fa40b58f782,Amazon India,google_play,hi,bhai yah sabse tagada app hai Ishq takkar mein koi nahin hai,5,0,2025-12-21 20:47:16+00:00,
2263,a09578d9-6b1d-4b08-87e2-d2944619a56d,Amazon India,google_play,hi,bad app and bad customer service support very bad scammer app,1,0,2025-12-18 17:21:25+00:00,30.22.0.300
2264,2e872c66-c036-4fa5-b399-4223f72f3dc6,Amazon India,google_play,hi,all the best Amazon online shopping app,5,0,2025-12-18 07:31:14+00:00,30.22.0.300
2265,18abd8e4-bd2d-4792-926e-19cca51d22bc,Amazon India,google_play,hi,फास्ट डिलीवरी,5,0,2025-12-17 17:54:46+00:00,30.22.0.300
2266,418211a5-a985-457b-ab98-5de227505b00,Amazon India,google_play,hi,please niras mat karna,5,7,2025-12-17 16:52:12+00:00,30.22.0.300
2267,95062ed8-0bf1-41dd-8756-4f5606e80bd4,Amazon India,google_play,hi,very bad app never refund your money saaman v galat aaega ya kvi aaega hi ni or bolenge ki apko mil chuka h or rupee refund v ni karenge customer service support or v Ganda h bol dete h sorry apki koi help ni kr skte,1,9,2025-12-17 12:46:37+00:00,30.22.0.300
2268,367cf65d-0efb-4d2b-8817-a5cb8c48fd9f,Amazon India,google_play,hi,बहुत अच्छा लगा खरीदने से,5,1,2025-12-16 22:34:36+00:00,22.14.2.350
2269,a386b107-9e9c-4c5a-bd2b-58eac10e134a,Amazon India,google_play,hi,bhut bekar pehle hi payment na karen wrna na hi product milega na Paisa refund hoga bhut gatiya or bekaar app . fraud and scam app,1,0,2025-12-16 10:02:07+00:00,30.22.0.300
2270,398fa4a6-a6ee-435e-8a81-b139ed30cde5,Amazon India,google_play,hi,इनका स्टॉप सही तरीके से बात नहीं करताहै,2,9,2025-12-15 22:44:38+00:00,30.22.0.300
2271,65e9608b-5cde-45cd-9a58-ddc6ba9c4339,Amazon India,google_play,hi,bahut achcha hai Sabse achcha hai bahut achcha hai yah app bahut achcha hai yah bahut mast Hai per iski kya tarif Karun bahut achcha app Hai iske bare mein kuch bhi bolo yah bahut achcha app hai bahut achcha app hai bahut achcha app hai main iske bare mein kya kya karun aapko yah to bahut hi achcha hai iske bare mein tumhen jitna kahoon jitna kahoon jitna kahoon vah bhi kam hai dimag mein nahin a Raha Kitna kahoon sehat ke bare mein yah app itna achha hai ki main kahoon jitna hi Kam Hai ise app,5,0,2025-12-15 12:16:19+00:00,30.22.0.300
2272,ca3efd1c-02fe-4415-a7db-30ed5e6e6aef,Amazon India,google_play,hi,अच्छे उत्पाद और अच्छी छूट मिल जाते हैं। कोई कमी रहने पर आराम से वापस भी कर लेते हैं। बहुत सुविधाजनक और अच्छा है।,5,478,2025-12-14 13:31:57+00:00,30.17.2.300
2273,f9de3236-cf8a-4c0d-9635-3875e9c4a87f,Amazon India,google_play,hi,अमेजॉन सबसे बेकार ऐप्स है जिससे कोई खरीदी नहीं करना प्रोडक्ट वापस नहीं किया जा रहा है मैंने तीन बार अप्लाई कर दिया वापस के लिए पर कोई मेरा प्रोडक्ट पूरा डिबेट निकला है चेंज भी नहीं किया और वापस भी नहीं किया सबसे बेकार एप्लीकेशन है,1,36,2025-12-14 09:49:26+00:00,30.22.0.300
2274,5d270c1a-fb64-41d2-bc71-fdf29fab1d8d,Amazon India,google_play,hi,फ्लिपकार्ट से अच्छा ऐप है,4,0,2025-12-11 06:15:50+00:00,
2275,6c4168a6-c74d-4806-a8c1-c5120e1447aa,Amazon India,google_play,hi,Not Good...,1,0,2025-12-09 07:46:58+00:00,18.17.1.300
2276,f31553c3-0b63-455b-9d9b-b63e7a0b0320,Amazon India,google_play,hi,ठीक ठाक है,3,6,2025-12-09 05:47:07+00:00,30.22.0.300
2277,ee1f658a-d4ae-434b-8036-d57b90d0915b,Amazon India,google_play,hi,मैंने चार स्टार इसलिए दिए हैं क्योंकि प्रोडक्ट को डिलीवर करने में बहुत ज्यादा टाइम लेकिन यह बहुत ज्यादा अच्छा,4,487,2025-12-08 10:43:49+00:00,30.21.0.300
2278,10ca2d86-7070-4691-ba8a-4f008253862e,Amazon India,google_play,hi,बहुत बडिया,5,0,2025-12-07 09:06:14+00:00,30.19.0.300
2279,184c77db-5eb7-4e39-aa47-d53b2a3a720d,Amazon India,google_play,hi,❤️❤️❤️❤️❤️❤️❤️❤️❤️❤️❤️❤️❤️❤️❤️❤️❤️❤️❤️❤️❤️❤️❤️❤️❤️❤️❤️❤️❤️❤️❤️❤️❤️❤️❤️❤️❤️❤️❤️❤️❤️❤️❤️❤️❤️❤️❤️❤️❤️❤️❤️❤️❤️❤️❤️❤️❤️❤️❤️❤️❤️❤️❤️❤️❤️❤️❤️❤️❤️❤️❤️❤️❤️❤️❤️❤️❤️❤️❤️❤️❤️❤️❤️❤️❤️❤️❤️❤️❤️❤️❤️❤️❤️❤️❤️❤️❤️❤️❤️❤️❤️❤️❤️❤️❤️❤️❤️❤️❤️❤️❤️❤️❤️❤️❤️❤️❤️❤️❤️❤️❤️❤️❤️❤️❤️❤️❤️❤️❤️❤️❤️❤️❤️❤️❤️❤️❤️❤️❤️❤️❤️❤️❤️❤️❤️❤️❤️❤️,5,0,2025-12-05 12:36:03+00:00,30.21.0.300
2280,2e8bb033-1697-4fd3-8fe8-7e6f1c37caec,Amazon India,google_play,hi,किस पगले ने ये ॲप बनाई है जो इनस्टॉल करेने पर वेरीफाय करेने की प्रक्रिया को इतना जटील बना दिया जो समय बर्बाद करने वाला है,1,8,2025-12-03 18:06:50+00:00,30.21.0.300
2281,55393bba-afd6-4354-a072-09a16f529fc1,Amazon India,google_play,hi,बराबर खरीददारी करने वाले ग्राहकों से भी एक्स्ट्रा चार्ज लिया जाता है,1,12,2025-12-03 17:20:33+00:00,30.21.0.300
2282,eaa86ce7-bb29-4756-8039-cd58aae392a4,Amazon India,google_play,hi,डिलीवरी बॉय और कस्टमर केयर में मूर्ख लोग हैं। डिलीवरी बॉय पार्सल में से सामान की चोरी करते और कुछ भी भर कर नकली लेबल लगाकर डिलीवरी देते है। ऐसा मेरे साथ कई बार हो चुका है।,1,51,2025-12-02 21:03:24+00:00,30.21.0.300
2283,83e00898-a0ad-48a0-b85e-88bc8264619d,Amazon India,google_play,hi,"सबसे बेकार टीम दो मिनट पहले डिलीवरी वाले का फोन आता है और चार मिनट बाद वहां पहुंच कर बार बार फोन करने पर फोन बीजी ही बताया जाता है, 🤣 फिर जब कस्टमर वहां से वापस निराश होकर लौट कर आता है तब आर्डर कैंसिल करने का फोन आता है। 😂 वैसे मैं हर चीज फ्लिपकार्ट से ही मंगवाता हूं। सोचा था इस बार अमेजन से मंगवाकर देखते हैं, तो पहले आर्डर से ही पता चल गया की सबसे बेकार टीम है अमेजन की। आर्डर डिलीवरी की बजाय आर्डर कैंसिल करने का अॉटीपी मांगा जाता है 🤣 खैर मैंने ओटीपी नहीं दिया और किसी को देता भी नहीं हुं।",1,29,2025-12-02 15:30:34+00:00,30.21.0.300
2284,17cf8181-1473-4233-b54d-0b3d9fb8a9cf,Amazon India,google_play,hi,"amzon pay ka koi use mat karna meni 2 baar mobile richarg kiya wo bhi panding me chala gaya ab Aaj ki duniya me Bina koi internet ke bina kon re saktha he is liya 2,3 rupaye ke cashback ke chakar me ap 4 se 5 din tak intejar kar sake he baki apki rahe I'm very bad",1,3,2025-12-02 00:31:12+00:00,30.21.0.300
2285,ed654e9b-8ed9-483f-b7e9-956229898fc3,Amazon India,google_play,hi,Bhut hi achha,5,0,2025-12-01 19:30:55+00:00,
2286,792c1019-49f6-44c8-9dbf-367d8df3b7ab,Amazon India,google_play,hi,amzone pay sa koe be item oder he nai ho raa,5,2,2025-12-01 09:57:48+00:00,30.21.0.300
2287,8fa8b726-94af-4364-889e-40665452328d,Amazon India,google_play,hi,hello sir good,5,0,2025-11-30 21:43:22+00:00,30.6.1.300
2288,b981359b-6152-404b-9247-1b9815f1a302,Amazon India,google_play,hi,ek to mere ko galat product prapt hua jab return kiya product vikreta ko wapis mil gaya lekin mere ko mera rupay wapas nahi kiya please mera rupay wapas kaein turant jo mene account number diya hai wo ekdam sahi hai amazon rupay wapis karne me koi support nahi kar raha please mera please mere 950 rupay turant wapis kare mein bahut tansion mein hoon,1,2,2025-11-29 21:31:58+00:00,
2289,94f04780-2941-44e0-91e3-7c6fc3a510b5,Amazon India,google_play,hi,yaha se koi saman nahi mangvana bhot karab culti ka saman y dete pessa vi pura do or chij vi achi nahi dete,1,0,2025-11-29 06:43:33+00:00,
2290,235d7525-96cf-4feb-8a68-9f2e968e2f83,Amazon India,google_play,hi,best app 🥰,5,0,2025-11-26 21:14:38+00:00,30.21.0.300
2291,611b8936-b4e2-43a7-9a65-8e6be3626b64,Amazon India,google_play,hi,"हर आइटम महंगा।हमेशा फ्लिपकार्ट से महंगा सामान भेजता है अमेजॉन ,महिलाओं के लिए 9 नंबर का जूता नहीं मिलता है जब भी जब भी देखा स्टॉक खत्म दिखता है",1,47,2025-11-23 22:38:13+00:00,30.21.0.300
2292,cc6cc88e-6b05-4704-9c9a-b4518ab35c32,Amazon India,google_play,hi,ha bhaya aap badiya hai,5,0,2025-11-23 19:13:56+00:00,
2293,42aece15-8b03-406b-a27d-48f15e4013dc,Amazon India,google_play,hi,ये ऐमाजोन ऐप में बहुत लुटाईं करता है सही क्वालिटी बेहतर गुणवत्ता नहीं है,5,124,2025-11-23 14:11:16+00:00,30.21.0.300
2294,1dd5c92a-01dc-4c50-a008-67e83e64b62f,Amazon India,google_play,hi,ये बहुत खराब ऐप्स हैं बहुत फ्रेड करता है पैसा लेके समान खराब देता है और वापस करने पे पैसा भी नहीं देता है डाउनलोड ना करे,1,14,2025-11-22 18:34:48+00:00,30.20.2.300
2295,7d0d74b7-835d-4722-bcf2-4fb9abaa13a4,Amazon India,google_play,hi,acha aap hai,5,2,2025-11-22 13:23:01+00:00,30.16.0.300
2296,90a4dd17-cfa5-4492-bfa5-b1f81f36e871,Amazon India,google_play,hi,Jay shree Krishna 🦚,5,4,2025-11-21 18:09:23+00:00,30.20.2.300
2297,09f365cd-3341-459a-9624-1876a79fb779,Amazon India,google_play,hi,मुझे खराब प्रोडक्ट मिला है नही वो एक्सचेंज किया नही रिटर्न मैंने हेल्पलाइन से भी बात की सभी ने 15 गुमराह किया फिर बोला आपका पिकअप नहीं हो सकता है और मेरे पास पिकअप के लिए कोई काल नहीं आया,1,3,2025-11-19 16:22:52+00:00,
2298,9d5ee979-b25c-4a86-9526-78d567b1ba1f,Amazon India,google_play,hi,Cash on delivery option on kro mera,1,0,2025-11-19 12:14:24+00:00,30.20.0.300
2299,594d5aea-ae9a-476a-aa97-548ca28b2d08,Amazon India,google_play,hi,Amazon India ki sabse bariya company hai.,5,0,2025-11-18 15:28:26+00:00,
2300,37c1e4cf-9c27-4d8d-af23-c7c91a58911d,Amazon India,google_play,hi,nice wonderful app,4,0,2025-11-18 12:31:12+00:00,
2301,608b6ce6-7f13-4e44-bdc2-ba6e1bffbeee,Amazon India,google_play,hi,isme dilevery charge jyada hai,2,4,2025-11-18 12:24:21+00:00,30.20.2.300
2302,d5b6bd51-f9e5-47b1-a875-dcbd66649a73,Amazon India,google_play,hi,bhoot aasha,5,0,2025-11-18 11:16:05+00:00,
2303,d9c39613-d461-4330-b0fa-187083ea8065,Amazon India,google_play,hi,341520 mai cod hi availed nhi hai,1,2,2025-11-18 08:41:51+00:00,30.14.0.300
2304,d745ff12-c4f1-46a8-9a76-dd055f57a06c,Amazon India,google_play,hi,The astrologer's suggestion for a specific meditation technique has significantly improved my focus and concentration. Life-changing advice.,5,0,2025-11-18 06:41:08+00:00,
2305,2b2fea36-a608-4661-beec-6383851d2ec5,Amazon India,google_play,hi,amezon app better than flipkart 🎈❤️❤️❤️,1,0,2025-11-17 20:58:10+00:00,
2306,4f930337-21dc-4fc8-a580-1fd992190816,Amazon India,google_play,hi,यह चुटिया बना जा रहा है,5,0,2025-11-17 16:00:27+00:00,
2307,06f45bd3-8943-49d9-8c14-9ff75dc1fc83,Amazon India,google_play,hi,"सबसे बेकार सर्विस है, मेरा 3 आर्डर था घर तक पहुंचा ही नही है। और एक भी रुपया वापसी नही दिया। फोन पे से पैसा दिया था पहले ही। आर्डर करके पछता रहा हूं। वही एड्रेस पर मिशो और फ्लिपकार्ट से मेरा आर्डर घर तक बराबर पहुंचा है। एमाझोन पर इस लिए आर्डर कीया था की वह मटेरियल मिशो और फ्लिपकार्ट पर नही मील रहा था। नगद पे कीया था।आर्डर नजदीकी हब पहुंचने के बाद वापसी हो गया । तो कम-से-कम मेरा पैसा तो वापसी करता। अच्छा सर्विस नही है आपका। बेकार है,चोर कंपणी है। इसे कोई भी डाउनलोड ना करे।",1,27,2025-11-17 12:48:40+00:00,30.21.0.300
2308,10d155ef-ccd2-4c59-a27e-91722b3ca256,Amazon India,google_play,hi,bahot hi ghatia app hai mera order yek to deri se aaya or mera order cancel kar diya diya is app ki sarvice bhi bekar hai or dilevery boy bhi jayse ki khud ko malik samajhte hai Amazon compani ki turant order cancel kar dete hai bekar sarvice dete hai ghatiya vyavhar rahega to aapke Amazon pe koi saman order nahi karega Mera time West kiya order ka intzaar karne me or upar se aap ke delevery boy ne cancel kar diya isi liye mai aapke app ko unstall kar raha hun,1,2,2025-11-16 09:25:53+00:00,
2309,fd7781aa-1e3c-483a-956c-648a04b23b7e,Amazon India,google_play,hi,usefull app for a shoping,4,0,2025-11-15 20:31:36+00:00,
2310,87293602-3753-4206-af64-7d90060460b6,Amazon India,google_play,hi,bhahut acha,5,0,2025-11-15 20:11:38+00:00,
2311,31b165bc-4eff-48c3-9b58-ccfac93a802a,Amazon India,google_play,hi,very very nice 💯💯💯💯,5,0,2025-11-14 12:54:12+00:00,30.20.2.300
2312,fb96f038-fa2a-4a70-a539-bd3769248d5a,Amazon India,google_play,hi,Good experience,5,0,2025-11-13 14:53:34+00:00,30.20.2.300
2313,ef466847-430a-4997-a9c0-df781c8a7fe0,Amazon India,google_play,hi,बुरा अनुभव,1,0,2025-11-13 02:21:17+00:00,30.20.2.300
2314,e0d627ad-58e8-4cca-a8fa-7d5ed7363281,Amazon India,google_play,hi,ये एप्प सबसे घटिया है ये दो अलग अलग जगह गुरुग्राम ओर सूरत एकाउंट को एक साथ मर्ज कर दे रहा है आर्डर गुरूग्राम से हो रहा है ओर ओटीपी सूरत आ रहा है इसको कोई भी डाउनलोड मत करो बकवास एप्प है चीजें का रेट भी मार्केट रेट से बहुत ज्यादा है,1,11,2025-11-11 14:54:16+00:00,30.20.2.300
2315,49c64941-9770-4174-a497-044c49c8ec6e,Amazon India,google_play,hi,यह एक बढ़िया एप्प है। मैंने इस एप्प के द्वारा बहुत सारी वस्तुएं खरीदी हैं। लेकिन इस एप्प की सबसे बड़ी समस्या यह है कि यह पे आन डिलेवरी का विकल्प बहुत सी ऐसी वस्तुओं पर नहीं रखता है जिसे मैं खरीदना चाहता हूं। इसलिए उन चीजों को खरीदने में बड़ी परेशानी होती है। फिर भी यह एप्प फिलिप कार्ट से लाख गुना अच्छा है।,5,2,2025-11-10 15:12:13+00:00,
2316,8948aa08-f995-46f4-a024-66eaf16be1d1,Amazon India,google_play,hi,मेरा केस ओं डिलीवरी उपलब्ध रहेगी तो बहुत अच्छा है,2,6,2025-11-09 17:40:07+00:00,30.20.2.300
2317,e873da6d-b2cb-4dac-83a0-30e3da232817,Amazon India,google_play,hi,अमेजॉन पर मेरे 10000 रुपए अटक गए हैं डिजिटल गोल्ड में अमेजॉन कोई सहायता नहीं कर पा रहा है,5,332,2025-11-07 09:42:41+00:00,30.20.2.300
2318,5852df7f-3aef-43f0-addb-6390adc4d3fc,Amazon India,google_play,hi,अच्छा है एप,5,7,2025-11-07 09:12:20+00:00,30.20.2.300
2319,22206852-a0d1-4b3b-b112-aa7b29255f5b,Amazon India,google_play,hi,अमेजॉन खराब है ये मुला बना दे रहा है सबको ध्यान देना इससे घटिया तो प्लेटफार्म मैंने देखा ही नहीं,1,10,2025-11-06 13:06:05+00:00,30.18.6.300
2320,d93b7aef-8253-469b-ac8e-49406ca24041,Amazon India,google_play,hi,meri id block ker di be faltu me bkvas app,1,7,2025-11-04 23:31:53+00:00,30.17.2.300
2321,d4cbce98-2203-407f-b397-9ed9e5ad95c2,Amazon India,google_play,hi,sab se aacha hai,5,0,2025-11-04 12:39:02+00:00,22.18.0.300
2322,370fe629-9c5f-4d95-9f85-ad63d8cb0348,Amazon India,google_play,hi,cash on delivery option is not working,1,0,2025-11-04 07:34:33+00:00,30.20.2.300
2323,bb82ea1d-5d39-45fe-90c7-ead15066318a,Amazon India,google_play,hi,कुछ मांगा कुछ आ रहा है तो बहुत घटिया ऐप है ऐप डाउनलोड करने से पहले सौ बार सोचना,1,13,2025-11-01 19:59:59+00:00,30.18.2.300
2324,05b87be7-7fd9-4fd5-ac5e-620a0100cdd9,Amazon India,google_play,hi,ये कंपनी फ्रोड है जो सामान मंगाते है वो पहुंचाते ही नही है कॉल कर ने के बाद भी मना कर देते हैं,1,21,2025-11-01 18:48:48+00:00,30.20.2.300
2325,aaf3cd60-f61f-42ce-9477-13e405375af8,Amazon India,google_play,hi,good aap ❤️❤️,5,0,2025-10-31 18:26:47+00:00,
2326,1c4c3d63-5608-4fb4-a6c3-7f168fd0f93b,Amazon India,google_play,hi,Amazon इंडिया s shopping इंडिया भारत में सबसेफेवरेट Amazon है मैं शॉपिंग कर सकते हो मजेदार सकते मस्त मोबाइल शॉपिंग सब कर सकते हो इसमें सब फीचर मिलते हैं शॉप हैंगिंग और सब मिलते हैं,5,328,2025-10-31 15:16:53+00:00,30.19.0.300
2327,e3e90166-70ae-49f7-996f-3070e43a812b,Amazon India,google_play,hi,प्रोडक्ट की डिलीवरी नहीं हो रही व किमत वापसी नहीं हो रही है प्लीज ध्यापन देना,2,9,2025-10-31 11:08:59+00:00,30.20.0.300
2328,48a4fa4a-9e08-4798-9ac0-977b1e8bcf40,Amazon India,google_play,hi,एकदम बढीया👍❤️,5,0,2025-10-29 21:11:37+00:00,30.19.0.300
2329,6adbf1a5-092c-4e6a-8f31-70604914a0a8,Amazon India,google_play,hi,आप सामान खरीदने उसकी रिटर्न भी नहीं मिलता है बहुत बेकारसर्विस है,1,11,2025-10-29 14:20:03+00:00,30.19.0.300
2330,4f16e13a-0026-43cf-9b39-e437112f4091,Amazon India,google_play,hi,why is amazon force to install amazonpay shortcut,1,0,2025-10-28 21:04:47+00:00,
2331,f71d75cd-cb10-457e-ab7b-1e9edb994096,Amazon India,google_play,hi,yeh ap bahut achah hai,5,0,2025-10-28 15:56:52+00:00,
2332,e4e20305-31a6-463b-87fe-4c2976e5f3fc,Amazon India,google_play,hi,मेरा अनुभव है कि यहां अधिकतर सामान डुप्लीकेट मिलते हैं,1,16,2025-10-27 12:50:06+00:00,30.20.0.300
2333,00a9f100-79ce-471d-ba05-b9939d02103a,Amazon India,google_play,hi,बुरा।हो।तू,3,0,2025-10-26 14:06:46+00:00,
2334,1ef9f282-5f89-4c7a-86ed-3fb6255c7ac5,Amazon India,google_play,hi,best of best quality 💯,5,0,2025-10-24 09:22:03+00:00,30.18.6.300
2335,743ad821-f04f-4a75-9ae2-ec44bdd5572d,Amazon India,google_play,hi,Thisbis very nice ap for k -drwma and c-drama I love this aap sereasly 👌❤️❤️,5,0,2025-10-23 18:24:24+00:00,30.19.0.300
2336,1b6e2fd9-0555-4a5a-b587-f8c4b9263ea5,Amazon India,google_play,hi,refund nhi deta hai 😡,1,10,2025-10-23 08:40:58+00:00,30.19.0.300
2337,b346feb3-ddc4-4853-8617-48da59a1f8e1,Amazon India,google_play,hi,jogaji sovanji soravada,5,11,2025-10-22 21:41:26+00:00,30.19.0.300
2338,68ec4c74-51d5-41b6-82eb-7520f8f9131d,Amazon India,google_play,hi,इसमें उलझाड़ ज्यादा हैं आम आदमी के काम का ज्यादा नहीं हैं सब सावधान रहें ऑफर घुमा फिरा कर दिमाग खराब करने के लिए है कैश बेक का सीधा उपयोग नहीं कर सकते समझ से बाहर हे,1,24,2025-10-22 18:54:26+00:00,30.19.0.300
2339,aa22cda5-17e3-4aea-8eb6-eda5b863d29c,Amazon India,google_play,hi,😇 /(_)\ / \,5,0,2025-10-22 17:34:42+00:00,30.18.6.300
2340,53a63ea6-fadd-4de7-9cef-84bff634db35,Amazon India,google_play,hi,14 अक्टूबर25 को एक कैंची ऑर्डर पर मिला था जो एक दम इस्तेमाल किया और पुराना था । हम उसी समय इस कैंची को रिटर्न मार दिया लेकिन 22 अक्टूबर25 तक नही ही रिटर्न हुआ नही हमारा पैसा मिला अभी तक अमिज़ोन का कोई भी एजेंट हमारा समान नही रिसिब किया मेरा समाधान कीजिये।,1,5,2025-10-22 16:23:45+00:00,30.5.0.300
2341,4f6352c0-a50a-4ea5-adab-7abb9d57e3f7,Amazon India,google_play,hi,best app hai,5,0,2025-10-22 09:30:05+00:00,30.19.0.300
2342,5dac1199-4916-45ac-a729-eb15b0ac3f61,Amazon India,google_play,hi,gatiya app he koi download mat karna kyo ki saamn ritarn karne ke baad kuch wapis nhi aane wala he,1,1,2025-10-20 10:38:14+00:00,
2343,481812ee-b49e-4e1c-9dc1-6c26da5e865c,Amazon India,google_play,hi,❤️❤️❤️❤️❤️,5,0,2025-10-20 10:01:59+00:00,20.14.0.300
2344,677f633b-4b63-42af-a5df-1479ca24b648,Amazon India,google_play,hi,bhut Sundar,5,0,2025-10-20 00:32:58+00:00,18.13.2.300
2345,72cd4e0a-0b10-491c-b360-ef2e0526484e,Amazon India,google_play,hi,Appn sab kuch he HK bhai ne bhuta kuch magy he,3,7,2025-10-19 11:17:35+00:00,30.18.6.300
2346,019f4382-049e-4319-ab7b-e42ca417d52f,Amazon India,google_play,hi,good application,5,0,2025-10-18 23:50:58+00:00,
2347,4504594b-0a0e-4d5a-8e64-97abaf2c5d9b,Amazon India,google_play,hi,goo good app,1,0,2025-10-18 12:18:31+00:00,
2348,76cd3f37-f182-438b-bd0d-0620b80d5931,Amazon India,google_play,hi,bahut acha hai shandaar ka hai shandaar ka matalab hindi me janiye Debo kintu thik hai 9,5,0,2025-10-18 10:36:38+00:00,26.12.0.300
2349,8b37e4c0-e00c-4cb7-b201-905d406e81a5,Amazon India,google_play,hi,bahut bekar hai,1,0,2025-10-18 07:36:28+00:00,
2350,89b158ac-2cd3-4812-8349-8f4911709be6,Amazon India,google_play,hi,this is very good and good app,5,0,2025-10-18 07:03:47+00:00,30.18.6.300
2351,2a0be667-87d0-4e0c-8fbe-1056a48166f2,Amazon India,google_play,hi,वेरी नाइस अप Gud,5,2,2025-10-18 02:00:30+00:00,30.16.0.300
2352,be99d9f1-11e9-48eb-8100-eadd3d35e1b8,Amazon India,google_play,hi,Amazon best app hai,5,0,2025-10-17 20:30:36+00:00,
2353,a7dc88f4-53b0-4112-9f34-5eaf7f7f5c4c,Amazon India,google_play,hi,aap aapne hisaab se khekh lo,1,0,2025-10-17 13:57:27+00:00,
2354,16eeb8a0-fd4a-405e-bf24-0f28af058e18,Amazon India,google_play,hi,bahut acha hai,5,0,2025-10-17 09:57:50+00:00,
2355,7234d057-3f8d-49d9-abb3-0a9e8bf455c4,Amazon India,google_play,hi,इसमें मुझे चाहिए होता है जो कैश ऑन डिलीवरी नहीं मिलता है,1,0,2025-10-16 15:12:48+00:00,
2356,ca1fa06f-1670-496a-9b4e-c9d903e374a8,Amazon India,google_play,hi,bahut mahga saman he,1,14,2025-10-16 09:18:21+00:00,30.18.6.300
2357,539b13e9-bbdf-42a6-96b0-da00ee3befdd,Amazon India,google_play,hi,bhi brand aap h,5,50,2025-10-16 07:00:30+00:00,30.19.0.300
2358,81225f1f-98ce-4155-9265-d9568d825c0a,Amazon India,google_play,hi,यह एक सबसे बड़ा फ्रॉड कंपनी है इसलिए की 5 बार हमारे साथ हैं फ्रॉड हुआ है ऑर्डर मिलने नहीं है और हमें सक्सेसफुल ऑर्डर शो कर रहा है कस्टमर केयर को कॉल करने पर कॉल डिस्कनेक्ट कर देता है बाय मिस्टेक कभी बात होती है तो वह बोलते हैं आपकी प्रॉब्लम सॉल्व हो गई है लेकिन होता नहींहै सबसे बड़ा फ्रॉड बकवास चुटिया कंपनी है,1,26,2025-10-15 16:32:48+00:00,30.18.6.300
2359,bfe72ad2-eaed-4c58-8407-bb28cded403f,Amazon India,google_play,hi,jjrkkensknr rjeiiw t f d jwiby fnwintokwb jwijwiirt tjkwoyofowjy bfiie Bhai bn NJN nice n nice nn b hi nahi bhen n bn skta h na beja b bn owkc k V ke V me know when not watching you have to go my way back in town for a while back in a while while back but he is not well at all he is not in town so that the day and night he is not in the day of the day of the month end ka matalab hindi me janiye de la man de la man de la man de la man de la man de la man de,5,0,2025-10-14 21:46:01+00:00,
2360,6604abf9-6c4d-421a-ae11-ba304c15ec47,Amazon India,google_play,hi,एक ओर्डर डीलीवरी नहीं कर सकते,1,5,2025-10-14 15:35:41+00:00,30.18.2.300
2361,e2e32dbe-adff-4f53-b325-569b22475fd4,Amazon India,google_play,hi,मैं इस एप को डिलीट करता हूं क्योंकि यह समय पर कोई भी काम नहीं करता है,1,3,2025-10-11 19:27:58+00:00,
2362,5a89b6ee-30a7-4a93-a8da-d1c549124d0a,Amazon India,google_play,hi,क्या यहां सस्ता मिलता है हां या नहीं कमेंटकरो,5,16,2025-10-11 08:07:20+00:00,30.16.2.300
2363,7cf0dce7-2922-47a0-8b42-6b0530edd05e,Amazon India,google_play,hi,good morning sir,5,0,2025-10-11 08:03:29+00:00,30.18.6.300
2364,769ba122-9915-4a54-a69b-035258a99667,Amazon India,google_play,hi,ठीक है सर ओके करें मुझे जल्दी जल्दी चाहिए था,5,1,2025-10-11 07:49:18+00:00,22.14.2.350
2365,d100f768-1952-45bf-97b9-c07a3a1597a6,Amazon India,google_play,hi,इस एप्लीकेशन कॅल्शियम डिलिव्हरी का ना होने के कारण बहुत से दुखत आ रही है,1,1,2025-10-10 01:17:52+00:00,
2366,eaaaab44-824c-45ba-b345-7fcd97dc2551,Amazon India,google_play,hi,aapke product kitne late aate hai,1,9,2025-10-09 22:01:49+00:00,30.18.6.300
2367,b2b2d8f9-7f97-4e7b-94c0-076f355a8f40,Amazon India,google_play,hi,best'shoping site 2025,5,0,2025-10-09 19:39:53+00:00,30.18.6.300
2368,351c7314-bef0-49a6-9fb6-92c98fed3372,Amazon India,google_play,hi,Anwar Hussain jaipur rajasthan,3,0,2025-10-09 17:47:05+00:00,30.18.6.300
2369,176b6ed3-cff6-4b2a-b334-24d810265481,Amazon India,google_play,hi,cash on delivery hai per delivery se pehle hi paise maang raha hai,1,12,2025-10-09 13:32:39+00:00,30.18.6.300
2370,16ae736a-fd41-4fe7-b3ab-1b8be407f7d2,Amazon India,google_play,hi,जय 🥰 जोहार 🥳 जय 🤑 आदिवासी ये ऐप डाउनलोड करें बढ़िया जानकारी देते हुए,1,0,2025-10-08 21:50:24+00:00,
2371,bfe1e00a-3223-4b89-bf87-4b67b5b07ac9,Amazon India,google_play,hi,super nice 👍,5,0,2025-10-08 20:25:56+00:00,30.18.6.300
2372,bbb00048-1563-4309-95ef-b06056eb5f72,Amazon India,google_play,hi,very n1ce Ji 👍,5,0,2025-10-08 15:17:59+00:00,30.18.6.300
2373,1e68b030-6b6a-4a22-883a-89fb41a3a84a,Amazon India,google_play,hi,sabse mahanga Saman milta Hai is app mein,1,1,2025-10-08 09:33:37+00:00,
2374,48bc3076-2c3c-4917-aced-e4b53278bbf9,Amazon India,google_play,hi,buy a Mustafa 🥰🥰🥰🥰🥰♥️❤️,5,0,2025-10-08 08:04:38+00:00,30.14.0.300
2375,21f29075-6109-4dad-89d8-6612defebc10,Amazon India,google_play,hi,"गलत आईटम भेज देते है वापिस नही लिए जाते प्रेमेन्ट रिफंड करने के लिए ऐकांउट जोडने के लिए बोलते है फीर भी प्रेमेन्ट वापिस नही करते जैसे ओनलाईन प्रेमेन्ट की समझ नही होती वही लोग डीलवरी पर भुगतान चुश करते है ईनको गलत आईटम भेजी है औरजनल आईटम भेज ना चाहिए वो नही करते ऐकांउट का ऐक्सेस लेने की ही बात करते है ,,,,,फ्रोड लोग है",1,52,2025-10-07 12:46:10+00:00,30.18.6.300
2376,7f72da84-9c1b-41cb-b89d-1dc8997b62f1,Amazon India,google_play,hi,very good ★★★★★🥰🥰,5,0,2025-10-07 11:16:09+00:00,
2377,a789dc45-c8ed-4570-9c2e-62ee38b7a4fe,Amazon India,google_play,hi,हमद मद ये पागल है पागल है पागल है पागल है पागल हैपागल पागल है पागल है पागल है पल पल पल पल त है और वह अपने आप ही बताओ नोटिस जारी किया था और वो मुझे बहुत मज़ा आया और उसने मुझे कहा आज तो तुम क्या जानो कि इस मामले में पुलिस और प्रशासनिक अधिकारियों ने बताया हम लोग भी हैं तो यह भी है कि यह एक बहुत बड़ा है और न कोई नया नहीं है कि वह अपने आप को रोक दिया और उसके साथ एक ही बात कहता हूं अगर मैं इसे इसी प्रकार यदि कोई हो जो भी है और वह अपने घर से भी अधिक है कि इस मामले को गंभीरता को समझते हैं कि इस समय मैं,1,4,2025-10-06 17:26:25+00:00,
2378,ff21606d-5f5f-4d08-a429-318596dfdb2a,Amazon India,google_play,hi,यूज करने के बाद बताएंगे।।।,1,0,2025-10-06 12:48:45+00:00,
2379,3d0f5a08-727e-43e8-9438-52de4ddd728d,Amazon India,google_play,hi,takla looyera,5,0,2025-10-06 12:45:42+00:00,30.18.2.300
2380,b8d648c3-5d9f-4401-86a1-632defdc315e,Amazon India,google_play,hi,अमेजॉन पर मेरे तरफ से धन्यवाद,5,167,2025-10-05 21:12:46+00:00,30.18.2.300
2381,0f072813-ec05-4c19-abde-099d010b9457,Amazon India,google_play,hi,1- very late delivery 2- rong/defective/ no returnable/ missing product 3-low qwality/ high price 4- bad seller/ bad delivery partner please avoid this app ( very bad),1,0,2025-10-04 21:30:14+00:00,
2382,429244bb-b4cc-4438-822f-c1b27e798bfe,Amazon India,google_play,hi,Badiya app hai,5,4,2025-10-04 19:23:40+00:00,30.17.2.300
2383,053a0ed0-5c65-4a52-bebe-65fcde7758f7,Amazon India,google_play,hi,मुझे बहुत पसंद है धन्यवाद अमेजॉन,5,2,2025-10-04 16:47:17+00:00,30.10.2.300
2384,4b95580e-57e6-4bf2-a958-4347b8d0d605,Amazon India,google_play,hi,nice aap hai,5,0,2025-10-03 14:53:53+00:00,30.4.0.300
2385,85f8cbe8-f6b2-40b5-a582-a232c5a8fcc7,Amazon India,google_play,hi,"डिलिवरी बॉय फ्राड करते हैं, कस्टमर को सामान का पैकेट ओपन करके नही दिखाते। पैकेट में गलत समान की डिलीवरी देते हैं।",1,30,2025-10-03 11:37:13+00:00,30.18.2.300
2386,53de5b84-4e2b-4fb4-a348-8e782ec2f354,Amazon India,google_play,hi,dilevery hamesa let hoti h,1,8,2025-10-03 06:53:54+00:00,30.17.2.300
