review_id,platform,content,route_category,route_confidence
4efa6d4d-9ed4-4416-b59b-aa1cd8b55711,Myntra,"Very poor app, please never order from this fraud application.. They charged me money and didn't delivered my order.... They are fake... I request Google to please ban this fake application from Playstore... I wish they have negative stars giving one star because there is no other option less than that...",Size/Quality Mismatch,0.4988390359401734
d48e2e3f-94aa-4907-8ce6-81ba220db1da,Myntra,best app for shopping so many offers love it,Size/Quality Mismatch,0.9310089769883158
1fe17c46-4cf4-4ba8-862a-a5ec903998bf,Myntra,good products are delivered here,App Crash / UX Bug,0.885023947424402
caa31837-c747-41e1-89d0-83da87068c39,Myntra,refund scam,Positive Experience,0.7595910553677465
206802af-e95d-44f6-b636-f85648935a10,Myntra,"I had a very bad experience with Myntra. Two of my orders were cancelled in a row, and they didn’t even provide any reason for the cancellations. When I tried to contact the help center, there was no proper support available to address my questions or concerns. There is no proper way to communicate with customer service. This is very disappointing.",Refund & Payment Issues,0.7544143933673155
f0a2307b-74c0-469d-9048-e200b6a3daa8,Myntra,very good app with discount and myntra cash,Size/Quality Mismatch,0.9244900858831017
ba308808-1dda-4868-9f50-d6ca186b89a6,Myntra,products are good and reasonable price especially skincare.,App Crash / UX Bug,0.8140842854190664
249926ce-aaff-41d6-b8b0-dd058b95c503,Myntra,best acc to price,App Crash / UX Bug,0.805886937299549
ac9ff512-426f-4c21-becd-4d7235297fa9,Myntra,good quality,App Crash / UX Bug,0.8061666314068059
9cb3b3a2-3073-4f66-85a0-11e65d61db21,Myntra,app with quality products 👍🏻,Size/Quality Mismatch,0.8406803742264657
f18e82f0-083f-41ff-ad64-3e6bdbb222ad,Myntra,nice prodect,Delivery Failure,0.8483878219852065
8355aa01-5b77-4a17-8bbd-fe5dbd07847d,Myntra,I dont understand this feature. Firstly they gave an option to use current location. then the delivery agent reached out to me saying that he was 7.5km away from me. Why give features which are not tracked properly. I have rechecked my address and it's exact same but the delivery agent is at diff location. when I try to reach out to customer care. there is no option to talk to a human.. it was the same options again and again. The customer service is too bad.,Refund & Payment Issues,0.8090696497258382
8b4ab126-e808-48f8-9227-f1b90e766a22,Myntra,very bad choice,Delivery Failure,0.5147407481938762
ccb364c3-dcf4-4aa2-a89c-e4bbfd62ea8a,Myntra,product quality is really good.,App Crash / UX Bug,0.8681876315487049
db6d0d36-4536-45ac-99bb-2e9ad038f2ed,Myntra,very helpful,Delivery Failure,0.3968879118407808
a6ec865d-9979-4539-821b-2239e83ffe68,Myntra,amazing app for best shopping,Size/Quality Mismatch,0.9057627616131068
d3b9f852-5ace-4149-8093-e5c691811b9b,Myntra,Never gives original products so irritating application,Size/Quality Mismatch,0.7568088346236594
5b27c6e9-96e4-468d-a5f5-f3a899c62fcf,Myntra,Myntra is the best online shopping app,Size/Quality Mismatch,0.8067619909620557
828ebe63-13a5-4a81-8dee-6f3a16e308b5,Myntra,best aap best aap best aap h myntra m sabse aacha kapra milata h m to myntra se online karti hu m bta ni sakti m kitna happy hu myntra se shoping k liye m 10000 k saman kharid chuki hu sb aachha h ak bhi product pr sikayat nhi kr sakti hu itna aacha saman Mila h m photo video bhi post ki hu myntra ka sb kuch aacha hota h aap log bhi is se hi khaired ye mera sara rishtedar bhi isse hi shoping karta h m sabko btai sb thanks myntra,Fake/Counterfeit Product,0.8852950378013421
6737d6f1-8d8c-4d8d-9a6c-33d5aaa27852,Myntra,"absolute pathetic experience, these guys dont wvwn know how the customer support should function.",Refund & Payment Issues,0.43094451335791906
2c3066f1-f924-4d0c-a2f6-540955d583b7,Myntra,nice service and products.,App Crash / UX Bug,0.9416555172399288
5006cbe9-2ff1-4db4-aed7-405251a67b04,Myntra,superb. this is the best shopping(clothes) app,App Crash / UX Bug,0.687370425057523
cf593667-3921-468c-8465-9870b9a95151,Myntra,excellent app.. my goto,Size/Quality Mismatch,0.928128650948316
1b0577be-77b3-4eb2-8bbb-6ced520876a4,Myntra,Fake delivery promises! Paid in advance for next-day delivery but didn’t receive my order on time. Very unreliable service.,Refund & Payment Issues,0.6745976277949224
866d5fed-6722-4a61-9ab2-d3fb99a37a9c,Myntra,delivery is very slow. it is as slow as if turtle is delivering my order,Refund & Payment Issues,0.560709673477121
fce9f99c-d38b-4d7f-8ad1-b2ff08b2b563,Myntra,I have been using Myntra from many years the products are geniuine and all kind of fashion is available. Prices are good and affordale i really like Myntra for shopping for me.. Thank you Myntra,App Crash / UX Bug,0.6662541085666553
b02bcf55-9b55-485b-b5ad-5386de166419,Myntra,"don't buy anything from this portal... its a fraud app... I am ordering one product, they will not delivered completely.. from Sunday I am trying to connect with there team for refund.. Without solving my issue they closed it in app from there end..",Size/Quality Mismatch,0.5109267022165663
3ac28e46-ea17-41d1-8a93-3147ebcf1100,Myntra,good one for shopping,App Crash / UX Bug,0.8001395345980897
32040fed-a75e-4fa7-a36a-36082d2aeff3,Myntra,very nice product like it,App Crash / UX Bug,0.9040494169042702
61a68f01-2601-4b55-8568-2413ce919cb0,Myntra,good experience,Delivery Failure,0.9385294694674382
9c8755da-f194-444a-9831-b34591494e27,Myntra,can you have a separate section for maternity.its convenient for all because most of the maxi dress and nighty are maternity wear . it takes a lot of scrolling to get a maxi dress in women section . it should be seperately done maternity curves to much time spend on searching to later find it to be maternity dresswear. 🙄🙄,Size/Quality Mismatch,0.4174228274461802
26125571-8d9f-4861-b0f7-eada707b3242,Myntra,Great experience,Delivery Failure,0.8715702378365016
53c15460-2be4-4d7b-88f2-812f13fadfed,Myntra,I ordered dress from Myntra the quality is really awesome,App Crash / UX Bug,0.3676477887042662
2dd26533-0db6-4d5f-b895-0652e76c1894,Myntra,Interface is good,Delivery Failure,0.8426204908534352
8d38c610-eea4-4425-bcc7-b9224bf220f2,Myntra,You will get here good quality cloths,App Crash / UX Bug,0.5649109672913758
e9e9a395-d187-4ccc-9cd8-932c70bb14c5,Myntra,good quality products,App Crash / UX Bug,0.9298853112588029
c760962b-5d77-4685-b079-dc41fd9d2a0f,Myntra,excellent shopping experience on myntra...,App Crash / UX Bug,0.8477150098745373
2de44536-ed6e-4e0c-a7a8-c6e4215360d3,Myntra,This product is really good,App Crash / UX Bug,0.8324781292542616
a4c7776d-eb15-4262-bb7a-52557fabfbde,Myntra,good offers and good size,Delivery Failure,0.7059671416482466
cf7d22b2-5cfb-4236-9367-cd5485592796,Myntra,"This shopping app is a complete mess and a fraud. The app itself is not reliable but what makes it worse is the delivery experience. Delivery boys are often rude, misbehave, and give false updates about orders. They’ll mark items as ""coming soon” when they’re nowhere near or come up with excuses that just don’t add up. Overall, it feels dishonest and frustrating to deal with. Definitely not worth using when there are much better and more reliable options out there. Never recommending this.",Refund & Payment Issues,0.48871063709763296
ba993170-081b-4403-ad68-9b3c6b768d5c,Myntra,worthy app,Size/Quality Mismatch,0.9179354311896215
585ce0dc-ce7a-491d-9f4e-3694e20fc2a6,Myntra,good quality product is not froud like flipkart and amazon,App Crash / UX Bug,0.9344499314160366
0dcec4a2-4966-4c66-902f-6a6522ee8ad0,Myntra,Super cloths experience as I purchased till now,Delivery Failure,0.4350660865141496
54d171d5-e042-4882-ad8d-c19bbdc3517f,Myntra,it's really nice Kurta set,Delivery Failure,0.6791446660548912
e96b0df6-ef27-4001-8736-50832c34fcb2,Myntra,awesome experience...,Delivery Failure,0.916018579047263
bfda14f8-ffca-4749-b4f3-8b249e694f4e,Myntra,nice product,App Crash / UX Bug,0.9697603828347079
5d99b953-2314-460f-91a9-cf7862c7373a,Myntra,myntra is best for clothes love yours app buddy,Size/Quality Mismatch,0.6818900930754466
045f4a52-5672-40d0-8418-58b1cca51af1,Myntra,Excellent shopping experience! 🛍️ Myntra app ka interface bahut smooth hai aur products ki collection bhi top class hai. Original brands milte hain aur discounts bhi kaafi achhe hote hain. Delivery fast hai aur return/exchange process hassle-free hai. Definitely one of the best shopping apps in India!,Fake/Counterfeit Product,0.6490527000949677
26d0d2a6-89a7-47f0-a17d-687373bc70b0,Myntra,excellent fashion and brands,App Crash / UX Bug,0.8531150500537279
50a614e8-2de8-4f77-b558-55a952616912,Myntra,such a amazing experience,Delivery Failure,0.594817129965502
8172ef7f-90ac-4f2d-842a-ec84c2145d0c,Myntra,nice app for shopping with looking,Size/Quality Mismatch,0.9561859050232705
4ec83c52-16b1-47b4-a229-577e6b58f965,Myntra,I enjoyed shopping They gave lots of offers,App Crash / UX Bug,0.39890584897130055
479948f9-9078-481c-8cf4-78717b43af39,Myntra,authentic brands.,App Crash / UX Bug,0.5357004539845762
bf50ae84-306b-4e6a-b9e5-65353a28c66e,Myntra,very nice app,Size/Quality Mismatch,0.9453114747500635
c8debea4-9d75-4a9b-871f-f68b2d760222,Myntra,i like this,Size/Quality Mismatch,0.6427031443195705
c96c5bcc-8661-4b8a-b4d6-894fc1fe80d3,Myntra,best with latest,App Crash / UX Bug,0.5277095829451323
6d95472b-6ee5-4a93-8930-28f31b2abb36,Myntra,Myntra is one of the shopping platform where all products quality is best.,App Crash / UX Bug,0.807413578396081
f8008285-079b-4216-93d3-6a3ad2ee6f3f,Myntra,perfect and economical,App Crash / UX Bug,0.3996913702219379
8a6c61bf-07f3-4dfc-9da7-3dd3919a2c07,Myntra,this myntra shoping site is very fraud site they cannot assure the product guarantee delivery and also fools us the customer so don't buy anything from myntra if customer doesn't want loss money,Refund & Payment Issues,0.5980990737884067
3ae1d9c2-a6d7-4253-8d79-1b59cc764ce5,Myntra,very good app for shopping,Size/Quality Mismatch,0.9540668060111793
c94b89a4-6f94-4f06-b365-bd8f2f72e9e7,Myntra,good service and b product,App Crash / UX Bug,0.9401177244307624
9161a1c5-7703-476b-9cee-7fcbbfdb8085,Myntra,waste of money i order some dresses and it was only cancelled and not refunded the money of if I call no agents were solved my queries then worst myntra don't order here please,Refund & Payment Issues,0.805317961618939
04ded0e9-77cd-406d-a5e7-531b82a31816,Myntra,it is very nice,Delivery Failure,0.839607866222966
73c717d8-d157-4318-b575-2829930c0544,Myntra,good app 👍 honest review,Size/Quality Mismatch,0.9413137088129389
3a44e8b4-78a6-4ad7-b654-aff4657177c5,Myntra,nice secure and services,Size/Quality Mismatch,0.3658049911911533
b1166091-c82b-40f8-a931-704fc12e87a9,Myntra,Most of the good stuff is available on this app.,Size/Quality Mismatch,0.9115345813444125
caf289fa-bee0-4247-a01c-5c0e18da0a7d,Myntra,good deals compare to others websites,Delivery Failure,0.6809602078041461
fedb5fcb-5b5f-4684-90fb-b855172640bf,Myntra,very beautiful bag 😍,Size/Quality Mismatch,0.6037037007278109
09fc07fd-f3b7-4ab8-9b52-4e157064240c,Myntra,myntra best for genuine product & service.,App Crash / UX Bug,0.9157432701883195
85f1c028-f92a-4450-9931-f2ed6a1b7371,Myntra,nice quality product nd vettery life is also gud of my Fastrack watch...if anybody wanna buy quality product go with Myntra,App Crash / UX Bug,0.8733059649723426
693d6ad6-1797-4558-826f-79aac5349754,Myntra,Not good but I am giving 5 star for my review pining 😂😂😂😂,Size/Quality Mismatch,0.3945449700746718
5fb5a7c2-3bd2-4591-a121-4748500d0d86,Myntra,2 years experience,Delivery Failure,0.5098667188560639
f2ccda7b-3bf6-4c16-b8c8-80f32c65e0af,Myntra,Not going to use this app until it changes the logistics from Ekart to something else. Since Ekart is managed through Flipkart and the customer care service is very pathetic and unethical. I had to lose my 1600Rs because of the mistake done by an Ekart delivery person,Refund & Payment Issues,0.48534761581766606
5fe8a4a9-ac2b-42cb-bf27-004913eb9085,Myntra,I have great experience.its a very good app my favourite as I got quality products from this shoping site ❤️,Size/Quality Mismatch,0.9112639020708386
ab5f5a02-aace-4af5-9a7f-01ea337379aa,Myntra,all i know is this app give 1-2 days delay in my case i was waiting for my earbuds and he comes after when i cancel and ordered same thing from Flipkart,Size/Quality Mismatch,0.48163518989833154
d5b7f3b0-1d7d-4603-b6e4-a6a80a96ef83,Myntra,good one.. amazing,Delivery Failure,0.8349321037992464
2272dc68-8116-4728-adce-c9675115bc17,Myntra,over all good experience,Delivery Failure,0.909144562653864
18e9442b-e9bf-45df-90d5-47e15bb300d8,Myntra,Myntra app was Worst and fraud app while i purchase a induction stove in this Myntra app it was delivered to me as a damaged condition I raise a ticket with that day only But customer support was worst take time so longer to solve the issue at the time exchange and return period was completed after that they reply to me its not our side problem it's a transit problem there is no exchange and return this product very bad and worst experience I got and it is online scam app,Size/Quality Mismatch,0.47916235900960913
5e105b3f-362e-4399-a545-52d475cc5937,Myntra,excellent app,Size/Quality Mismatch,0.9200153657936008
3cfef2d3-7705-4ae3-bddb-a48d8897b519,Myntra,best App I'm really happy with this app🥰🥰💖,Size/Quality Mismatch,0.9496101433651454
f35eb7bb-4f9a-4836-85db-7415fbbe773e,Myntra,"Amazing shopping experience on Myntra. The app is smooth, products are stylish, delivery is quick, and return process is also easy. Highly recommended.",Size/Quality Mismatch,0.4685932992825187
0ab61b86-918b-4985-96ff-732de4d14c48,Myntra,wonderful app. loved it,Size/Quality Mismatch,0.9028408653827441
ee8fdf8c-d953-4238-8330-1c5681d6e91a,Myntra,"Good app, I got original products every time.",Size/Quality Mismatch,0.9214554271052927
3cf35c5c-54d2-4735-87d6-dd631f9aab86,Myntra,good offers,Delivery Failure,0.7494351145735113
9a3cd46b-5e56-4ada-a42e-f8689bcda7f6,Myntra,Very good experience,Delivery Failure,0.9361307676140704
93535047-4c33-4cab-8b85-d4642ad600f3,Myntra,they are maintaining good quality,App Crash / UX Bug,0.7987851967652615
0face18c-a62b-4d1e-9e5a-6657c0fc350c,Myntra,best wishes,App Crash / UX Bug,0.7476190539718799
71a5c72a-c6b2-4bd9-8b12-c1f47b10fe79,Myntra,just amazing always love to do online purchasing in this app,Size/Quality Mismatch,0.9009970804775381
340710fa-83f8-4888-bbf2-bf9b1bb56d63,Myntra,very bad behaviour of custer care executive cut my call at mid as I me we transfer my call to senior executive. and cut the call waste my time multiple time,Refund & Payment Issues,0.616556976388956
450500e3-5899-4afc-a638-4a929c4be7c8,Myntra,"""My delivery is delayed, and I haven't received any communication from the rider. I'm not getting a proper response from your side.""",Refund & Payment Issues,0.751096717449589
706955e9-acf4-4d92-a7bc-714ddeeebd75,Myntra,fast delivery and good quality products 💖,App Crash / UX Bug,0.7403426198446851
354dd120-1086-419c-88bc-2c988ddc9dcf,Myntra,"no customer support, only bots are there which can't do anything and can't contact any delivery agent or support agent to describe any issue to get a resolution",Refund & Payment Issues,0.7656698072291562
906c6368-2e5b-4776-a32e-fef36f363f4c,Myntra,nowadays Myntra is just a fraud I ordered something from this online platform and at the same time I cancelled the order because it was coming late after that day they mention refund initiated but but I did not get my amount credited in my bank account yet when I ask them about this they simply said visit your bank account and amount has initiated from our side... when I did some research on this about Myntra in YouTube I got to know that many people are suffering from this issue..very bad ex👎,Refund & Payment Issues,0.639761277874895
cb31ba3d-934d-44d1-9518-c26705276032,Myntra,no complaints,Positive Experience,0.438451947585884
5de111b5-6271-46b7-b3cd-fb3b4ac346a0,Myntra,satisfied with the app,Size/Quality Mismatch,0.9109815870616895
0e70c839-faf8-4e63-a459-087dc0cb627f,Myntra,best quality,App Crash / UX Bug,0.8661536327727113
47605d9c-2e65-4565-93b8-20ee4c1c3716,Myntra,It is a very bad app i hate it personally as it doesn't give delivery on some city of the item it is the app which should have zero rating,Size/Quality Mismatch,0.6164363603182917
c52174cc-9771-4eb8-b8a8-d8deb037ef7a,Myntra,Worst customer support ever. They just know how to take money. Many times I am not able to return products just because their customer support staff is not helpful at all.,Refund & Payment Issues,0.49902723763008294
13ca065e-ed50-474b-9a9e-1938e059b5ca,Myntra,good work myntra,Delivery Failure,0.5721699572607799
0007d75e-901d-4741-ae60-bdc51d968d8b,Myntra,very nice app genuinely product a little bit costly otherwise good experience,Size/Quality Mismatch,0.8382875596742178
cd5e5668-2f89-47ef-a6eb-eb9d86df3646,Myntra,one of the best shopping app 👌,Size/Quality Mismatch,0.7660653595773292
62e36d13-fa23-4cf5-a6ce-3e4803b03b4f,Myntra,good products,App Crash / UX Bug,0.9640376454514483
e10e1310-8920-4fe7-9859-667357ae0c8d,Myntra,I just love the product I get thanks myntra😌,App Crash / UX Bug,0.7007299814391961
b63c99ec-eecb-4163-b925-0433728243d3,Myntra,I've so far had issues only with sizes but the app itself works great,Size/Quality Mismatch,0.7556189148217125
7efeb127-4238-4fae-a5d7-061f2115ea24,Myntra,this is very great,Delivery Failure,0.8267786663055432
1367445c-3824-4ebf-981a-0ccb90b10a68,Myntra,best shopping platform and good and best quality all products,App Crash / UX Bug,0.9127354772942091
92506278-f06f-47b6-acfd-f612838bf209,Myntra,super Exlent App,Size/Quality Mismatch,0.8889019901319621
ea2bb0c9-3bf7-415a-9d32-50ab95dd224e,Myntra,The product is very good and delivered on time.good service,App Crash / UX Bug,0.9198832633999805
79c14257-3e24-4e45-ae02-c4194725cc77,Myntra,Myntra fashion is best n pocket frndly..,App Crash / UX Bug,0.7392770054719604
a2d5d047-dddd-4c3d-bfb2-dc0fa3b919d3,Myntra,good shopping aap,App Crash / UX Bug,0.6406978036496314
94d350a4-97ad-4da2-8c45-ca2597d4a01d,Myntra,zero % costumer care help worest app,Size/Quality Mismatch,0.7589150696623983
19d8f51c-ecce-4851-9316-8522a68929d3,Myntra,won't even pay back refunds,Positive Experience,0.6615192251612569
101b134c-b917-4961-b21a-b58334625af9,Myntra,good fabric quality but a little delay in delivery timing,App Crash / UX Bug,0.397323215337789
e7be7e8d-1662-4d50-a274-88c2254da7fb,Myntra,"I ordered sneakers, but the order is marked as delivered even though I did not receive it. I contacted Myntra customer support multiple times, and they kept asking me to wait 2–3 days. After a long delay, my complaint was declined. I have neither received the product nor a refund. My money has been wasted.”😡😡😡",Refund & Payment Issues,0.8102218786784052
52a1184f-9858-4a16-a954-06c909687c9f,Myntra,great collection,Delivery Failure,0.44001950680608626
c4967d08-ea11-4e7a-adeb-d6557e350d19,Myntra,mind-blowing,Positive Experience,0.7349023706962386
612b95a4-19e4-4dc8-b39d-f5ccc53285b3,Myntra,I loved it 😻,Positive Experience,0.3253441572881569
315eb6bc-9029-43bf-8c92-e3c03222b5ee,Myntra,excellent quality and delivery,App Crash / UX Bug,0.6938057924232293
f5076ffd-e4cc-41c5-a288-f135e5e6b5c8,Myntra,kya do kaudi ka ghatiya app Hai Maine cal hi Vaseline aloe body lotion 400ml ki teen botal order ki thi 618 bil ke sath lekin Aaj ine logon ne apni Marji Se Hi Mera order cancel kar diya Meri permission Ke Bina puche Bina bataye Bina jabki yah order out of stock nahin tha lekin mujhe out of stock Bata Ke inn logon Ne Mera hisse ka product Kisi aur ko de diya hai ek number ke chor lutere do kaudi ki ghatiya service wala app Hai yah main apna account delete kar rahi hun nahi karni hair shopping 🤬,Fake/Counterfeit Product,0.9503062064146623
076317f8-f019-405f-90a5-1235daa8cf67,Myntra,very good material and quality of clothes,App Crash / UX Bug,0.744335306623523
cfbe5b9f-5584-433b-8c59-46de139ebab0,Myntra,just wonderful,Delivery Failure,0.7729679662858451
aa99fe56-c8c0-41cd-b509-860c306ec557,Myntra,best thing are sold in it,App Crash / UX Bug,0.7543237797074909
683c0982-36aa-4a69-be11-4fdbb7b6984f,Myntra,the best app,Size/Quality Mismatch,0.9512995874166359
703ee6ce-aefe-4649-aefb-7d2773318dad,Myntra,myntra is my all time favorite,Size/Quality Mismatch,0.5162827491657823
628891c3-4a02-4feb-b279-58ddc8dcacb9,Myntra,it is a good app for shopping of best quality,Size/Quality Mismatch,0.881043093418814
7b749ea8-c781-4285-b004-816885b14c43,Myntra,It was going to deliver on 29 th but it was showed delivery item was failed without any information to me . The last date of delivery was 1 April but it was not delivered and I called company twice. First time when I called it said it was going to deliver around 4 or 5 hours but it was not delivered so I called again and they told me that it was going to deliver around 3 to next day it still the delivery did not come and it says delivery is failed. When I called company again today there were no,Refund & Payment Issues,0.7024253385642516
eb573f9c-cc08-4a78-8956-9139ff877189,Myntra,material is too good 👍,Delivery Failure,0.6506628089933887
cffc5463-dc33-45ab-b851-735b583a5a01,Myntra,Absolutely So Amazing 😍😍🤩🤩😍😍🤩🤩,Size/Quality Mismatch,0.35674082669553736
efe63504-35f9-4228-95c1-b82969ffa62c,Myntra,good product,App Crash / UX Bug,0.9625736387038634
8479301e-cf17-490e-bed0-1767412822e3,Myntra,Great shopping with a wide fashion range. Had a really good experience with this app,Size/Quality Mismatch,0.8557135690746716
08f3ac52-e4b8-493f-910a-8c40aa19a9ac,Myntra,Best shopping app so far,Size/Quality Mismatch,0.935696570309908
88fe2b88-65b9-45f0-bd8a-f3362f05740b,Myntra,"i am very happy with this app, the clothes and other things shown in that apps are such quality. it will not disappoint you at all. I have been frequently purchasing it from here and I really glad and happy with all the things.",Size/Quality Mismatch,0.8202688152493437
8b42383f-b0d2-49ae-a0cc-d0389ec7ec5f,Myntra,Luxury delivered right on time! 💯🛍️ Myntra par hamesha authentic luxury items milte hain aur delivery speed ka toh koi jawab hi nahi. Highly recommended! 🔥 ​#MyntraApp #LuxuryStyle #FastDelivery,Fake/Counterfeit Product,0.8169885030237966
84252410-c14a-48dc-ba6a-6aebde07c52d,Myntra,very happy and content with Myntra. I get all the desired products here at an amazing price.,App Crash / UX Bug,0.8891200241265199
c070abd2-ca62-44c6-a481-cdd28827309d,Myntra,I love myntra and when they give myncash,App Crash / UX Bug,0.4033110826928354
3f31af77-f684-4d8d-8edd-eb0b4e089041,Myntra,"The app is super easy to use, and I love the personalized recommendationsand I always find amazing deals and stay updated on the latest fashion trends",Size/Quality Mismatch,0.6916357473706249
e92c44c5-e507-4d42-92c5-1b4e5b4dcb2d,Myntra,"please stop the share load with flipkart,",Positive Experience,0.30119486360570175
7022c3ea-1101-4b32-bf84-64bbca6f407a,Myntra,it was good,Delivery Failure,0.8884762169388033
c867592c-e228-4c77-a9fd-66947228c2f8,Myntra,Bestest app ever,Size/Quality Mismatch,0.9011337134981956
0063e95b-e944-4be0-b544-495f468e2ca3,Myntra,quality of product is so good,App Crash / UX Bug,0.8749010979996124
3e5d015d-f144-4e04-a29d-dda2c4338938,Myntra,"Best for Plus size buyer ,big range of plus size apparels ,orignal and genuine price .",App Crash / UX Bug,0.7631634865220481
882d98de-35c0-4c5f-903e-a26b0ecb3a71,Myntra,the best shopping app for clothes till date in every single way.,Size/Quality Mismatch,0.8672893882946786
e517c840-fda6-4f63-8623-1204aa00f6dd,Myntra,Love this shopping app!,Size/Quality Mismatch,0.9687659539753855
6bf778ff-503a-4b99-8961-349451a53a25,Myntra,"nice experience, fast delivery without any inconvenience",Delivery Failure,0.5742578010954624
62ddd621-bbea-4fd4-b930-95a03eaab7cd,Myntra,Deliever Quality products with competitive price and without any delay like other apps,Size/Quality Mismatch,0.7615714018759766
4bd9fcc9-021c-407d-8307-4c3ad0d2ece4,Myntra,good app for fashionable outfits,Size/Quality Mismatch,0.979771677142705
8012b3c1-1c60-4678-8ea6-93dcfe1ab667,Myntra,good quality products. trustful app,Size/Quality Mismatch,0.8107816316907753
77364799-0c68-4be6-8e84-0e75c915e06b,Myntra,I love this AAP,Positive Experience,0.4583399182786171
800da249-a22e-4600-aab9-d6d9721db683,Myntra,Vaseline's moisturizer is very good,Delivery Failure,0.8242654401458376
05e148b6-31cc-4127-974e-90fcabdd5d8b,Myntra,awesome products at great prices,App Crash / UX Bug,0.8713204621371891
bda9ebe1-3f6c-4b97-aa31-ed2ccb0e77ef,Myntra,"Horrible Service, Dont use today is the 5th time my return has been cancelled product worth more than 11,000/-🤨 5th March delivery 6th March Return request 9th didn't pick, Cancelled then Rescheduled 12th Cancelled Return 18th Cancelled Return 23rd Cancelled Return 26th Cancelled Return 5th time same Return Cancelled, is it inefficiency or cheating? Dont use Myntra",Fake/Counterfeit Product,0.5521783412056148
1fadfa9d-c06d-4059-a6d8-98bfb45fdf57,Myntra,best experience,Delivery Failure,0.59703019057443
41eb487e-51c8-44d9-b69d-0dfd7a331dc0,Myntra,best product &cheap,App Crash / UX Bug,0.9354112512798745
fb1eef7d-b7cb-438b-946b-7c2623cdf404,Myntra,"The delaying of there delivery is top notch, after one month also i didn't get my order",Refund & Payment Issues,0.7916268677377023
2c06e293-676f-4086-a079-d8453023473d,Myntra,Works as per expectations,Positive Experience,0.580044157637795
3c1c208c-f6a1-4fbc-ab3f-bc0e5cb43e62,Myntra,it's ok to shop on myntra,App Crash / UX Bug,0.6844105590763011
74f14f6e-6c1c-4d8a-aa33-b84e86055c1b,Myntra,"i have always receive best quality love myntra,",App Crash / UX Bug,0.8360090719821424
f362d0ab-23bd-4478-b00c-62614ec4e99c,Myntra,best app for shopping anything you want ❤️,Size/Quality Mismatch,0.9306889658095907
fd267e4d-ffad-44e3-b326-7aea19d1d1e2,Myntra,"The products I received from Myntra are genuine. The platform is very user-friendly and easy to use, and I didn’t face any issues with item exchange or refunds",App Crash / UX Bug,0.5467459456600258
1c0ea8d3-bb6b-4f98-bb5d-8ee011c71586,Myntra,branded and superb quality products are the most useful App for daily life,Size/Quality Mismatch,0.8858814406913893
bc2c3615-942a-4864-ae62-6c5148f14ff9,Myntra,it is best 😊😊,Size/Quality Mismatch,0.5637616049848925
74d5166c-18ef-4978-993f-7b251a613677,Myntra,it is very good,Delivery Failure,0.8079685114836966
25260615-d6e8-42d9-908e-6484cdd6b569,Myntra,"worst delivery, and no proper customer support. My item has reached a hub very near to me, I believe it's literally walkable distance from my location but they're delaying the delivery. I asked the customer care to please share the address of the facility so I could collect it myself but they're acting as if it's a secret mission hidden location and they couldn't reveal it.",Refund & Payment Issues,0.6938625857102507
f2d71991-e4c1-40a0-9326-68c4cc4be2f9,Myntra,"Very misleading pricing! The product shows 86% off at ₹181 on the main page, but when you open it, the discount drops to 62% and price jumps to ₹489. This feels like a bait-and-switch tactic.😐🤨 Extremely disappointing and breaks trust. Please show accurate pricing upfront instead of confusing customers.😒",Refund & Payment Issues,0.43500158435235436
866d9410-234c-4b75-a5a7-314a7197c8e5,Myntra,mid rage clothes,Positive Experience,0.5995965284843694
9d522f24-0b22-4048-a964-6643e64c08e6,Myntra,very convincing brands and prices,App Crash / UX Bug,0.8767328400134662
e831fbaf-e350-4549-8f41-35db9ebf98f0,Myntra,nice platform,Delivery Failure,0.387103209057686
0c7a1083-0a96-41b0-b751-316f40a1afbf,Myntra,delivery time pr nhinn hoti h ...too much let,Fake/Counterfeit Product,0.5315880231070749
cb2ecad9-056d-482e-9201-49e5154537b0,Myntra,Good interface and genuine products.,App Crash / UX Bug,0.9077088416153061
df3fb1a9-ea5e-4f1d-a653-3eb386e7e4bb,Myntra,"If looking for qood quality, budget friendly style, there's MYNTRA for you!",App Crash / UX Bug,0.7725631415784091
5190a055-8ecb-4ca6-8b9b-486d1465d85b,Myntra,very good app,Size/Quality Mismatch,0.9576419259810074
5c29ea63-e7e6-4595-8bd7-e10d104b5673,Myntra,Not refunding money for cancelled order. very bad costumer service,Refund & Payment Issues,0.5500195603745321
63c72115-10b4-4b68-bbe0-564166647c98,Myntra,excellent app I love so much from shopping on this app,Size/Quality Mismatch,0.9528985961938915
c3a9fa4a-71c9-4148-9bd2-fae6cba58d43,Myntra,app be write but something any problem and solve that call myntra service 👍,Size/Quality Mismatch,0.5548328721188008
8cac1fdc-5e21-4ffa-8adc-49049d1cb62b,Myntra,refund and return issue itna ziyada hai es myntra app mai ek to customer care naam k hai koi call nhi receive karta hai sirf recording chalte hai sab bar bar wahi repeat one press 2 kare or kuch nhi bar bar return request cancelled ho raha koi solution nhi hai es app mai faltu app hai yeh es Bhaut acha meesho hai customer care k naam pe recording to nhi use Karta hai,Fake/Counterfeit Product,0.9474484130994367
33a302ff-a149-4cd2-b321-bce3d430dfab,Myntra,never delivers on time no customer support worst ecommerce shopping application,Size/Quality Mismatch,0.5899316137640674
e6004d10-f965-4c9c-ae7a-05b5763cc00a,Myntra,i love the great deals on this ... and the product quality definitely recommend,App Crash / UX Bug,0.9211775190461466
8ceb81c1-2840-4762-b511-75c2c03cbe67,Myntra,very good products nd very helpful,App Crash / UX Bug,0.841034732507388
a3dcfb1f-0291-4dac-aeae-c42b1737e2c7,Myntra,Great experience loved shopping and purchasing online,App Crash / UX Bug,0.5427634868642348
d5b9edd2-6a87-432b-b701-fd664877d6b0,Myntra,very nice order,Delivery Failure,0.7305352503695833
d50dfe16-91c8-4e0d-9803-06b869f79294,Myntra,I have ordered first time in online and it was the best quality products and all branded,App Crash / UX Bug,0.5994596410169297
980a855e-891a-468c-ac73-da95651c5b09,Myntra,nice app ausome product,Size/Quality Mismatch,0.9236476333762873
7086d9ba-0104-420b-9984-86b3a63ad098,Myntra,it is the best online shopping app. product is nice and on time delivery.,Size/Quality Mismatch,0.784274124861656
ff804181-cea0-485b-9f88-9f18beeaf8b4,Myntra,no problem is a best app,Size/Quality Mismatch,0.942989032476244
680b5653-ee4c-41c8-9b52-c34937c4285e,Myntra,very nice experience,Delivery Failure,0.9303411354248645
db29a8e1-412f-4abc-a869-a7e5eb36e05a,Myntra,My experience with this app has been wonderful. Shopping has sorted with this one,Size/Quality Mismatch,0.7696704656895694
a4936399-8a4a-49c3-8004-d3b4243b1a66,Myntra,Best Shopping App,Size/Quality Mismatch,0.9137337846867194
4a3e6aed-e517-498f-b496-59293fde1c95,Myntra,Bought 2 shirts. Only received 1. I kept contacting customer care for 3 days 8 calls. and still nobody wants to give me my product or refund me. Everyone is afraid of taking responsibility and only cares abt good reviews and promotions. Talked to Staff and Managers but they are reluctant to take decisions. 👎👎 Myntra has degraded. the Service is not what it used to be anymore. I lost my money and my product. A customer care that doesnt even care for customers. What a joke. 👎,Refund & Payment Issues,0.5569089983895024
9ccd034f-817e-4c65-87c4-f43b776c0a35,Myntra,great products,App Crash / UX Bug,0.9606749702061315
ce90e67a-b0d6-4819-b995-1c5ff5daa50b,Myntra,very good application,Size/Quality Mismatch,0.8960768248238364
b376f053-86fd-4f89-beed-23d0b6f80104,Myntra,good application,Size/Quality Mismatch,0.9332577448583088
7f7531e0-8c65-43dd-99ad-c129e31613cb,Myntra,exceptional,Positive Experience,0.7349023706962386
be3d2955-fec6-4457-a291-3a18c59cdd94,Myntra,very nice this app,Size/Quality Mismatch,0.925595653131975
75d082f2-ff88-4fec-874c-d9977f78f70c,Myntra,love this app,Size/Quality Mismatch,0.9745500591386363
3a416d16-17b4-4a72-8b4c-2cd56b5c6a49,Myntra,mytra sending wrong product. ordered top and Received different colour. I ordered sea green and received different colour. Wrong product received. Still pickup agent not collecting wrong product while I shared photos with product tags to myntra.,App Crash / UX Bug,0.7997263993533927
acacb178-9243-4e22-a461-c8ec78342eb4,Myntra,awsome app product quelity and everything is good,Size/Quality Mismatch,0.8742868041720291
0b16c1c8-bd73-47b8-bb1b-7fec7d5b8aac,Myntra,Best quality with vast variety of options..nice app,Size/Quality Mismatch,0.9043004311069167
393367c5-5d7e-4215-b195-46dc99687465,Myntra,nice products with good quality,App Crash / UX Bug,0.9486463782162176
25fb031f-752d-493d-a32d-df1c349f5245,Myntra,best for online shopping,App Crash / UX Bug,0.818187639645655
e642d101-882e-45dd-8b1d-13f454ed96e0,Myntra,"Myntra's clothes are always best,Class quality",App Crash / UX Bug,0.8446537104084847
8ba35b02-8221-4cc2-9a81-626d2bdd6cf2,Myntra,this app is amazing they're providing very good quality products,Size/Quality Mismatch,0.9058633839447771
121d3ebf-6a59-4e04-b2b5-ae9e8611cdad,Myntra,Excellant clothes shoping app,Size/Quality Mismatch,0.8867746185020394
59c63fac-22e1-4725-8008-6e82ac0b7d85,Myntra,Great quality stuff and good service,App Crash / UX Bug,0.7771648112739165
0e3b0a26-8f1b-4d55-acf8-06d90277b19e,Myntra,"good app , recieved fast and beat quality products",Size/Quality Mismatch,0.8918305468743041
1b2a0286-4783-4a3f-a83d-6b67d4738a23,Myntra,The shopping experience was awesome.. The quality is so good.,Delivery Failure,0.6077622363081661
1b422fc0-1e2b-4f02-98ac-814b4f0b8b14,Myntra,I like the app and shopping here,Size/Quality Mismatch,0.8752745305477367
2d9def7c-685e-4f0d-9f78-a4946381a4c6,Myntra,amazing app must visit app clothes are good quality,Size/Quality Mismatch,0.8861436046552376
b39dbd41-58ed-475a-a78f-4752ba519f4e,Myntra,happy with myntra,Delivery Failure,0.5719892987794525
0e11c75f-e343-440f-9fa1-8bc78bb571ec,Myntra,nice products,App Crash / UX Bug,0.9645475558055974
5f1e6eec-0d9e-4259-9422-70d7d02e9b27,Myntra,"PLEASE BRING BACK MODEL IMAGES...IT SHOWS THE ACTUAL IMAGE OF THE PRODUCT...THESE AI GENERATED IMAGES ARE MISLEADING AND CREATS MORE RETURNS, SOME IMAGES HAVE THE DESIGN SOME DOESN'T..HOW ARE WE SUPPOSE TO KNOW WHETHER THE DETAILING ARE ACTUALLY PRESENT OR NOT.",App Crash / UX Bug,0.4308785285214348
0ea28a1d-fa8e-40d3-9cb1-451874117b5c,Myntra,v Good super service,Delivery Failure,0.7115865817123695
88551ef5-473d-41a9-975e-4e551e954806,Myntra,excellent product,App Crash / UX Bug,0.8749476234831066
39fd9351-7e63-4db5-850a-596a9a6497a0,Myntra,good app shopping,Size/Quality Mismatch,0.966012215452214
85e661f4-eae9-4585-977a-9f6e98821774,Myntra,"I love to shop from Myntra. this app is absolutely top notch. Also they now introduce 60 mins delivery for fashion, love it.",Size/Quality Mismatch,0.8662975271971665
ca696e49-d04f-4770-9492-f8f8ea6e5df3,Myntra,worst all my order from other phone got cancelled,Refund & Payment Issues,0.6154011782269198
0119f753-eda5-4465-a120-4a85f1cbcfec,Myntra,"Day by day their services are going worst😡😡. I ordered a Monjolika Saree and despite the product reached to the city, they cancelled the delivery on the expected delivery date stating ""because of some unforeseen reasons and as per my request"" which I haven't requested. This happened twice with the same product and they have the audacity to tell that they don't have any authority to connect with the logistics team. Worst experience 😡😡. They will sing a song of ""Sorry Sorry"" every time.",Refund & Payment Issues,0.7192006807502095
5ecda1f7-9899-45d3-86b2-48428b120f8c,Myntra,Great experience so far,Delivery Failure,0.8281070824563624
d3a297da-24e4-4f6e-a383-5e567672e674,Myntra,fast delivery,Fake/Counterfeit Product,0.621419523188267
902d3b14-6645-4086-bcb3-c5ee164ec35b,Myntra,Very very very good app for shopping.I love Myntra and I love shopping on Myntra best aap,Size/Quality Mismatch,0.6578253221412429
3f0d401a-5125-4427-915c-20bf551583d9,Myntra,always received good products for it,App Crash / UX Bug,0.8051038494768818
e6ddd33f-a562-48a5-b5ae-73d4f63f7954,Myntra,It's a worthy shopping experience.,App Crash / UX Bug,0.5918637299613771
eceb5376-45a0-43d5-b0fb-4328e8b7d34b,Myntra,Well Well Well. Heavy App For Shoppers,Size/Quality Mismatch,0.9146136751791174
e3c02e03-d873-40b9-ba5f-ed7e33a7aad3,Myntra,fabulous fabric...,Positive Experience,0.7349023706962386
eb75ef56-734d-4e0f-be20-b099a6d5960c,Myntra,Good place for shopping quality products. but platform fee is very high,App Crash / UX Bug,0.8560853430268308
ffee47fc-82dd-43bd-b173-3db46696d2d4,Myntra,myntra app is one of the best online shopping with good quality,Size/Quality Mismatch,0.5165600641803892
787f8598-fd01-4983-a33a-a4498131725c,Myntra,very helpful to avoid crowed and rubbing area,App Crash / UX Bug,0.32889049987096186
83f7075e-a5a0-4bb7-a68a-0e6a7791d4a6,Myntra,"Best Fashion Shopping app,",Size/Quality Mismatch,0.9136430722645674
010436e3-2dcf-48c2-9d96-1989b96dbd06,Myntra,well maintained app,Size/Quality Mismatch,0.9242133503900994
da240edb-2f5f-4766-8af6-ada70578270e,Myntra,"Best brands, quality and prices",App Crash / UX Bug,0.9211696261955602
0ccdd0f3-770a-4134-92f1-43b9d94c21f6,Myntra,best platform for shopping,App Crash / UX Bug,0.7184883763779034
2397d804-3c13-43f4-873c-0d2543b02914,Myntra,i just love this app,Size/Quality Mismatch,0.9558381650559278
c32df8c6-fe08-4225-8793-c45d41dc7350,Myntra,"Absolutely pathetic service from Myntra. My order was cancelled after making me wait for days, with no proper reason given. This is completely unacceptable and shows how careless and unprofessional the company is. Why list products if you can’t even fulfill orders? This is nothing but misleading customers and wasting their time. I trusted Myntra based on its reputation, but this experience has been frustrating and disappointing. no proper communication, and zero respect for customers.",Refund & Payment Issues,0.5796988353955269
972e6b66-34d3-482d-9a0d-39e9af34b461,Myntra,good I believe then,Delivery Failure,0.8790139693533755
0e45264a-217d-4960-97b1-22b9ee4716b9,Myntra,Authentic&true product..packaging good.love to shop myntra in such decent price.discount available occassionally.so pocket friendly also.delivery speed is also good.,App Crash / UX Bug,0.8513327830380133
36a64c65-5cf1-4550-91da-585289f2f10f,Myntra,faltu app ahee ky kama che kapde nyy nusta half kapde akal ny kaa,Fake/Counterfeit Product,0.7411655626304484
6a4779f9-def5-4015-98c7-e8902e7023ec,Myntra,fabulous things in affordable prices,App Crash / UX Bug,0.7810422105421313
587136ce-6a0b-4643-8e39-7a4b85bbeaae,Myntra,superb product,App Crash / UX Bug,0.8793616201413563
bbe65fc0-058c-435c-8bc2-28ebd9d86dfb,Myntra,"I have return my 2 parcel and delivery person pickup from my side, but still there is no update status and I didn't get my refund... what is this myntra... I am requesting you to kindly fix my problems... I want my refund any how... either I'll take next step for this thank you...!",Refund & Payment Issues,0.6273637117987908
1940cd4f-cc49-4444-bb3d-495d9ac2a928,Myntra,"The quality of action brand running shoes were super awesome 🥰.. I have ordered other dresses as well from myntra, the price and quality is unbeatable.. 🥳",App Crash / UX Bug,0.47215914250426927
521fd343-2b07-4a9f-b48b-dce4a3f6344c,Myntra,nyc choice,Positive Experience,0.7349023706962386
b8e05928-986c-4b2b-9773-619a9e88377e,Myntra,"I’ve been shopping on Myntra for a while now, and honestly, it never disappoints. The variety, quality, and smooth delivery always make the experience so easy and satisfying. I really appreciate how reliable everything feels it makes me come back again and again.",App Crash / UX Bug,0.4597152044948795
3f8c4344-79d8-42c1-9a51-23e552a03510,Myntra,Myntra has come a long way and you deserve 5 star keep up the game 👍👍👍,Refund & Payment Issues,0.30659716288472183
4930058b-46c8-4971-9c4d-f6e0f4c0073c,Myntra,ಸೂಪರ್ ಅಪ್ಲಿಕೇಶನ್ ತುಂಬಾ ಚನ್ನಾಗಿ ಇದೆ ಮತ್ತೆ ಉಪಯೋಗ ಮಾಡುವಾಗ ತುಂಬಾ ಈಜಿ ಅನ್ಸುತ್ತೆ ಉಪಯುಕ್ತ ಮಾಹಿತಿ ಮತ್ತು ತುಂಬಾ ಚನ್ನಾಗಿ ಇರೋ ಪ್ರಾಡಕ್ಟ್ಗಳು ಕಡಿಮೆ ದುಡ್ಡಿನಲ್ಲಿ ಸಿಗುತ್ತೆ,Positive Experience,0.7349023706962386
167ccacc-69d8-4a0f-8e53-f8ea506f8c64,Myntra,I would say myntra is a most trusted shopping portal nd loyal to their customers. I love myntra...,App Crash / UX Bug,0.602378409480363
ae8917c9-c54a-46de-acf5-66266454bd95,Myntra,user Friendly app,Size/Quality Mismatch,0.9014451520506495
9586ea29-ecfa-4a05-be4c-607e6a80a246,Myntra,bhut acha app hai,Fake/Counterfeit Product,0.9642602299494969
4d0a0292-47ea-4ef9-8c12-d0800a55d8cd,Myntra,"I really liked this app because of the quality, and i love myntra because of the log discount prices. It still quality also good...😁👍🏻",Size/Quality Mismatch,0.8445183486944463
4bc88ae1-4c70-4f5d-99fc-012052d196a8,Myntra,"superb service, either in terms of exchange or return and the quality of everything is too good 👍🏻👍🏻",App Crash / UX Bug,0.4733120562125248
e5f60a13-9d93-42ce-ac57-a9f8e5740f7e,Myntra,I got latest design kurti on Myntra. it's little costly but fabric or designs are really gud. you can get every type dress in Myntra. I really like this shopping app,Size/Quality Mismatch,0.8332850227389027
430ea1d4-ea30-4dab-9890-519ed36007d6,Myntra,"Worst app! Delayed orders, nonsense delivery guy. You will not only get your order they will give you anger and impatience also",Refund & Payment Issues,0.8775355321308052
67090b4a-ea35-4d85-9802-7dde2c7a3b45,Myntra,"totaly 3rd class service,ordered delivery person reached nearest my location,then call me and confirm exact location,then cancel the order without any information.",Refund & Payment Issues,0.8110717635045465
f05fd3f1-f6d1-4cac-bf3f-9f3c6aeaa7df,Myntra,Myntra aap best fashion hai,App Crash / UX Bug,0.4568581717206072
c4a9543e-0dcc-4367-bb30-acc1dc6ae1f4,Myntra,"Had a great shopping experience on Myntra! The collection is amazing, delivery was super fast, and the product quality is top-notch. Loved the easy returns and discounts too. Definitely my go-to app for fashion!",App Crash / UX Bug,0.8016732098233991
2ad56dbf-c692-4b3f-9d39-5774f88d9a4f,Myntra,it's nice and amazing app and product quality also very nice all over experience very good,Size/Quality Mismatch,0.4683321736925487
6416f922-bce9-476e-9265-5d61ba4fb4bd,Myntra,always timely delivered,Refund & Payment Issues,0.43673659895455985
a29e659b-35ce-47e7-ba05-55820d5b9ca6,Myntra,"worst ui and broken workflows. no body spoke to me I requested for a call back and they asking feedback in message. that popup of recent experience of customer interaction not sure which product manager developed. if u give negative experience, it wouldn't take the feedback itself.",Refund & Payment Issues,0.6896817790047476
0ef88f69-8b87-44b0-bc79-2d8daab5a76c,Myntra,v Hloo aa bb mm hmm k hmm mm. mmkk ll ki,Positive Experience,0.8687338678672175
db8e1d8a-f3c2-4128-b47c-bf15e54b77b2,Myntra,really good and authentic app,Size/Quality Mismatch,0.8570854677063242
6807c630-bf01-406b-b39c-c5006122b450,Myntra,good 👍🏻 apps myntra,Delivery Failure,0.45857931377968414
e8563c48-4acc-41a7-ae14-2a6fc31c10f1,Myntra,nice shopping app,Size/Quality Mismatch,0.9682757538333732
cc2779bc-84e7-4a07-a141-83f06e7ad2ce,Myntra,it was amazing,Delivery Failure,0.656249901946093
1a15caef-853f-4e9d-ba82-870578af4a6f,Myntra,my experience is good for this app,Size/Quality Mismatch,0.9059954428591757
9b94c6a0-7072-44d9-8f8a-cbd8a3a752cb,Myntra,myntra is the best app for shopping in best prize,Size/Quality Mismatch,0.7140768179114306
de2152f1-ea53-4053-aa65-8c0e8d4a2c7f,Myntra,all time favorite app,Size/Quality Mismatch,0.8952074022538976
b5969308-7322-43f1-ae16-6d8c390eb775,Myntra,delivery is too fast and the product quality is amazing and moisturiser gel is totally oil free and good for skin,App Crash / UX Bug,0.7221556813414166
6223f5d3-07ba-4962-84ef-b817c4906a09,Myntra,fast and trusted app,Size/Quality Mismatch,0.9010515714131323
c48cc313-7bf8-4d54-a34d-9bb1ee17d757,Myntra,looks great.,Delivery Failure,0.5227176318201072
86e344d3-c491-4022-864a-7be5bd853677,Myntra,It’s cheaper to buy from the local market than to pay a ₹23 platform fee for each product...,App Crash / UX Bug,0.5276147226651605
581fbcd8-22ab-43dc-9f90-770a9f6d2ec5,Myntra,Very good products,App Crash / UX Bug,0.9232977518350165
f062bda9-c7c7-4921-bbe1-59da08f093a3,Myntra,i bought a sandal from myntra however the brand tag was missing while the product was delivered now first i raised the complaint regarding the product but the customer care team denied it saying that the product was delivered in a good condition now i wanted to return it then the barcode of the yellow seal tag is mismatched so delivery boy put the product on hold for the approval of that mismatched seal tag i have called several times to the customer care team but no action has taken. worst app.,Refund & Payment Issues,0.6624520777838498
628d0633-d95f-4a13-9292-5f2b6ea38484,Myntra,This is really good app.,Size/Quality Mismatch,0.9439653769569908
3dbafdcc-e99a-4940-b397-6e9986da0705,Myntra,All major brands with quality and wide range of collection... Also great discount offers. Highly recommend ❤️,App Crash / UX Bug,0.8031664790533121
925eb8d2-6200-4452-ab0d-8e7401ec65a4,Myntra,"ek baar batao, myntra ke icon me birthday cap pura saal bhar lga kr scam krte ho kya? kyuki offer to kuch badhiya hota nahi. koi coupon code nahi, saal bhar wahi ghisa pita price hi rehta hai. Eid me bhi koi offer nahi, socha tha kuch badhiya lene ka lekin coupon hi available nahi. befaltu ka birthday icon lga rakha hai pura saal bhar. ek din ka birthday hota to kuch alag baat, tum to saal bhar wahi topi lga kr rakha hai. lgta hai logo ko topi pehnane ka ninja technique hai",Fake/Counterfeit Product,0.9244848233275214
aafd838c-784a-4365-bd6d-768c1ff34425,Myntra,Good shoping app,Size/Quality Mismatch,0.9007015838191685
17b28c40-9616-464b-9f00-9333dfc1a149,Myntra,one of the most satisfying experiences with quality products ...,App Crash / UX Bug,0.7444504746992504
0054830b-04f9-4c0f-9af1-59c3f619d962,Myntra,good but in some areas delivery is not अवेलेबल this is main problem,Delivery Failure,0.42530407379705065
4f697f10-d5a4-461a-b2fd-25e2b49f92b6,Myntra,Best store ever,Size/Quality Mismatch,0.5328120004102018
35e661a9-6e27-454a-9673-437f02c096e2,Myntra,very nice all items,App Crash / UX Bug,0.7042562433750578
f5b21a8b-4f4e-4106-90d0-50cf397580f9,Myntra,Third Class service after 5 days no parcel delivery no any update Only show 1 day delivery but no any update third class service,Refund & Payment Issues,0.7795958475785467
6d7ddd50-8697-4666-ad19-393b6fafd1d0,Myntra,good product I liked very much,App Crash / UX Bug,0.861146530451584
82e4b2a0-33b7-4ea5-9371-11f76d96319a,Myntra,Platform fees is too High,Positive Experience,0.5892976700525353
f8c34738-7c8c-40c6-91f2-22a6a7e71bf7,Myntra,Nice app giving people a way to get quality clothes just sitting at home,Size/Quality Mismatch,0.8827909380164627
6baf4316-1fcc-4fad-b1df-b66aa34c4393,Myntra,one of the most trusted platform for fashion,App Crash / UX Bug,0.5299809740932759
14bdcce5-0ced-4ade-9a7a-f8a093941db1,Myntra,products are genuine,App Crash / UX Bug,0.762649111650231
e6813e33-9e77-4f60-b6e0-4a2541331e53,Myntra,"This is one of the worst e-commerce platforms I have ever used. They cancelled my order, delayed my replacement, and I have been trying to contact them since my first order, but I never got connected. Every time I tried, the call got disconnected automatically.",Refund & Payment Issues,0.7530302882458171
c52059bf-f718-4765-90ec-8517ee41c2c5,Myntra,beautifull color...good price...must buy,App Crash / UX Bug,0.551991150434324
612f5f00-3d5d-4a2e-9a19-94294da015f3,Myntra,"very nice app, the material quality is always superb",Size/Quality Mismatch,0.895871582425299
cdd7c43e-a615-4e72-82d5-8b6e0c2df364,Myntra,"i recently had a very bad experience with Myntra executive and customer care support. they are delivering cheap brand products and after we place return, we are not getting any response. They are simply playing game on us and taking money.",App Crash / UX Bug,0.4187773111195921
23673acb-263d-4c15-9fd3-acabcdebfb84,Myntra,very good experience. Good brands and products.,App Crash / UX Bug,0.8046482329136154
f59e4e45-021a-4435-8e59-72a05c51cdd1,Myntra,happy to use,Delivery Failure,0.808204090557932
97012a7b-c692-485e-9761-778466869586,Myntra,why charging 23 plateform even flipkart charging only 7 rs you bhikhmange Myntra,Positive Experience,0.4720665159114863
473bd34b-17c7-450e-96f1-63674a4f21aa,Myntra,easy to buy n use,Positive Experience,0.5462654987972979
d9d0a063-5219-4ae3-b9f1-ba87dfc55c2d,Myntra,"I am extremely disappointed with this experience. I did not receive my order, yet it was marked as “delivered.” It appears that the delivery boy has kept the product himself instead of delivering it to me. This is completely unacceptable and raises serious concerns about the service and trust. I request an immediate investigation into this matter and a full refund or re-delivery of my order as soon as possible. Kindly take strict action and ensure such incidents do not happen again.",Refund & Payment Issues,0.7998514562142238
2877bbe5-6a98-413e-89f4-02f985d208f1,Myntra,very good.,Delivery Failure,0.8637720678987506
50daab43-3b7e-47d3-a906-5c0d2e197e10,Myntra,super app genuine products,Size/Quality Mismatch,0.8960133674695101
fa730d85-a6fd-42bf-bdcd-9d134c69b8d1,Myntra,बहुत बेकार ऐप है,Size/Quality Mismatch,0.9444589524756524
778bb31d-3ce8-4c99-96de-a9837a9686b0,Myntra,bahut badhiya,Positive Experience,0.9167176909503965
77a20207-f710-4706-844e-8c5d5a963bd1,Myntra,nice product not pirc,App Crash / UX Bug,0.9460633248236576
68ba8137-1e7f-45ec-bdaa-e718b608bcf9,Myntra,बढ़िया सर्विस है,Positive Experience,0.4213839826467968
0b95eedb-3052-4738-9179-0e659b9f7153,Myntra,sach me bahut accha app hai sabse sasti chij milti hai,Fake/Counterfeit Product,0.6120555753323424
ee1f7c31-3488-4859-bbb7-7ed029cc1b81,Myntra,very good sarvice,Delivery Failure,0.8666579761483906
0c830fec-4581-4e43-8ec0-ada244e582f4,Myntra,it's very good for shopping online. Thank you Myntra,App Crash / UX Bug,0.885188517232371
06fbd59b-5d78-442f-913e-bddaebb03396,Myntra,best online shopping app,Size/Quality Mismatch,0.913350786155233
2263036e-9cb2-4c0b-8a0f-aaf3dbc16580,Myntra,बहुत अच्छा ऐप है महंगा जरूर है पर कपड़े ब्रांडेड मिलते है,Size/Quality Mismatch,0.907361579515829
ddcfcde2-19e8-43ab-86c2-fdd900ea6120,Myntra,bahut achcha hai aur fast delivery,Fake/Counterfeit Product,0.805607361259302
2fce612c-072a-4f49-bdac-ffe61cab0aad,Myntra,good product & good service 👍,App Crash / UX Bug,0.9161251381105325
ac4b0035-7fa7-4a19-80d5-79bd9db55338,Myntra,baap re itna mahga hai yeha pe medal log kaise lenge har ek chija bhota mahnga hai 😮😮😮😮,Fake/Counterfeit Product,0.7712437317051386
759bf105-002e-4578-9e9b-563ebcf932d6,Myntra,I did not receive my refund,Positive Experience,0.521550990764535
8d154c0c-2aae-4d7e-a2f7-40bc373d94d6,Myntra,nice sarvice and Good product,App Crash / UX Bug,0.8672927772825212
462bff30-bd72-4511-bbd3-543f129e3f63,Myntra,hoo nicely,Positive Experience,0.7349023706962386
806f6dcc-63e8-4fe1-be49-24b15932ccc3,Myntra,yhe aAp shi nhi j,Positive Experience,0.878454361350306
0b841e19-2f71-4985-8727-8e9db6b87c66,Myntra,mind blowing,Positive Experience,0.7349023706962386
ee469a80-58d5-47ef-82c5-9cf395c2a903,Myntra,बहुत सुंदर,Delivery Failure,0.8287357817500054
d1793be0-6027-49ba-9b0d-3af03158ad26,Myntra,fashion cloth very nice,Delivery Failure,0.7060576921034594
8a02103d-1ce5-4dd2-9086-efc81bca47d1,Myntra,बोहोत ही अच्छा ऐप है ओनलाइन सोपिग के लिए जैसा दिखाते वैसा ही आता है मुझे तो अच्छा लगा,Size/Quality Mismatch,0.8864540732284922
ef9fce28-1eef-4ebd-9338-e3ce0dfee9f8,Myntra,bakwas hai,Positive Experience,0.8961233054266977
a653a793-ba62-4482-9d6d-33abe0e4a06e,Myntra,बहुत ही अच्छा ऐप है मैं बहुत खुश हूं,Size/Quality Mismatch,0.8392929719291121
3b55605f-2394-4712-b3d9-503e010df214,Myntra,best product 👌 ✨️,App Crash / UX Bug,0.9437667464806412
66547b19-eed2-4871-9f5f-c93874a101aa,Myntra,ये app instoll mat करना गेम के प्रोडक्ट लिए isme nahi ff our pubg se game के लिए ना इसमें से फिंगर स्लीव्स है ही नही ऑर्डर करने के लिए या गेम की बोर्ड वगैरा,Fake/Counterfeit Product,0.6177720826612856
ea202ea5-5886-47ff-98a5-46eeaf9bae2a,Myntra,Very easy service,Positive Experience,0.4003586150602108
b9d40465-c400-480e-954c-6ae3a5b431db,Myntra,बहुत ही बेकार aap है मैने जूते मंगाए थे 12 को डिलेवरी होनी थी 16 को की वो भी पुराने अलग अलग तरीके के आए रिटर्न किया अभी तक पैसे वापस नहीं आए बेकार है कोई भी सामान मत मंगाओ,Positive Experience,0.4850716589185664
f3de4a65-6e1e-4b21-a1af-6d52d97693aa,Myntra,यह ऑनलाइन शॉपिंग के लिए बहुत ही अच्छा ऐप है।,Size/Quality Mismatch,0.8246834871459757
789cdb3b-caaf-4522-9152-702ae9aee1c2,Myntra,yah app bahut accha hai,Fake/Counterfeit Product,0.8793074757972816
45e5b13b-640d-4e03-8c47-760942dce41e,Myntra,really happy 😊😊😊,Delivery Failure,0.8387569992634019
918b454f-617f-493b-b016-40902af8a446,Myntra,bhut hi kharab experience mangao kux aayega kux aur return dalo to khud hi decline kr denge bina hme btaye worst experience I will never ship on myntra,Fake/Counterfeit Product,0.6901861827462786
f7b48b60-0fdf-4301-a670-0972a0ba77a4,Myntra,इस पर सभी चीज महंगी मिलती है अरे कुछ काम करना नहीं है यह कुछ काम नहीं है इस पर मिडिल क्लास आदमी कुछ भी नहीं खरीदसकता,Size/Quality Mismatch,0.4700747527193333
2c8640fb-e595-4480-bc13-63d4af4b9fab,Myntra,saman achha वा सस्ता है,Positive Experience,0.8919844652915684
56d72983-b6a0-4547-9de6-9263c4e97b42,Myntra,quality product is most likely you,App Crash / UX Bug,0.9172701358881307
e10f33aa-ee7d-4246-8d9e-2544409149d3,Myntra,best offers mayntra,App Crash / UX Bug,0.6856956194779064
5f90747d-4a83-45d3-bbd1-a1c4461d76f6,Myntra,bahut jayda acha,Positive Experience,0.9396120440418233
0b68fe99-ab82-4685-bdd3-8f81426c28b0,Myntra,Best quality products spotted app,Size/Quality Mismatch,0.822977593406115
8e6ff0e3-12d2-43c3-a7c4-bb1c56f48fa2,Myntra,कीमत जादा है इसमे,Positive Experience,0.7321060652836362
fe27941e-cc97-466f-9f48-6d6fc5c12b15,Myntra,"उत्तम और विश्वसनीय,🎁👏",Delivery Failure,0.7098600092987446
8257e90d-cc06-43b5-8d5c-6977753d5410,Myntra,very good work Myntra,Delivery Failure,0.6400217568548323
2effe0a9-69e5-4b6a-8ae0-d8a4520787d5,Myntra,प्रमोद यादवफॉलोअर ❤️,Positive Experience,0.8827180148840679
ca2bb5ed-21cb-4fe8-8c84-21e06c986a7c,Myntra,काफी अच्छा है ouar bhi jaldhi aajata he,Delivery Failure,0.7721700375939804
5ebae024-fb57-4cf4-ba15-cc2f2636cd87,Myntra,"पहली बार मिंत्रा ऐप पर 2 पेंट मंगवाई थी उसमें से एक गायब थी और एक साइज में बड़ी भेज दी, समस्या ये है कि कस्टमर केयर वाले या इसका सिस्टम इस बात को मानने के लिए भी तैयार नहीं हैं कि ऐसा हो गया है, शिकायत करने पर उन्होंने कहा कि में उनकी उम्मीदों पर खरा नहीं उतरा, मेरे तो पैसे भी बर्बाद हो गए और टाइम भी।",Size/Quality Mismatch,0.8175174151642869
caf84c85-cbd1-47e4-bee5-695048fdcda9,Myntra,bahut kharab hai yah is per Jo ladkon ke Samman nahin milte Maine selfish team dhundha to mere ko nahin mila 🤮🤮,Fake/Counterfeit Product,0.5726385164866918
abf0f43f-9ed6-4c60-9676-13210d48142d,Myntra,myntra ek bakvas aap hai bar bar ऑडर कैसल kar देता है,Fake/Counterfeit Product,0.6252620975047101
51c233ad-2f0a-4a11-8f03-60559b3f5b26,Myntra,ye samajh me nahi payi thi,Positive Experience,0.7611028576285381
de33b7e3-5289-4eb4-b412-e640ff98bc57,Myntra,bahut achha hai excellent,Positive Experience,0.6346578765321591
21f5461e-70cf-4396-8b71-d31eb6ef4d55,Myntra,quality product available all time on myntra,App Crash / UX Bug,0.9217643768874453
9806859a-df54-40fb-8a02-2ec1fcc0fe56,Myntra,बहुत अच्छा है,Delivery Failure,0.9523431255595168
0670c87a-83e1-41b0-bed9-4db3fd6d663d,Myntra,bdhiya hai aap,Positive Experience,0.8934637897307475
85e243ef-61f0-4948-bb66-53b9c3759f75,Myntra,so good for all generations,Delivery Failure,0.7385883949412057
2ca63e18-1ba0-4598-9358-cbcb23d0c4b9,Myntra,Plus size Best outfits available ❤️,App Crash / UX Bug,0.3435689038383239
fb7f0334-8e98-4563-8441-74de9cfc501e,Myntra,bahut achcha very good,Delivery Failure,0.871756916944539
676557f8-63ac-4211-8650-660bff19f402,Myntra,bahut hi achcha app hai,Fake/Counterfeit Product,0.9041114837548216
df2689a9-8637-497b-8a32-71de9e9e7f69,Myntra,बहुत अच्छा ऐप हैं,Size/Quality Mismatch,0.9220747832613727
1e52daf5-a6b1-41fb-b15e-93032fd9b27a,Myntra,duplicate product,App Crash / UX Bug,0.9263079058466858
9b63015a-9230-4658-ad08-45d1e4a361d2,Myntra,"आप अपनी Myntra कम्पनी के Myntra एप्प में ऑनलाइन और ऑफलाइन बेचने वाले हर प्रोडक्ट/आइटम बेचने के लिए बहुत ही ज्यादा जल्दी हर ऑनलाइन और ऑफलाइन दूसरी कंपनियों से बहुत ही ज्यादा कम प्राइज में, बहुत ही ज्यादा सस्ता,अच्छा और मजबूत और वहीं दूसरे ऐप्स से बहुत ही ज्यादा सस्ता भी लेकर आएं और हर प्रोडक्ट/आइटम बहुत ही ज्यादा सस्ता, अच्छा, मजबूत और कम प्राइज में बेचें ताकि आपके सभी कस्टमर को इन सभी प्रोडक्ट का लाभ या फायदा बहुत ही ज्यादा जल्दी सभी कस्टमर को मिल सकें ।",Size/Quality Mismatch,0.6668709803719081
cef4ced9-5743-441b-bf7b-accfc17bb519,Myntra,pay later option best hai,Positive Experience,0.4065205010287677
548f72ce-2bce-4d18-b794-992ffeae4ed4,Myntra,अब इसकी जरूरत नहीं है,Positive Experience,0.8340503038276792
ddb2878d-7f4c-4cfd-a9ac-346b74cb282a,Myntra,Good Quality quality me myntra sbse best hai,App Crash / UX Bug,0.8831695429079776
db7ea29a-c710-4ad0-87cd-0cb8d1f8414d,Myntra,यह बहुत बुरा है दोस्तों इसको मत डाउनलोड करो इसमें बहुत महंगा सामान आता है और इसमें बहुत बुरा समान जाता है,Delivery Failure,0.579909556605531
7a96800c-701a-4307-a888-e3083a49f759,Myntra,"myntra The app is really a very good app, you can get everything here at a cheap price, I would request you to buy products from Myntra and support it, thank you 🙏",Size/Quality Mismatch,0.8458700872804492
f0c089bc-47d0-4510-8ab5-3ad012606dc9,Myntra,bahut hi achcha hai sab kharide Maine mangvaya hai bahut hi achcha aaya Hai Myntra per suit bhi bahut milti hai aur item bhi ek se ek badhkar aata Hai main chahti Hun ki sab khariden Main Meri Puri shopping Myntra Se Hi Karti hun maine apne bhai ke liye Adidas shoes mangwaya tha bahut hi achcha aaya Hai please thank you Myntra thank you thank you thank you delivery bhi bahut hi jaldi aati Hai Maine 3 din pahle order kiya tha aur 3 din nahin Mera order a Gaya maine apne liye sandal mangvae the y,Fake/Counterfeit Product,0.913160563553354
e639e60b-6e49-41c0-8b80-e2adcfb19996,Myntra,😡😡मिंत्रा बहुत लुटता है मेने पावर बैंक देखा पेट्रोनस का महंगा दे रहा है 649रुपए का वही वाला मुझे 365 रुपए में मिला वह कंपनी वही रेट माल कितना डिफरेंट है 1 साल कीवारंटी 14 दिन की रिप्लेसमेंट इतना रेट क्यों लिया जा रहा है,Size/Quality Mismatch,0.4594505440971962
a419acdd-07b2-4645-9e3d-53090b9297cb,Myntra,good deal this,Delivery Failure,0.8877343054522544
f519f74f-888f-452a-a5e2-e2e9c0a2d316,Myntra,very much good,Delivery Failure,0.856231354489093
84959d6c-893f-4432-acde-6f6b13efddda,Myntra,ye app bahut achha hai,Fake/Counterfeit Product,0.9081525612675063
578729ca-fa40-4482-b2d3-33918931321b,Myntra,ऑनलाइनशॉपिंग,Positive Experience,0.5793715050639758
edef72c9-e1b7-4e0d-b79d-173618d5cda3,Myntra,froad aap hai damage product milta hai or esme return bhi accept nahi krte ye sab froad hai hamare sath froad krte hai ye,Fake/Counterfeit Product,0.7555309075002717
f19ebdca-7182-40c8-b5d5-8b0e19c22684,Myntra,sabse bdiya app hai,Fake/Counterfeit Product,0.9438527564388691
31ac102f-1f74-4974-b069-d605178b7479,Myntra,sabse kharab delivery 15 din ho chuka hai abhi tak mera order kitne hua ab hum dobara iske order hi kyon karunga Ekta ghatiya hai ki delivery Abhi Tak nahin Ho Paya aur online cash bhi le lete Hain 😔😔😓😓,Fake/Counterfeit Product,0.9220126187720259
55bd53b7-02e9-47ed-926a-2c39badcaa97,Myntra,bhot acha hai,Positive Experience,0.9130193626333512
08d61b92-ca80-4e1c-b82b-9f33b37d1189,Myntra,only fabricks,Positive Experience,0.6501298413541365
e8428bdd-7487-4af9-8f30-f58d1e4ef1e6,Myntra,"अच्छा है, वापस करने पर पैसा तुरन्त मिल जाता है इसलिए हम मिन्त्रा को पसंद करते है....",Delivery Failure,0.5587428829974592
417b2093-16b5-46a1-b85b-25a218c3866d,Myntra,wapasi ki samsya badi jatil hai,Fake/Counterfeit Product,0.5056651391020327
977f310f-489b-46f5-8816-53eff0cabbec,Myntra,Very good services of Myntra.,Delivery Failure,0.6026180066195688
1e0774d8-c69f-496d-bd7d-6fcc667f0f1b,Myntra,बहुत शानदार शॉपिंग अप है,App Crash / UX Bug,0.7274925394971848
80aec88e-aaf1-4a5c-9c31-2c1b58c25824,Myntra,super bhoth hi accha hai,Positive Experience,0.8417063916049539
4aa40707-e17d-4570-a86b-6a16c0ba62ae,Myntra,bekar price high,App Crash / UX Bug,0.4832301531925077
402f285d-0c2a-45e6-bb84-d401c06c6358,Myntra,मंत्र से मुझे एक समस्या है कि इनका प्रोडक्ट जैसे बीकानेर कोलायत जो डिस्ट्रीब्यूशन करता है जो यहां लेकर कोरियर वाला आता है वह जो मेरी लोकेशन है उसे लोकेशन पर एग्जिट नहीं आता उसके आस पास के 10 किलोमीटर के दायरे में आ था है,Size/Quality Mismatch,0.7086921574967507
efd6ab0b-909c-4adc-8e00-3c43e3b13674,Myntra,poor service,Positive Experience,0.41527616368904896
69436b87-519e-4bb5-b933-737f01ab3553,Myntra,Great Deals and pocket friendly,App Crash / UX Bug,0.8570004854508342
39e91be7-c669-4fed-ae17-23c3195b02aa,Myntra,"kuch khas nahi if they delyed your product delivery then don't aspect from them that they give exact same product, they give you wrong product and if you return they also delayed the return ,by this you have to call customer care on daily basis for returning the product.",Refund & Payment Issues,0.5948877922364015
1eb025f4-2c7c-4c3f-a37d-5e6fb2415f7d,Myntra,bahut khrab aap he ritarn nhi leta he,Positive Experience,0.8679478226687813
759eb74c-a233-4578-9d42-7979d5ec22f8,Myntra,बहुत अच्छा प्रोडक्ट था,Delivery Failure,0.8691275828687154
278811cd-a1e5-44ea-ade2-2469b185b4fd,Myntra,abhi to dhek rahe hai agar order jaldi aayega to 5 start dunga,Fake/Counterfeit Product,0.8148979094046872
6ece723d-2c24-4351-a38c-2d4794aee045,Myntra,super shoping app,Size/Quality Mismatch,0.9345540990640359
4f06eb9c-5365-49d4-beb2-0fc43ed76fef,Myntra,sabse achha,Positive Experience,0.9025317828106999
197de33f-d083-486f-be37-d104d12046fc,Myntra,bahutt sundar,Positive Experience,0.9053279338488295
cf8c0cec-489d-4d00-a2df-e0e3f65492f2,Myntra,it's amazing app for shopping,Size/Quality Mismatch,0.9564068885801078
fdde6521-6b30-42a8-9cb8-35dad25c99b6,Myntra,its good for shopping 🛒 here is all high brands available ..........,App Crash / UX Bug,0.8613920336572477
9250dbc1-f79c-48dd-b8fb-dfe62fe7253e,Myntra,my second ordar is best but first order is very poor quality,Size/Quality Mismatch,0.3433428698957837
378813e6-42b8-4289-9633-06164c6cd180,Myntra,जैसा ऑफर्स दिखाते हैं वैसा देते नहीं,Positive Experience,0.6922658865058999
4de5cd1f-a047-4644-8779-1940aebbc1a2,Myntra,Myntra bahut hi achcha aur first hai delivery bhi fast aur time per milati hai bahut Hi Suraksha ke sath mein kripya karke jyada Se jyada Myntra se kharide,Fake/Counterfeit Product,0.7851201860707097
6d2e7eb7-a827-49c0-bd54-635f3448d439,Myntra,bohot hi achha h systam bhi qailty bhi,Positive Experience,0.8723237902854152
45d12616-8653-42de-abb0-8c096d281c55,Myntra,me badiya tum btao,Positive Experience,0.9141800291343504
fa461f3b-cff9-4962-bed6-9f6a88407c6d,Myntra,Good service and Quality Products,App Crash / UX Bug,0.9341720452805227
db10274e-11b9-4768-9596-7eebdc1ce713,Myntra,Myntra bhorsa ka dusra Name,Fake/Counterfeit Product,0.6827764812297519
81658226-e655-4ecd-b017-4cc1ea88d76a,Myntra,~This is wonderful guys.....🤗,Delivery Failure,0.5936904703837781
12fed14a-063b-4cb0-8de9-ace281b93a70,Myntra,बहुत बढ़िया aap है और इसका प्रॉडक्ट बहुत अच्छा है,Delivery Failure,0.8699389013079337
61c16238-44f1-4703-b48d-0e5504c900f1,Myntra,सबसे खराब हैं में 14 दिन तक इंतजार किया लास्ट में कैंसल कर दिया अपने आप ही पहले डिलीवरी तारीख भी 22 थी बाद में 25 बता रहे 23को कैल्सिल हो गया,Size/Quality Mismatch,0.5222850519336896
8d17009d-c159-4c83-a8df-227732f70b23,Myntra,इस एप्लीकेशन से कुछ चीज खरीदना मेरे लिए बहुत ही बढ़िया अनुभव रहा है और मुझको वह सस्ती दारू में मिल गई इसलिए मैं बहुत ही प्रसन्न और प्रफुल्लित हो इस एप्लीकेशन का उपयोग करके,Size/Quality Mismatch,0.8748509150504031
c164c9af-45b3-4dfd-b7f2-9a93a0e76310,Myntra,isse acha to mesho he is pe pese bahut jada batate he pe mesho par kam ret me sahi saman milta he myntra aap se jaydha rupay lagye he aap aek bar mesho se mangava ke dekho,Fake/Counterfeit Product,0.8711445891172737
dd484eb5-e20d-417c-b144-469cbdf678be,Myntra,very good app really like it,Size/Quality Mismatch,0.9334039043327355
35e3483e-af5e-4e06-9390-850ad1d22039,Myntra,बहुत ही बढ़िया!!,Delivery Failure,0.887067490569069
edebb43c-ae9e-44c5-8ecf-81590280bc2b,Myntra,good working,Delivery Failure,0.9207348674176379
562d07c1-9806-42c3-8306-13c485ec9d56,Myntra,सार्विश अच्छी है,Delivery Failure,0.9257266290125052
4b9b9c6a-6726-421e-b8c8-f3cda84f40b3,Myntra,nice app time se pahale dilevery ho jati hai,Fake/Counterfeit Product,0.7597750127602272
500e86dc-a92a-4451-9518-a06d2fa9df78,Myntra,kapda me thik hai,Positive Experience,0.9081733275741751
ffe49bc3-681b-4268-a6a8-3d9c8cee6f41,Myntra,बहुत अचछा ऐप है,Size/Quality Mismatch,0.8989101536344594
f9e8327f-a8ff-46c1-ad2a-56f78f709e00,Myntra,original product,App Crash / UX Bug,0.7571154565119487
ad9eb93c-aea4-477f-813b-7d9fdf2bbe32,Myntra,cash on delivery please support me,Fake/Counterfeit Product,0.3537439454788406
4d1bf6d2-5aa8-4522-b214-44f74ed0018a,Myntra,इनकी पैसा रिटर्न करने की पॉलिसी बहुत ही घटियाहै,Delivery Failure,0.5738610013191672
827144c6-0621-45d9-acb8-5c351c49f544,Myntra,"This is very good, I did not know that online shopping can be so safe.",Delivery Failure,0.555738381684795
bf8d9b22-e9e5-49d4-805a-c616820a42fe,Myntra,सामान ठीक था केवल साईज छोटा है,Positive Experience,0.7349023706962386
5c42069e-8ee0-4e2e-b33e-79566abbe3cf,Myntra,l love myntra because cheap price and good quality.,App Crash / UX Bug,0.8163036676833547
b9452223-9232-46bc-a917-b8d832002f92,Myntra,acchi application,Size/Quality Mismatch,0.8976791992471125
0dfcb7ed-efa8-4a60-b743-494e5b8f4937,Myntra,cheap kharab bekar,Positive Experience,0.530844194565095
331c6e03-9df7-4b7c-ab45-b4692a820425,Myntra,very nice and,Delivery Failure,0.8884791805788401
d01aaaa4-6e60-41c0-96a5-34765e48e7eb,Myntra,My favourite Myntra,Size/Quality Mismatch,0.4265946580317725
5aa0d10a-8788-4be3-956f-d9d63c530e95,Myntra,ispe se cuoopan milte hai,Positive Experience,0.8414980851758337
9cc1644d-8660-4352-b461-10b7a1b9937d,Myntra,best shoping app,Size/Quality Mismatch,0.9310610535123353
a19ee5c1-347a-4cea-ac34-675e40511ed2,Myntra,बोहोत महेगे है है मीसो अछा है ईतना तो महेगा नहीं मीलता,Positive Experience,0.4568836515266135
8f4a6f8d-c80f-4549-8f78-472e85bd6df7,Myntra,THANKS FOR MYNTRA,App Crash / UX Bug,0.5198437902322973
30b6be9c-65b1-41ce-ac2d-3cc09d501d1d,Myntra,best skipping rope good price with discount 👍👍,App Crash / UX Bug,0.7670816182394384
0ae7dec0-c6cf-48f9-92a3-d5e7d543d4cb,Myntra,कमलेश चौहान,Positive Experience,0.8760134250928957
c5f1834f-009f-4849-a412-cb35bb2fe080,Myntra,disgusting,Positive Experience,0.7349023706962386
f8b2316a-1db2-4e72-9721-a10ad4e983a4,Myntra,बहुत सुंदर बहुत लाजवाब बढ़िया है,Delivery Failure,0.9001290580359012
81b56dd9-c128-4fbf-97d0-647a393436b8,Myntra,Rs. bahut high hai,Positive Experience,0.9027626441812189
cadd6c49-a0a1-4ddb-8470-0151deb1c7e5,Myntra,अमेजॉन फ्लिपकार्ट पर 23को सेल लगने वाली है में खरीदारी वह से ही करूंगा दो ही एप्स से करूंगा 🙂 मिंत्रा बेकार है पैसे बहुत ज्यादा खाता है तुम बहुत ज्यादा पैसे खाते हो हर चीज का ज्यादा रेट लगा रखा है तुम अगर सेल चालू भी करोगे तो सेल में पैसे ही खाओगे तुम लोग बहुत थकते हो इसलिए मैं इस एब्सेस शॉपिंग नहीं करता हूं कोई भी सपना करें यह ठेकेदारी चल रही सरेआम,Size/Quality Mismatch,0.7172271530052423
fc387925-1def-4815-bfe1-93e55790bf86,Myntra,अच्छा है लेकिन शायद सबसे कम,Positive Experience,0.515332147005715
055c3f37-dbd9-42a7-b1c1-17d31a39fa6a,Myntra,मालगुडी अंकुश करलेचालान,Positive Experience,0.46056543444107845
0a38ad18-4c8a-44e1-91a4-9c5dd754208c,Myntra,india's best all brands here it,App Crash / UX Bug,0.8367726390199186
4dffcc59-4a49-49c7-ac70-cc0ccaf75699,Myntra,"बहुत महंगे हैं कपड़े,,, हमारी ओकात से बाहर है भाई,,, अगर थोड़े सस्ते होते तो शायद मैं कुछ कपड़े ऑडर कर सकता था 🙏🙏👍👍",Size/Quality Mismatch,0.4477736452631934
d065c3d8-e3e1-46cb-99f7-7d4a6c116835,Myntra,order har bar cancel automatically ho jata hai,Fake/Counterfeit Product,0.7514050984739905
45f47c7e-5a6b-46c3-b0f8-9bfa58744232,Myntra,Product best Quality,App Crash / UX Bug,0.9541951323305433
31fe80f1-a59d-491f-8ad2-96af9e65a502,Myntra,मैं तो इस एप्लीकेशन का पहली बार इस्तेमाल कर रहा हूं ठीक लग रहा है,Size/Quality Mismatch,0.87089997694432
02afee23-2fc7-4110-8882-bf28b2584f2e,Myntra,बहूत बडीया हे इसके लीए मे इसको 5इसटार दुगा,Positive Experience,0.6193100598118174
fbe235cb-09e6-4ff9-8c53-5d52cf3ede43,Myntra,यह ऐप बहोत ही शुपर है और बीलकुल सही है,Size/Quality Mismatch,0.9284894306059146
8e89a5e8-e448-43b3-8491-9c38136d48e6,Myntra,This is a one of the best shopping platform products are really of good quality,App Crash / UX Bug,0.871833441503273
0c0fed48-f345-4caa-8bd6-eba56190023e,Myntra,बहुत अच्छा,Delivery Failure,0.9523431255595168
8f1ed455-82e1-4677-b705-466aa1f661d7,Myntra,बहुत खूबसूरत है यह ऐप बहुत सुंदर लगा है,Size/Quality Mismatch,0.7310367956725925
015829c3-2b83-45d4-9296-85ecb374b751,Myntra,बहुत खूब बहुत अच्छा 😍😍😍😍,Delivery Failure,0.9466307117420338
c905eacc-3a03-46f5-833e-914a48ac6985,Myntra,bahut achcha good,Delivery Failure,0.750129605239465
36c095e1-fe69-497f-a0a3-af3930351ad1,Myntra,best purchases with best quality.,App Crash / UX Bug,0.8356882647275677
e8c85cbf-0f31-4ba3-9571-f174c1520c39,Myntra,इस app se koi item mat mgvana ritun nhi hota hai,Fake/Counterfeit Product,0.9078247657381752
2d4fd5cf-5294-45ef-a6f3-970ae8b6aac8,Myntra,38 Manga tha lekin 42 ke lagbhag car size de Diya,Fake/Counterfeit Product,0.7484076158315093
37f0399a-2fe3-4583-9988-33c4d60b5954,Myntra,बहुत बढ़िया है,Delivery Failure,0.887067490569069
19b76497-3821-4cce-8bbc-c08797a9bed3,Myntra,kya bat hai mjo hi karniyo maintra to,Fake/Counterfeit Product,0.6310749270809854
49ed6719-79b3-43be-8e6d-f99e23fb750c,Myntra,हर सामान की प्राइस 1000+ ही है,Positive Experience,0.5430089985747978
f420bb37-8fda-4625-bb7d-e383de92d33c,Myntra,abhi mera oddar aay tab pata chalega,Positive Experience,0.8672597601237448
81e8e4d5-083c-4253-9a75-c899a6f3dd87,Myntra,mera ab tak ka experience bahut achha hai,Positive Experience,0.7805914564132472
a127a762-6ce4-4350-9309-1ac085e38056,Myntra,बहुत ही अच्छा ऐपहै,Size/Quality Mismatch,0.6273081071661245
3e508a5d-2810-4ec0-a692-2dc9992f9703,Myntra,मंत्रmyntra से भी बहुत अच्छा समान मांगते हैं स्नेहा ब्यूटी पार्लर नागौर में,Delivery Failure,0.9028637173977991
4b965690-8449-4099-bfbf-8a56a0985ee8,Myntra,order hi nhi hota he play now butten debeta hi nhi he 🤔🤔🤔,Fake/Counterfeit Product,0.8341825984341357
bc72acc7-3749-4410-ae7c-12025cd28b01,Myntra,I am happy,Delivery Failure,0.601075311572235
61209215-8d62-4e62-a538-77590d68a744,Myntra,is aap me kapde bahot mahange aate hai😔,Positive Experience,0.888058985995999
49d10241-459e-4e13-93fa-28e2c39cfd77,Myntra,fashion ke liye best app 👍😊❣️,Size/Quality Mismatch,0.6438908760729758
bcde364b-4ac0-4a28-b4da-43393912f9fb,Myntra,sabse ghateya,Positive Experience,0.558234581363786
71778ee4-4cae-43ff-b9e7-b7ef880cc38b,Myntra,bahut bahut achcha,Positive Experience,0.9286242659099825
243a2465-7e7a-405e-a140-b464ca46bea2,Myntra,bahut kharab hai,Positive Experience,0.8798746518320113
f9dc7631-3feb-4633-996f-ec9a6baf3d38,Myntra,बहुत खूबसूरत मैंने सोचा था उससे कई ऊपर ब्रांडेड ब्रांड,Delivery Failure,0.4987906281154375
6408098a-8f97-45a4-beed-d423b1618bdb,Myntra,Saman bahut mahanga hai mujhe bilkul pasand nahin aaya 🤢🤢🤢🤢🤢🤢🤢🤢🤮🤮🤮🤮🤮🤮🤮🤮🤮🤮🤮🤮🤮🤮🤮🤮🤮🤮🤮🤮🥵🥵🥵🥵🥵🥵🤬🤬🤬🤬🤬🥺🥺🥺🥺🥺😩😩😩😩😩😩😩,Fake/Counterfeit Product,0.6189586208164937
3d105e23-20c8-4a0e-a317-99360d04352e,Myntra,abhi mai 1 star de rhi hu agr achha shoping hua to mai aa kr aap logo ko btaungi,Fake/Counterfeit Product,0.7744349073189535
4cf6793d-90ff-4739-9a6a-adda98990fad,Myntra,excellent one,Delivery Failure,0.8464260805881813
9a3e2aa9-7f54-4608-b34c-5cb0a376b6ff,Myntra,price is very high,App Crash / UX Bug,0.5758055206135595
5299fbb8-3886-4d22-a73c-0b278b342bb7,Myntra,इस पर बहुत महंगी शॉपिंग है,Size/Quality Mismatch,0.48247374567661716
4c602dbd-f622-4212-b4da-5c5adb3a0e36,Myntra,"I purchased many products from Myntra. But it is not delivering any items in my pincode for the last 2 weeks. So, It's now completely useless just like Flipkart.",Size/Quality Mismatch,0.5048080652732295
2a1a1886-007c-46a1-8564-65639b43f3f2,Myntra,bekar hai Bhai,Positive Experience,0.7633070557543243
869e8d10-f63b-40fd-a04d-a8f9f0077175,Myntra,पहली बार खरीदारी की थी बेहतरीन रही,Size/Quality Mismatch,0.29232812791223217
970c8f25-f206-4856-bfc7-41103ddfd16f,Myntra,pehli bar app dawlod kar rha hu,Fake/Counterfeit Product,0.8619751511820766
37771710-cf18-46c7-8101-e0ff3dd1edd2,Myntra,बढ़िया है लेकिन बहुत महंगाहै,Delivery Failure,0.8089833914445517
0100a381-2744-4723-8c8d-b2cf5d8cf0a7,Myntra,अब दौर आपका है लेकिन अफ़सोस की आपके ऐप में हिन्दी के लिए कोई जगह नहीं? 😌,Size/Quality Mismatch,0.6540507823686585
4574b510-3fa7-432f-b6ae-444e5adf588d,Myntra,बहुत ही सुन्दर है,Delivery Failure,0.8287357817500054
84bafb93-a7fc-4ed5-9ef4-66c910450af0,Myntra,यह ऐप पैसे तो ज्यादा लेता ही हैं लेकिन रिटर्न पॉलिसी भी नही देता मेने boat rockerz 255+ मंगवाया था 3990 हैं लेकिन प्रोडक्ट डेमेज एक साइड काम नही करता और रिटर्न का तो कोई ऑप्शन भी नही है स्टाफ से बात करो तो बोलते ही बोट कंपनी से बात करो कोई भी इस झमेले में न फसे very bad exprince,Size/Quality Mismatch,0.8710117619915536
a38e51dc-3f5e-4821-a18b-9fe3cdd7e55f,Myntra,यह घटिया है,Delivery Failure,0.523477703339727
aa7fcb15-a4af-42f0-a6f1-78d29e191bd6,Myntra,यह एप्लिकेशन जनहितेशि हैं,Size/Quality Mismatch,0.8563501465696663
440dc429-d091-473c-9982-dc8e3004ebd0,Myntra,Fantastic app,Size/Quality Mismatch,0.923482382129819
d417d91b-d8e4-4ecd-990d-2fe2f5f32766,Myntra,यह बहुत ही बढ़िया है इसे डाउनलोड करें ज्यादा से ज्यादाकरें,Delivery Failure,0.7582028933360114
66fb2e44-3ea0-48ed-96ad-2aecf984aafb,Myntra,Acha app hai,Fake/Counterfeit Product,0.9620386088032802
0b737d22-f8a9-4cf6-84c9-1ea061a3b619,Myntra,कस्टमर सपोर्ट के डिलेवरी ११ मार्च२०२५ कन्फर्म करने बदल आभार,Positive Experience,0.5778372932097081
c3601d76-712d-4b5e-b34b-ea1adde768c6,Myntra,Very Very Good App For Clothes Shopping And Also For Branded Products.,Size/Quality Mismatch,0.7803235338157025
9d773a56-3676-4e07-a4fe-c72f6d1fa4ef,Myntra,मेरा अनुभव बहुत रहा है प्रोडक्ट बहुत अच्छाहै,Delivery Failure,0.8254019014290094
fca88550-50c3-4d19-92b5-5a4416ac7da8,Myntra,Koi return lene ke liye bhi nhi aa rhe,Fake/Counterfeit Product,0.9079778603214537
f0cb5d49-2f2a-4727-ad6d-15e50b20cc7c,Myntra,Best Online platform for authentic products,App Crash / UX Bug,0.7252320874864109
e5b4ab59-65b9-44e4-8d14-8d7981e25f18,Myntra,"Me myntra aap I had a lot of fun shopping, I got really nice clothes 😍👍",App Crash / UX Bug,0.5557099940026381
9196be25-0cda-4705-a684-912f898e6891,Myntra,A1 shopping aap,App Crash / UX Bug,0.636663342131371
b42f3f88-89b4-4574-aeb4-00fd55b8680c,Myntra,Vigyapan nahin aana chahie Na koi Ada na chhe na bhaiya banana chahie,Fake/Counterfeit Product,0.7898314798601123
78a67efc-da76-4c01-8e06-07f90648f4fc,Myntra,Best sovpik aap myntra,App Crash / UX Bug,0.6549771988733486
8add8ba1-5f1c-482a-8653-0ed28bc7a588,Myntra,Nice application shoping,Size/Quality Mismatch,0.9289012045812587
a1ebea84-cf06-4032-bfa4-4f5cc07f0bca,Myntra,बहुत सुन्दर रिटर्निंग भी बढ़िया फास्ट सर्विस करियर का,Delivery Failure,0.7246404509134285
5f6884f6-dc51-4ca8-b435-ed67bc1cbbbb,Myntra,Bahut hi Bura app Hai Doston ise download Mat kijye,Fake/Counterfeit Product,0.932494622337364
5db3bbd4-76a6-4061-91a6-e977789a7134,Myntra,Ghatiya services भरोसे के लायक नही किसी भी टाइम अपने आप पार्सल कैंसिल कर देते हैं,Size/Quality Mismatch,0.48732575915680093
cd565313-ddda-4635-9e01-c14a4fe7df15,Myntra,Very godd apppp,Size/Quality Mismatch,0.9394288998629701
3479fd96-cb05-4699-b7e3-e6d118f4305b,Myntra,Very good in everything,Delivery Failure,0.8850903079507215
25d54660-a4c0-495a-87c9-aa63d6c89425,Myntra,Nice rooms,Delivery Failure,0.8348343838889107
97975d83-2042-48ac-8cf7-813eb868bee1,Myntra,Very very very very very very very very very very very very very very very Good app 😘😘,Delivery Failure,0.6930100366214226
a2f10cab-7a1d-41dc-82d4-359e6ce84fb0,Myntra,Excellent service but return system n policy is not satisfactory,Fake/Counterfeit Product,0.2517019017979476
8a421469-32ed-477b-a27a-27a31e7d0a31,Myntra,Maruf Misha Collins Ave NE me hi hai,Positive Experience,0.5990124652008931
91a8b3c4-9ce4-4b44-8875-cb73746d7ecb,Myntra,बहुत ही अच्छा,Delivery Failure,0.9523431255595168
70872212-8eb2-494c-9985-29afdb64fc87,Myntra,God bless you,Delivery Failure,0.7372101233982212
246d04dd-3eaa-41de-b8c6-cfb92fd2e13a,Myntra,महा घटिया अप्लिकेशन है ये अपना ऑर्डर ट्रैस करने का नही देता है नाही डेलिवरी टाइम जल्दी देता है,Positive Experience,0.5691042991753952
c753f25d-44c5-4cd5-961b-74090bd7ce9b,Myntra,Good shopping app,Size/Quality Mismatch,0.9627548380392492
11579a79-29a7-48c4-b46e-c959eea579d8,Myntra,"मेरे पहले ऑर्डर पर मुझे अच्छा डिस्काउंट दिया ,धन्यवाद Myntra ।",Delivery Failure,0.6424558616715564
4456da7b-afcb-48ac-94dd-bc06f96f3dd5,Myntra,हमें 9000 की साड़ी नहीं चाहिए भाई,Positive Experience,0.6317032967052947
e01a283d-ed44-4c79-86aa-4f346b368960,Myntra,इतना ज्यादा घटिया शॉपिंग ऐप अभी तक मैंने कभी नही देखा मैंने अपने शूज का आर्डर किया और उसका पेमेंट पहले कर दिया उसकी डिलीवरी अभी तक नहीं हुई है और ऑर्डर 8 दिन तक डीलहे हो चुका है । . और अभी तक मुझे मेरा पेमेंट नहीं मिला ॥ कस्टमर की कोई care नहीं है । और order कैंसिल भी नही हो रहा है। 👎👎👎👎👎👎👎👎🥹🥹🥹,Size/Quality Mismatch,0.7545082985984
a852b56c-c82e-4e3c-b59b-9e3778db9870,Myntra,"Very good 😊😊😊💯 मै myntra पर लगातार 4 साल से खरीदारी कर रहा हूं, समान अच्छा देता है,",App Crash / UX Bug,0.4387723050306116
1e95454c-2a4f-4dcd-8cb3-29353bee3b7d,Myntra,यह बहुत बुरा है जैसे कुछ आर्डर भी नहीं हो रहा है और बहुत महंगा भी है प्लीज दोस्तों ऐप डाउनलोड मत कीजिए नहीं कुछ और कीजिए क्योंकि बहुत महंगा है इसीलिए हमें से एक भी स्टार्ट नहीं देनाचाहेंगे 😡😡😡👎👎,Size/Quality Mismatch,0.753144337540365
24e0b2a9-b977-4951-8a3b-d0efe80fe8ea,Myntra,verry nice,Delivery Failure,0.911003161054019
b269f800-7945-4841-b7d2-9664152c54e4,Myntra,Best app for shooping,Size/Quality Mismatch,0.982288992371252
bf986331-79a0-4431-8da7-5e88b71a741e,Myntra,बहुत ही अच्छी खरीदो चित कीमत पर वेरी नाइस मंत्र,Delivery Failure,0.6377707304454823
f2914de8-19d5-4ba6-994b-b08e1b86fda1,Myntra,Mera bhai magaya nice shert,Positive Experience,0.8440021291318148
c8960199-218d-4751-9cf6-567fe3c6b096,Myntra,Bahut bahut achcha product,Positive Experience,0.7668901350997482
cde71573-0caf-43a4-a215-7c3101adc3cc,Myntra,Best products quility,App Crash / UX Bug,0.9393117738177482
6cb08b7d-f648-4936-9660-c57ca5ac157c,Myntra,Mitra ki chij bahut hi acchi hoti hai yahan se order se Kabhi nirasha Nahin milati aur samay per parcel bhi pahunch jaate Hain bahut badhiya Saman Aata Hai ise hamen jyada se jyada shopping karni chahie Mera anubhav yah Hai Ki Har Kisi ko yahan se shopping karni chahie brand quality bahut acchi hoti hai Mitra app bahut mast Hai download Karen aur shopping Karen happy 😊😁 item per right per badhiya chhut badhiya offer quality jyada share Karen usse jyada shopping Karen dhanyvad Mitra god bless y,Fake/Counterfeit Product,0.9281921094221375
a2d74b88-656a-4e7b-bf79-d8c34fb33ba8,Myntra,Barot barnyard,Positive Experience,0.7349023706962386
09033554-f648-417e-9051-8fe237e0fa0f,Myntra,Good for shopping clothes online,App Crash / UX Bug,0.9021936492589981
828a4dac-8dc0-497a-b4b5-809aef633d1b,Myntra,Super shoping complex,Size/Quality Mismatch,0.6663254522623976
f7845816-a21e-4c2c-80de-912d6ecddc81,Myntra,महंगा है बहुत,Delivery Failure,0.7700167208052409
8209b360-b8d6-4e7f-8fa1-fac13a5e9f0c,Myntra,बहुत ही कम दाम में और बहुत ही जबरदस्त क्वालिटी के लिए हम 5 स्टार रेटिंग देते हैं,Delivery Failure,0.5935743365412873
37d4a76b-0b93-4b2b-8e64-03ff9796e6e0,Myntra,Amazing app,Size/Quality Mismatch,0.949732973317591
01379175-f807-4583-956b-9dad11c67f28,Myntra,Good work for shopping experience,App Crash / UX Bug,0.734674074415612
baf86112-b215-415d-a791-eb3621466d5b,Myntra,thats a good shopping application,Size/Quality Mismatch,0.8365383003067894
ca850785-1130-48de-84e2-808207fbcc9b,Myntra,दिलासा देते हैं मगर कोई नहीं करता,Positive Experience,0.6560291129058393
46ed56d8-c5a4-412d-bd22-c62c4b18ad79,Myntra,डाउनलोड होने के बाद ही पता चलेगा| 🤔🤔,Positive Experience,0.5008267252483889
dbf8ce86-5781-4715-8010-e73664d38bdf,Myntra,Very good product 👍,App Crash / UX Bug,0.9309411151519139
b9ea5db6-b0f8-4769-a76d-4f3ace8485e0,Myntra,Very beautiful,Size/Quality Mismatch,0.6037037007278109
f9fb57f0-034d-4b7f-82d7-f8fdaf86fe13,Myntra,wow good keep it up,Delivery Failure,0.8641073314492012
e1bc7dde-a72b-47ba-ae80-4e493a2d55d4,Myntra,Very very happy,Delivery Failure,0.9240402168810045
59c0c413-822a-40fd-87ab-d317d700513d,Myntra,Bhaiyo bahut hi kharab app h order kuch or hi karte h Or dilevered kuch or hi karta h hamare sath frode karta h please dowroad mat karna,Fake/Counterfeit Product,0.8885393858587477
d0c02275-ffb1-4a22-ae79-428dfcab3066,Myntra,Easy to use and affordable prices,App Crash / UX Bug,0.8028392730907239
6b92bdf6-ee77-4312-9e03-f7d5260bf310,Myntra,अभिषेक मद्धेशिया,Positive Experience,0.8641052376034655
fab58fd5-0f02-4b0b-93d6-5262b0f56d7a,Myntra,Good Quality Product,App Crash / UX Bug,0.9638640483554127
56b8cf0f-69e6-4bfb-8940-ed77e731fbd3,Myntra,Plz hum सभी coustmer ko batana चाहते hain ki saree order kiye the but quality color nhi pasand aaya 666 only return kiye h three saree tha one packed m tha amount 2000payment cash in hand myntra unfaithful h am from pratapgarh up hum instenly acction lenge with proof Bed responcse myntra,Fake/Counterfeit Product,0.8306053798526966
200696a9-56db-4c66-9dba-879623f18eda,Myntra,यह बहुत बढ़िया एप्सहै डाउनलोडकर लेते धन्यवाद,Size/Quality Mismatch,0.6641954344245263
762f4b7a-dead-4d53-98e6-9e7ce641a785,Myntra,India's Best Online shopping app in afrodable price.,Size/Quality Mismatch,0.7225317202068854
dc192e13-6f0b-4b62-bbf4-23b0ddad88d2,Myntra,Myntra makes our life easier and stylish i really appreciate and thank to those delivery agent who always try to coperate with us and do their hard work with patience 😊😊 thank you Myntra staff for always being there for us 🙏🤗,Refund & Payment Issues,0.4599723069204991
fb4ec2e0-580d-4088-97a4-daebd7a059ed,Myntra,Worst online shopping app I have seen,Size/Quality Mismatch,0.8416746471815095
a87052af-02fb-42a9-84fb-ae5cb4c88d5b,Myntra,Great bank balance,Delivery Failure,0.43375168649979906
a29671eb-b846-4256-a4a1-c80a021fcdda,Myntra,Bahut acha hai,Positive Experience,0.8476883884306312
3b1dd65c-b2f6-46aa-ba2f-aa9b16bd531e,Myntra,Bohot aatcha app hai Lakin bohot High price bhi hai kapdo par to please thoda price Kam Kar diziye,Fake/Counterfeit Product,0.8947992476997768
b6d9613e-787e-4f74-a70f-fbdb9c87f604,Myntra,Bohot khoob,Positive Experience,0.8975888850066518
fd3ae18e-a211-4143-8d59-ea6ae1e031a3,Myntra,magaram prajapat,Positive Experience,0.8711798799624422
f61b39b6-dcd9-4d22-bf65-dfb173a59227,Myntra,Very nice shopping app,Size/Quality Mismatch,0.9425183759138243
52480d42-fe38-460e-87b9-e0ea4c3ca92e,Myntra,Bahut acche bahut achcha hai per sari chijen bahut mahangi milati Hain Jo kisi Garib ke budget mein nahin agar yah sasta saman mile to isase achcha ek dusra nahin 🥰🙏🥰,Fake/Counterfeit Product,0.7908961490381777
def4da67-925b-4125-a0f1-cd38973e9f60,Myntra,बहुत महंगा सामान मिलता है,Delivery Failure,0.510268872943633
98bcae0a-5a0e-4341-9915-ecb4286fe84c,Myntra,Bahut kharab,Positive Experience,0.8793898859982521
35cfe5ee-62ce-4da9-ba02-e5e412aa4f14,Myntra,बहुत घटिया है कृपया कर ना डाउनलोड करें 200 का सामान ₹600 में बेच रहा है डाउनलोड कोई ना करे धन्यवाद,Size/Quality Mismatch,0.6318667691140963
677441cb-92ce-476f-9a08-68971a78fd03,Myntra,Very worst app. Products quality very bad.,Size/Quality Mismatch,0.44417218535663555
bb462e93-02b0-4cbb-930c-bf11b741d15c,Meesho,abhi meri ek return request h order ki plz pickup my return because 1mhina ho gya hai🙄🙄,Fake/Counterfeit Product,0.8152050008407594
c04dda4f-1b0f-46f2-9ddf-0f003ec2b6da,Meesho,meesho: is best,Delivery Failure,0.3897904755345542
779cc075-01d5-42c2-b87e-f94fadc2896c,Meesho,meesho very bad,Delivery Failure,0.41080552779138185
a790fb3f-c8ff-4d36-9952-fb301db77155,Meesho,My experience was good. Product quality is almost good.,App Crash / UX Bug,0.7075772277645178
2d458265-b042-4f29-9294-5d0c95d7a1a1,Meesho,scam 1st order please delete it as soon as possible,Fake/Counterfeit Product,0.27157938159223904
fba931e4-8fdb-4efc-9ca1-98519015970a,Meesho,"Ye bahut, achha or product ko jaldi deliver kar deta hai.Ek",Positive Experience,0.7985085869879052
0abcbad3-d71d-476a-bd52-97151cf71d3a,Meesho,nive appp price thumba changi ide,App Crash / UX Bug,0.8255770735054622
487c20bb-abb7-49cf-81fe-272d64a29271,Meesho,Amazing application 😁😁,Size/Quality Mismatch,0.9229958615361374
0d284780-5e27-4aeb-9cac-14ab56ab7406,Meesho,worst worst experience they always sending messages about pay later of meesho it is harassment so it is the worst worst worst worst worst worst app for ever,Refund & Payment Issues,0.6421320938297231
bd8f5af5-317f-4feb-b54f-a66dbeeb7074,Meesho,very good And low Budget but quality good,App Crash / UX Bug,0.8001065483356843
a763fe00-7974-4e5e-b3df-08054fd21917,Meesho,very nice and khushi vala aap hai,Delivery Failure,0.7996939839048399
17492b51-2eed-4854-bd77-60fe1337d2fc,Meesho,This is 👌 app,Size/Quality Mismatch,0.9043549297992237
20503c72-7f4f-48b0-922e-d91379dcc16c,Meesho,nice apps acha hai aap bhi download Karo,Fake/Counterfeit Product,0.743058148486903
e5837621-5f44-4f77-bb43-710332f80da6,Meesho,do kaudi ka platform hai sellers ke liye sirf loss hi loss hai,Fake/Counterfeit Product,0.6354231199168879
660de0c9-4480-42a1-9881-c96d8e4adfef,Meesho,this is good off,Delivery Failure,0.8672183791263984
0704d430-6803-4db4-949e-ccc7c663040c,Meesho,pls don't buy here the delivery executive missed my product called and requested once he get he deliver I waited 3 days n called he scolded me then i try to give complaint when I was over the phone he came to home and fought with me when I alone meesho didn't care even it is 2 weeks he is coming to apartment for another parcel and threatening I'm going to give complaint in police station His name is Siva Sushanth when he comes for delivery please becareful ladies. meesho not at all helping,Refund & Payment Issues,0.7241722691738645
e92e8f32-d2da-4f1c-acc9-e6811775a0c9,Meesho,verification problem,Positive Experience,0.535269865293799
240353f3-ea1b-427d-9624-66b8e66afec5,Meesho,useful app very nice!,Size/Quality Mismatch,0.9562978243862172
d8857f23-27d2-4651-8e1d-a9af774cd6e3,Meesho,Best application for shopping,Size/Quality Mismatch,0.6231044432669328
16797e8e-cce3-4674-a7fc-694234b817c9,Meesho,lalita. pal,Positive Experience,0.7349023706962386
3e79918c-0571-4b3a-8af8-312a48e8c542,Meesho,I ordered many types of product from meesho and I am very glad all items are very impressive and very good condition....I always shoping from meesho......,App Crash / UX Bug,0.44365917209957556
05952ed2-59d6-4147-9268-439e10bd92cd,Meesho,rajsahsahoo,Positive Experience,0.7349023706962386
f520720d-584f-429a-b039-5aded508e368,Meesho,Beat shopping apk 😍,App Crash / UX Bug,0.4187489114512134
431436ad-3517-403b-ae3d-f37425e62a6f,Meesho,very very waste app,Size/Quality Mismatch,0.7752280375974945
46d2d43a-2a0f-4ba1-b31b-103693609995,Meesho,best services and superb deals,App Crash / UX Bug,0.7798130387798704
4efc64db-0e0b-4dd5-963e-8df54e445c00,Meesho,"I had a very disappointing experience with Meesho. I ordered two quantities of a product, but received only one—the other item was missing. Despite paying for both items, my return request was rejected with a vague “fair usage policy” reason, which makes no sense in this situation. This feels like a scam and a complete failure of customer service. The return policy seems unreliable and not customer-friendly at all. I would not recommend this app to anyone—very poor experience.",Refund & Payment Issues,0.5292685861936166
6788a17e-ac34-4295-927e-4e0321719469,Meesho,Good App. Very Helpful.,Size/Quality Mismatch,0.9649475280054668
30594938-d688-4430-8377-07169bd9bf31,Meesho,"Well...being honest, this is the best marketting app,with no problems. 100% real,even offers amazing features like cash on delivery or return! . I really appreciate this app.",Size/Quality Mismatch,0.9109674946512971
c164b075-6276-4e98-a8cf-80fe420781c5,Meesho,low price but good products nice app,Size/Quality Mismatch,0.8385156460246922
7babb873-5acb-4086-a6ba-97472fce186d,Meesho,absolutely pathetic customer service and equally pathetic delivery service. The delivery executive called and said 'sir samaan bhaari hai kal aata hoon' then he never called and never showed up. I contacted customer service multiple times each time they raised a ticket just to close it the next day stating that my address is incorrect. Which is absolutely wrong. Every time I explained my address was correct but it was of no use. Eventually I never received the product. Below LINK DOES NOT WORK,Refund & Payment Issues,0.7765175204636435
dd92d7f6-059d-48a3-b332-36106d19377a,Meesho,the app is very good and nice. other apps is not nice this app is very good . this colity is very nice . thanks masho I hope you grow in past,Size/Quality Mismatch,0.8797721073306306
41b604ee-866d-469f-a6a6-6ec37a5380f7,Meesho,nice app I am happy 😊,Size/Quality Mismatch,0.9167831596938519
33505ca0-eeb8-4a1e-b059-4843bcea214d,Meesho,"Pathetic REFER & EARN PROGRAM [Total SCAM]. I successfully referred a user but never received the promised ₹75 reward. I’ve contacted customer support multiple times via chat and phone, but all I get are repeated “Please Wait 72 Hours” responses with no actual resolution. Customer Support (Chat & Call) filled with full of DUMB & USELESS persons. No proper EMAIL SUPPORT to escalate the issue. Horrific Experience!",Refund & Payment Issues,0.6850798585257439
eb9e16b0-6a6e-4181-bbfd-53b570b1c74e,Meesho,bhot vdiya,Positive Experience,0.844875799585958
0f43ddc4-e9be-4172-b917-6f11d43ee9a2,Meesho,good service,App Crash / UX Bug,0.5652150576422287
9ef9ccc8-9cbd-4f17-9f21-30946f4e8c23,Meesho,I love Meesho,Positive Experience,0.49422450788886146
8d0e13b7-c442-45cf-a980-f0375288a003,Meesho,very good quality and less price,App Crash / UX Bug,0.9389996707446123
1ea6405e-730a-4e65-a0af-f22f2eb03483,Meesho,this is a bad app cheat everone😡😡😡😡😡😡😡😡😡😡😡😡,Size/Quality Mismatch,0.8823027214073205
02a1bf83-0ddd-43ac-80b9-3347892cbd23,Meesho,best more than flipkart,App Crash / UX Bug,0.3448914869034513
9e991b6b-21cf-4f91-bc9d-c9ca77e9e548,Meesho,It's have good products,App Crash / UX Bug,0.9257049644310704
af5ee2b0-8887-4b64-91a7-564e1711f09b,Meesho,this is the best app,Size/Quality Mismatch,0.9442555134146561
097083c9-6664-4e24-8e01-5c2a1f998432,Meesho,मीशो ऐप शापिंग करने के लिए बहुत अच्छा ऐप है । यह कम कीमत में बढिया सामान उपलब्ध करवाते है। ताकि हर कोई खरीदारी कर सके। प्रोडक्ट की क्वालिटी भी बढिया रहती है। इतना अच्छा ऐप बनाने के लिए आपका बहुत-बहुत धन्यवाद।,Size/Quality Mismatch,0.8698959012261847
aba3bed9-6808-4d47-ab66-74236c3d23e7,Meesho,nice I just love this app,Size/Quality Mismatch,0.9222735502761005
a448c904-1e96-4c31-beef-baf0536e7b81,Meesho,very good perfume ❤️👌,Delivery Failure,0.8643323903633071
18193d3f-4362-4446-93ab-09c04a7fbb3b,Meesho,good and low cost and middle class budget frnd this app and products,Size/Quality Mismatch,0.6380213521892932
4ff5ce85-ed14-481a-8903-232faf113957,Meesho,very delayed delivery to improving delivery fast,Refund & Payment Issues,0.4887230774398388
b2613b38-ee5a-4545-8c57-23e9c4864512,Meesho,the money got debited from my account but the order did not placed if I call the costumer care they are not taking any action upon it,Refund & Payment Issues,0.7430390606547603
4e3b6461-753a-403c-952c-11fefaeb3c0b,Meesho,very good app because he gave very good and gentle products,Size/Quality Mismatch,0.836048406496625
c8339a2e-92e4-4dbe-b12f-ab1a602e6f10,Meesho,anamaika mirsa,Positive Experience,0.7349023706962386
4c6cef39-7012-43b0-ac71-fd6f27172e85,Meesho,koii b order time pe nahi deta hai. aur cancel ho jaata hee. not interested,Fake/Counterfeit Product,0.8914610145822424
5ae06c8c-6b5f-45af-b382-c9c6143221e0,Meesho,it's a good app for purchasing and that product quality it's good,Size/Quality Mismatch,0.8827955416550225
29823bf6-0a56-4553-adbb-d87e53cb146d,Meesho,best saller,App Crash / UX Bug,0.7797412658619652
5b624d16-b963-4429-9b2f-7d26dac14b16,Meesho,I am very surprised and satisfied with the quality and responsiveness of the platform. products are also good. my entire online shopping experience has been revolutionized by meesho. thank you Meesho for making the difference.,App Crash / UX Bug,0.44022959061242817
4163a1c7-b751-4f42-b37c-2c337676f389,Meesho,very bad app . firstly 12 product ordered which wasn't ordered by me not even I have seen the product and delivered to me . and 2nd thing is that when I said this that I didn't ordered All this products delivery boy is so rude behaviour and vulgar. delivery boy didn't know how to talk to female. he abuse if you denied to accept it.,Refund & Payment Issues,0.6121322171782563
a99613e5-9ec6-46f5-ae32-72d4e1822215,Meesho,not working failure issues,Delivery Failure,0.5708801955883016
85cdb010-78c6-4b24-90b4-ac9563b00dea,Meesho,50000 discount give me,Positive Experience,0.5625774535562907
d747cb3e-38ed-4229-9322-54f5f6d391be,Meesho,I'm oder 2 z plant but. meesho sand me only 1 plant. but I'm online payment. 2 plants.,Positive Experience,0.4371201376086667
571bf277-5370-4985-9499-b91789bbcf91,Meesho,nice useful app good experience,Size/Quality Mismatch,0.8404739848217504
1a5a0791-c05e-4ad7-928b-5c16d16aacc7,Meesho,best company',App Crash / UX Bug,0.5363866406863872
7cc2b175-664a-4c82-8c3d-bbe7fdf9ba45,Meesho,Best prices so far,App Crash / UX Bug,0.5287378948687895
64200f95-1e99-4e7f-8cb2-d28120ecee49,Meesho,my favourite app,Size/Quality Mismatch,0.9195024303155328
d8dc4e06-8b34-4322-ad0d-bc97a547c07f,Meesho,Worst app not picking up product from last 10 days just extending the dates don't buy any thing from this app worst CX service,Size/Quality Mismatch,0.49197442465336694
c83e0979-24b4-4f47-a880-848701a61cba,Meesho,very bad 😞😞😞😔 looser,Delivery Failure,0.5147407481938762
8feac903-e67c-46bc-b832-ea4f31527dfd,Meesho,awesome quality with pictures price and rate,App Crash / UX Bug,0.7926390050778984
dd65979c-15f7-4b0c-a907-3936efa611f8,Meesho,शिवा jatav,Positive Experience,0.8805343047279438
51aa2f7e-aedc-4068-b6aa-1e9dcc736085,Meesho,"Dear Meesho Support Team, ​I am writing to report a serious issue regarding my Meesho Paylater account. ​I attempted to clear my outstanding balance of ₹240, but despite the amount being deducted from my bank account, the app still shows the balance as ""Outstanding."" Due to this error, I tried again, and the payment was deducted a second time. ​Currently, a total of ₹480 (₹240 x 2) has been debited from my SBI account, but my Paylater limit has not been updated and the status remains ""Unpaid."" v",Refund & Payment Issues,0.5054844992811252
74db9dd4-7b1b-4c81-affa-5535a15804bc,Meesho,very usefull shoping good products,App Crash / UX Bug,0.8764302136247466
48d23f34-5e7a-485f-83f9-04dd1782a6a6,Meesho,mesho sellar account very bad third clas sarvice don't use everyone,Delivery Failure,0.32657626768292314
bb38d7ff-529e-482e-8bb0-f01fe1c5f582,Meesho,This app is very useless. The price of the same product is high in my phone and the price of the same product is low in another phone. Before logging in the price of the product is low and after logging in it is high. Most useless app.,Size/Quality Mismatch,0.42891490102870466
35edf93b-c4ab-40b5-a4e4-ddcf2e295ff8,Meesho,best affordable price products have its,App Crash / UX Bug,0.9377585678721315
4851e13c-aa33-4a91-8a97-e3d78fac88dd,Meesho,very useful low budget for the products,App Crash / UX Bug,0.5231364732906993
7ad0395c-9977-417f-8303-57c8f6233a84,Meesho,Amazing discounts and offers.,App Crash / UX Bug,0.8300897515089887
d1c0f8e2-80f5-4f5d-968c-6a81656cba5d,Meesho,best app Kam Nahin kar raha hai,Size/Quality Mismatch,0.8106436135706447
aac1998e-ce43-48a0-b078-8f94ee8abf21,Meesho,meesho pay later is bast 🥰🥰🥰🥰🥰,Positive Experience,0.5539015126572101
a340f0eb-16fd-46cc-8ddf-05d52c8096e7,Meesho,the meesho balance is the best where you can get refund in the app,Size/Quality Mismatch,0.49851477705174546
8efcfe54-b603-474b-8011-38b2e61dae86,Meesho,यह ऐप अच्छा काम करता है पर इसमें एक feature yah bhi ho sakta tha ki ek tarah ke product ek hi jagah list karke dikhaya Ja sakta tha balki ismein Aisa nahin Hai उनको अलग अलग करके दिखाया गया है जिससे प्रोडक्ट को सेलेक्ट करने में टाइम लगता है बाकी इसके अलावा यह बहुत ही अच्छा है और डिलीवरी फीचर बहुत ही मस्त है,Size/Quality Mismatch,0.7543033152314325
1fbda0de-4c1c-47dc-948b-96f2726dccb4,Meesho,it's good not bad,Delivery Failure,0.8349949342909421
966b158e-85c8-432a-95f7-c1f85101932d,Meesho,Meesho ak gatiya app hai .. pehele to use product bejhta hai phir maine return kiya agent ake return le bhi gya ...abhi tak refund nehi mila .... agent ko call kiya bol raha hai product kho diya humne ...kaisa agent hai meesho ka chi ...,Fake/Counterfeit Product,0.9297847554378459
11b50918-fa1f-49d6-9957-0141f1941e92,Meesho,bhat acha app hai . budget bhi acha hai,Fake/Counterfeit Product,0.8943020605875889
40945dcd-7566-41de-8c7c-cecb7f4c2a8d,Meesho,best app as well as you will get thes best items at affordable price . great app every pho e must have this app,Size/Quality Mismatch,0.8152354832464589
ef443416-39dd-4e55-9ba7-78a23e1543ae,Meesho,"CC s Zzw,es w0498 ee c wkb301=/+me know 1 sey www a sa re",Positive Experience,0.7732152594378613
338ba88a-d9d8-494e-9d20-2ce3ae02a949,Meesho,me sabse zyada yahi app use krti hu best app h.......but aise kyu kiya free ship kyu hta di....😦😦😦😔😔😔,Fake/Counterfeit Product,0.739467155391952
d02daef9-2bfb-4fa2-80e7-e396b768843d,Meesho,"App interface, variety of products, prices are all good except one main thing, which is courier partners. Meesho courier partners do not pick up the product from seller on time and do not deliver the product even when it has reached the nearest hub,and it stays at their centre for days as the expected delivery date has still not come. And while ordering, meesho shows customer a long delivery time, after shipping, it reaches the nearest hub in 4–5 days but gets delivered on the last expected date",Refund & Payment Issues,0.5285674351086767
833c728f-e2c6-4b74-816e-cc5dd096b759,Meesho,online Best app,Size/Quality Mismatch,0.9474411837434209
5e994cf8-64f7-4bf7-9598-5f0fc6129530,Meesho,isme Oder ceseled ho raha hai,Positive Experience,0.8736618902672546
af3f043d-7c3a-4169-9438-65f57980e787,Meesho,very very useful and budget items. please don't change,Size/Quality Mismatch,0.5428419285523332
73058b1e-aa78-4bab-abea-cc8637390d99,Meesho,Best amongst Alllllllll,App Crash / UX Bug,0.7277035160935919
8f192ea3-de13-4762-b82c-b18baeff12b5,Meesho,"sometime I received a wrong product, but sometimes received very good items in reasonable rate,Meesho always quickly resolve my queries and respond instantly. Thankyou Messho",App Crash / UX Bug,0.7148062351926325
49ef1d93-f492-455a-8ff1-2f338f8be615,Meesho,always my favourite app,Size/Quality Mismatch,0.9085142699453416
18100127-534e-4709-8928-495cfa1df70b,Meesho,"Meesho, why have you added such high charges for Cash on Delivery? Do you think people who choose Cash on Delivery are very rich? You should think about this—if a product is being sold for ₹50, it becomes ₹70–₹80 with Cash on Delivery, which is not fair. Also, the two options you provide are the worst and very disappointing. The “Pay Later” option is not useful because if a product is arriving late, then the customer doesn’t even need it anymore. I would like to request you not to do this 🙏💕",Refund & Payment Issues,0.5795903105776151
e8ed3d33-19e7-4772-bc2a-df11dea01d5b,Meesho,meesho is very good aap and all things are in discount in this aap,Delivery Failure,0.5623592866845641
9fc11bb3-bd29-4a4c-9e97-21b4a9ef6809,Meesho,"love this app,,, luv u meesho team 🥰😍🤩😘😘😘😘",Size/Quality Mismatch,0.9425016747104241
023f8b2d-74f4-4ee2-afda-d0bcc12eee79,Meesho,delivery too late,Refund & Payment Issues,0.6524134827223893
865369a5-2ab2-4aa3-83fa-fb029616fd70,Meesho,"never got my cashback,i applied 3 times cashback offer but ever received.",Positive Experience,0.5644101144084234
933bbf8a-73e2-407e-8a38-4ba107a74fc4,Meesho,ek bar mene ek ordaer mnagaya tha vo acha nhi aaya mene return krr diya or return krne ke bad mere pese nhi aaye,Fake/Counterfeit Product,0.8951833045734008
9eb02e8c-cd48-453f-9eef-4f6e29c489ac,Meesho,very bad app,Size/Quality Mismatch,0.7674179670934778
3f8cd784-638f-41ac-b2ab-0507ca5dd08b,Meesho,super app amazing work,Size/Quality Mismatch,0.9329447605543073
e9f7c063-953b-4f5e-be24-c1b137731b45,Meesho,bahut achcha expensive,Positive Experience,0.8653335759203218
e602e0dd-5fd2-42c4-aac5-3718cf844fd3,Meesho,The best reasonable online store app,Size/Quality Mismatch,0.8990322726576763
c05e9948-af59-490a-91c7-3e4a3a6e604f,Meesho,meesho product chala bagunai,App Crash / UX Bug,0.6290176691523515
2537533a-d862-4032-b829-a02ecf990319,Meesho,reasonable prices n free delivery option Good,Delivery Failure,0.3875555523302169
251ad3f3-05cb-4469-be6b-c35489813dae,Meesho,"i am extremely frustrated that my order from February 26th was cancelled, yet you have kept my advance payment and refuse to issue a refund. My repeated attempts to resolve this through your poor customer service have been completely ignored. This experience feels like a scam, and I strongly urge others to avoid your service. I demand an immediate refund of my money without further delay.",Refund & Payment Issues,0.7377354654857788
038b8a5e-845b-4115-89a7-3d277eae2e73,Meesho,verry good,Delivery Failure,0.9223586900659185
4388c85d-cb80-450e-8065-d7ace1c885ac,Meesho,Anjali vishesh Dhandekar q,Positive Experience,0.8827179501708997
d745f558-e46e-4c74-bf16-f3a80cb900a6,Meesho,worst app in the world,Size/Quality Mismatch,0.5756233923785932
eaed8626-78a8-48a9-98f5-5dde5d64dc33,Meesho,nice app supporting,Size/Quality Mismatch,0.9560822295022489
48bc0eaf-a64c-4846-a36c-88484a3f74b0,Meesho,ths mesho is very good and i wnt to order more n more tq so much mesho company ....👍👍👍,Fake/Counterfeit Product,0.3521145966928413
b0648286-c0ff-4acf-aa25-d4b47cf09dea,Meesho,I CAN'T OPEN THIS APP THEY FLAGGED MY ACCOUNT FOR ABSOLUTELY NO REASON UNACCEPTABLE,Size/Quality Mismatch,0.582771406105121
2756d5ea-77b6-4e8c-895a-e25426a3aa8d,Meesho,"in messho all is going well,once i uses pay later service in meesho after that it's not working,n even app is also not starting,n due payment message are continuously coming,but the app is not opening in my phone so I am unable to pay my dues",Size/Quality Mismatch,0.6945218109333926
bfebc232-e1bf-4354-8587-b3c88ff109ef,Meesho,awesome and great,Delivery Failure,0.5480247828191606
f86fc956-f4b0-4a3f-8162-29b23bcd0796,Meesho,"Pathetic. I ordered floor mats of 2 combo with 10 pieces mats with 5 piece in each combo pack but i received only 1 combo of 5 mats. Now i'm stuck. Neither i can return nor i can initiate a partial refund as Meesho shows ""request failed as per fair policy"". The irony is that i choosed ""all issues easy return"" option though facing issue. 🥲",Refund & Payment Issues,0.6746495383831723
8552fb97-c2d1-46a4-8dde-e8944d3ef98d,Meesho,it's very helpful and easy way of shopping and the clothes quality is best the clothes is colour and designs very gorgeous 🥰🥰,App Crash / UX Bug,0.592555593585667
80484c6a-aedb-4dfe-9c16-cd377fc89391,Meesho,mesho provide better experience and better price then Flipkart and shopsy,App Crash / UX Bug,0.26011927823136155
c449a623-393b-4585-8e14-99381bb7030a,Meesho,it's more useful for us,Size/Quality Mismatch,0.8286468697247578
65a36a80-a18e-4de2-af3c-60dd2016dc78,Meesho,it is best shopping app. it's products are very good in quality with lower price,Size/Quality Mismatch,0.7636352176450845
d6f236b8-062c-48be-ae6f-c3f11e8bb92c,Meesho,product is very good 😊👍,App Crash / UX Bug,0.9060183599703947
ed21a8f1-88f0-4d77-9f57-f773702adfa7,Meesho,bad product,App Crash / UX Bug,0.8743013496904608
f64f94cc-242b-4255-bd9f-641bcb80f15e,Meesho,best experience ever,Delivery Failure,0.4509621820626747
1248f1e8-e82d-4a2a-b30b-1536ee36f086,Meesho,useful application,Size/Quality Mismatch,0.923150088037846
87b8704c-274d-40c0-9add-46d6b59ec3ad,Meesho,viratrathor,Positive Experience,0.7349023706962386
968c3164-eddd-4485-83c0-d0c3be04632c,Meesho,Very nice Products✅️,App Crash / UX Bug,0.9195616536926752
06b2e17f-3197-4c0a-b39f-75fa0178e9c2,Meesho,Meesho as per their convince they can cancel your prepaid order I have experience many time so I want to say SASTA BHI GHATIYA BHI MEESHO,Fake/Counterfeit Product,0.4820043113188861
0b9a8d09-bfc7-4bd8-bcd2-38bb3a40bd48,Meesho,cash on delivery Bina matlab ke band kar diya,Fake/Counterfeit Product,0.8329142026785021
713be242-ffe3-4087-bf48-d948857dbf5e,Meesho,Amazing app i love meesho.,Size/Quality Mismatch,0.937912622734359
fd42dd9e-884e-4721-a1aa-0fa4528388f8,Meesho,"Not trust worthy. Choose the products carefully, lot of cheep products with fake information. And courior partners are new to this and not coustomer friendly. Really disappointed.",App Crash / UX Bug,0.6158306735384225
47fe458d-38c1-4b26-8147-3306aefdcfce,Meesho,best platform to earn as teenager I love mesho,App Crash / UX Bug,0.35478545984974963
dc1ce758-4660-4771-8a03-0b447b76f08f,Meesho,waste app 😕 why do you cancel the orders. when you can't deliver don't do,Refund & Payment Issues,0.8158449328443715
ed12ff1b-8a82-47d4-9e5a-f42570d60f6b,Meesho,meesho very helpful for shopping this spp become my primary,Size/Quality Mismatch,0.6162128467511239
0e69b0b6-601a-4257-8e5f-6787c1f09579,Meesho,achha laga,Positive Experience,0.9282907798651403
af0e10c0-3adf-47eb-8fcf-efb8c59c7674,Meesho,nice app very good,Size/Quality Mismatch,0.9183097800925513
f8aa3666-86b1-44ce-a4dd-3c36c78802f7,Meesho,This is the best online shopping centre especially the return services It is very fast and simple....thank you meesho 😊😊😊😊,Size/Quality Mismatch,0.6183390123024797
5ecb0aab-4ff9-434f-88ad-24a3230bc678,Meesho,Should be door stop delevery partner is calling outside for delevery. please improve delevery process. Thanks,Positive Experience,0.4327535420250726
ba43b28f-eaa0-4ef2-84e2-52ca0a194ef1,Meesho,"This app are very interesting , useful and beneficial app . I am using to 1 years . I am very things to purchase . This app are taking the low amount of money 🤑 . And giving best to best quality .",Size/Quality Mismatch,0.9344128107431933
fc31f495-e48f-4219-ac66-94eef1bc77c5,Meesho,VERY NICE PRODUCT,App Crash / UX Bug,0.91765751285476
bacb9b89-8d7f-4722-b32f-f49085f571d3,Meesho,Good shopping,App Crash / UX Bug,0.5547963170579363
f9a7c146-9ddc-44ed-bda1-5b665e091d06,Meesho,"good app , rate affordable any others online shopping apps",Size/Quality Mismatch,0.8957127020682012
6f6d8db1-513b-4764-9c46-758d5569cf4f,Meesho,best app to use,Size/Quality Mismatch,0.9178421946127383
b09953b4-f257-4322-83fd-0267aeda3078,Meesho,cheap and best,App Crash / UX Bug,0.8612887983844008
eed4329b-cf33-4026-a06c-f630a51bfcbc,Meesho,An easy budgetable shoping 🥰,Positive Experience,0.6548574048280859
c9ddea05-7ef4-4ed4-b408-c737814abc32,Meesho,bhut asha h ye app,Fake/Counterfeit Product,0.9187952693118007
52b36532-4131-4d24-aed0-0f58580c3c8a,Meesho,Better than Very Costly App like Flipkart and Amezon. Amezon and Flipkart Provides very low quality products on high Rates.,Size/Quality Mismatch,0.7112732891731998
e1884037-1af9-490f-b1e4-089bad724e50,Meesho,this app give very bad quality of products and the image shown is different and if you order something they will give something different.,Refund & Payment Issues,0.3985858981506226
61a884c6-cbb9-4564-8c41-f02d9e26b92d,Meesho,best shopping app meesho,Size/Quality Mismatch,0.9407704992252299
9cf5c607-4b03-4c83-9645-1aec80ebf907,Meesho,facing problem in opening the app,Size/Quality Mismatch,0.8439556552627755
57d0693c-2674-4d15-82d7-3b15f2be9105,Meesho,this is the nice app in Play store quick delivery Brand new collection and amezing costumers service nice app,Size/Quality Mismatch,0.921708951395984
5be35f69-ba81-4cc2-82f7-6d67c560fdcf,Meesho,bahut sasti chijen milati hai,Positive Experience,0.8954048389949423
96b3d645-f7b2-4b41-a5df-b4cf458a0fb6,Meesho,very bad service from meesho not sending the correct product and not returning the wrong product and not refunded 😡. very bad service 😔😔😔😔😔😔😔,App Crash / UX Bug,0.5057514496308266
470eaf14-3ee0-4e26-bc25-8e027ab09fd2,Meesho,nice product and delivery system,App Crash / UX Bug,0.8237177040203744
3ff01ca8-2de9-4033-89d5-5847b259dd7d,Meesho,best price,App Crash / UX Bug,0.8592971078724674
f482bc1c-71b9-4110-adeb-d3e906e3d9c8,Meesho,इस ऐप को मत यूज ये लोग professional ठग है exchange return refund भी नहीं दिए है मुझे मैंने online pay किया था पर product return करने के बाद बदले में मुझे मेरे पैसे नहीं दिए शिकायत 8 बार की सारे फोटो विडियो भी दिए पर इन लोगो ने बोला कि हमने तो दे दिए है पैसे और जो working days होते हैं उसके अगले दिन मिल जाते हैं पैसे पर नही मिले मत करो इस ऐप पर खरीदारी खासकर online pay तो बिलकुल मत करो ये पैसे वापस नहीं करते हैं और product भी defective देते है मैंने consumer help line पर इन लोगों की शिकायत कर दी,Size/Quality Mismatch,0.7367729845247079
d1eb3199-bb7b-4372-8493-faa5f04cee49,Meesho,maine online payment kar diya order shipped dikhane laga aur ab user verification fail dikha raha hai?,Fake/Counterfeit Product,0.8430701688320367
4ad8f87e-fa5f-4873-959a-b185ec50f6a7,Meesho,thankyou misso,Positive Experience,0.8017688571450023
ab917837-07d7-4df6-8634-79dcb0f664a7,Meesho,all the best,App Crash / UX Bug,0.5922438687873269
fdccc4a3-7a09-40eb-a9b0-0d34d4e2c231,Meesho,this is the very very bad app or it's services is very worst I humbly requested to all you that please save your money and time and keep distance to the misho app... order cancelled many times on the time of delivery..... and no any update shown before the date....,Refund & Payment Issues,0.488391092120618
ae0aa631-8b61-4166-8a85-7c740090293a,Meesho,well personally I wouldn't it is ficially fine for the consumers who want to buy products on low prices l.,Size/Quality Mismatch,0.6598793198852422
f098f86d-6b84-40a4-a278-cc3313b4ee95,Meesho,best for middle class,App Crash / UX Bug,0.8337459297006375
ee350192-d37f-4cba-b693-bdba3341974d,Meesho,I was not instered this app,Size/Quality Mismatch,0.7970038969810405
baa71438-f154-4d39-b80e-fad8db842f2b,Meesho,good expreince,Delivery Failure,0.8561247025501478
a974b1a9-7e35-463c-902e-1f708165af29,Meesho,bad quality product,App Crash / UX Bug,0.9144362273131736
778eeb64-8bf3-4a1b-b8bd-f36ecd2fef4c,Meesho,"when I try to open his app , it do not open and a message pops on screen that your verification failed ,you can't access this app so contact us ....I have tried multiple time to contact it's team but every time call said they all are busy attending other calls .....I fed up trying it again again. it's team is also not solving my problem it been several months I have trying it again but doesn't work so it's my last option to put a review regarding this app.",Size/Quality Mismatch,0.6241371748988698
8dbc0e59-6091-4fa7-a179-40e65d0202b4,Meesho,very nice aap,Delivery Failure,0.9333994583442408
75ce00f2-b538-46b4-b12e-74987e254c00,Meesho,vefj ucl oib,Positive Experience,0.7349023706962386
7f5817c0-e023-4b8c-aec7-578631746476,Meesho,Amazing Products include here,App Crash / UX Bug,0.8440259722063367
4844b05e-e885-45bb-b2ef-bc43272a2619,Meesho,very bad service 😡😡😡,Refund & Payment Issues,0.32032017435225074
50feff67-161b-42e8-92f6-0ff5cea1b3ba,Meesho,I had purchased Coconut oil from Meesho but it is not pure. When I reached to Meesho customer care they refused to provide help saying that the return period of 7 days is over. Since I had used the oil after one month how could I file a complaint earlier. I am too much disappointed as all money paid has gone wasted. Though I am a regular customer of Meesho but having this type of experience I will not recommend anyone to purchase anything from meesho.,Refund & Payment Issues,0.7048256809081106
63a82947-40d3-4018-99e8-4e44bebb7dd1,Meesho,mare channel ka naam ballebaaz-diary hai,Fake/Counterfeit Product,0.7497970191780967
c55688df-407e-438a-b335-0b29ce470442,Meesho,nice plateform 💖,Delivery Failure,0.8348343838889107
47ad31f4-118e-4a49-9e7b-e4cdfdf0327d,Meesho,Don't Install this app.🤬🤬🤬🤬🤬🤬🤬,Size/Quality Mismatch,0.8199786465264246
35eef575-af31-4a04-a481-6293972262d2,Meesho,very very bad it is a fraud app don't order anything from this app it's fraud,Size/Quality Mismatch,0.7331686220455378
258fab4e-35dd-4aa4-b237-ceac112ef304,Meesho,amazing app hai yar jitni bhi tarif karo kam h yah mujhe har tarah se madad karta h chahe meesho pay leter ho ya loans ya product ho thanku so much meesho,Fake/Counterfeit Product,0.8849136776730413
b2b9062d-d11f-4019-9c7e-b42e958cdeaf,Meesho,overcharging,Positive Experience,0.7349023706962386
9d5dd4c2-7a2c-405b-b620-9335cef2fdd5,Meesho,The worst feeling created on this app,Size/Quality Mismatch,0.7087104116536347
8ffd8815-ec53-43b9-bc80-a772329d9a66,Meesho,App super... Products also nice ✨... Meesho for ordinary people 🥰... superb always,Size/Quality Mismatch,0.8563946201588786
03058d73-c3f8-4af8-b986-96713cda5918,Meesho,best apps for low price,Size/Quality Mismatch,0.7020902465659196
7be785ea-8251-4425-91dd-f85d7fba66e6,Meesho,app install nahi hota ha,Size/Quality Mismatch,0.5100855445994238
d8023072-67e5-4f0c-8d3e-85bd3bc9d148,Meesho,Nice Aap meesho,Delivery Failure,0.8444443318553599
faebc53a-d007-4aa4-998c-f9ecd33a21d2,Meesho,this app is so good 👍,Size/Quality Mismatch,0.9102784970219743
b4ccf804-b10e-4726-adba-5d6dad13e241,Meesho,I returned a product 8 days ago. I supposed to get a refund of Rs.1068/- in return which i haven't received yet. Spoke to Customer agent multiple times but no resolution. Is this some kind of fraud meesho is doing with customers. pls refund my money ASAP or i will write to consumer court....,Refund & Payment Issues,0.7570204783584622
54714dcc-a898-40f5-9e27-b44924ffbf1f,Meesho,just awesome 👍,Delivery Failure,0.9140601727065875
1378b06c-144f-4a98-9125-fef0e8e02777,Meesho,very good for shopping,App Crash / UX Bug,0.840567801681676
08392a10-155b-4c73-94f8-0a8f24f79754,Meesho,ek option QR pay ka bhi add karo...,Fake/Counterfeit Product,0.8199891704134444
4e094c1e-bccf-442c-8016-d85338e3f1dd,Meesho,nice product at lowest price,App Crash / UX Bug,0.9453243628170853
2fc625b5-2823-4ed3-bcbc-e66b26526bf0,Meesho,bhut acha app hai duniya ka no 1 sabse acha ap h,Fake/Counterfeit Product,0.9015420083671575
c56c3f54-dd4f-40ae-a664-ec43660965a0,Meesho,nipa kisku,Positive Experience,0.8834838537702616
7f400c7d-81c6-4af0-b4e0-10eb71c2c01c,Meesho,Everybody sabake sab chor hai saale,Positive Experience,0.6720171762605647
ed30ef3d-3697-43a2-8bb8-7e3104ba316f,Meesho,Mera ab tak Jitna Bhi order Aaya sab theek thaak tha lekin Jab Mera order Ek Din galat aayega to main star Le Lunga 😁,Fake/Counterfeit Product,0.920461220990574
df9082a5-b0f1-44dd-8022-1fce4c90f84d,Meesho,very very bad shopping aap,App Crash / UX Bug,0.4401436246503641
dfbaf4c8-f428-4a3b-a4df-27628c3f8bf7,Meesho,"Honestly, Ring app is very useful and I got me loan. My loan approved within 5 minutes. This app is very secure I used it as a Personal Loan and got a 50k Loan for Loan for Shopping. The process is simple and the UI is clean.",Size/Quality Mismatch,0.8062349464093526
529502e1-46b9-4a4f-83c5-cd1dc47da348,Meesho,"Easy to Purchase the product, and overall amount is very budget friendly 😃",App Crash / UX Bug,0.8437475666990217
57b2cc1c-9e55-4d7f-9b01-0ae2357a117f,Meesho,please allow us the cash on delivery option 🙏,Refund & Payment Issues,0.4103010103250127
2706cb70-1ae1-409b-96c6-6ffd5f9ade9a,Meesho,"thank you meesho for pay later option, and timely service quality products 💯 I noticed that meesho shows the same item but different price 👍 the aap is praised for good quality product",App Crash / UX Bug,0.6482855068160995
27ab65ce-d915-4638-85cc-dd3afbecc65c,Meesho,I love meesho am a great fan,Delivery Failure,0.30901499847088076
6b8b110d-2d93-4550-846f-70c6aad2a193,Meesho,very good shoping market,App Crash / UX Bug,0.7259245889096774
c80b2c59-5114-435b-b10e-7da5f155e20d,Meesho,Actually my experience with meesho is good but my account got blocked because of the bad courier experience.... I don't have my courier and the reason they are saying I'm not accepting the parcel ....... i am uninstalling this app ! still I don't receive any calls or my orders,Refund & Payment Issues,0.5041790594422102
d606f596-1c5d-4dc1-9afe-3a62ef438cc7,Meesho,HOME ACCESSORIES AND ALL GOODS ARE AVAILABLE IN THIS APP. FOR VERY HELP FOOL IN ALL NORMAL PEOPLE,Size/Quality Mismatch,0.8924067096478879
caf29fca-ec97-4277-8785-bad2848ccb6a,Meesho,I like the products,App Crash / UX Bug,0.7879765058451547
28001009-9475-4147-98f8-103ed53b4983,Meesho,lajavab app hai,Fake/Counterfeit Product,0.6336310001184524
83a4a291-ef0f-4cdf-a6ff-883088ac1286,Meesho,Delivery bahut kharpa hai bahut let hota hai 15 dina tak delivery nhi hota esa acha hai ki maine flipkart se order kar doon cancel karke,Fake/Counterfeit Product,0.8729804521627214
96222fa0-d6e4-4035-826c-b30597739c12,Meesho,Bahut hi accha experience raha 😊 Delivery time par aayi aur product quality bhi expected se better thi. Packaging bhi safe thi. Definitely recommend karunga 👍,Fake/Counterfeit Product,0.6843763129568623
bd250db9-4ddd-4f35-be39-c2286845926d,Meesho,ammount is high product jyada mehga bech rha hai or kharab,Fake/Counterfeit Product,0.6088639802516767
d2cdca3d-f91b-48d3-8d60-59c926bc3edb,Meesho,the app is you,Size/Quality Mismatch,0.6854524753943648
490685f0-fb4e-457a-8803-283310a914eb,Meesho,fraud and useless customer support. they accept return requests but don't send anyone to pick up the items. They would ask you to self ship the return and don't refund even after that. what's the purpose of acknowledging and apologizing if it is still not resolved.,Refund & Payment Issues,0.7854234824033869
462dc039-9c9e-4fda-924d-5faf1aed2870,Meesho,meesho app,Size/Quality Mismatch,0.827651065227124
e9c74776-3f85-4468-b9ff-3e6346cc241b,Meesho,pure clear,Positive Experience,0.7349023706962386
58099a30-d8ff-49a3-b0ea-2a8b0d5e3826,Meesho,"hfhdhrhfiih 🧕🥻👠👑🕶👛👨‍👩‍👦‍👦🏃‍♀️🕴🧖🏽‍♀️🙍‍♀️🙆‍♀️💁‍♀️🤰🤰👸🧜‍♀️🎅👩‍✈️👩‍🎨👩‍🏫👩‍🍳👩‍⚕👮👩‍🦳👩🧠👁💋💄💍✍️👋👌✌🤝🤲😻👻🤕🤥😨🥱🥵😤☹️☹️🤡😎🥰👌( ･ㅂ･)و💰(っ'-')╮=͟͟͞͞🎁) ✨✨💖💖✨💖💖✨✨ ✨💖🌹🌹💖🌹🌹💖✨ 💖🌹🎀🎁👩🎁🎀🌹💖 💖🌹Love you M 🌹🌹🌹🌹🌹🌹🌹 🌹✨✨🎀✨✨🌹 🌹🌟🎁🙆🎁🌟🌹 🌹🌟🎁💎🎁🌟🌹 🌹🌟🎁💖🎁🌟🌹 🌹 Happy bday 🌹 🌹🌹🌹🌹🌹🌹? ✨✨💖💖✨💖💖✨✨ 😜😜😜😜😜😜😜😜😜😜 😜🎀🎀🎀𝓗𝓪𝓹𝓹𝔂🎀🎀🎀😜 😜🎀🎀🎀𝓐𝓹𝓻𝓲𝓵 𝓕𝓸𝓸𝓵'𝓼🎀🎀😜 😜🎀🎀🎀🎀𝓓𝓪𝔂🎀🎀🎀😜 😜😜😜😜😜😜😜😜😜😜 ,",Delivery Failure,0.8510777820283504
2ed5f8ae-413e-4b63-8e0c-96e4e4ce7739,Meesho,badhiya app hai,Fake/Counterfeit Product,0.8720666936281469
eb19230c-4b8a-45e8-8592-0d92eebfc90e,Meesho,very good and very nice products,App Crash / UX Bug,0.8820579271984832
75e5f14e-e946-4367-ac43-f74bcfdfabc8,Meesho,Meesho is the best product yes ok .,App Crash / UX Bug,0.778873099006883
fe18b1c5-203e-4816-b017-4608ad341c6a,Meesho,"Very misleading pricing! The product shows 86% off at ₹181 on the main page, but when you open it, the discount drops to 62% and price jumps to ₹489. This feels like a bait-and-switch tactic. Extremely disappointing and breaks trust. Please show accurate pricing upfront instead of confusing customers. Low quality products and not sufficient details of products",App Crash / UX Bug,0.46303393572231777
fb6d08cd-34b5-4f89-a59a-d9efe94854ae,Meesho,sellers oders yendhuku cancel chestunnara lanajkodaka... amount refund kaledu,Positive Experience,0.6061179747225977
f233607c-9c2e-40e6-b3f6-9af824a265e0,Meesho,meet variya,Positive Experience,0.7349023706962386
150064cb-016d-4ca9-bdcf-373ae54d5992,Meesho,"Worst app I've ever seen. Somedays ago I ordered a tshirt from meesho but received different printed tshirt. When I requested return option, at the pick up time they were claiming that they sent me actual product & Quality check failed at that time. & now they are not helping because quality check failed. But that was completely their fault. they sent me different printed tshirt and now they are claiming they have sent actual printed tshirt.",Refund & Payment Issues,0.5991174282635194
2d8962ac-b999-4bf7-9abc-dbb114d73621,Meesho,online payment karne pr delivery ke naam pr scam krta h cancel bolte h or delivery kr deta h or customer care se baat karo toh koi action nhi leta h bahut bahut bekar aap h ..............🤬🤬🤬,Fake/Counterfeit Product,0.882226204506129
f6fed40f-6a3c-4cf9-9edd-53b88fc3e537,Meesho,It's a very useful app because it provide a least amount of product so it's very good 😄,Size/Quality Mismatch,0.8962731424206769
6e842691-b0e2-47ff-aeee-16c6619af3e7,Meesho,hadephone dea do please 🥺,Positive Experience,0.5841109465220421
2d8add64-116c-441f-8c17-4203510e7e0a,Meesho,very bad this app ek to wrong product delivered karte hai aur product return le Jane ke baad paise bhi refund nhi karte hai Mera 850 rupee nhi refund kiye meesho wale itna frod app hai ye so please isse koi shopping na kro,Fake/Counterfeit Product,0.9432303264484914
ee4dad0d-4ba7-4cf6-a7f4-e911ffab7c4d,Meesho,"I have purchased 1 rose toner which i received with empty bottle, when I asked for exchange, meesho not allowing and asking for photo which was not applicable on meesho.now I have wasted 157rs for a empty bottle",Refund & Payment Issues,0.4336983117520189
6fddd3bf-443d-4783-9550-0f7e12e5e81f,Meesho,very nice packing and very nice,Delivery Failure,0.6700961460724275
8b068923-23b7-4541-95f7-363ed3abb8a3,Meesho,good good all good,Delivery Failure,0.8741780268421218
e6e6c29a-a059-4ae6-8cea-115587382283,Meesho,I'm not able to share the products. link is not opening when i share the products on watsapp to anyone. please fix this.,App Crash / UX Bug,0.6546792939585003
0f5106ff-052d-416e-84f1-5cea87b7a7b5,Meesho,খুব সুন্দর,Positive Experience,0.8827180954816841
6fe58f83-852e-4202-9210-22c477c417f6,Meesho,U 4th u66u go out,Positive Experience,0.7323580483053996
43040ec4-436d-47c1-a287-e2f2f966b96e,Meesho,nice app ha,Size/Quality Mismatch,0.9670284783866456
e47555f2-03c1-458c-859e-e8ff1d979bfc,Meesho,received empty box & no return or exchange was provided,Fake/Counterfeit Product,0.5902521933330622
47aceb7a-fe6a-42d0-9997-6acf1ae7ff48,Meesho,"1. *""बहुत अच्छा अनुभव, प्रोडक्ट की क्वालिटी भी अच्छी है।""* 2. *""सर्वोत्तम सेवा, मैं फिर से खरीदारी करूंगा।""* 3. *""बहुत बढ़िया, प्रोडक्ट समय पर डिलीवर हुआ।""* 4. *""अद्भुत अनुभव, सभी को रिकमेंड करूंगा।""* 5. *""बहुत अच्छा, प्रोडक्ट की कीमत भी सही है।""*",Delivery Failure,0.5789797637039609
5d5c1826-915b-432d-8c83-5e6b8d923bbc,Meesho,meesho have everything you need anything if you have low budget go in meesho if you have high budget go to meesho meesho is best 🤗🤗👍😀😍,Size/Quality Mismatch,0.2170705349989548
6609757c-91ac-4b02-baae-16936d2b6843,Meesho,trusted meesho,Positive Experience,0.6480611555028872
cf303f54-ce2e-4226-8615-517c113792ba,Meesho,"I ordered Mamaearth Sunscreen, but instead I received a completely different product (The Derma Face Serum). This is clearly a mistake from Meesho’s side. When I contacted customer support for return/refund, they refused saying it is not covered under their policy, which is completely unacceptable. If a wrong item is delivered, the customer should get a refund or replacement without any issue. shows poor customer service. I have all edit - below provided link is google form asking access.",Refund & Payment Issues,0.8136674327205619
0d7d629a-9435-4ac9-b923-7bcbaf8749be,Meesho,Good quality of products,App Crash / UX Bug,0.9401266629791069
f0540e0b-d4e1-4884-a77c-e2382f2ee98f,Meesho,Best for shopping 🛒,App Crash / UX Bug,0.8838116260004977
01d42f9b-3918-4ea5-b05f-9f68c5d34fd2,Meesho,best delivery app,Size/Quality Mismatch,0.5144430331266167
0f928ba0-9ee4-4bba-9094-fa2346ff6d05,Meesho,super service,App Crash / UX Bug,0.23364075814303514
24f389e9-0d9e-40c9-8e3c-c64fef33e95f,Meesho,bahut acha or sasta app h,Fake/Counterfeit Product,0.7826363206569656
b0fc1e6b-5a47-42f5-9a5f-ff85986f4aa8,Meesho,this app all order for dressings and author ordinary,Size/Quality Mismatch,0.80074108904141
f29731d5-63a8-44af-b8ca-79e5a9ed188f,Meesho,"worst application,and worst customer care",Refund & Payment Issues,0.6698497911556476
deacb4c5-1cc6-4b2f-93d8-431762ffda4e,Meesho,nice app and product,Size/Quality Mismatch,0.8803987312082265
ed779444-7d68-415c-9565-c9cb587d0ac6,Meesho,YE APP AEK BAHUT ACHHA HE,Fake/Counterfeit Product,0.8690627551875556
87fa03cd-e96b-45b9-a4fe-ce99242ea51d,Meesho,customer service no available,Refund & Payment Issues,0.4785038159071859
61510908-660f-49e3-8612-6bc9f38f6908,Meesho,good face wash,Delivery Failure,0.8561247025501478
ca531d4a-1504-428f-9620-f53572a9e257,Meesho,best meesho delivery ke bare mein bahut achcha hai mere khyal se sabko Vishva use karna chahie Koi Saman laane ke liye chhut bhi achcha milte Hain,Fake/Counterfeit Product,0.8966050676089475
62fcd543-6ac6-4065-8f8c-948b384e5fb1,Meesho,1 nomber chij ha,Positive Experience,0.8988896673845967
73be9011-dab7-4757-86e2-3252fd67581a,Meesho,"this is very helpful app, for middle class people it's a good app for buy any product in their budget 👍 personly I like too 🤗",Size/Quality Mismatch,0.9510807348626068
d12859da-7565-44b4-8428-6293c5623d32,Meesho,mast ap hai,Positive Experience,0.8617931485032735
67075c7e-137a-4c69-999d-e155db30e25a,Meesho,kute ke bhaw har saman chuna laga ke,Positive Experience,0.7571637126765414
7fdb1cf2-00b2-4ec3-8d69-5ded98161abc,Meesho,I am happy with meesho,Delivery Failure,0.38834365623843425
b37617d6-2b84-4690-9f77-83af155412bb,Meesho,meesho app khup mast aahe aani product collect khup ch mast aste aaj parynt product kharab nahi aal khup ch bhari,Fake/Counterfeit Product,0.7432750437510907
83ac8f08-2862-4df5-949d-65d47d6679d3,Meesho,when we will order they were shipping very long day and also reaching is too late,Refund & Payment Issues,0.8366942556487483
6755db70-98ce-4dab-a42f-eafe81cb6910,Meesho,"best app... you can find items for more cheaper than any online shopping platform also some products may look like that they they are not up to the Mark, but the products which have more ratings given by people, can be considered as a genuine and good product... very satisfy by the product",App Crash / UX Bug,0.3965098029809605
da5c1cff-4f69-4a4f-b388-90c7f32d874e,Meesho,Good products provide karata hai,App Crash / UX Bug,0.9010062894235198
3916c2be-e90e-4886-91e0-9c9ebdc9e196,Meesho,discounted price.... good,App Crash / UX Bug,0.7663328103820826
7abd6b1e-2b8a-403a-9481-d657e3d11064,Meesho,my feeling is good app meesho,Size/Quality Mismatch,0.9500971331137509
a39ca2f6-da12-486a-95f3-5b930e657f18,Meesho,nice app and nice. product,Size/Quality Mismatch,0.8342296644703875
490ea199-aff8-4e4f-bfda-f6176afc44ec,Meesho,very nice delivery time,Delivery Failure,0.6282478369933353
6ce76fa5-779f-42ec-a110-4049dfa29549,Meesho,Poor Service same as your delivery partner. remove call back option and tracking option from my ID.,Refund & Payment Issues,0.7870604646297074
586a2187-f0f0-4bfb-8ec5-e47256f85fb4,Meesho,Thank you for This app,Size/Quality Mismatch,0.8929683473175569
988e1703-a666-4138-ae61-8de03e983a79,Meesho,BAD DELHIVERY SERVICES EVER I JAVE SEEN WROST SERVICE AND NOT DELHIVER ANY MY PRODUCT TOO BAD,App Crash / UX Bug,0.6830481968239482
2f31a565-8a62-408d-8832-7710a9c7bddc,Meesho,product is good,App Crash / UX Bug,0.9134776945691939
f78ff96b-6462-400e-8c1e-2f24b98fc4f0,Meesho,mesoo is better than flipcard and amzon,Size/Quality Mismatch,0.3069717425125326
1e00da7c-3049-422b-97b2-bacc18bf1f87,Meesho,yogic shsgjsvdhdysns. hen night 😪 to you and ur friends and ur family in the evening ✨ to the family in a day with the evening of my dear friend Eid is a day of my life is a good 😊 to you and ur friends 💕 you ra and ur friends 💕 and happy birthday to u and happy 😁 and ur friends with lots and ur family and ur friends with family of life thamudu and ur friends with lots to stay in the life thamudu and,Size/Quality Mismatch,0.3936767180479805
81830328-c201-419a-b1b0-4043785c179d,Meesho,first I got bad experience with meesho but now the excitement i can't say. brilliant collections and outstanding service in delivery and return policy thanks Meesho,Refund & Payment Issues,0.6710957587684793
91ce0f88-ec0b-4e0f-8d90-736d9a362807,Meesho,meesho was I liked app because this neesho was very low price and high Caulity products thank you meesho🙏👌❤,Size/Quality Mismatch,0.857490750795956
72d66e87-d33e-4f51-8b7a-27fe9b8021d6,Meesho,better experience,Delivery Failure,0.5192928698514114
f72c608b-96ac-4b44-88b4-ad54416dfcc4,Meesho,congratulations👏,Positive Experience,0.7349023706962386
6449eb40-fbdc-48b6-9fc5-44f6f9ebdf82,Meesho,yes meesho good for low price shopping,App Crash / UX Bug,0.7157741741796141
a5944427-44d0-4b5c-a0f0-80f113c1d223,Meesho,bahut achcha,Positive Experience,0.8653335759203218
6ee4d9ef-2d36-4336-9a6d-f78ccaddf06f,Meesho,meesho app best and use,Size/Quality Mismatch,0.9118436771532477
9765769a-c5b4-41a9-81b8-88d6f1dcc5ad,Meesho,yah bahut kharab app hai isase kabhi bhi shopping nahin karni chahie yah logon Ko bevkuf banate hain aur unka order unka nahin pahunchate hain,Fake/Counterfeit Product,0.9331724669478072
cdfa29b4-5721-4330-adac-a32c1b31f1c8,Meesho,bekar hai chor hai...return request ko initiate me rakh ke product return le gye ab paise vapas karne ke time bol rhe ham apki koi sahyta nhi kr sakte..kuch mt lo inse,Fake/Counterfeit Product,0.905575323335673
af3871b3-9a9c-4aee-af91-d09af207a3b3,Meesho,not able to repay the amount ..worst service I ever seen literally calling customer care 1000 times but no body responds,Refund & Payment Issues,0.8065584116530996
dc26a741-1bae-4e40-bb8b-7d47b969c503,Meesho,easy to use . also giving affordable price product adorable,App Crash / UX Bug,0.8721868720970847
0f835a65-8f3c-4a81-880b-1ed9f7801b1c,Meesho,Really Amazing.,Size/Quality Mismatch,0.5016530724351047
f16ac032-8cd4-4d81-9208-45b9b8a327a5,Meesho,this very bad experience l am order a product and automatic cancel delivery partner is very bad don't use this aap l speak other person don't use this aap,Refund & Payment Issues,0.7249390683592974
e9d5e158-23a7-4f27-b6b1-68276df26acb,Meesho,"distribution, quality, purchase, all perfect all in all items",App Crash / UX Bug,0.7640956129802585
985c98e5-ef1c-4be7-b4f4-36af351d9fef,Meesho,hello meesho iwant 1 help iam searching for 40 inches extension hair .weight 500grams.3 layers,Positive Experience,0.558099197756477
a7f6c6af-2837-4b19-9b27-9d3d9bff1a99,Meesho,very nice good aitam,Delivery Failure,0.9249109557152858
9a430443-8128-4940-920f-70d6b4195651,Meesho,veri nice meeso ❤️,Delivery Failure,0.8348343838889107
c3e0e267-7221-4f58-b910-69269e2b179b,Meesho,fake app because meesho is not working properly,Size/Quality Mismatch,0.7607574510357209
6d06ee41-d28c-4213-9f01-9af31d05edf8,Meesho,wow nice helpfull app,Size/Quality Mismatch,0.9218770912283965
004cd7bf-383b-4e96-bbe0-1591a1b6d9d8,Meesho,fraud & scam company chutia company land company vharwa company.,Positive Experience,0.6932983294209082
0b872b7e-465c-4f39-b1f5-79778efc9fd4,Meesho,this is useful,Size/Quality Mismatch,0.8162830958003127
c7f6e7b6-8d20-47a8-902a-83b4fe99180e,Meesho,बहुत अच्छा he,Delivery Failure,0.9247763847731122
29f6114d-19a7-4d18-aeb8-ec968cbf26c8,Meesho,india no. 1 best app for free delivery👍,Size/Quality Mismatch,0.7887659170591041
0e855fdd-824d-42e1-b103-c562b5c40917,Meesho,तढचयगतीयगतगयी बरठक्षिक्षखरारगर गलगश्रखश्रखश्रगश्रखृ,Positive Experience,0.7349023706962386
97b6e0c6-4aae-4772-a8ae-76008babb529,Meesho,"Meesho टीम ध्यान दें। डिलीवरी बॉय दिए गए एड्रेस पर नहीं आते। अपनी मर्जी से कहीं और बुलाते हैं और बार-बार कॉल करके परेशान करते हैं। मुझे अपने पहले ऑर्डर के लिए मेरे बताए गये एड्रेस से 2 किमी दूर जाना पड़ा। जब मैंने शिकायत की तो डिलीवरी बॉय ने रूखे अंदाज में कहा - “लेना है तो ले लो, वरना वापस ले जाऊंगा।” बहुत खराब अनुभव। कृपया डिलीवरी बॉय को ट्रेनिंग दें। अगर सुधार नहीं हुआ तो ऐप छोड़ दूंगा।",Size/Quality Mismatch,0.7190734147944082
df64fa3d-506a-4199-8812-be5c1f591287,Meesho,meesho aap chalu kar do sir🙏🙏🙏🙏,Positive Experience,0.847485672218966
4797a7c6-b2c5-4f2a-9c0c-adb0c4edbdd3,Meesho,This this is very n app it is actually working,Size/Quality Mismatch,0.6998472185350944
4d2fcaf8-f524-43de-8f43-5e31ee2e4dd8,Meesho,आछ है थिकु,Positive Experience,0.8760134683903129
69a20457-9298-4740-9753-dff0001219ad,Meesho,very well app,Size/Quality Mismatch,0.9376599485392223
b6c6b31d-dddd-46a2-ab30-0f6a980f8320,Meesho,avneesh gautam,Positive Experience,0.8760134547366979
5b0d8bb4-557c-452c-980b-32195ecddde4,Meesho,ak number kaa ghatiya app hai delivery bhi nahin dene aate,Fake/Counterfeit Product,0.9171152133069709
5c9379e9-d4cb-4c31-aae9-8984c9cb09cc,Meesho,a one app download dise app with your choice,Size/Quality Mismatch,0.6753845409727657
99bc80b9-f125-45ab-8eda-ecfd620cb3e7,Meesho,करडा रोड बागमाली,Positive Experience,0.8834837816297165
66d0d6dc-9228-4bb4-a0f2-bb14bce845a7,Meesho,Best wishes app,Size/Quality Mismatch,0.899628276708904
0099ae68-065e-4471-ad19-5844c607c179,Meesho,बहुत खराब स्कैम,Delivery Failure,0.47411171928243523
536f6ed6-bf11-43d6-abcc-a052e50f60d8,Meesho,thanks for order,Fake/Counterfeit Product,0.295633819605997
0e468a24-c802-4af8-b9c5-75dc3a0aaf0d,Meesho,Shiva singh,Positive Experience,0.8834837085667271
7e3e46cf-df62-4031-9f04-3a29c7349b1b,Meesho,best app for Discussion 😁,Size/Quality Mismatch,0.982288992371252
fca72826-9930-4a3d-a8cb-6461948ae465,Meesho,ऑनलाइन खरीदारी के लिए विश्वसनीय एवं बेहतरीन प्लेटफार्म,App Crash / UX Bug,0.7341285027878055
d685c17d-4771-4cd5-81f4-bbceeba3ad0d,Meesho,baker app pagal banata hai ye download mat karna mara,Size/Quality Mismatch,0.7106320243669532
62a6f103-e634-49f0-8370-1ae778b3ba44,Meesho,meesho per achcha saman milta hai kuchh bhi order karo powder achcha,Fake/Counterfeit Product,0.5953459310815596
0ee83127-b13f-45ec-ab14-792e321daf8f,Meesho,mere account me price jyada ho rha hai kam karo,Positive Experience,0.7607627774887001
5bf4b7ef-8fc8-48ea-bf86-affa1236ef3c,Meesho,राम राम सा बहुत छोटों,Delivery Failure,0.9066752355318274
1f9391cb-ad27-4ef4-8326-d6dd9bbe417e,Meesho,bahut acha very nice👍,Delivery Failure,0.5650380784085207
ea28b701-b6e0-40fc-a366-9fae252123d3,Meesho,ye aap bahut accha hai,Positive Experience,0.8985561347603861
d849c2a6-0c72-43a2-8c4f-9d78830e3f45,Meesho,äT se My ni,Positive Experience,0.8469890574952199
c82038b8-3c20-4cac-87c5-78301c9932d9,Meesho,mesho app ak froud app hai maine apne dosto ko reffer kiya per mujhe mere refer ke paise nahi mile maine customer care me bahut jyada call kiye chat kiye per agent ne mujhe her bar 2 din ke liye kaha per meree problem solve nahi hui,Fake/Counterfeit Product,0.9463390899588034
cad64a0c-1d47-4da2-bc1d-e37f8520fcd2,Meesho,भरोसेमंद aap,Positive Experience,0.7289040482996274
964cf603-466f-47f2-a0db-160d0ae22a31,Meesho,भरोसेमंद app,Size/Quality Mismatch,0.930022459892656
6eeca236-1007-4cdd-9b3d-f95a9c61491e,Meesho,yah bahut acha hai,Positive Experience,0.7935730555606588
8f012266-5e54-4188-adf5-b9b72ee774ca,Meesho,Lakshman saini boy UP20 wala Kmahwkas hai na to be in a few minutes and refresh your memory and the same time I was in a call from a very nice day and time of the same time as I can get a good idea for a few more things to be the best for the same to u dear Manoj Sharma and Sunil Singh and Joseph a banks of river is a good time in,Refund & Payment Issues,0.5361267027705032
b12bf757-c09a-4c32-88d2-0de8344ed749,Meesho,कैसे डीलिवर,Refund & Payment Issues,0.4931992841846039
cbaa97a8-c352-4864-be4a-575e94187dd1,Meesho,f you too dear,Positive Experience,0.4025354752332883
c0ad0597-0129-42a9-b03f-1f970b92f4c6,Meesho,hamari location pr Meesho ke order nhi aa rhe h. please hmari location ko Unlock kre.. hme Meesho ke products kharidne h.. please hmari request accept kre. thank you.,Fake/Counterfeit Product,0.8471484075238142
1fc6f495-a7a4-486b-8455-1c0d1107c38e,Meesho,good sarbis,Delivery Failure,0.8561247025501478
45e97837-e7ee-4abb-8c7c-a3b2a07feaaf,Meesho,sab kam achcha hai,Positive Experience,0.8347662490701289
346cd7e6-312e-4130-a500-42eb6064ddce,Meesho,qyu nahi ho raha hai delivery,Positive Experience,0.5542987345594648
f10472ae-4efd-4ed3-a385-8a1019753740,Meesho,गुड प्रोडक्ट्स यूज किया है,Delivery Failure,0.6726258215357399
d3a86627-d27b-4b07-b586-858c1a8585ea,Meesho,es aap pe kash on delivery chalu nhi h koi dauload nhi kare gatiya aap h ye,Fake/Counterfeit Product,0.8367076539948943
783de6f9-e293-4eb4-8cb3-eca72a690eda,Meesho,Bahut badha hai,Positive Experience,0.7386528976072606
8e5a7460-07c2-4006-8e09-4642a549362e,Meesho,best application,Size/Quality Mismatch,0.9101443542954863
50acee3e-184a-4680-93cd-4cf04d526018,Meesho,md majid MD MAJID 112,Positive Experience,0.8524419660587472
8b1314f9-c1a2-43d9-b888-d7816a9d1922,Meesho,bahut hi achara,Positive Experience,0.8949112905195722
a76cb8d2-4f1d-4888-855d-321d234ce8d5,Meesho,meesho achha app hai,Fake/Counterfeit Product,0.9085761496467268
ac203d0e-345d-45e5-9840-4f4ec5ab53bf,Meesho,6 5bn শয়মঘযণ। ও,Positive Experience,0.7349023706962386
ab6e5bc9-5c10-41eb-8b43-de112d6c42b5,Meesho,bahut acha,Positive Experience,0.9087289657527237
3857e95a-964f-48d1-a335-9baf0e5e0674,Meesho,achcha hai,Positive Experience,0.8472129350205494
b74447ed-c21e-4557-96e2-736dfcac398a,Meesho,मीसो कंपनी से मेरा एक छोटा सा अनुरोध है कैश ऑन डिलीवरी फिर से चालू करें सभी पर आपका बहुत बहुत धन्यवाद रहेगा,Size/Quality Mismatch,0.5228954953956668
ce9d9299-55cc-42f9-b03e-a386d8ec1a4f,Meesho,ऐप्स अच्छा है लेकिन डिलीवरी बोए बगैर सामान कस्टूमर को दिये वापस भेज देते हैं,Size/Quality Mismatch,0.8489228367585122
d9bf28b0-536e-41d3-a6d8-90b7a7b6fe50,Meesho,platinum Marco,Positive Experience,0.7349023706962386
37964046-6340-4b37-880f-a906f0181a35,Meesho,Mene perfume order kiya uski packing mere ko buhot achhi lagi,Positive Experience,0.7633136470753688
3232f31a-4269-43e8-8ab6-8dacfd23e2e0,Meesho,bhut sundar aap h,Positive Experience,0.9290691732362705
edd299e5-2c88-45e1-985e-9f2551fbc69f,Meesho,बाहूत अछा ऐप है,Size/Quality Mismatch,0.8853520236403115
c264b238-2041-4a8a-b332-35f176730fcf,Meesho,aajkal sidho zindgi sinful l dhek dumbo sinful zindgi stuck stuck ayindho singl singl singl chuck suncho shivpal stiletto zindagi hydrochloride dmn volvo suncho xl zindgi zukham zoom engil chiffon also closeup condo enkosari elastic dp pheri shone shovel sourov donald ekbaro ayindi strongest songs ep dp fp ri rp dp dp still so co gp go ti do dp dp dp dp dp dp di st ekkado zoom zindgi dibyi dicho doongi dindi susi suno p drink dino sgp suvo dok ethical rev reduce yong stuck crunchy funds truce ev,Positive Experience,0.6020196734935037
5bc847a1-b647-4cbb-a9f8-55da61002759,Meesho,ye app bahut bekar he isme ham 3 lighter oder kiye the to 1 hi aya paisa 3 ka le liya,Fake/Counterfeit Product,0.9301924445508284
1775be18-56d2-497c-928e-879f1cbce0b1,Meesho,good to you so much,Delivery Failure,0.795116502033502
70bb380b-d0e1-4e94-a02f-14325dc4e566,Meesho,Ansh yadav ji,Positive Experience,0.9101072882099054
51e7e48d-cc56-4df3-af43-d09849de29a2,Meesho,यह बहुत बेकार आप है जिस दिन का होता है उस दिन नहीं आता मेरा हर बार होता है भाई ऐसा क्यूं करते हो मुझे भी काम करना होता है और उस दिन मैं छुट्टी माग के तैयार रहता हूं की आज डिलीवर आने वाला है एक तो डिलीवर लेने के लिए 13 किलोमीटर जाना पड़ता है मीसो वालो को गाली देने का मन कर रहा है भाई अब ये डिलीवर के बाद मैं मीसों aap हटा दूंगा 🙏,Size/Quality Mismatch,0.5012935342147633
04fa918d-cdb0-4cb2-9a30-7a705d0b18d7,Meesho,Ansh dhawan,Positive Experience,0.8998180956881878
fe88a139-e69e-4896-bd0a-c09d1ebdfee3,Meesho,उसे थे रियली बढ़िया सावन में,Delivery Failure,0.5108993623021464
0d84b9a8-bdeb-4875-ba88-238e54228bc2,Meesho,achcha Raha,Positive Experience,0.909680795042062
ff40521c-5ea0-4c68-8806-782600494a90,Meesho,bahut hi good sewaye he,Delivery Failure,0.510835567667057
8d35b0fe-ddd5-48bf-9704-7bac3ea2c985,Meesho,pahali bar hai sihi mila to thik hai,Positive Experience,0.8367857338003596
4b9821ff-e7d7-4d75-85bf-41959d67a438,Meesho,best shopping aap,App Crash / UX Bug,0.8870584635611122
3ec69955-bb5d-486d-904d-3cce31e9ef93,Meesho,baval change hai be,Positive Experience,0.7604115421824449
5337ab28-23a3-4e96-bc92-0baaf2428e3e,Meesho,please mujhe discount de,Fake/Counterfeit Product,0.7127036917362007
b95d777e-2a09-4ac1-8dd0-c0f6db072031,Meesho,meesho pay later दिखाई देता है लेकिन किसी को भी यह सुविधा उपलब्ध नहीं होती है प्रोडक्ट भी अधिकतर सेलर duplicate भेजते है अब तो रिटर्न का option भी बंद कर दिया गया है,Delivery Failure,0.32613341602829227
1806e2ac-7a2b-4a41-9402-1baaebf28bbc,Meesho,nice product good management nice service nice Delivery!,App Crash / UX Bug,0.7059698293746778
b1aaa27e-828f-4945-a8be-2413c1ec63bd,Meesho,meesho phle thik kam krta tha but ab mene kafi order kiye or payment bhi phle kr diya fir bhi mere orders 4_5 din ke bad apne aap cancel kr diye or complaint krne ka option bhi bnd kr diya meesho pr viswas nhi Krna chahiye sbse bekar seva h iski,Fake/Counterfeit Product,0.9352079991710907
5824102f-ba60-4aea-aa97-e73d3dafcdd8,Meesho,behut sandar,Positive Experience,0.8760134238161633
5fe84fdf-472f-48bb-8843-dfd63c3a6a18,Meesho,very nice app install now,Size/Quality Mismatch,0.9451709812633597
991f66c0-2c80-462b-bde8-5ecb6cd70578,Meesho,मेरा मेसू अकाउंट बंद हो गया है पता नहीं क्यों और उसमें वॉलेट पर पैसे भी डाले थे प्लीज हमारा अकाउंट चालू कर दीजिए हमारे या तो पैसे वापस कीजिए यह आप लोग का सही है वॉलेट पर पैसे डाले रहते हैं तो आप लोग अकाउंट बंद कर देते हैं मेरे अकाउंट के पैसे दे दीजिए वह हटके प्लीज मेरा अकाउंट चालू कर दीजिए प्लीज,Size/Quality Mismatch,0.778557758152395
3fe73096-f9a3-49bb-84ea-abc41377ade4,Meesho,very happyness form this app to me,Size/Quality Mismatch,0.9436137073958919
3406be46-6785-4ba3-8af6-26cf108d2cf7,Meesho,यह बहुत ख़राब है,Delivery Failure,0.9177525938213155
0269ad96-4e3e-482d-a6f4-c14998c5e4b9,Meesho,yah bahut achcha hai unlikely mein isko under 2 lakh De sakta hun yah mere ko jindagi ka Safar manpasand app Hai Main usko din bhar Chala sakta hun Main usko bahut chahta hun mere Dil Se yahi kahana hai kis karna aur kaise ho sahayata mile aapko support karke,Fake/Counterfeit Product,0.8952508062367983
df2abfe3-ad2d-4d89-9860-16b016d9a05c,Meesho,Most gift in word..🌍💓🥰,Positive Experience,0.363274279517066
da0c8822-5bd1-43b4-b742-cb4db53d26f6,Meesho,meesho fraud hai isko band Kiya jaega,Positive Experience,0.6003811314107881
71b92958-3674-41b2-afc7-7891aa82c4f5,Meesho,बहुत ही सुंदर,Delivery Failure,0.8287357817500054
0f5a63ce-3f6f-4915-9ced-87227d94fbcb,Meesho,good and nice ape,Delivery Failure,0.4089102904291333
660dc7b4-6698-4ad8-a4e8-88d2557c3735,Meesho,Nice; Very good Seeds;,Delivery Failure,0.8269745773321514
7bc515fc-4441-4199-b9fd-f20fa3cd6efc,Meesho,ओके है मेरा पहला ओडर नहीं आया,Positive Experience,0.6428362871836415
6a1d8744-0ed4-41db-83df-35043e57cf44,Meesho,Bahut achha hai bhai,Positive Experience,0.9431884770526061
11a15966-921f-498c-8c25-d8297ce526d2,Meesho,meesho is everything,Delivery Failure,0.5741203972917368
6d718f12-8e45-4778-9f26-53ebae05d42d,Meesho,acha saman ata hai,Positive Experience,0.8708850893335016
e94fc1bf-5bd3-49d9-8f29-485c5e618bbd,Meesho,bahut badhiya aap,Positive Experience,0.9224109772511996
66fa0658-0c40-40d5-b639-4cbf2a100e9e,Meesho,good aplication,Delivery Failure,0.8561247025501478
a392559a-1b96-44d4-9b6a-668e8957c4a4,Meesho,mera mesho khul nahi raha ese kaese thik karee,Fake/Counterfeit Product,0.7458259668761542
be18dd2e-89e6-47f9-ab1c-6eb86983daf0,Meesho,bahut hi accha hai,Positive Experience,0.8881065378635142
09618deb-b27c-413c-8845-d8671ee131f9,Meesho,online shopping karnr ke liye sabse best hai meesho,Fake/Counterfeit Product,0.5594852855366349
57c0c014-1cad-4724-a535-c890b1a93948,Meesho,sabse achcha meesho,Positive Experience,0.8981102511318314
1d41e8e7-0526-46d8-8fc5-ac8323ca7942,Meesho,बहुत अच्छी,Delivery Failure,0.9523431255595168
c6608a57-7814-4fce-b6f4-636eecc514a8,Meesho,बहुत अच्छाऐप्स है,Size/Quality Mismatch,0.9220747832613727
e4b2dbc8-3984-43cc-a85f-e71138bdd9ed,Meesho,yah bahut achcha hai iske product bahut hi acche hain aap sabhi log jisko bahut use kijiye is per Vishwas kijiye yah sabse achcha opportunity Hai sabke liye Ghar baithe baithe kuchh mangwane ki kuchh chijen online mangwane ki,Fake/Counterfeit Product,0.7789142623646825
34cd6148-5161-476e-a32d-fee749b3f55d,Meesho,मुझे केस में चाहिए,Positive Experience,0.7349023706962386
fd838db1-cb28-4c18-8b4b-9df6e4aec52b,Meesho,bahut acha hai misso,Positive Experience,0.9177586718479096
7aef5993-c32c-488c-87c7-bcff3ee3312b,Meesho,ऑनलाइन खरीदारी के लिए बहुत बढ़िया है बहुत सस्ता सामान मिलता है .,Delivery Failure,0.4830575473565865
7c7ad5be-e8d6-41a8-ac0c-d131b4a5c404,Meesho,meesho is nice,Delivery Failure,0.8069165840121741
8a9180f3-aa59-4655-9629-df4f2085b240,Meesho,रिडीम कोड केलीऐ डाऊलोड कराहै,Size/Quality Mismatch,0.420987988885804
eb888d62-2639-4db7-81ca-a6a551a092a2,Meesho,सामान चलाया हुआ मिलता है,Positive Experience,0.603373602776173
c749e79b-71ee-4ee4-952f-7a382ab7eb46,Meesho,grow bag sach mein bahut acche Hain Maine kuchh samay pahle se hi Lena shuru Kiya hai lekin cement ke gamle ya FIR plastic ke gamle ko samay bad kharab ho sakte hain Anya gamlon se inke rate kam hai aur acche Hain,Fake/Counterfeit Product,0.8570852819493308
cd7fff33-a458-405b-9927-ffdcb381bda6,Meesho,shi aap he bhaiyo,Positive Experience,0.9097587041539457
1ad496fc-215a-48dc-a822-48d0dfd19f6e,Meesho,ऐप लोड हो जाए आप यहां से 8 के लोड हो जाएगा गांवमें,Size/Quality Mismatch,0.9278190785837175
60dbfc9d-fde4-4958-8709-a0b0e21294b9,Meesho,bahut acha app hai,Fake/Counterfeit Product,0.9641968194113076
6fe059d0-4f31-4b7a-beea-649253149ad3,Meesho,meesho app very good,Size/Quality Mismatch,0.9295693714876577
231a9f61-0643-4d9d-ada1-8db7e15f296b,Meesho,बहुत बढ़िया,Delivery Failure,0.887067490569069
723b148f-44e1-47ad-a7a2-bb5558abafca,Meesho,delivery time is to long,Fake/Counterfeit Product,0.508447357724304
c3246b85-d921-4f6b-8b32-3a0086689645,Meesho,good sarvice and faster,Delivery Failure,0.544831922318927
d1c00cba-fe2d-46db-b57a-173db485c870,Meesho,very nice shopping app us,Size/Quality Mismatch,0.9336959953468561
1e40d338-df69-427e-bb8c-37abaa07eae7,Meesho,bahut achcha hai,Positive Experience,0.8360907494791542
4c827229-8ca0-4861-9787-61d56fe38815,Meesho,order jaldi aa Jana chahiye,Positive Experience,0.7885472667466817
c69adbae-66f1-456b-a35b-705a6a772289,Meesho,mere mobile app chal nhi rha verification call par ja kr stuck ho jata hai,Fake/Counterfeit Product,0.8896022323334452
23139bfa-8892-4697-8914-9bed14994e14,Meesho,Good Aap Online shopping ke bahut mast aap hai meesho,App Crash / UX Bug,0.7112712026084392
c6856c4f-dc8c-41a2-ae49-88b5344ae87e,Meesho,बहुत मस्त है,Delivery Failure,0.9251356638490492
7852c72d-d284-4e8e-b902-471ca2f0546e,Meesho,मुझे अभी दिया रेड प्लाजो वो जल्दी मिल सकता है 29 तारीख को 30 को हवन में पहनना है तो प्लीज रिक्वेष्ट 🤷🤢😑,Positive Experience,0.7518355856761858
5b2ca4cd-9478-49b4-9f11-7c439baa3588,Meesho,बहुत सुन्दर,Delivery Failure,0.8287357817500054
ec8279cf-7eda-4f25-8a82-df51b4505e26,Meesho,मैं मिशो में बहुत से सदस्य के रूप में हुं हमें मिशो का हर वस्तु सही और युपयोगी आया है मीसो बहुत ही सही दाम में बिकता है सभी कौलीटी बेहतरीन है। मैं मीशो से बहुत समय से समान ली पर एक बार भी गरत समान नहीं आया है। धन्यवाद शोभा देवी,Delivery Failure,0.49597263983404927
65bc8971-6df0-4e51-bb77-344f11e0916d,Meesho,हमारा अनुभव बहुत अच्छा है,Delivery Failure,0.795848029255772
f6454d4a-d51d-41df-9657-a61e9ef0c6dc,Meesho,is the very good,Delivery Failure,0.8465539137586191
c262ff6e-7539-4e4f-83e2-46f8f532348c,Meesho,बहुत बढ़िया ऐप है,Size/Quality Mismatch,0.822232025630109
0faa7d26-7cbf-45a8-88fd-bb91562c51a5,Meesho,मीशो मे बहुत स्ती चीजे मिलती है बहुत अच्छा एप है👍👍👍👍👍👍👍👌👌👌👌👌,Size/Quality Mismatch,0.6640082188498395
58cd5d3e-02f2-402b-b8a5-75fa3df09e54,Meesho,हाय दोस्तो प्रेम से बोलो जय श्री राम जय,Positive Experience,0.8834836966143585
18985280-3ec2-4dd4-bbde-d6ffaded00a0,Meesho,ye app bahut accha he meesho,Fake/Counterfeit Product,0.9321896492212811
af44a87c-57b5-4459-88d3-81a3a31a7d06,Meesho,सुपर एप्स सभी सामान सस्ते में मिल जाते हैं,Size/Quality Mismatch,0.8042693398638994
ce149909-6e21-40c0-8a6d-1a100a2f2410,Meesho,मेरा नाम सचिन बिश्नोई है और मैं पर जैसा गांव में रहता हूं मुझे यह ऐप खोल कर बहुत अच्छा लगा क्योंकि यह ऐप बहुत सस्ता अप ह यह ऐप डिलीवरी भी करता है वह भी घर पर आकर अगर हमने वह पिन कोड सब वगैरह डाल दिए हैं तो यह ऐप घर पर आकर हमें वह पार्सल दे देगा अगर हमें 24 घंटे में चाहिए तो 24 घंटे में भी दे देता है,Size/Quality Mismatch,0.9209947765062649
9cbe367f-77ff-4bca-a5f1-01ec417dc67a,Meesho,🥰🥰bhut achha he,Positive Experience,0.8628246926248995
446d9803-07b5-464c-918f-75d6eb60ebdd,Meesho,बिल्कुल बेकार एप्लीकेशन order करने के 7 दिन बाद भी shipped नहीं हुआ और पैसा पहले ही पेड़ कर दिया और बोल रहा है order कैंसिल हो जायेगा 😠,Size/Quality Mismatch,0.8030546506139871
2aaa86b2-7b7b-432e-bc84-c20c19e260a1,Meesho,bahut axa app hai,Fake/Counterfeit Product,0.9189193439645674
45188c11-b5e8-43df-b9b8-d15f84096b38,Meesho,"सर्वश्रेष्ठ भारतीय ऐप, एक काम और कर दीजिए मीशो एप्प वाली कंपनी मीशो को वेब पर पूरा सपोर्ट दो सब लोग थोडे ही मोबाइल से देखते है कुछ पीसी पर भी देखते हैं",Size/Quality Mismatch,0.8784808757066873
52fcbc5e-15ce-49c5-8f4b-548ac145d144,Meesho,अच्छा एप है,Size/Quality Mismatch,0.922044399034875
12791cdb-95a9-483a-a433-a9422a492d66,Meesho,अमन लॉज मध्ये लिहा तुमची प्रतिक्रिया तपासणीसाठी पाठवली होती आणि ती त्याला सोडून गेली आणि ती म्हणजे या आणि अशा प्रकारे काम करू शकतात हे सरकारने,Positive Experience,0.7778168476848625
ae2dcd2b-3685-4f24-a4d7-d4f9efdc9422,Meesho,bahut hi badhiya tha pressure photo,Positive Experience,0.7304497168290237
e0a40b61-5a9b-47a6-944c-85cef8cdd267,Meesho,mujhe bahut achcha Laga,Positive Experience,0.7435037404112795
59978081-4d34-42ef-a21e-2e2754a75532,Meesho,bahut accha product mil raha hai,Positive Experience,0.878231110448435
431ae218-ccab-49ee-8a1e-842dc13ab685,Meesho,घटिया सामग्री है समय पर डिलीवरी नहीं होता है,Size/Quality Mismatch,0.42067399876368067
2748f449-f39f-48ff-a0c9-7a5a7646a8cf,Meesho,बहुत अच्छाहै,Delivery Failure,0.9523431255595168
e3d7f8cb-b564-4bc6-b4d6-fe4d56ba1dbb,Meesho,bahut hi achcha hai,Positive Experience,0.9003644591078481
61f9a43c-af11-4eb7-90f3-b58e593bc5d0,Meesho,app badiya hai,Size/Quality Mismatch,0.4461899402561034
16d5015b-ac89-459c-acde-89f3ae1df0b2,Meesho,बहुत ही अच्छा है,Delivery Failure,0.9523431255595168
9dc09af1-e962-4a4a-b8ad-ac9ba83102d2,Meesho,(__Golu Jatav ji__)—Meesho Ek bahut hi Achcha app Hai online shopping ke liye 🤓🥰🥰👍👍,Fake/Counterfeit Product,0.8793941784056744
93065156-ebf2-442b-a810-604c7f7b8846,Meesho,meesho bahut achcha hai,Positive Experience,0.8598106359015281
caad8397-92ec-4585-95ef-c6dd167c121c,Meesho,meesho mein kyunki jaldi order nahin aata Ghar per isliye main teen star de raha hun,Fake/Counterfeit Product,0.8512806974406857
727629e4-e69f-44fc-8c0b-1c619b1b478a,Meesho,अच्छी क्वालिटी होनी चाहिए,Delivery Failure,0.9257266290125052
a9a1d680-1624-41a5-b071-f328b6b0e5fe,Meesho,7 दिन बाद देखता हु कैसा हे,Positive Experience,0.6115683846685118
0fe70301-1af0-41ca-9590-476d95d4081a,Meesho,बहूत बढ़िया मेरे को प्रशंद आया,Delivery Failure,0.887067490569069
9df9f2d6-1ad7-4c3c-a55b-4e630b4699fd,Meesho,bahut aacha,Positive Experience,0.9294665524805833
cb6d08b1-860a-45ac-86d6-fbd1e7ff0fb1,Meesho,achha marketig,Positive Experience,0.9021724956073711
49738886-6e5b-42db-bc2d-0fe11853959e,Meesho,my parsal delivery date was 23/3/2026 but i can't get my parsal and in meesho app the reson was that the i am not at home but i was on home only. Meesho app is so lie app . i hate it . so bad app,Size/Quality Mismatch,0.5360350531680661
20349d9c-2a97-48d0-a3ec-daf67edd2ce2,Meesho,मेरा मीशो नहीं चल रहा है मेरे मैसेज चला दो आगे से ऐसी गलती कभी नहीं करूंगा इसलिए मेरा मीशो चला दो मैं कभी भी आर्डर करूंगा तो पैसे पहले डाल दूंगा प्लीज मेरे मीशो चला दो आगे से कभी ऐसी गलती नहीं करूंगा ऐसी गलती कर दो तो बिल्कुल भी सही बंद कर देना प्लीज मीशो वाले भैया सच में आगे से ऐसी गलती कभी नहीं करूंगा 24 घंटे में मेरा मैसेज चला हां भाई मानता हूं मेरी गलती है अबकी बार ऐसा नहीं मीशो चला दो जल्दी से आगे से ऐसी गलती कभी भी नहीं करूंग मीशो वाले भैय आगे से ऐसी गलती नहीं करूंगा सच में न,Size/Quality Mismatch,0.47104334715164253
3eb37899-1bf3-4c83-8e59-f3ba4ac7455a,Meesho,बहुत घडीया APP है order जल्दी नही आता 🙏 order mat kro🙏,Size/Quality Mismatch,0.40559853183137584
061fa759-37bb-4f90-9e4c-b15437cc7a8b,Meesho,बहुत खराबहै,Delivery Failure,0.7465119625766473
19e8122d-dfe7-4904-93e9-3c11cd180f5f,Meesho,हमें मीशो बहुत पसंद है,Delivery Failure,0.8636126931805347
6a9cbfe3-3252-4d55-9699-7a93198b6c82,Meesho,fast and smooth,Delivery Failure,0.4072342584831518
dcf50549-435d-47aa-8665-a4274ca8e941,Meesho,Good for Shopping,App Crash / UX Bug,0.8956169902216351
e055b7fd-068d-4605-b6d4-48b8cbb6e757,Meesho,yh bhut achha app he,Fake/Counterfeit Product,0.7890501676058406
5587c521-0783-47f7-8ad8-a682218ba377,Meesho,सहजता से ऑर्डर कर सकते है,Positive Experience,0.44445520247310066
3456bca8-592a-4411-82db-d249c57975ff,Meesho,this nice app,Size/Quality Mismatch,0.9726930279370899
d624fac7-e8f6-4c11-acab-7fd2106bcc28,Meesho,aap bahut aachha he,Positive Experience,0.9293696590145263
edda04de-72f6-47ff-9aec-b4a42ab6329b,Meesho,bahot acha,Positive Experience,0.9170516745366678
886372c7-e501-4202-8f89-ec72e65ab8c1,Meesho,बहुत अच्छा समान,Delivery Failure,0.9028637173977991
e0a33820-8784-4d5f-a8c2-3a6f139b7243,Meesho,आप किसी भी सामान को इससेखरीदे,App Crash / UX Bug,0.5040053134825396
66ffadcd-dee3-45d3-86d1-a40240426cfe,Meesho,सबसे अच्छा यह ऐप,Size/Quality Mismatch,0.8671081565196946
4cc798d7-4920-4e3b-8d21-66e162b55804,Meesho,बहुत अच्छा था,Delivery Failure,0.9523431255595168
a094a585-620b-4959-8c00-305a5c0305e2,Meesho,थैंक यू बहुत अच्छा ऐप है,Size/Quality Mismatch,0.9220747832613727
024474d1-e2a2-4d2c-8c70-2b43e4240f53,Meesho,बहुत अच्छा है इस पर मैं कुछ भी मंगा सकता हूं मेरे लिए यह बहुत आसान रहा,Delivery Failure,0.8271860104881323
624d80ae-befb-47eb-bba7-39e02025c0c1,Meesho,bahut sunder app !!!,Size/Quality Mismatch,0.6344988541146295
79eb436d-5ede-4518-9456-cb89723bcfef,Meesho,acha nahi hai pc nahi hai,Fake/Counterfeit Product,0.5645645616518313
e317352d-dc3c-45df-9ec1-abe6a10d6bfb,Meesho,I am a student .b.a.finlal year thanks meesho .meesho product is very very nice,App Crash / UX Bug,0.47806910035688166
eaf4f1e8-3a27-4e37-99fc-78e42c04d8ba,Meesho,मेरे ऑर्डर नहीं आते,Positive Experience,0.39876594168147533
7f7ce5f2-f9aa-4850-8e21-5f4458622819,Meesho,बेहतर अनुभव,Positive Experience,0.5318042275219133
d96a9cde-a995-418f-94f2-b4b6b5e0e7f8,Meesho,bahut acha hai but return jaldi pic up nhi karte hai,Fake/Counterfeit Product,0.7594845329084295
05e53469-2e05-42b9-a8c4-8f78a7b8a956,Meesho,bahut achhi app he oor kharab aa jane par return oor pement bi aajata he mene aabi tak ek three bar return Kiya he oor bahut bar sahi aaya he,Fake/Counterfeit Product,0.8910741401555999
e0cb9d12-2312-4d84-842d-17ed8ea4f9f4,Meesho,meesho se Ham Apne kam ki chij Manga sakte the,Fake/Counterfeit Product,0.4853411186751986
0f72c059-562d-49e3-b391-fb1324eadf76,Meesho,bahut achha aap hai aap iska upyog kre first' order pr discount Aaj hi download kre,Fake/Counterfeit Product,0.7128706267018632
30b5e847-5aee-42d1-9133-bbed654aa2b5,Meesho,bahut badhiya hai,Positive Experience,0.8988303318097474
137e6ca4-02a8-4937-b173-85e82fd913de,Meesho,जल्द 24माचॅ तक पहुंचा दिजिए,Positive Experience,0.7181923320044525
cfb5515f-a064-4c8b-abce-16f11b27ac83,Meesho,मुझे बहुत अच्छा लगा बहुत अच्छे से काम करता है सभी लोग बिक्री कर सकते हो ........................,Delivery Failure,0.7749673466065901
d74f582d-e53e-4b7e-80d4-960d8e747b73,Meesho,"बेकार एप है इसे कोई डाउनलोड ना करें, ना ही इसे इस्तेमाल करें क्योंकि ये चोर एप है इससे मैने एक स्मार्टवॉच मंगाया था जो कि मुझे खराब मिला ,स्विच ऑन नहीं हो रहा था रिटर्न किया तो रूपये रिफंड का झूठा (नकली) मैसेज भेजा लेकिन मुझे मेरे खाते में रिफंड नहीं मिला। कॉल करने पर बोलते हैं कि हम कुछ नहीं कर सकते।",Size/Quality Mismatch,0.8804250575116714
c3b04035-73bc-41dc-b3c0-73742710271e,Meesho,Best of meesho,Size/Quality Mismatch,0.4670109947778943
3192a6a2-7dc4-4063-a94b-0835ade6630d,Meesho,bahut badiya hai,Positive Experience,0.8456114294567125
151c9df4-f5a5-4730-aca7-271bbe375e7b,Meesho,Bahut achha maal aata hai,Positive Experience,0.9115497161656281
7a069051-6921-4309-acb6-b14ed641d170,Meesho,achha laga hai,Positive Experience,0.9313618865490103
4f97c6dc-2634-4a35-a7a8-419ed7d751d3,Meesho,इंडिया एक बहुत ही आसान ऐप है आप यहां से ही ऐप डाउनलोड कर सकते हैं बहुत आसान ऐप है आप कभी भी कर सकते,Size/Quality Mismatch,0.9448885906631693
f8bd32b0-11d6-42b4-a447-030725822959,Meesho,मिस यू प्ले लेटर सहीनहीं है प्लीज से सही करो,Positive Experience,0.4793910056313734
74836291-6ce0-4eec-8df2-55ad44f06a73,Meesho,ye app bahut badiya hai,Fake/Counterfeit Product,0.9222772387313555
6413247b-ec0d-4712-b657-5b80ddfd10ab,Meesho,इस एप्लिकेशन से अच्छी अच्छी चीज ओनलाइन मंगवा सकतें हैं,Size/Quality Mismatch,0.7850250724668684
e09569af-894b-477b-8fd7-9db19ca2d72f,Meesho,bahut Achcha app hai,Fake/Counterfeit Product,0.958539260396795
0095c80b-4269-4a81-b79d-6191c25201dc,Meesho,bahut acche,Positive Experience,0.8729141624221484
bfa78a7c-8ec4-4ef5-a3ac-81ec2e563ed0,Meesho,nice sarvice,Delivery Failure,0.7428820172585618
d90be4e4-12e0-437f-9e85-39c330d8f550,Meesho,ye bahut kam ki chij he,Positive Experience,0.8271431423660298
33a0340d-5743-40ef-9150-e26c814f479b,Meesho,bahut achcha. iske sath ek smart watch. Basant king 👑. Instagram ID. pasand king,Positive Experience,0.6980489159197982
e609ceda-4447-43f6-a22a-ac8120fb5018,Meesho,bhut ache prodect aate he,Positive Experience,0.7418533035882873
feceb5a6-c330-4c6d-bdb5-00d22ad6e15a,Meesho,meesho me bahut jaldi odar pachuch jaata hai oar bhi ritan ki girenti hota hai,Positive Experience,0.8391227065645713
92e7827a-8c31-42a8-bd1b-6959102d47b6,Meesho,yah aap bahut acha he is aap par kaphi sanadar chije or yah aap pese kamane ko bhi kam aata hai,Fake/Counterfeit Product,0.7896164114453061
91fafe0b-3418-475f-8084-0a56013147ee,Meesho,very gud sa,Positive Experience,0.8678044631245353
b59cf932-d6d5-4534-938b-40db54bc6486,Meesho,meeso se kabi koi product mat lena bhot hwi gatiya aap he ye isme return ke liye request daalo to ye caal na uthata he or na hei refund case nai aata he. or sabse gatiya aap he messo,Fake/Counterfeit Product,0.8362003806321514
c9b61e4a-a903-4a1d-b059-0b3f61706fbb,Meesho,बहुत सुंदर है,Delivery Failure,0.8287357817500054
06a58e19-e31e-4e73-99c2-5282ac6f15ba,Meesho,achha app h,Size/Quality Mismatch,0.6760882576243088
798102a7-6e68-4e4f-89f8-5ec215346dac,Meesho,meesho ache parais or ache mal ke sath prodkt deta h,Positive Experience,0.7911250192909518
5b9e7c10-de6e-483a-8d5d-4ba6f663d13c,Meesho,that is too good,Delivery Failure,0.7856267182337715
fad9c8f2-999e-4037-8855-05ab82f74944,Meesho,हमने meesho से बहुत प्रोडक्ट लिया बहुत अच्छा सामान आता है लेकिन कुछ विक्रेता घटिया प्रोडक्ट भेजते हैं फ्रूट प्लांट तो 10%ही ठीक होते हैं प्लांट अच्छे ओर बड़े होने चाहिए,Delivery Failure,0.8340959082890068
1096e1be-de4f-4845-953f-45233d21adf9,Meesho,बहुत ही बेकार ऐप है इसमें ज्यादा टाइम लगाते हैं,Size/Quality Mismatch,0.8524023562846891
d1f5fd40-f780-4c24-848d-f02cd859bfac,Meesho,यह ऐप अच्छा है और अच्छे अच्छे प्रोडक्ट मिलते हैं एवं समय पर पार्सल डिलीवरी हो जाता है,Size/Quality Mismatch,0.8865546871057207
e1cab20f-747f-4fff-8585-4bab4cd427c3,Meesho,good very good,Delivery Failure,0.8960093566295327
4c50d936-48a1-4782-9011-42dc85ac46ec,Meesho,bahut aachha hai,Positive Experience,0.9273209294940628
b372927a-7642-4490-9b8e-0e2d971c6ecb,Meesho,bohut acha,Positive Experience,0.8751540026289453
800191c4-1e3c-4b91-9104-facee862f638,Meesho,bahut jyada badiya aap or kam dam me milne wale product or service bhi beast hai aur business bhi kar sakte hai ❤️🙂,Fake/Counterfeit Product,0.8631956777001204
f8aaf3cc-9544-4ebe-aeba-c8892b348f74,Meesho,Verification field bataya,Positive Experience,0.5222485286463241
a65b021f-0fa6-43e1-ae6e-fe6a2807d2ce,Meesho,मेरा नम्बर विरिफाई नही हो रहा है इह ठिक करो युजर वेरिफाई फिल्ड बता रहा है जितना हो सके उतना जल्दी ठिक कर सर 🙏,Size/Quality Mismatch,0.5037432844340055
4b321dda-a03a-4d8f-9b24-28f8bea3ae67,Meesho,yaha bahut badiya aap hai,Positive Experience,0.9232929973017452
87a4f1c8-5d59-47ed-b031-279e6fd4a516,Meesho,मेरा ऑर्डर क्यों नहीं हो रहा है सर,Positive Experience,0.4280119580900923
517af417-3328-4114-9224-bd95dcb47811,Meesho,sabse accha sopping app hai ye isse jyada saste kapde kahi bhi nahi milte thank you meesho,Fake/Counterfeit Product,0.9240517563242182
b9122865-9b3f-4f8f-a64e-08a521d8f444,Meesho,meesho nhi chalta,Positive Experience,0.8622775834240339
5ec65962-8f7d-4e42-aa74-f299aa19c3ae,Meesho,अच्छा है बस डिलीवरी 48 घंटे में करने की सुविधा देगी जगराओं को जिससे ग्राहक खुश हो और शॉपिंग करें,Size/Quality Mismatch,0.5875342645811815
08e284ed-7eb8-4308-b22f-e03da568a9e0,Meesho,I opinion is that app is useless Because my order is rutern and it sow return failed they did not give my money back and not give my order please is app per viswas nahi karna starting me 5 Star Jalsa melja,Size/Quality Mismatch,0.4482057010266482
2c6edce0-9971-4ed4-9c4c-74baa1558c89,Meesho,kapada kharidna,Positive Experience,0.8711799582832537
4c85894a-1b11-49a3-8316-3bbbdededd0c,Meesho,बहुत अच्छा और भरोसेमंद ऐप है,Size/Quality Mismatch,0.9123078221079235
ad8cbd78-be65-4753-8e26-52feeec783f7,Meesho,बहुत बेहतर,Delivery Failure,0.870522971284047
0cdf2e4f-d1f4-4758-8752-caa561408d1d,Meesho,bhut Sundar hai,Positive Experience,0.9228938826115632
72ab0702-cbf5-41a0-b062-4f0b71b6dbc8,Meesho,bahut jada acha hai,Positive Experience,0.923588876374245
cfef8661-1e4b-4123-831a-550d0d8bf918,Meesho,kam price me bhahut badiya chiz,Fake/Counterfeit Product,0.6982010412282793
ccdf8c93-b5ea-421a-baec-57091001e53a,Meesho,isme cash on delivery ka option nahi aa raha hai aur ye zaruri nahi hai ki sab koi online payment he chalta Ho ye bhout bura laga mujhe main aspse request karti hu cash on delivery ka option kar dijiye,Fake/Counterfeit Product,0.9341692512642608
b9c53a9a-e8ef-40da-9cf7-46dedf9500c0,Meesho,समान सही नहीं है,Positive Experience,0.5793352638262356
a8aced85-fddc-4afa-b5f3-d5adf19579b4,Meesho,yah app bahut jabar dast he,Fake/Counterfeit Product,0.9315513737324844
72948fe6-07de-425b-a1a3-a9e02f4889e0,Meesho,मीसो में जल्दी ऑर्डर नहीं आता है मैंने एक बल्लभ आया था एक महीना के बाद उसने लाख दिया,Size/Quality Mismatch,0.44093783486036
4916dd8d-51d2-47b0-a52e-c41fa252f96e,Meesho,बहुत अच्छा ऐपहै,Size/Quality Mismatch,0.6273081071661245
3200d609-6f30-4a85-97a9-92ffc4d8e996,Meesho,l love u meesho,Positive Experience,0.49422450788886146
f70341a6-f200-4088-b784-418cfee80838,Meesho,अच्छा सर्विस,Delivery Failure,0.8009544076721585
f2a07dcb-c9f4-4cc6-92f1-6f71e7956b34,Meesho,aachha app hai,Fake/Counterfeit Product,0.9286642278853765
d189828f-ea14-4441-a9ce-767725ed9dcc,Meesho,ji kanchan,Positive Experience,0.8964148231792682
926488a0-3836-4bf8-911d-53bc09e92b5e,Meesho,achha app hai,Fake/Counterfeit Product,0.9448186471398964
69285163-0281-42df-9833-9f040f4d31e0,Meesho,Rahul Kumar 4G 👍 Jio,Positive Experience,0.8834839354555901
a65e306f-0618-46c2-bc21-ad9f2423e681,Meesho,sab theek Hai Magar delivery boy jyada der tak nahin rukta Hai,Fake/Counterfeit Product,0.8451305768449091
2d7539fd-4b18-4b5b-a4a8-537784d3ea61,Meesho,sab thik hai par kuch order nhi ho rha,Fake/Counterfeit Product,0.7375130392034934
d8529a13-6f4e-415a-bd2b-e6099db5d3f6,Meesho,मेरे यह मीशो एप खुल नहीं रहा है कंपनी से बोल रहा है बात करने को इसे सही करें,Size/Quality Mismatch,0.8664396219287879
09b19336-6e55-493a-a760-d6f49917828d,Meesho,delivery time per nahi hoti aur agent phone karne per cut kar deta hai,Fake/Counterfeit Product,0.8081442371393808
6527537f-c986-476b-98dd-d999ab2b77ed,Meesho,mast or sakta minho aap,Positive Experience,0.5417150795097567
0069010e-800f-43d6-b89c-e2320540b1d6,Meesho,अच्छा है पर मेरे कैश ऑन डिलीवरी का ऑप्शन नहीं आ रहा है,Size/Quality Mismatch,0.7585605391078045
717ff8a6-8e7b-4288-9a8f-cc89e861d0d5,Meesho,wow kitna badiya hai,Positive Experience,0.881918647292782
0f876786-a03e-495e-9929-04100b0f76a7,Meesho,बेकार एप्लीकेशन ने आर्डर होने के बाद भी आर्डर नहीं पहुंचा,Size/Quality Mismatch,0.62154373179192
4663b958-6b77-42d6-a247-a8f38897e8f0,Meesho,muje ye app bhut good laga,Fake/Counterfeit Product,0.9301993885672841
76109eda-d2f9-42b8-a1e7-d5277744f78c,Meesho,sirf naam ka hai meesho order milta nahin hai idhar order karne per bhi nahin milta,Fake/Counterfeit Product,0.8863742051598897
55683486-b4e2-405b-b817-4c3e72b9d29c,Meesho,जो भी आर्डर करते हैं सही टेम पर मिलते हैं और बहुत ज्यादा सुन्दर आते हैं जैसे हम चाहते हैं,Size/Quality Mismatch,0.7387793594822457
7b167d77-92b6-49da-8ca5-3645d25e2375,Meesho,बहुत अच्छा ऐप है इसकी अच्छी डिलीवरी है और जल्दी डिलीवरी प्राप्त होती है धन्यवाद मेशो!,Size/Quality Mismatch,0.8429010517681836
cd016b89-a8eb-4c45-8e1c-93c09514b909,Meesho,यह बहुत अच्छा है,Delivery Failure,0.9566031385705699
82617f4f-cbd1-4f01-aee8-9e774b5a6d6c,Meesho,अच्छी सुविधा है घर बैठे हर समान मिलता है रिटेन की सुविधा भी अच्छी है कोई तिक्त नहीं होती है,Delivery Failure,0.6596307179944743
d7259513-b27a-4721-a6e4-ec9d5bc2cdef,Meesho,हम मिसो ऐप ईस माल नही कर पा रहे है,Size/Quality Mismatch,0.875689460724538
954e6e77-dbe2-4a23-b2c8-e10ddbbbf303,Meesho,oppion meesho,Positive Experience,0.8646770282601949
b1f954ac-d558-4804-81d1-5ce7fcd072b5,Meesho,this is good online odered app,Size/Quality Mismatch,0.7471280092212165
aea8bc14-03e0-4fc6-84b2-c027db4e9ad1,Meesho,yah bahut ghatiya application hai isane mere account Ko bagair Kisi galat kam ke band kar diya hai,Fake/Counterfeit Product,0.7020505570005849
83a8b126-7265-4b69-9b2b-d9fa0e1ba8d8,Meesho,अच्छा ऐप है अच्छा सामान आताहै समान नहीं आने पर पैसा रिफंड कर देता है,Size/Quality Mismatch,0.9049876361837222
3beacaac-d9c3-4f18-a910-385f8b364a95,Meesho,बहुत ग़लत ए,Delivery Failure,0.6798442777616447
010bf82b-d71a-4895-b044-f6e2c1762ee5,Meesho,बहुत पसंद है,Delivery Failure,0.9004390932301668
6f1dc33e-c3b6-4d6e-af48-ae44cba0d25a,Meesho,बहुत सुन्दर है,Delivery Failure,0.8287357817500054
0f0cbbd7-aa8d-4992-b42a-5643c9ef4d51,Meesho,yah app bahut hi badhiya app hai jisse Maine shopping ki hai to use mujhe bahut jyada Labh prapt hua hai,Fake/Counterfeit Product,0.9620280217567856
c81f3bd7-02b8-432b-9b2c-6b652e7807d0,Meesho,"मिशो बहुत अच्छा प्लेट फार्म है, हर चीज बढ़िया व सही रेट में मिल जाती है।",Delivery Failure,0.8604860093866081
f9e1448a-4563-4020-81fe-a0073bee6670,Meesho,suppray hui his,Positive Experience,0.8803158781123106
011efe56-eae4-475c-914b-a0b1b0969f52,Meesho,bahut hi achha aap hai jo bhi saman magao vo kam price me milta hai,Positive Experience,0.7967192085766485
acbca451-9f1e-43ad-946e-1b0927bf47d9,Meesho,gift milega to 5 star rating de rakhe rakhunga lekin gift nahin mila to nahin bata dunga,Fake/Counterfeit Product,0.6090485537954672
a3ecb63d-b5e1-4bf5-8a19-0edaf0f61485,Meesho,shi bhut acha bdiya offer ke shat online shoping bi kar skte yagaga babvaha hVvAhh hHhHH hHhHH JHBHh JHH,Fake/Counterfeit Product,0.640175163275576
53435be2-13a9-4fa9-ade7-863b4c5c79f1,Meesho,bahut Achcha App se hai yah,Fake/Counterfeit Product,0.8931725998656654
be171cd4-0ccd-454b-b372-c60dfc1c216c,Meesho,ye bahut bahut achha hai isme bahut achha saman milta hai,Positive Experience,0.9001097332634241
bad66ec9-0796-4e38-ba30-127d2cdccf32,Meesho,"kuch had tak thik hai, jayadatar mal satock me nahi rahta",Fake/Counterfeit Product,0.7559931297535456
a42d96ac-01ed-4f32-b0fe-e5b5aa9e4034,Meesho,meesho app bahut badhiya online saman kharidne wala aur agar aapko product hai to aap ise aasani se order wapas kar sakte hey I love meesho ❤️❤️❤️❤️😘😘😘😘❤️😘❤️😘😘,Fake/Counterfeit Product,0.9166527519169889
4194e974-086f-45e3-86e2-943c88da5baa,Meesho,is app se bahut hi shandar shop kar sakte he iske product bahut acgr he,Fake/Counterfeit Product,0.8773539996012285
238cc098-06fd-4ed8-a3f2-a816d32de549,Meesho,good app and discount available items good quality,Size/Quality Mismatch,0.860191160803625
82cfa2fb-9bd0-40b9-ae1e-432ac4075e1a,Meesho,yah app bahut Achcha hai लेन-देन ke bare mein,Fake/Counterfeit Product,0.9522535641086887
e22978f0-53d0-4cad-a68d-91518a87021a,Meesho,cash on delivery 🚚🚚 not available 😕😞 please check with my account 😞😞,Size/Quality Mismatch,0.32602896025458417
2570e9c2-1be0-4744-915b-91982cae4203,Meesho,good very good app👍,Size/Quality Mismatch,0.6769212466965085
114f6a50-5be4-47d7-ad1d-ab08164fc9c3,Nykaa,such a scam this app is... whenever I tried some coupons and wanted to redeem some points...my products never got delivered...!!! always they attempt to dilivery and then my dilivery got cancelled and the reason is been told that I refused it...which didn't happen at all...they don't even try to dilivery at the proper date...such a disgusting app this is..this is total a scam..!!.,Size/Quality Mismatch,0.5452486967625838
a5b5bb5f-9818-4321-9fbb-1d0ad3dbc39e,Nykaa,best products,App Crash / UX Bug,0.9393117738177482
328049d9-8a42-4546-854e-7f3489ae9d19,Nykaa,best app for shopping at home 🏠💙🩷,Size/Quality Mismatch,0.9306851535031837
2f56a791-751a-4072-9c88-95840f7fc5f2,Nykaa,very unsupported team of nykaa.,Delivery Failure,0.49959131856086564
fefacbf4-856e-4cb2-93cb-dc96fcf47896,Nykaa,they have bad morals as a company paying anti- feminist people to do their campains.,Refund & Payment Issues,0.4374567391792151
29572f39-49d7-46f2-8567-852285ce4d51,Nykaa,There is no offer in the month being,Refund & Payment Issues,0.3729981197900392
7014fbf1-20d6-4849-9d6a-38b225b07245,Nykaa,I used this app 8 year ✨️ good app good makeup items tq nyka🫶,Size/Quality Mismatch,0.9718170014420986
649fc08c-365a-4560-842c-f9101b6c00e2,Nykaa,delivery very slow.,Refund & Payment Issues,0.6059984906628563
cd916531-ec22-45b8-9ba2-da917ad1f64f,Nykaa,late delivery,Refund & Payment Issues,0.7821715298670029
991e09c4-6dfc-47c5-a6ca-c5fcbd60e370,Nykaa,bohot accha aap hai sab acchi quality ka milata hai,Fake/Counterfeit Product,0.740124666425056
f92b2e48-1d5b-47ac-81a9-743d6ff156dd,Nykaa,good and smooth experience,Delivery Failure,0.7993123418306577
8df1cca1-7a93-4ee4-b770-ed360040c671,Nykaa,naykaa is great app it's just they are putting a lot of charges (sry for my bad english),Size/Quality Mismatch,0.7754281877392818
23329da8-74a2-4144-86da-4a069a430184,Nykaa,"I found the best app, fast delivery and products was also good I like it",Size/Quality Mismatch,0.8058260301859903
6529d73a-3f61-468c-95cb-46481d5aa450,Nykaa,Attachment are easy to change and feel sturdy. The paddle brush is great fir quick touch ups .curling tong takes time to learn but results are good,App Crash / UX Bug,0.4651069417352801
f0494778-b3d4-4464-9939-39acb48d7fc3,Nykaa,"very bad app 😕, first delay order and also don't allow to cancel it",Refund & Payment Issues,0.5058587011566785
62751c62-80d0-4be7-92f1-ed6a5cb04286,Nykaa,i m nw disappointed with this app.. their delivery partner r hilarious.always late delivery,Refund & Payment Issues,0.7575310361066478
e6a2bef6-51a0-4d90-9ffd-a6ad1e915a5f,Nykaa,everything is available on nykaa many products are not available on other beauty apps and oders arrive at exact given time,Size/Quality Mismatch,0.6947774895154002
e1608ad6-c393-4763-a9e4-b78516ef0ce5,Nykaa,6 march ko brithday 6 hajar humne saman liya but gift bahut bekar sa diya ..ak sasta sa lipbalm relley ..I am not happy..😔,Positive Experience,0.55308829106686
b683afe4-1085-466d-8255-fcf823665d03,Nykaa,just to say amazing,Delivery Failure,0.6556336215525723
36042d30-f0b2-4e23-a292-0571bdfa339a,Nykaa,"I ordered a handbag worth ₹3560, but I received the wrong product. They didn’t even accept the return—this was a complete fraud. Please never buy from them. They close the return window very quickly, and their customer service always supports the brand, not the customer.",Refund & Payment Issues,0.8059557888281331
d19f382b-d17b-4a50-801a-f89b3f7c5ce0,Nykaa,Good choice,Delivery Failure,0.8561247025501478
1bdba020-4dbc-42ce-b434-d05b89029467,Nykaa,worst delivery policy . we won't get product on time especially when we order nykaa now . The time they show nykaa now delivery time is just to mislead us,Refund & Payment Issues,0.658284498181427
e08689ba-79a4-450e-8013-7caa27c3f14f,Nykaa,good prudat,Delivery Failure,0.8561247025501478
dc21c3f7-28ed-4d62-92dc-c63bdee2f7b5,Nykaa,"if there was an option to give no star, I had like to go with that. I placed my first order last day and this bogus platform with no customer support could not update my address with just a slight change even before dispatch. they do not have a small feature in place to edit the adrress to correct slight human error. the support staff is of no use and keep repeating the same thing. Within bangalore they are telling to collect the order from there warehouse. This is the service i am getting.",Refund & Payment Issues,0.6982442784174479
799d0e8f-311a-49e1-93be-f76ad541cf8e,Nykaa,so good platform.its provide enormous choices in products for every skin type,App Crash / UX Bug,0.5983307279885514
446f34e7-eb37-4c31-a401-7ec7d6f963ae,Nykaa,good and trusted👌 products 😘🥰🥰😍,App Crash / UX Bug,0.8412732315664565
6d6804d2-f450-482b-a2da-622c172a94e8,Nykaa,thanks for you,Delivery Failure,0.4492371236196667
da636b61-1899-4095-baea-3e339c71472d,Nykaa,so nice product,App Crash / UX Bug,0.9140363285151294
035d0c9a-b830-4662-8ba6-00eec47eb0d3,Nykaa,bessttt app for every skincare and makeup product's,Size/Quality Mismatch,0.8628696724666671
62aa22ec-b949-492b-ac87-9bb9106292a2,Nykaa,Bheed mein Khaak ho tum,Positive Experience,0.6393394988380827
5753cd0c-5785-4e0a-8129-cbcebe0bbdcd,Nykaa,bheed mein khaak ho tum. can't return an order after 3 attempts.holding back my money,Fake/Counterfeit Product,0.4313565584531987
25d64c12-6ce6-4cae-a157-c41fce215f50,Nykaa,delivery so late,Refund & Payment Issues,0.7143861011007709
41c9a775-b574-4332-b652-38180971770c,Nykaa,😡😡 bakwas app 3 din ka bol ke 7 8 din me delivery dete hai download mat karna 😡😡😡😡😡😡,Fake/Counterfeit Product,0.8239288397342033
8d7ad047-b624-4152-b993-154bc70ad58b,Nykaa,Sarbari Majumder. Nykaa's product are very good to use.,Delivery Failure,0.5342429001912018
b1d837b8-4ddb-4589-91b2-6112dd806f66,Nykaa,use krne ke baad btaunga,Positive Experience,0.7905557195769164
9055ef0e-ffde-4e09-981b-250a3f1b6a42,Nykaa,No discount,Positive Experience,0.43238357091782814
af2be6c1-9f8f-47a9-8fe0-154af61e77f8,Nykaa,nice reviews nykaa thank you for sharing your products,App Crash / UX Bug,0.7114184051722159
e81eeab9-e209-4c52-8999-9b26bc26af6a,Nykaa,bhut achha h,Positive Experience,0.9365087773662559
de76002d-e493-4b9f-a8b0-c5d690c34490,Nykaa,i ordered a mostorizer by pre paying and it shown that is will deliver within 2 days.. but after one day also there is no proper delivery status nor showing delivery date worst experience -nyka so disappointed,Refund & Payment Issues,0.7595018782769323
5bf48d27-ad5a-4ca9-9312-a6620c468fff,Nykaa,Best shoping platform,App Crash / UX Bug,0.4314254386114392
e1cf38d2-a87a-44b8-90d6-07ba745e72ff,Nykaa,worst app products are not delivering at time... very late delivery... delivery man without informing he is cancelling the order,Refund & Payment Issues,0.6634007146951714
83dd5e0c-cf82-4e59-855a-15ebb2bb0957,Nykaa,BEST APP FOR EVERYTIME,Size/Quality Mismatch,0.982288992371252
9c092b54-5662-4ac5-955a-926cf7bb2b03,Nykaa,I really like this app and the quality of products is really good,Size/Quality Mismatch,0.8473641030082957
847ec302-a562-45ee-a212-658f996b25e4,Nykaa,good new user need to see,Delivery Failure,0.724182078113983
b3314224-7d6d-4c2b-a115-f9d99a3ce9eb,Nykaa,such a waste of time app worst experience no proper return policy completely disappointed and in the sale period he was offered buy 1 get 1 free but when add 2 product prices also double.. fraud app,Refund & Payment Issues,0.4743491934131776
4956cca4-41e3-4945-a03e-609c8b570ab7,Nykaa,"I placed an order from Nykaa on 24th March. I have ordered from Nykaa many times before and never faced such an issue, but this is the first time I am experiencing this problem. Yesterday, it showed “Out for Delivery,” and When I called him, he told me that he would not be able to deliver the order. Today is already 1st April, but I still have not received my order. The delivery agent has not contacted me, and he is also not responding to my calls. This situation is very disappointing me",Refund & Payment Issues,0.770737745804522
27a334a6-a15d-43a9-82f9-c357ce95e1d3,Nykaa,corect app,Size/Quality Mismatch,0.9183530170493792
dd44ccdb-09b1-40fa-823d-68f3e70986d7,Nykaa,This app doesn't make any changes... even when we complain on customer service number for the better delivery partner.. the delivery service ia too bad... it's been a week and I still haven't received my order yet... too poor... nykaa i didn't expected this from you..,Refund & Payment Issues,0.6508175781778263
f1745f0a-07b0-4424-ba10-e6ecdddc3c08,Nykaa,Best for cosmetic products,App Crash / UX Bug,0.9330586847068666
192075e6-ff76-427e-b7fd-99bac308f0a8,Nykaa,thanks nykaa..✨❤️,Delivery Failure,0.7795670738045863
aac83680-ec5b-4fe0-9d75-945677856225,Nykaa,best aap for skin care,App Crash / UX Bug,0.44438364033143285
b312d89b-6c96-4cb7-84d0-25db408af0a5,Nykaa,"Don't buy anything from here, it's a fraud application. I did 900 rs shopping. But it never came to me, nor did the money.",Size/Quality Mismatch,0.5156999663474726
782c046b-e2f7-4de5-a44e-928a78276b13,Nykaa,good price,App Crash / UX Bug,0.7663328103820826
270da2e5-bbcf-4ac5-a63f-7133499feecb,Nykaa,my earlier coupon got removed just right after I was trying to make payment because of this I need to pay 35 rupees more on my product. very disappointing for such a big established company.,Size/Quality Mismatch,0.6431361498736886
7c2d3cdf-1ec0-4395-a055-a0e574c94282,Nykaa,"these people never deliver on time, the delivery date keeps on postponing and they say after packing no cancellation. so beware. no one can help u even customer care people.",Refund & Payment Issues,0.8062545512319286
b8330456-07b9-4284-96a1-7a0956ab4c80,Nykaa,I hate the policy of COD being available only when the product is above ₹249,App Crash / UX Bug,0.5001068124817827
1c9ad6c1-015a-409a-8de9-7b1879585517,Nykaa,one day I was not at home then u call the delivery man please delivered my parcel tomorrow but they not delivered since yet,Refund & Payment Issues,0.813966579554587
d9cce401-2c3d-44e6-adc0-ae711434ffa0,Nykaa,extremely bad customer service and they are selling fake products in the name of best seller,App Crash / UX Bug,0.6095864328958778
c02e3045-2721-4546-a2c1-4b5285dea4ce,Nykaa,gd 💖 iI love this,Size/Quality Mismatch,0.7130222812773817
840adafb-d743-45e6-9733-b5858eca1b95,Nykaa,Ordered a product and didn't delivered in expected time and delivery failed. and i didn't get the refund also🙄very disappointed. 🙂,Refund & Payment Issues,0.6020162427097724
f75a6635-6ce7-43a7-a65d-5b4ee6207ba5,Nykaa,very good products.🤗 Thank you Nykaa,App Crash / UX Bug,0.8155540069268229
b9d8a468-9b48-42df-baa9-2d41c117120a,Nykaa,block kar do ye project,Fake/Counterfeit Product,0.44144716323901745
c3fc12e1-77a9-48a3-afe4-3e7adcc1bd18,Nykaa,nykaa love it,Delivery Failure,0.7423715849572294
b4e438b7-d899-470a-8a4a-0ecd84948fc0,Nykaa,Plzz change your delivery partner Bluedart Delivery Service worst Delivery Service,Refund & Payment Issues,0.7460060315836131
b0e97cec-0cf5-4933-a73b-f835854841fa,Nykaa,"The worst app.I have paid 1700 rupees for product that has to be delivered on 1 8th march 2026 .its now 1st April 2026 the product still not delivered.No option for cancellation,no option for help.This is what happened when you do prepaid.",Refund & Payment Issues,0.6839224219106149
937704f5-921f-4118-b096-3915821db136,Nykaa,"I ordered VLCC gold bleach, 60g but received two big boxes of VLCC gold bleach 402 g each alongwith my order of a couple of other items. I paid cash and received the sealed carton only to find two of my ordered items missing but am saddled with these two big boxes of bleach instead. I have sent mails to them but there is no reply. I feel absolutely scammed by NYKA.",Refund & Payment Issues,0.7471778728385994
dfd9b754-3172-46e9-9697-ffa3a2873040,Nykaa,bad app no coupon are available,Size/Quality Mismatch,0.7935999779298595
7af26734-92f5-4d8f-88a8-5a90838d789c,Nykaa,overall good 👍,Delivery Failure,0.8971309623676678
6639fc2c-514b-4dbb-9e7a-7721b7f35e67,Nykaa,veeerrrryyyy good app 😊😊,Size/Quality Mismatch,0.9665270837527341
eb117d78-c572-4f48-ab03-12af50451ddd,Nykaa,This is a worthwhile experience on nykaa I have ordered some products on nykaa for the first time.In this order 1 product is missing. And They don't give me any refund neither give me replacement .,App Crash / UX Bug,0.489424830777772
d9db624b-9bc1-4fe4-b4ed-3c3948eb29d4,Nykaa,good nykaa,Delivery Failure,0.9391527036892814
405738ad-00e6-468e-af57-dc5ca79efc80,Nykaa,I don't know kesa app h first order h dekhte h kya hoga,Size/Quality Mismatch,0.4124681151462363
67b9af41-9f13-48d3-8995-38e09147d16f,Nykaa,Give great discounts,App Crash / UX Bug,0.8327116733543475
c98346f5-d177-4051-bd5b-32bbb2aa117b,Nykaa,worst delivery partner..shadowfax been almost a week nd no delivery agent has contacted...do try changing to another delivery partner..very irresponsible,Refund & Payment Issues,0.8087816048255695
74898e9a-6d0d-444d-b6cf-db20d2e73a3b,Nykaa,no freebies on first order,Fake/Counterfeit Product,0.4917600054004353
a8b91116-1497-44e6-a77a-74947acd3cc6,Nykaa,Late delivery and keep changing delivery date and gets delayed. Very bad experience,Refund & Payment Issues,0.7833298317252717
0407029b-e147-492c-8423-0e6d41cdab1f,Nykaa,I ordered from Nykaa and paid the amount for gift packaging but the gift packaging was not delivered.. very bad service,Refund & Payment Issues,0.7875181742462012
a3149a1e-0caf-44df-b906-872966400db5,Nykaa,brand products original goods best in delivery,App Crash / UX Bug,0.7942289101356116
7f7890c3-e148-440e-881a-b38d8b400049,Nykaa,a good place for finding rare and useful skincare products that we can't find on Amazon/ flipkart.,App Crash / UX Bug,0.592237780682596
7c84c169-3d97-47db-a29c-1dbe950e4280,Nykaa,i love this app... 😽my favourite app,Size/Quality Mismatch,0.9732521413628042
23ca8e2e-f141-4833-b797-347f028c4989,Nykaa,great qualities and service!!❤️,App Crash / UX Bug,0.7623336219477526
11395915-e234-4d8e-882f-df8fdce3296b,Nykaa,orginal products,App Crash / UX Bug,0.9399123251086973
927a355a-aacb-4945-9e89-d0521e2dfe38,Nykaa,Nyc collection,Positive Experience,0.7222245223309596
4950aad8-cb66-40f2-bde3-9cec2b75e53e,Nykaa,nykaa parfect protect quality 👌👍,App Crash / UX Bug,0.4698573612899885
551098e5-ec29-4c93-9d08-9b29f3255bbc,Nykaa,"I returned the product 22 days ago, but I haven’t received the refund yet. I have called the app’s help center multiple times and also filed complaints in the same, but no action has been taken and the refund is still pending.",Refund & Payment Issues,0.6378993638595242
dcf2946f-f1ce-45f8-84da-342ae02e5cb8,Nykaa,very bad experience they sent me wrong product then denied to return,Refund & Payment Issues,0.3329903399836377
667b3ec3-9d82-454f-8e2e-d48f546d2f91,Nykaa,my experience with nykaa app is not good . nykaa give u product as u want but their customer service is not good. sometimes u order product that is not good so they don't give u a return option. once they accept return request but later cancel as they want too . so it's too bad for customer.,Refund & Payment Issues,0.5975866509759913
7135faa8-0858-4dd1-9451-11e549bff7f5,Nykaa,it's very fabulous,Delivery Failure,0.4421348542098201
4fac0f13-701c-483f-a410-6e39263aa0ed,Nykaa,nice nykaa aap it was amazing greatest aap,Delivery Failure,0.8290908546469377
250b7328-c812-4c48-a8a7-3c40e0053033,Nykaa,Nisha Gaikwad,Positive Experience,0.7349023706962386
b975b348-6e9e-43c3-8a57-bf42e8401779,Nykaa,I love this app for skin care nd mackup products both😍,Size/Quality Mismatch,0.9542998420061879
3872a56d-ea59-4797-9918-5fbffe2bb95e,Nykaa,faltu ho tum,Positive Experience,0.859224613077058
8d05b890-415c-4cff-a200-eb00316031ba,Nykaa,to let delivery and everyday delay,Refund & Payment Issues,0.5163165939537848
582417c7-2a51-447f-9afe-946cd0c62611,Nykaa,A better option should have been Cash on delivery,Refund & Payment Issues,0.3790906674005543
91d58c52-d3db-43ee-848e-2a52b3eb8032,Nykaa,মনের মতো প্রোডাক্ট পাই thank you nykaa 😘,Positive Experience,0.31880702190242405
fef35692-ceed-4a3c-b5f9-8598bd5c0d72,Nykaa,worth it best rate affordable,App Crash / UX Bug,0.5908942927833726
146a6f2a-c06c-473d-b9f2-1a5effa4ba98,Nykaa,best app for skin,Size/Quality Mismatch,0.982288992371252
75da7e61-500e-4784-8f8a-e75f7806dea0,Nykaa,faltu ka price badha kai discount dikhana band kro...,Fake/Counterfeit Product,0.6346624587175691
4c2bec49-4d12-4d58-9307-d85e075c12fd,Nykaa,amazing app for beauty products,Size/Quality Mismatch,0.9488611009554637
f0e515b0-eb7c-4bd3-96c6-86dba5c9644c,Nykaa,love you nykaa,Delivery Failure,0.4509485099948076
175eb935-5b01-422c-8c07-1a9818281009,Nykaa,nice shopping great discount fast delivery nice product suggestions thank you Nyka,App Crash / UX Bug,0.8876764283141094
014c66a9-82b6-46e4-a3aa-2dfd1001a7c2,Nykaa,worst application,Size/Quality Mismatch,0.6447386035665094
821c2141-53b4-4fb5-a501-173bee50a3fd,Nykaa,let's see how the product is,App Crash / UX Bug,0.7937292142209396
f840625d-c6ff-4a5d-b3af-0b8a91349e1e,Nykaa,thank you nykaa,Positive Experience,0.31880702190242405
8b828cb2-db21-4e7a-b61b-096f54365f17,Nykaa,I have worst experience. that's my brother's account I am giving feedback bcoz what they did everyone should know I ordered a product and that's wrong what I ordered I try to return it twice but return request is rejected and after that I try to customer care and I didn't get positive response they told me to wait and when I call after 4 days they give me a insane reason that you have to call with registered number. For return request i have to make recharge first then contact them,Refund & Payment Issues,0.753909218542524
3dcb0bb8-f988-4929-85e5-6accc04d7e88,Nykaa,my first Order 🥰,Fake/Counterfeit Product,0.4090517288424663
b62fbbb1-5a4a-49b5-8ca4-515b57278b95,Nykaa,very nice app for beauty products and get discount on your first order my opinion must try best quality 🎀🌸,Size/Quality Mismatch,0.682594065499071
6da95d53-b675-4c2d-b717-a72b81078d44,Nykaa,with nykaa I get good experience,Delivery Failure,0.8263468258481927
b7714880-ece3-4777-a329-965578987005,Nykaa,Chandni iraqui Chandni iraqui nice product,App Crash / UX Bug,0.836409608915764
b2847c45-a594-4fc6-b374-c9563839522b,Nykaa,fast dilivery,Positive Experience,0.3589135639107786
767b1772-fb01-413c-ad91-7d1b142bea61,Nykaa,"tym s order nhi ate ... 17 ko kia tha aj 31 h 21 ko ana tha abhi tk ni aya ab bolre h 7,8 din aur w8 kro",Fake/Counterfeit Product,0.8291554967796861
4104dc87-f60b-454a-967c-5c1fd3a43d3c,Nykaa,jald aao dene,Positive Experience,0.8776723771856577
692e8bc1-b0e9-4d06-ae1f-8dd0d884e57b,Nykaa,my first order is not good but I wish that my second order is better than before 💫,Refund & Payment Issues,0.49913426399573924
4f0b6f67-2a75-4e84-968f-3ef1ea081cd4,Nykaa,I didn't received my order till now i placed order at 17th march but till know i didn't receive order or any update,Refund & Payment Issues,0.539539699690029
1b3c125b-6df4-4e56-9018-a804e3211e0b,Nykaa,good facility,Delivery Failure,0.8561247025501478
e4911824-f0ef-47b7-9669-b6ec18671528,Nykaa,always available,Positive Experience,0.3509611658579631
d125e889-7f6f-4795-8046-5a032c0b5b7d,Nykaa,i like it rosemary & rice water ❤,Size/Quality Mismatch,0.568033568221098
2d2a4be3-b825-485a-bb00-93aad76867f3,Nykaa,worst experience,Refund & Payment Issues,0.4093002550863004
ad0a77b3-997b-4a15-a566-c19724c257ee,Nykaa,thanku nykaa this is my 1 st order and you save my money more than my expectation thanku..,Refund & Payment Issues,0.4718927438253167
fb60ee5d-d0ab-4e82-9e93-4c089e7a0fda,Nykaa,app is very good,Size/Quality Mismatch,0.8757559361015863
4a8b71cd-abc0-4dd3-a40c-012029ab6312,Nykaa,never disappoint with nykaa,Positive Experience,0.5262053372037524
bbd3ebf2-29a0-44e4-a38a-68d850b9a53e,Nykaa,best app for shopping,Size/Quality Mismatch,0.9282350312572092
caf03bf2-2e7e-4af2-a0bb-152f914a166a,Nykaa,quality product and service packages,App Crash / UX Bug,0.9137189190082875
39395f6f-ac78-41cb-a82a-447ad37b5986,Nykaa,More expensive,Positive Experience,0.7349023706962386
2290b8f6-c277-4044-9027-fce07dcebfa6,Nykaa,"I ordered from Nykaa first time, and I feel their service is very poor, Firstly it delayed the order by 3 days, and when I get the product one of the product was missing, I contact to customer care, they said raise a complaint through mail, I did the same, Now they're saying from our end product is dispatched, so I can't do any kind of help, I asked to refund they denied. I don't think this is a trustable application. & if anyone ordere from this please don't do prepaid order.",Refund & Payment Issues,0.8745448171571351
653936e2-d747-4007-8bec-e19f7932ef91,Nykaa,I'm trying this app for the first time that why I'm send review after the delivery,Size/Quality Mismatch,0.49736637615253426
7ab03a22-49d2-4d60-b734-178d6832293f,Nykaa,best quality and service naykaa a good 👍🏻😊 option shoping 🫶🏻,App Crash / UX Bug,0.8488414511841486
1a6e4e9e-4533-4ec6-a644-b02e4aadd08d,Nykaa,app Page is slow working,Size/Quality Mismatch,0.842017764244909
87120189-cea9-45a3-b23d-f85136944437,Nykaa,I love their products but their delivery service and customer support is very bad. it's been 3 days my order is not delivered and their support agents are literally wasting my time. onthe other hand their delivery executive incorrectly marked my order undelivered. not satisfied,Refund & Payment Issues,0.7441949136305714
af5b88b3-0b6a-4e3c-b002-6fb867307084,Nykaa,the worst app I have downloaded.. even after this i mailed them and the situation was worse. even their customer care service is bad!!,Refund & Payment Issues,0.7660108930488605
f3fabdd3-5180-4600-a787-ce23f1e03f77,Nykaa,simply superb,Delivery Failure,0.7328246305535749
48d72708-71f7-4519-9bf9-c134c916c7d0,Nykaa,"it's really good because from other platforms if we order it doesn't come back collectively,but here in sale prices r low n everything 😭 comes together sooo it's another level of joy",Size/Quality Mismatch,0.6272006650031761
577acbaf-6791-45b6-8a36-10cbeb918720,Nykaa,"trusted App, good service & better price",Size/Quality Mismatch,0.8373615294891564
978aaf44-1c11-4209-a41e-db4f93ad19d2,Nykaa,"Very disappointed with Nykaa. They have delivered the wrong product multiple times, and sometimes the quality is very poor. This is not a one time issue.Worst part is they don’t take responsibility returns get rejected or ignored. For such an expensive platform, this service is unacceptable. Not recommended. Customers trust Nykaa and spend their money, but in return, they get careless service and no proper support. This is highly unprofessional.",Refund & Payment Issues,0.6944896698928551
e9c1b39d-4986-43f1-bcb3-ad5c4e683105,Nykaa,thnku to naykaa,Fake/Counterfeit Product,0.5364694777597424
f805302f-66cf-4195-b420-66be02c8510e,Nykaa,I purchase mantra items from Nykaa.I love all goods.Thanks.,Delivery Failure,0.47835215100913464
d26273d7-0619-4645-ac8b-4e57e6b8fb68,Nykaa,"Extremely disappointing experience with Nykaa. My order was delayed multiple times and despite the delivery agent calling me, the product was never actually delivered. Shockingly, the app then marked the order as “Delivered” I immediately raised a complaint and emailed them, but there have been no updates, it has been a week. Would not recommend ordering unless you’re okay risking your money.",Refund & Payment Issues,0.8918060986295391
f4bd209a-6493-497b-9be8-39acd88fdd48,Nykaa,I love it this,Delivery Failure,0.4894419378423005
5d805f3a-14e0-4922-b847-e63cc7479d83,Nykaa,awesome offer,Delivery Failure,0.7904854878031136
a203556e-66a2-4736-9dfe-e9fe2829a675,Nykaa,I like nykaa it's vary lovely products,App Crash / UX Bug,0.7178655751008751
26746f05-f680-4786-94d1-794c7ec152c8,Nykaa,worst experience... worst service... not even deserve one star,Refund & Payment Issues,0.6458261130539608
9109353e-9b04-4853-885f-fcb618c60199,Nykaa,lot of struggles in order placing ... doesn't feel like user friendly,Size/Quality Mismatch,0.4431685836834333
2c9218e5-53e4-40af-b2a3-a0d602d07a64,Nykaa,such a bad experience I ordered brush and didn't like quality mene return request dala accept nahi kara or bolre he open he how can I know brush quality without open it ghante jesi tumhari policy pink sales me expired or open product dete ho tab kaha jati he policy bakwas service he or call karke bolre he feedback dlt karo,Fake/Counterfeit Product,0.8121111036782237
24476bfe-4498-4c5f-b041-36cfee25bf71,Nykaa,i ordered one product in several times but u not delivered on time 🤌🏻very bad experience,App Crash / UX Bug,0.41268322227990983
c70291a9-0971-4b19-bdbb-f16a792df8f0,Nykaa,best app for skincare,Size/Quality Mismatch,0.982288992371252
df76b8de-1b8e-420b-b965-dc119e134335,Nykaa,I just love it,Delivery Failure,0.6892746400687108
37fd8bb5-ff0f-4558-b99c-d4b9c640144f,Nykaa,"i ordered a LED mask for 10,000 ..but with in 3months it stopped working.whn I called Nykaa customer care..they told me that I should talk to the original company n provided me their number. That Led mask company Signaxo didn't respond properly and told it can't be replaced.Here Nykaa mailed me that they can't do anything.. I ordered this product via Nykaa platform and got scammed for 10,000. I hv uninstalled it.",Refund & Payment Issues,0.6894452105836255
ff6926ac-a366-4272-afbb-a6be9415bf33,Nykaa,app is really good I love to shoping at nykaa but the delivery partner can't deliver my parcel pls can u make sure about he also want extra money to delever my parcel,Refund & Payment Issues,0.5544216751018409
9179925a-f5cc-4082-b884-180b04da9486,Nykaa,It is a nice platform when compared to other beauty apps,Size/Quality Mismatch,0.7635343907377573
5ec9942e-a965-4219-9ee9-4da9a89568f0,Nykaa,"worst shopping platform. please do not fall for the original brands scam. delivery is very poor and inconvenient. Even though due to someone else's fault your delivery is missed, then also they cancel your order.... no value for the time of the customer. They will show 2 day delivery then keep delaying it day by day and after 1 month also you will not receive your order. customer support is also very poor.",Refund & Payment Issues,0.8186523067340596
795814f3-9c94-4e17-af0a-5dbb589b5a97,Nykaa,Nykaa you r my best friend ever thank you so much for the best offers 😍,Size/Quality Mismatch,0.3384317995746321
dba354f1-2bdf-428d-98ae-173f82acf0e4,Nykaa,best deals and better conveniences for all feminines.,App Crash / UX Bug,0.7501525866616533
e4e7138c-9123-4066-97c5-83a48cca6e69,Nykaa,nykaa is best,Size/Quality Mismatch,0.5885534985250016
55c646a4-a546-4c42-9642-fe253ddee381,Nykaa,hate this app. can't even contact them properly,Size/Quality Mismatch,0.8287090673939433
2c4c1e48-4a8e-4e78-a638-f5139ec65211,Nykaa,i have ordered two sunscreen from nykaa which is from gabit but I got only single product from dot and key and this is already third time I have tried to return that product but they didn't update or provide any information when rider upload pic they didn't respond anything very bad behaviour from gabit and totally scam from this app if they can't provide the proper costumer service then they should provide proper product atleast we have paid money to get wrong product wow what a service Nykaa,Refund & Payment Issues,0.6614784074799319
aee6d5d5-6ac9-4658-aeb1-d29a1e877f94,Nykaa,"Everything about the app good but one thing is that some things are never back in stock. For example mars bestsellers, it's been a month since I have been waiting for it to be restocked but still they haven't, I find it super disappointing. If they could fix or do something about it , it would be appreciated.",Size/Quality Mismatch,0.4275284199722078
a9844657-53b6-4316-b86d-0c090335ab48,Nykaa,excellent products,App Crash / UX Bug,0.8795204428784803
b6bf27e2-861b-4832-8500-19ec0dd4d5f8,Nykaa,"I ordered a product from the app nykaa and it has not been delivered to my home yet. I checked and ordered on 25th March. It was showing on the app that it was delivered on 27th. But I did not receive the order and I did not share any otp. So who gave my order? I want my money back. Nyka 296. If this continues, no one will shop at Nyka Varun and I will never buy online again. My money has been lost. I have also called the customer care. But there is no response from them.",Refund & Payment Issues,0.6165578405281911
d23acbb7-d21d-41a8-982d-25f410a4ae45,Nykaa,trust app iam happy 😊,Size/Quality Mismatch,0.7653651460212025
fcfe0bd4-a980-4f54-9be3-4f84ca0655e5,Nykaa,"I ordered a prepaid product from Nykaa but never received the parcel. I requested a refund and was told it was initiated between 20–22 March. Later, Nykaa claimed the refund was processed, but I did not receive the amount in my bank account. Even after multiple follow-ups, there is no clear resolution. I had to contact my bank myself and still the issue is unresolved. This kind of service is very disappointing, especially for prepaid orders. Please improve your refund system and customer support",Refund & Payment Issues,0.7949572417342159
b924592d-c1a6-4336-9718-595e81bdfbf1,Nykaa,Best App genuine product all,Size/Quality Mismatch,0.8926154767608054
1fb7fd6b-c0cc-434c-a7a5-438f7db53406,Nykaa,superb app,Size/Quality Mismatch,0.864028652404552
90843267-e756-47e4-b813-ab4ceda365f8,Nykaa,this app is not trustworthy at all.i used a coupen for a order maybe that's why nykaa is not delivering my order . I have been waiting for so long and my order is getting cancelled automatically .the delivery boy didn't even call me 😒😒,Refund & Payment Issues,0.5805270425797892
0f6d49ba-d84d-41bf-8bb6-f6f55bb857a6,Nykaa,nykaa Is very good App,Size/Quality Mismatch,0.9276352625455508
d9e6e520-fa53-460c-bccb-59533c3ae08f,Nykaa,"their prices for products keep increasing.nyx lip stains went from 600 to 999 in short time. not even a minor change,the sale is not much of a help.",App Crash / UX Bug,0.4081011903413702
71b56de2-69d5-4298-8778-945693e7f0ac,Nykaa,I love nykaa,Positive Experience,0.7415852070021817
bf7fbbec-2d6e-4f51-a36e-cdaa993730e6,Nykaa,fake app and my delivery is pending,Size/Quality Mismatch,0.5947576235985376
b0f85d2c-f171-4cb6-bf50-4060b6247372,Nykaa,best makeup app,Size/Quality Mismatch,0.9176976662444327
244d4963-6c6f-4b24-b01b-4eced3f8b35b,Nykaa,"this app is too good as I expect before I used so many apps for makeup products but this app impressed me with the products,and at all",Size/Quality Mismatch,0.9179944306556795
72386db8-1b46-4035-b4c1-1dc006704ff0,Nykaa,the product are good likely to purchase againinin,App Crash / UX Bug,0.8256207402584907
a3702dd7-fa5c-480c-b6c3-d61adf7d06a2,Nykaa,amezing product,App Crash / UX Bug,0.7482517127621634
49aa0194-4434-4776-a540-8df111c1a073,Nykaa,I ordered from nykaa multiple time..... I am 14 years old I need good skin care..... and nykaa help me to find bestseller products,Refund & Payment Issues,0.2959884979077859
f78b1e5f-661f-46a6-a9e6-9e2bd4edeb4b,Nykaa,it's good but I have a problem so I want case on delivery on all my orders,Delivery Failure,0.30073745329092383
53927354-3a3e-4e99-bb83-d24abaff1fc2,Nykaa,I got my best skin care products,App Crash / UX Bug,0.6793122147963244
3ac630a5-5d4a-4e29-86cd-0309482516bb,Nykaa,nice app price of products is good not so high not so low and na reviews of every product is 4+ star . I just love this app 💗,Size/Quality Mismatch,0.9016785951662367
3d1c68ef-6407-47a1-9e78-e21abf6d676e,Nykaa,"so the nyka cheat on customers again, im the one who used to order every single thing from nyka, but on 25 march I order and got the empty perfume bottle- the packaging was wet ,there was fluid traped inside the outer polytechnic packaging, so I made video of everything, and raised return request, after contacting help kine ,I was told maam your account is under observation I spent more than 2 lakhs for shop and this is how they are cheating and not accepting things that they sent in damage",Refund & Payment Issues,0.6708299370833748
e8ca7385-fa43-4857-81c0-7041a4979736,Nykaa,too much good,Delivery Failure,0.8210817208612129
7336def1-95ee-42e6-ad46-3453d2cf9541,Nykaa,The worst delivery app,Refund & Payment Issues,0.44009588550406453
f6c94789-8c05-4104-ade3-38c32e440ce5,Nykaa,genuine and authentic,App Crash / UX Bug,0.4776708630025375
6fa34a54-5d65-4d41-88ed-0b7f24bf409c,Nykaa,pathetic experience.,Delivery Failure,0.7242080855548083
9f47b24d-2aa9-44a4-880a-9893a0146ef2,Nykaa,I use to love nykaa app and relied only on this app due to its delivery services but I am very disappointed by this app and customer service I have ordered a product and it gets scheduled everyday earlier all the courier partner delivered the item on time but since you handed shadowfax as your courier partner things are getting worse the delivery agent keeps scheduling it by giving fake update that customer is not contactable whereas when I called him he keeps disconnecting the call.,Refund & Payment Issues,0.48943757614747757
551c1cdc-ffd8-4da1-8ac0-2dd73c2c52cb,Nykaa,third class service really third class service i order pilgrim shampoo serum while order it was shown next day delivery but today is 5th day still it was not delivered disappointed,Refund & Payment Issues,0.7231888818120764
08fd183c-72a2-45af-8a7b-365a28af13ab,Nykaa,odar aaya to 5 rating rakhunga Varna 1 dunga,Positive Experience,0.41418866704728724
7ce4eebf-0d7c-4732-baba-08dd024b62d4,Nykaa,recommended for all 😍,App Crash / UX Bug,0.5333280600730941
411b0bb4-884f-445f-bc30-41bfd8b89369,Nykaa,coupons are not available 😔,Positive Experience,0.3682689851852411
ec108726-5ae1-438a-97ce-b5b581c7f7fa,Nykaa,super app really Affordable,Size/Quality Mismatch,0.9277281975082798
01ac6487-e5fe-45a6-9887-4f33f938c5f5,Nykaa,good product good response thank u,App Crash / UX Bug,0.7498286211530913
1d61243b-8056-4f46-b8ec-566e6747af03,Nykaa,perfect and ultimate app for purchasing,Size/Quality Mismatch,0.9232444381275353
b24c8b01-f798-43bd-9a25-9dd09a37832f,Nykaa,The app is too good. Deliverd good products,Size/Quality Mismatch,0.7231089515333696
cadce9a1-cac9-48a6-8236-70dcd4d12bb7,Nykaa,I like shipping in Nykaa ...,Delivery Failure,0.254355057866712
1cb2519e-fca2-423f-9a7e-1c303276d53e,Nykaa,should keep more coupons.... should less the amount,Positive Experience,0.5126313460729526
10a10c35-938d-4ede-8b55-b4460248cca8,Nykaa,so affordable,App Crash / UX Bug,0.355834735308182
10b5ef8c-0718-43c0-a30b-cb4a6df473f0,Nykaa,My issues are solved. I still love using this app for skincare.,Size/Quality Mismatch,0.9583088052551023
c852bc97-5a53-4675-ab1e-f6ac15e6cb6b,Nykaa,poor notification tab design. though we press on skip notification it still opens the app.,Size/Quality Mismatch,0.8227084484474319
1257f2b6-8efe-4680-920e-679014bdfde2,Nykaa,200rs cashback nhi mila,Positive Experience,0.6415944861331907
314fb3ef-ac8a-47ea-9bda-4c3ae41fd43d,Nykaa,what's the use of help center when you can't even help customers with their order issue worst customer help service out of all apps,Refund & Payment Issues,0.8090240877213487
6cae28c3-4316-4bf0-addb-d6affddd79c5,Nykaa,reasonable prices,App Crash / UX Bug,0.42113565638784073
3f22b6ff-947e-404d-b43d-f6a7acffbaad,Nykaa,need more offers in lesser amount,Positive Experience,0.39321127709811643
545d88fa-2415-4272-b926-f0411a589da6,Nykaa,very bad in delivery,Refund & Payment Issues,0.5031118265841321
a39623aa-e0f2-45d9-8a41-ba40e181ac8a,Nykaa,worst services ever this is my second time ordering products from Nykaa everytime their delivery partner cancel the delivery on their own they don't even tried contacting me and labelled the cancelled delivery as Consignee not available this is wrong they don't even take grievance seriously,Refund & Payment Issues,0.8527067594047388
f2104c5e-f23a-488a-b085-b15ca09af021,Nykaa,I don't know why this app isn't taking return product image disappointed,Size/Quality Mismatch,0.6175757749392314
71dd66ce-deac-4da8-a612-555e6636be9e,Nykaa,thank you you,Refund & Payment Issues,0.3312414389772921
b5cf8f33-25d7-4dee-b442-2603af36188a,Nykaa,worst experience in nykaa I received damage product my item is not getting returned,Refund & Payment Issues,0.45138622443181564
95ec65d0-721b-4a67-8b2f-8262d606b5cc,Nykaa,it is very useful app,Size/Quality Mismatch,0.9432135383275778
6681ef07-67c5-4390-ae34-ea7b2eba878d,Nykaa,बढ़िया सर्विस है मेरी बेटी बहुत समान मंगवाती है । बढ़िया ही आता है सब।,Delivery Failure,0.6653335171385536
6affef15-e1af-444c-b136-3b95029de3f2,Nykaa,Mind distract advotiement,Positive Experience,0.7349023706962386
d4e86009-5fce-43ea-8ce9-924b123c33da,Nykaa,It is very well ordered and easy to order.,Size/Quality Mismatch,0.4551273610758525
45a76699-287b-48da-80e9-381873498c4b,Nykaa,very nice 👍👍 to you and your family a very,Delivery Failure,0.5967273982213668
01a4809d-2c45-4531-8c17-6c347cebc651,Nykaa,this is best app I been using for long time,Size/Quality Mismatch,0.9441355862549328
540008d0-aeab-4796-ac3b-8b903fc3b8d6,Nykaa,nykaa mene abi use kiye hai mujhe ye bahut badhiya laga 🥰,Fake/Counterfeit Product,0.7298641490878721
062cad5a-7c29-4003-acd2-d4b66a294893,Nykaa,beast appy,Positive Experience,0.6644089522232868
ebdd992f-99f5-4ee0-9446-51527884a777,Nykaa,CHOUHAN TEA STALL DHOLI GHATI BHIM,Positive Experience,0.7349023706962386
2dc606f2-86c9-459d-8ff7-e2586cef78ba,Nykaa,bahut sundar colour,Positive Experience,0.9382036501891206
beb02bad-a4f5-4f43-9e79-8a1d9570bb78,Nykaa,easy nykaa,Positive Experience,0.8271854153138991
35002b44-8b9f-49f9-a78b-d15f72c1f4d7,Nykaa,nice app ll,Size/Quality Mismatch,0.9578738597900888
f1a497da-1ad5-4032-a5e2-f22a6bc21840,Nykaa,mast very good Nykaa,Delivery Failure,0.8856467382610127
d220d8bc-5034-4339-b9f8-a7c09deb4261,Nykaa,worst service... delays the delivery for no reason,Refund & Payment Issues,0.8633380403190785
2a835440-f88b-489c-ab03-aaabae024b35,Nykaa,"इंडिया का नंबर वन , ऐप हे 👍🇮🇳⭐⭐⭐⭐⭐⭐⭐⭐⭐⭐",Size/Quality Mismatch,0.9370937948360025
d7f4906d-9155-4d77-b602-c60c3eefecd9,Nykaa,nice game ke game bahut achcha hai sabhi download Karen,Fake/Counterfeit Product,0.8142467642403759
824f307c-cc02-49ee-adb9-acec8812eb03,Nykaa,kharab app,Size/Quality Mismatch,0.7567914745683184
4ef44131-6b95-4be7-842e-2c52c5778ca3,Nykaa,मै नायका की 4साल से खरीदार हू गुड अन्य ब्रांड के प्रोडक्ट्स के लिए मगर मैने 13/06/2025को 4ब्रा आर्डर किया 3अन्य ब्रांड के और 1 Nykd By Nykaa bra or es का कप फिटनेस सही नही है मै वापसी के लिए देखा तो नो वापसी लिखा है मैने कस्टमर केयर से बात की वो कुछ न हेल्प कर सके ब्रा 399की है 398मे मिली मुझे किसी भी तरह के आफर या मौके पर कम या ज्यादा का चक्कर नही है फिर भी नायका अपने ही समान अपने वापसी नही कर रहा ।जबकि और सब ब्रांड नायका के एप पर ये आफर करहे नायका कम्पनी फ्राड कर रही ग्राहकों के साथ सावधान रहे,Size/Quality Mismatch,0.7739620068445575
15d8bbe5-a6bd-474b-b939-37ec05bf4b73,Nykaa,badiya aap h ladkiyo ke liya,Positive Experience,0.8799876102639803
a397687a-dc6c-4237-85cb-a631e9d751bd,Nykaa,badiya. h pr ledis ka h ye aap,Fake/Counterfeit Product,0.567172814763813
a439f2a2-1270-4d20-930b-378bc4af5683,Nykaa,nykaa ji is bar apne mera birthday gift nahi diya,Fake/Counterfeit Product,0.8079691148213712
f992ed21-bc45-426c-acd5-2384916abd8f,Nykaa,नायिका से भी बहुत अच्छा सामान मांगते हैं अपने ब्यूटी पार्लर नागौर में,Delivery Failure,0.9523431255595168
e60eb861-0ce7-4820-b899-10e45867885f,Nykaa,यह ऐप बेकार है इसे डाउनलोड मत करो,Size/Quality Mismatch,0.9041927652510063
cf5a7dea-d864-4b24-a381-e51de7a203d5,Nykaa,this is very interesting app I know the price is very large but the quality are good bye mis u Flipkart Amazon or meesho,Size/Quality Mismatch,0.8414900225722981
355c456d-068e-4ec6-93f5-6e3a8ac073ae,Nykaa,bahut bahut achcha hai,Positive Experience,0.9254073010388291
9f46ddc8-d1ad-4b9b-aab3-647f6514bb9c,Nykaa,नायका एक बहुत अच्छा ऐप है और इस पर बहुत ही अच्छा प्रोडक्ट मिलता है मैं बहुत खुश हूं,Size/Quality Mismatch,0.8185692628167139
d9052cfa-261b-4414-9962-fa79ceb1a780,Nykaa,bhut badhiya,Positive Experience,0.8196799067056313
3f9144e8-2ef0-4ee2-be47-c35a75d941d5,Nykaa,bhut achha,Positive Experience,0.9365087773662559
467b909a-7372-430d-81f4-525e8f81bb75,Nykaa,thik thaak app hai,Fake/Counterfeit Product,0.8490263827588148
c0a1f8ba-7551-4fe6-9f8d-9fe52f8db1ef,Nykaa,Acha aap he,Positive Experience,0.9266820796222467
1e067d22-9d6c-49bd-8997-fcb2017416e0,Nykaa,Bahut hi acha app he,Fake/Counterfeit Product,0.9079567741837966
7898dfac-532a-4bf7-92c8-73293efa6c7b,Nykaa,Ye app sabse aacha,Fake/Counterfeit Product,0.9238016729741728
347feb71-ed93-40b6-875a-52f9a6d1d07a,Nykaa,Poor service.. I ordered derma serum on 1 aug and I didn't received my product they said the delivery boy didn't found the address and they rescheduled my order and on 6th of August my order suppose to delivered but till the date I didn't received anything... I want my refund back,Refund & Payment Issues,0.7651373106590729
2f18e7bd-f8f9-4fd0-91d8-c3ba927f0cdb,Nykaa,Bahut acha app he bhai,Fake/Counterfeit Product,0.7890190558465809
cd1f9ace-cb83-4bc5-85ac-c832652ab503,Nykaa,Ni hu hu thu,Positive Experience,0.7807114320641674
2728ef60-9327-4e8d-92dd-5994a6e516e1,Nykaa,hkakahekebeeioe,Positive Experience,0.7349023706962386
2ece6f40-7680-471e-ad7c-696457c91dec,Nykaa,I am open it for 200 coin in reward x 😂😂☺️☺️☺️,Size/Quality Mismatch,0.44636491899649905
70d30324-aef5-43fa-b7ef-7654a60c9e52,Nykaa,𝑽𝒊𝒏𝒐𝒅𝒃𝒂𝒎𝒐𝒓,Positive Experience,0.7349023706962386
397e7dfc-a2a9-4d3b-a8d7-143df8ed37b3,Nykaa,Best shoping application,Size/Quality Mismatch,0.8667798906139413
2ea18fe2-f2ae-4c67-835c-f009b6e7f54a,Nykaa,Good Offer Available In Every Occasion.,Delivery Failure,0.6082817607770966
baf9cfaf-a9fa-4b6b-8940-baeaced3e8ef,Nykaa,I like it nakaa💜💜💜💜💜,Size/Quality Mismatch,0.568033568221098
ff3dee3e-b22f-47bb-9822-01db9a07db06,Nykaa,Wow so very beautiful application,Size/Quality Mismatch,0.8834406062262898
aeb4876f-ace8-4133-a7fd-eec2f3a27911,Nykaa,good prize,Delivery Failure,0.8561247025501478
71f9fc97-2a58-4306-a733-4b109682c6a6,Nykaa,2 ghante lod hone me lage,Positive Experience,0.8274012837408717
4e3e9c01-2bd5-46c3-bf6b-1b400ea1a282,Nykaa,ChandmalBhil,Positive Experience,0.7349023706962386
211c92ec-b6ef-413e-98c7-d4f1a6476fe7,Nykaa,Yah app open hee nhi ho rha hai,Fake/Counterfeit Product,0.8421230097853221
16ec3dbf-cd5f-440c-abd3-6c656cdf1e6a,Nykaa,This is very good and nice app the products are amazing 👍👍👍❤️ best for makeup,Size/Quality Mismatch,0.6726151541858806
161f3fc0-966a-4956-b3c9-2aa18decb209,Nykaa,Mera experience bhut hi bekar tha nayka se .. nayka me jo bi office mentioned hue mene vo applied kiye fir bi vo offer muje ni mili or delivery bi time par ni ki gyi muje khud paket lene blue dard ke office jna padha or inke offer sb fake hai 👎👎👎,Fake/Counterfeit Product,0.8767056085937085
24c84747-fcab-4d2e-a539-6a287a631b84,Nykaa,great product,App Crash / UX Bug,0.9512496068247364
4c99ba6b-6c25-4e9b-8b22-bedaf04846ed,Nykaa,Alll is best prodect,Size/Quality Mismatch,0.41860505162373346
bb02185f-ef4a-4608-95a9-e79248cc3cb0,Nykaa,Hello jsh ajje ahawbuw hhwwb,Positive Experience,0.8704407161560901
8ed77a54-eecc-4151-a28c-3575b075733e,Nykaa,Sri Krishna,Positive Experience,0.7349023706962386
f438687c-ae2f-4caf-bcf9-7622644dbb6b,Nykaa,May got yh to bhut acha he,Positive Experience,0.8159670135243081
a909cfcf-2d74-498c-a721-a3c62fcf9df7,Nykaa,So nice aap,Delivery Failure,0.8668393916699497
0516d328-fc1d-48f2-9a02-f13f1c90783d,Nykaa,Mera product aa gya hai ese sbhi log download kare,Fake/Counterfeit Product,0.710501796065176
56cd4cfc-8f5e-474f-8df9-58c0e152bb66,Nykaa,Mujhe mera pordact nhi mila,Fake/Counterfeit Product,0.6639738411110636
bb496a1b-805c-4829-90c4-d15f417335a1,Nykaa,Order cancil kese kre,Fake/Counterfeit Product,0.7190535197368759
637f54f1-80f5-4c2a-980f-76bc699dd181,Nykaa,Mera prodect nhi aa raha hh,Positive Experience,0.8207168754151315
eaa90f35-1c40-45b7-9ae6-c4a26fe3a440,Nykaa,Kisi ke paas bhabhi ka number hai,Fake/Counterfeit Product,0.8279057343344984
0e2212db-5ba4-46b3-b574-2f6818656e9d,Nykaa,बहुत अच्छा है सारे प्रोडक्ट एवन है पर कोसली बहुत होते हैं,Delivery Failure,0.7849068064547206
27f6a5ed-043b-46b6-9fc6-26db93c24cae,Nykaa,thanks nykaa,Delivery Failure,0.7795670738045863
d6db4cfa-0f5d-4af4-97ba-848b2c564289,Nykaa,Nice i love it❤️✨,Delivery Failure,0.8512277763334651
042487e5-313c-45aa-b6bd-d55fc096b5ed,Nykaa,Supar nykaa,Positive Experience,0.4691956963072593
618dd49f-5461-460c-ada7-60f3cc8ee993,Nykaa,Love it for buying worthy products,App Crash / UX Bug,0.7914542778770582
5ec58b0c-5d9e-4afe-b7b7-a515e3314e18,Nykaa,"Good product 👍👍👍,❤️❤️♥️♥️",App Crash / UX Bug,0.9625736387038634
d8876d43-dfba-462d-ae7c-c3826f31877a,Nykaa,DhanjeetJee,Positive Experience,0.7349023706962386
1def6794-a377-48b5-b4a5-f69cb948870b,Nykaa,Nykaa app open hi nhi ho rha he me jab bhi isse open kar rha hu to error aa rha he jese mera net khatam ho gya ho baaki sab me mera net chal rha he 😭,Fake/Counterfeit Product,0.8451333395685243
d6f7b0b5-4d79-425c-af8b-8fcaad99bc89,Nykaa,I Love Jahnavi kapoor,Delivery Failure,0.7499205454550157
22b28592-70f7-4699-8983-040023a98b36,Nykaa,Best 👌 nykaaa beauty shop platform,App Crash / UX Bug,0.47897120304386964
23e8498d-a03c-4a98-9c3b-a66ffee6d607,Nykaa,Vaadi best product very nice 👍👍👍👍👍,App Crash / UX Bug,0.8378751738729807
d3d677e0-a211-4a00-952c-947e323856ea,Nykaa,Good aap world,Delivery Failure,0.8396305982626322
66572407-fe7e-45ef-ba0b-2d1c4df9fdd5,Nykaa,I.lave.somac,Positive Experience,0.880534305826558
3889bd91-2806-4960-b5aa-623f3621c76f,Nykaa,Ye bhot aacha log be vja hi nykaa ko badnam kar rhe he ye mekap ke San ke liye bhot hi aacha me aapse kheti hu ye aap dounlod kijiy bhot hi aacha aap he,Positive Experience,0.5213616981612454
1ebe7ff0-bf5f-4165-b2c0-ec944c4da1e0,Nykaa,Bekar hai pahle price kam hota hai 2 din baad price badha dete hai,Fake/Counterfeit Product,0.8244348240300379
b40c8003-d5fd-4d40-8b62-4e2f2b5bcf21,Nykaa,bht accha aap h,Positive Experience,0.8759107437686348
e8d18809-54a5-4ae3-b07a-b5f23a169183,Nykaa,naykaa aap original products thanku naykaa,Positive Experience,0.4948193036217983
302c1332-4db9-47e0-8556-85c760f5e6da,Nykaa,Manish vasaiya,Positive Experience,0.7349023706962386
b189c333-bd82-46a7-9376-ae198b056a2d,Nykaa,Wow wow Products,App Crash / UX Bug,0.45790990369457224
87c0b2dc-f67c-404e-a926-b63e0c92f383,Nykaa,PPbऐययएबमजं,Positive Experience,0.7349023706962386
9cebd494-27fb-46c6-9515-50319b0b3799,Nykaa,Order kiya hai aane ke bad batata hu,Fake/Counterfeit Product,0.7563462508268252
2a043b4f-a058-4e56-9740-6706c90e0b6d,Nykaa,Its better,Positive Experience,0.6571052744307462
ec6daa32-a9e5-49cd-99a3-a014b7f89a44,Nykaa,Worstest app very costly makeup,Size/Quality Mismatch,0.9185253979698043
71473205-d960-44ac-9531-265f93fcfba2,Nykaa,High price,App Crash / UX Bug,0.6311741045513092
b5ee830b-f84c-49a2-82f4-d5044b834406,Nykaa,ववशवववववववशशव ववववववववववववववववववववववववववववववव,Positive Experience,0.8760133455317671
d095b114-621c-47ea-b034-c45b30933945,Nykaa,makeup kit order kiya tha isliye Mega please bahut acche Aate Hain,Fake/Counterfeit Product,0.5364521871035508
40793537-a3fe-4168-b3da-fd24ea45d3a9,Nykaa,I love makeup I love nykaa I think this the best app I have ever seen in my life the things are not very expensive and I Love you nykaa❤️,Size/Quality Mismatch,0.8780167989904408
1e5fefaa-f9d7-46c5-bf56-cde8410b6329,Nykaa,ओ9 पी पी0प पी 90ओ आईयू,Positive Experience,0.7349023706962386
064fd3e0-1288-472d-a913-1bdbe45e419d,Nykaa,Best option in this app is they have cash on delivery option as well..,Size/Quality Mismatch,0.7737339664504737
ffd57ccc-3467-4912-896f-feef1ce37b20,Nykaa,Sarvan sayi,Positive Experience,0.7349023706962386
930086fb-9e7f-4120-a1df-fe54fb942852,Nykaa,It's simply amazing....the products available plus the app...i just love shopping from here...,Size/Quality Mismatch,0.8470053943867016
f932275c-bd9a-4b29-9ea4-c53c93d20a90,Nykaa,पारुभूरिया,Positive Experience,0.7349023706962386
764a7d7c-8284-42a6-83f5-0b74dd48b760,Nykaa,This app is best one,Size/Quality Mismatch,0.967397023105522
60ffdd49-b7d2-4f55-8962-536902032ff4,Nykaa,oky it is good for every ledi,Delivery Failure,0.6754975829857331
d66fb6c2-dcc2-4185-b190-05b4498570e0,Nykaa,I am addicted to nykaa❤,Positive Experience,0.35794353060093337
c96b1133-60b2-4f2d-8fca-98ce96a03614,Nykaa,beauty is god holly pojisan,Delivery Failure,0.37863164597011545
61fcdbf4-6890-4453-b135-8ef019afc0dd,Nykaa,Best app to buy any product at good prices.,Size/Quality Mismatch,0.8763089175806286
97214b12-4b5b-4a9a-ade2-0a3cee3001f6,Nykaa,नयश गर्ल्स ग्रुप चेक नंबर मोबाइल न,Positive Experience,0.6879197518671603
09df0ba5-2b40-4af1-9ae8-d44c4fd1f0d4,Nykaa,Unblock not,Positive Experience,0.30035405484643385
54a96d72-5e9d-4eff-8b70-876650150618,Nykaa,AAJ ke baad aid. Bheji to. Court case. Hoga .samajh. nahi. Aati,Fake/Counterfeit Product,0.685892868475075
eab521d9-f60c-4b2f-942a-81987b99271b,Nykaa,good luck with,Delivery Failure,0.8678414640758156
e42273d0-aab4-4620-841e-aaa06a108afe,Nykaa,nice app but disscont are not good,Size/Quality Mismatch,0.8983057527276609
2430ae72-274b-4167-aec5-4e586e31350c,Nykaa,best online company,App Crash / UX Bug,0.36069022908843174
e1f25012-3927-4583-a209-acf422564a3d,Nykaa,गलती से होगया हे,Positive Experience,0.7298289760192767
6a9663b6-d6f8-468c-970d-a36404ae0387,Nykaa,Very nice product App,App Crash / UX Bug,0.5217718859560087
1a0d2929-6c52-46ff-b4b2-834ba6b01926,Nykaa,Nyc app with reliable products,Size/Quality Mismatch,0.8821615580987074
0c477a9f-3bb0-4500-a1ad-672972258871,Nykaa,love nykaa products and nykaa fam❤,Positive Experience,0.4468292654916725
fafb32e2-fec2-43ba-b059-9311af3baa59,Nykaa,सुनीता देवांगन,Positive Experience,0.8711799154783021
415d4d03-9d26-4a7f-983e-3dcad04dce81,Nykaa,beauty shopping,App Crash / UX Bug,0.4242434211417477
3630bd06-1788-416b-80eb-ce3cd83acc5f,Nykaa,बस्तीराम कड़ेला ेला,Positive Experience,0.8760133838116995
a9b5f3cd-92ce-4469-be51-f50738511c83,Nykaa,Veri Veri good,Delivery Failure,0.8561247025501478
a95d685b-e516-4a05-b257-99058c8eaa7d,Nykaa,"Completely unsatisfied. I ordered bronson hair straightner brush and 
recieved a pink color brush which seems duplicate and didnt have any good 
packaging. I requested for return but now they are denying..I would suggest 
dont buy electronic items from nykaa rather prefer flipkart.",Refund & Payment Issues,0.5387972211875273
d14f730c-6baf-4b1f-97ef-5c82b56da118,Nykaa,Balance Deen,Positive Experience,0.7349023706962386
30d1b5ac-e906-4b59-a607-43ece291d99d,Nykaa,It fineee to use,Delivery Failure,0.6809240210256646
680b58b5-4d46-4db7-a973-ba94f252710d,Nykaa,So super cute,Size/Quality Mismatch,0.35670354002319105
4bb76b88-74a5-4d36-8bf1-a45b2e24f5d6,Nykaa,मैएकआमआदमीहुमुझेपैसाकमानाहैमेहनतसे,Positive Experience,0.8698153299255147
60f3e93f-f90b-45d7-a186-8ca5c1188299,Nykaa,सावलराम     पटेल,Positive Experience,0.7349023706962386
e4607864-ac15-4a1d-9b23-179ee407242b,Nykaa,Normal bogus app,Size/Quality Mismatch,0.52595054677138
69536084-e61d-4402-af5f-8b9119848745,Nykaa,Rana and sapna,App Crash / UX Bug,0.530323291190094
c088b0ed-0e81-492a-904a-dcf407436088,Nykaa,I order 2 product and they send 1 only and when I ask question they do not reply me do not order from here,Refund & Payment Issues,0.7298855237785054
17ef6fb2-f307-4a29-91bf-b2bcf20b2df0,Nykaa,शंकरलाल राठोड़ जोड़ दुदोड़,Positive Experience,0.7349023706962386
2a1ce5ba-85cc-47fd-ad71-51d5511e2592,Flipkart,very slowly,Delivery Failure,0.7544033138078856
6e9e153c-eb28-4983-a792-e39a36dc9052,Flipkart,very good shopping in this app,Size/Quality Mismatch,0.9326210271675816
d83ea365-0d77-45a5-bfb5-30ccecf75f79,Flipkart,hyy i am navin from tamil nadu. nothin phone 3a restocked from tamil nadu delivered. I am kind request. them 17 people waiting for this mobile. please delivered in this mobile. please please🙏,Refund & Payment Issues,0.520943315818068
e015bb99-b102-4813-8b97-450631f258d5,Flipkart,very nice fashion excellent,Delivery Failure,0.6985799685244659
66f5c935-9afb-46b3-a3ac-5d6a6c12c1b6,Flipkart,"My experience was dampened by the behavior of Flipkart delivery system and agent. Their attitude was quite unprofessional and dismissive, which made my visit uncomfortable. I hope the management can address this issue, as it is crucial for customer satisfaction."" ""Unfortunately it will be my last visit on this app""",Refund & Payment Issues,0.5036624411199239
8242f5bb-3eac-4184-9240-2c19671e7c57,Flipkart,super awesome 👌,Delivery Failure,0.8445679137031984
32f0da3e-4882-40bb-aa38-0f6752e2f764,Flipkart,thanks Flipkart,Delivery Failure,0.6636691808965949
51c55aa5-e851-4bcc-96f2-ebaa87d0fa41,Flipkart,delivery service is very bad,Refund & Payment Issues,0.5431543148533289
784c50f6-c474-44ac-8961-452270c4c99d,Flipkart,"My experience was dampened by the behavior of Flipkart delivery system and agent. Their attitude was quite unprofessional and dismissive, which made my visit uncomfortable. I hope the management can address this issue, as it is crucial for customer satisfaction."" ""Unfortunately it will be my last visit on this app.""",Refund & Payment Issues,0.5036624411199239
b330b207-86d2-47c6-b4fc-3175b0786af6,Flipkart,nise brand nice delivery Flipkart,Delivery Failure,0.6793868915626462
f7e22980-d025-4512-bb37-df9907ecea5f,Flipkart,"one of worst delivery experience orderd two times and wasted money two times,and delivery guys are one of cheapest total fraud one star is more then enough",Refund & Payment Issues,0.6715994090263898
77729ca1-4f3d-47fe-86ce-77f11ad0ec74,Flipkart,let delivery,Refund & Payment Issues,0.43063250967568034
37715ed3-cba1-45de-b3a5-5d7199800477,Flipkart,Flipkart is very good,Delivery Failure,0.9099907006132021
3b0df4db-61eb-4088-936e-099ed4558e5c,Flipkart,nice product and fast products.....,App Crash / UX Bug,0.9487299418682588
39a6784e-957d-41fe-9776-fa2f28c3fe85,Flipkart,bes product's,App Crash / UX Bug,0.9263079058466858
68d427e1-cc9e-4b30-a344-30b16ba58fe4,Flipkart,rate is not fixed,Positive Experience,0.336862733760005
261af16f-6709-436f-876c-a2d4e76242e3,Flipkart,good night bast shopping 🛍 aap,App Crash / UX Bug,0.6323502110748686
207eaccd-de60-464c-b331-7f37104f7c0f,Flipkart,"service is to good ,Exclent product",App Crash / UX Bug,0.8506417065562786
0f41c2b2-1a2f-451d-b18f-02999ccb5e2f,Flipkart,Iam getting below message when iam trying to check out my order. there is no customer care support. no resolution for this. Transaction declined due to risk checks. Contact customer support or try other payment options. No response from flipkart. are you people dumb.cant you solve my problem,Refund & Payment Issues,0.6777199604787472
6485c891-0b0f-4646-920f-c7d7e57c9dfd,Flipkart,Flipkart is overall good application because of discount on products is good 👍.,Size/Quality Mismatch,0.6788848649214863
bf036fb7-ae10-4e5c-a09d-92e70484f433,Flipkart,very bad experience in this app my orders goes automatically cancelled,Size/Quality Mismatch,0.7565546279835971
6f464767-878b-4e84-ba6d-7b9d5d4184c4,Flipkart,buhst badiya,Positive Experience,0.871949035521704
eab80581-a524-4c6c-948f-319e7ea5b4c2,Flipkart,Bharatcho kali mandir,Positive Experience,0.8760134644212446
9457c531-ff96-4356-8d14-020345da6fde,Flipkart,surajkushwah,Positive Experience,0.8834838422579352
131f4c15-e940-4079-b6fd-fef7968713be,Flipkart,god product,App Crash / UX Bug,0.8341060160182765
7b2983b4-bee3-41d2-8f5f-002b352069d9,Flipkart,best service,App Crash / UX Bug,0.8261697835699644
173f2a6f-7ade-404b-b411-2603fa1a4011,Flipkart,bahut aacha product hume apka product bahut hi aacha laga,Positive Experience,0.8860494518184966
dd41932b-d759-4dad-83e1-8031605430c0,Flipkart,bakvas app he aagese koibhi odar nahi hoga kharab product deteho return karne k bad bhi koi lene nahi aata chitar,Fake/Counterfeit Product,0.9257879525288548
9c467421-48d3-4269-8c50-88d546feabb3,Flipkart,fast odear my and so Amezing,Size/Quality Mismatch,0.5524821532258917
9a406c6d-28d5-464e-97b7-af150c4a3e10,Flipkart,this is a good aap 😊,Delivery Failure,0.9164597102269433
e26ea250-11bd-43f4-b86e-457339cc57d7,Flipkart,server slow Bad situation,Positive Experience,0.320371629482219
c37ecf99-849a-4283-9eff-8deeddc0ed0e,Flipkart,very very worst customer care does not support,Refund & Payment Issues,0.5403755203702586
484fb74c-3268-441c-8c63-e54228297c87,Flipkart,"worst service by Flipkart Minutes, they deliver their products by following map which we are not conversant . why we are giving full address and telephone number ? Definately I will delete flipkart.",Refund & Payment Issues,0.7060872206544508
e001240b-79d6-405d-a490-1153d079b5e8,Flipkart,cashback not received & payment jo dikha tha start me cashback apply karne ke baad 292 rs payment karna pada starting me dikha rha tha 234 rs payment karna tha very very costly Jo dikhaya jata Hai amount payment karne ke liye wo nahin dikhta uske baad payment karne ke time extra amount jod liya jata hai I am not satisfied this online platform Flipkart & I not recommend to other person to buy Flipkart online shopping wrong enformation & pay amount,Fake/Counterfeit Product,0.8389446871573554
54cc4bd0-bbcb-4c1f-a747-3233bd82a416,Flipkart,after update app is running very slow specially in my account section and recently searched,Size/Quality Mismatch,0.7551888904461989
5d45e5ba-9cf4-49fe-99eb-beecc2e58f92,Flipkart,sir - please my order fast,Refund & Payment Issues,0.36436555509974866
f77d6964-6c9e-4e5c-a9fb-24332e47c6ae,Flipkart,very best one and only flipkart amazing,Delivery Failure,0.5037400686749264
bf5face1-10dc-4eba-b042-0549823ec3f7,Flipkart,delivery time too late,Refund & Payment Issues,0.6269540446853324
6c1f7f9b-54ab-4459-85af-e77b893f1945,Flipkart,it's a very secure app to shop and I have used this app for purchasing many by products and everyone should try this app,Size/Quality Mismatch,0.9200273058239794
fd8d2ac8-aea6-488f-868e-5c91de95fb86,Flipkart,bast materuyal,Positive Experience,0.7349023706962386
1081c80a-1c7c-4031-9eba-e5540122dc89,Flipkart,Every thing is good thire service delivery and products bur it have an issue if you use this app more than 15mins a network problem occurs even if your network is stable,Size/Quality Mismatch,0.5613764283683248
7d4c6d8a-6183-42c9-8d46-8c3aaee1c376,Flipkart,bhut acha hai,Positive Experience,0.7551432054821569
5bf6bfad-2ae7-4245-8407-a01d616fd06c,Flipkart,very nice sarvice,Delivery Failure,0.8496238449920698
c55775c6-0c7a-4ab5-b654-db29242cd5aa,Flipkart,good but pleas provide offers,Delivery Failure,0.5042998090944006
3a2372dd-93f3-4fbc-9023-a7800a4e423d,Flipkart,best online shopping platform,App Crash / UX Bug,0.7127293381669083
332937c7-2c20-40c0-8c02-8616f2af294c,Flipkart,best shopping,App Crash / UX Bug,0.9141959050680069
74063812-7322-4201-80c6-cdbac8ce57d1,Flipkart,Very bad when trying to connect customer service.... even their customer service mail id not accepting any mail.. everything fake..,Refund & Payment Issues,0.6774473366985313
b6372343-3c81-4933-a665-589f9330b5da,Flipkart,good service dilevery,App Crash / UX Bug,0.5124060722729087
56ecc254-88eb-4759-bcb7-32d3409d6672,Flipkart,best rates,App Crash / UX Bug,0.7476190539718799
fb6b0fe7-6cc9-48c4-834e-a4cb75ed65d1,Flipkart,order processing is very deep,Fake/Counterfeit Product,0.3555264401301101
aa2b47aa-ad4e-4bc8-9154-e9cd55a2de97,Flipkart,best. ap. best. delivery. best. items i .am .very. happy. ... bht. he. achi. quality hai. ... but .kbi .kbi. door. tk .parcel..resive. nhi .hota. hai,Fake/Counterfeit Product,0.7098506763291564
774145c4-c4a6-46eb-9ce5-89522c3d8362,Flipkart,cash back not given,Positive Experience,0.4559518520982289
b482b8cf-b6e9-488a-ae20-df848fcc27c0,Flipkart,Dadi bulli brahmaiah,Positive Experience,0.8711799810752474
9913d250-c468-4061-89d3-ca6e0aef0d8e,Flipkart,there are no anime manga 😔,Positive Experience,0.5055106043458915
abd87752-91d0-422e-8f31-72f9cff60ae1,Flipkart,फ्लिपकार्ट इन वेस्ट स्टॉप,Delivery Failure,0.3710411839567952
6f200d8d-8f03-487d-9531-f28b8b8f8831,Flipkart,md irfan Ansari,Positive Experience,0.8827181224122933
b9c142b5-abfb-4d88-9b5b-eb343e216443,Flipkart,Ye product mujhe kaafi pasand aaya. Quality achchi hai aur price ke hisaab se value for money hai. Delivery bhi time par mil gayi. Packaging bhi safe thi. Main isse recommend karta hoon.,Fake/Counterfeit Product,0.909503522087651
d323d13c-f817-4e76-b2dc-eef7bb145ea8,Flipkart,best flipkart app in online order thanks flipkart ❤️,Size/Quality Mismatch,0.6849118117328967
205ee821-c7e7-4d46-842d-a814980573fe,Flipkart,Sukhdeep Singh,Positive Experience,0.8521758507595754
0a97ead1-8505-4605-9d5b-031afda1ef27,Flipkart,received fake products consecutively,App Crash / UX Bug,0.9399123251086973
c0cf8a34-a7d0-496a-9a47-1b8d4bfe1347,Flipkart,please i can purchase Neptune math of company Orient black swan class 8,Positive Experience,0.5107568493105152
1c201f17-8739-4830-947e-8b6f34b996d0,Flipkart,very very nice 👍🏻,Delivery Failure,0.9148981594851359
eb2451f7-9461-4c0a-a918-78f7a7e89ab7,Flipkart,"worst experience in my life ever using this app, Dear Customer Support Team, ​I am writing to express my dissatisfaction regarding a return pickup for Order. ​I purchased the product on March 25th and initiated a return request on the same day. Although a pickup was scheduled, the courier failed to arrive on the expected date, and the return request was subsequently cancelled by your system. ​I have since reapplied for the return, yet the pickup has still not occurred.",Refund & Payment Issues,0.6055860222653202
8a9ff5e7-1978-41c8-81b9-20ab01ac2358,Flipkart,On time delivery,Fake/Counterfeit Product,0.3625140931939429
c54e689e-1569-4f82-94dd-4d965bf1728c,Flipkart,best shopping platform thankyou flipkart,App Crash / UX Bug,0.8146395609511707
36b94550-d6aa-4fed-95d4-78b5ee56bbe0,Flipkart,this app is best,Size/Quality Mismatch,0.9771146981428538
4d14a184-259f-45b4-b4b3-624e41a66ed6,Flipkart,this is very nice,Delivery Failure,0.8363472450393667
ccce31f9-c9e9-4bac-abf2-7baacf7b07fe,Flipkart,toileti bahut achcha hai,Positive Experience,0.8360907494791542
f4e11cad-fb5b-44f9-b7a3-fc3c4197afcb,Flipkart,Too much fake,Positive Experience,0.5589415480347873
1f51a0b7-7bfe-4b57-8606-bcad3afa3841,Flipkart,"FOR NO REASON, ACCOUNT IS BLOCKED. helpline number was not easily accessible complaints registered are not resolved within the given timeline. Even after Continues follow-up through phone call and emails back to back complaint registration there is no response and the problem is not resolved. The service is very poor and disappointing. I will never suggest flipkart to anyone.",Refund & Payment Issues,0.7489936335435144
cbc5b5d8-327b-4072-a75e-687c3dbf134e,Flipkart,not sure at this application,Size/Quality Mismatch,0.888158292730487
719cae05-58c9-4464-9c27-ca27bff501cd,Flipkart,"hamko nhi chaiya bhai tera insurance,jabardasti q chipka rha ha",Positive Experience,0.7496890186501364
7388ac56-d91c-44e8-8f2e-b2916b93e758,Flipkart,Very useful aap.,Size/Quality Mismatch,0.48997909355279756
88968be2-2ff6-4271-833d-4ea4511f93f4,Flipkart,very less than product available in the flipkart app,Size/Quality Mismatch,0.672136783522578
93868919-2fee-46f5-8b5f-198251e2adb5,Flipkart,No Size and dilevery men is frod my return is cancelled oto maticliy Poor service,Refund & Payment Issues,0.6023738924205164
6be4633d-bd72-46e3-beb2-536a16aad4e8,Flipkart,नीतीश कुमार बिहार सरकार,Positive Experience,0.8834838122549016
9df8ee2e-41d2-4b4e-aebd-c7cce565e262,Flipkart,my order are not delivered,Refund & Payment Issues,0.6743652303504007
ea91d4a2-219b-4297-90ce-ff8a2fda30d9,Flipkart,My account was blocked no reason why?,Refund & Payment Issues,0.5867163858399451
9134a769-fb28-451d-88a8-f057337bf8a7,Flipkart,hfjkgjjv nhi hai to nahi ho sakta hai na ki to dunia bhi nhi yaar jigari nhi yaar jigari nhi he is the one who are the same time in the evening of Thursday and Sunday is he doing the same to u sir ji 💪 BHAI BHAI 💪 Bhai ki luv you too and comment on this number bhej diya aur kya kar Rahi hai ki nahi h kinahi me know what to say the least of timeless and classic literature and comment nhi hai kya ho raha hu aur kuch nhi hota h na ki nhi he is not 🚭 me to get a chance to get the latest version o,Fake/Counterfeit Product,0.8079714778908244
5f8a4f8e-3bc0-446d-9945-18634f56ce6c,Flipkart,this app is very good 😊,Size/Quality Mismatch,0.9514582593363723
a9f12d06-8fa9-40b9-9f84-ec15fb6aed50,Flipkart,thank you flipkart,Positive Experience,0.3665498214084596
82d4daa3-61e5-4746-aed9-13d31c5fbd64,Flipkart,Mohammed Sunesara nice,Delivery Failure,0.8348343838889107
61fe44c3-4f5b-43c7-870b-96a2c48134e8,Flipkart,nice online shopping,App Crash / UX Bug,0.7656011010729334
d8739357-754f-448c-ba49-00805f178fc2,Flipkart,I want good quality,App Crash / UX Bug,0.7676714655181562
b42628a6-263b-47b7-9490-5df5926ae2fc,Flipkart,thank you yhcsbs,App Crash / UX Bug,0.3280615762665314
817a4566-87fa-4c70-8268-7f07a0198f2e,Flipkart,god and Genuine products please visit Flipkart,App Crash / UX Bug,0.7753815181940414
6ca68265-1f60-4692-b816-9ca3d88350cd,Flipkart,so beautiful,Positive Experience,0.38021748476850664
4eeea649-ec4f-499c-a153-9f1fc38c116b,Flipkart,app lags like anything. always loading issue.,Size/Quality Mismatch,0.832026664855297
f5affaca-52f1-497d-8da2-bd67d3ab0110,Flipkart,good is not ......................?,Delivery Failure,0.74078424959768
062845e9-283d-45d8-a280-c417ff754ee4,Flipkart,nic flicb cart,Positive Experience,0.7349023706962386
e4f08a04-81f5-48ce-8d70-6f726104b651,Flipkart,very good flipkart 🤘🤘,Delivery Failure,0.9323861984688092
890aa00e-f1c3-4ad8-b81c-1842aea3cfc9,Flipkart,very happy good,Delivery Failure,0.9476432639235866
f79728a3-444e-40fb-ba05-a96264d50388,Flipkart,good super,Delivery Failure,0.8304505424523911
56f65210-1f01-40ac-8ee3-7f4851084a7c,Flipkart,easy oder easy aap,Positive Experience,0.8601174571769213
dce92eac-aade-4c74-bf00-3270fda906b0,Flipkart,awesome response,Delivery Failure,0.8659228678101784
61e63966-9394-4937-92f4-5ead588675ba,Flipkart,"Extremely disappointed with Flipkart Grocery lately. They keep adding ""platform fees"" and ""handling charges"" to every order, but the service quality is going down. Delivery is often delayed, and items are sometimes missing or damaged. Why should I pay extra fees for a service that isn't even reliable? Better to use other apps that don't loot customers with these ""additional charges",Refund & Payment Issues,0.648267585141388
97f89f0a-3544-40f2-ab9b-b90240fccdf9,Flipkart,where useful and brilliant app,Size/Quality Mismatch,0.9190091645831531
965c41d4-2c48-4f78-b5e6-e5d5976a3eac,Flipkart,tank you ll,Positive Experience,0.47127067523676003
fe350557-68ad-4109-b7a9-42b6c7d72dcf,Flipkart,"Flipkart, I'm Plus Member from years and have shopped worth in some Lacks and wanted to say you have become so greedy and pathetic these days , shame on you - platform fees, surge fees and forcing customers to add times so you don't charge high fees been ridiculous",Refund & Payment Issues,0.5538274915611364
d60d9c36-b481-4ce8-9d1f-c64f843871e1,Flipkart,when I saw I buy,Positive Experience,0.608919198637495
507da14f-c318-43bb-83a0-39dad81c7b62,Flipkart,nice Flipkart,Delivery Failure,0.8595175519842575
f33a6976-7fe2-40e4-8b2d-b52d4b1752bc,Flipkart,Their Delivery agents are ruining the flipkart and they don't have guts to deliver product from them. Useless service as they are always in hurry for refund process instead of delivering the product. Soon other APPs will make flipkart shut one day due to their delivery partners and their negligence towards complain.,Refund & Payment Issues,0.6944646402554968
21e11897-f98b-4e9c-8780-ddea42af6cca,Flipkart,"using this from 13/14 years , purchased more than lakhs rs products . but i am switching to amzon from now . i will never use this aap in future . customer service is very fure , never want any resolution from them ....",Refund & Payment Issues,0.460636234912151
bdd2612c-be49-4c88-9c7b-603c4d899094,Flipkart,It is the no. 1 online store with the best quality at the lowest price....good ...keep it up..,App Crash / UX Bug,0.33409581750798634
b5b3879c-9b48-43b7-98bd-04251ae9ccbf,Flipkart,Worst experience with Flipkart app. It is very slow and often doesn’t load at all. I faced multiple issues while browsing and placing orders. Please fix these bugs as soon as possible.,Size/Quality Mismatch,0.5797649181920539
6139c628-fe37-4290-bf96-5298352fcefb,Flipkart,"i delete flipkart app,For the past six months, I have been encountering an error message stating: ""Looks like there is an issue at our end; please try again."" I am unable to link my bank account to my Flipkart account. This issue has persisted ever since I updated my mobile number on Flipkart. I even tried deleting and reinstalling the app, as well as logging in again, but the problem remains unresolved. no proper response",Size/Quality Mismatch,0.6131977227117261
2ef0eb34-9036-41b5-babf-a82f4ed98bcf,Flipkart,best sarvij,Positive Experience,0.7760533009546573
2a3c224f-2db4-4e0a-bc58-2bfd0fb1f1ee,Flipkart,Flipkart gives best quality,App Crash / UX Bug,0.7999186661683406
c34fdc29-2c9a-41e7-b18c-bcfb98a07495,Flipkart,I think percel ane ke bad review dalungi,Fake/Counterfeit Product,0.46222147137775804
779e6bf0-e0dd-4658-8a29-061da31e74c2,Flipkart,Handling Fee Ke naam par loot raha hai flipkart,Positive Experience,0.6042490016576912
fd1e1332-8dd0-4846-b7f2-c0a1849994ff,Flipkart,"Aawaaz, ho a nenewwwwww ww h wweeßw ßs w ww h wweeßw ßs w ww h wweeßw ßs w ww h wweeßw ßs w ww h wwwwww",Positive Experience,0.881450976739204
7edbd636-38d8-4e25-a0fa-507a4ff5a42c,Flipkart,not bad product,App Crash / UX Bug,0.8502422447428915
bab4883f-4018-485d-a2f6-517ff7f2d574,Flipkart,Best order app download now,Size/Quality Mismatch,0.7082493843483946
80ca6201-a667-425c-b0f1-76b22aebe1f0,Flipkart,very useful,Size/Quality Mismatch,0.7711274034285509
39141d6b-6a15-428d-afbc-6537a60400f4,Flipkart,that's great,Delivery Failure,0.8412691337585351
8b016876-bded-49b9-bf79-f125d11cc8ae,Flipkart,this is very nice app,Size/Quality Mismatch,0.8744738737917576
e10b1d2a-9514-492a-a336-8d8d502a9149,Flipkart,this order is a broken product is damage this is not acceptable,App Crash / UX Bug,0.6063742629274397
58a364e4-e060-4e39-8c6c-ffab08f94fb8,Flipkart,nice application,Size/Quality Mismatch,0.9481081907367471
618c1cb8-b29a-47a4-bce1-e7afa362c588,Flipkart,this is best app,Size/Quality Mismatch,0.9766654283102076
65d05aff-13bf-42d3-b857-557c31ddafd4,Flipkart,best review,App Crash / UX Bug,0.5039551874706379
a1eb9f7e-ef88-4127-9b57-92a02f2c701a,Flipkart,very much for the first day of the year I was in the middle,Refund & Payment Issues,0.6374659018876848
3cc247ee-3965-4f49-abe3-4502c6100207,Flipkart,nice one good quality,Delivery Failure,0.784500888757677
0e79c11a-bc84-4254-8264-52dc33a13c01,Flipkart,Flipkart is getting worse and worse I ordered a book and some maps but I don't receive them yet and delivery date has gone also. it is showing that your order will deliver on 31 march but I want to know how can you deliver my order in past. today when I am writing this date is 2nd April I don't know when I will receive my order I want to say one thing I you can't deliver anything on time clear it. I am waiting for my orders more than 5 days I suggest don't install this app you will waste time,Refund & Payment Issues,0.7160855665475554
e8c5401d-bfe7-4e8d-90dd-d9a94cb49af8,Flipkart,veri good service,App Crash / UX Bug,0.5652150576422287
91654e7b-181a-4a30-9b94-5909a49e06af,Flipkart,Agents were selling fake products.... Flipkart is loosing customers trust...NASEEMPERFUME seller Is selling fake products...,App Crash / UX Bug,0.8638515871966703
b8e6b717-5f16-4549-9776-8a19b1e874de,Flipkart,i like flipkart,Positive Experience,0.42657019250916905
0cafd2a7-f309-44d3-9b0f-05af8a885f9d,Flipkart,thank u so Mach Flipkart,Positive Experience,0.5295652091084603
0c8b6bfb-52c7-449f-b553-03c04654d00c,Flipkart,such a fantastic app and good service i like it 😘🫶,Size/Quality Mismatch,0.9160792624549934
81af805e-d3db-45f4-a1b4-c348a44e3324,Flipkart,worst payment option .,Refund & Payment Issues,0.4660746690069013
9e1b1f57-d903-4683-a681-58b73eca1c8d,Flipkart,very very bad sarvice slow delivery process,Delivery Failure,0.5337563640249269
b1d41c06-1942-42ac-8154-31bc29e587d8,Flipkart,good pretty awesome,Delivery Failure,0.9248728321837552
e2f822a3-0b3a-48ed-96cd-19527db2f40e,Flipkart,trusted app,Size/Quality Mismatch,0.8785269786919134
75b9ac6f-7fbc-47b5-a9e9-5393782dd777,Flipkart,low quality shirts don't waste your money,Positive Experience,0.374248793982987
4de809dc-77fe-4767-83ad-428f1af77e4b,Flipkart,good 👍 sarvice,Delivery Failure,0.8474040470352626
0c4ae460-a56c-4ce9-b35f-696dc418ceda,Flipkart,always good,Delivery Failure,0.9015103313097892
3e7b3fda-58cc-47ad-a64f-120f113d8348,Flipkart,I am very happy,Delivery Failure,0.7976005556228823
9be88048-0177-42ec-bbe3-40eb27dd5ba6,Flipkart,nyc prodect 👍,Positive Experience,0.5181502890795568
7829a6e8-bddb-45c9-8736-2c8d2010d50e,Flipkart,always on time service,App Crash / UX Bug,0.33481085858137416
b91ae553-08c8-40c6-ba7f-52a2f2b2e2ff,Flipkart,nice service,App Crash / UX Bug,0.4703796664030714
6d394faf-7078-4cf2-8a0f-b6d0b180eebc,Flipkart,"it's worst app ever I hate it really I mentioned the address correctly still went to wrong address and, its really bad I will not recommend anyone to use this app",Size/Quality Mismatch,0.6682783299159251
f8a42400-2254-4596-a4d1-149b14fc38c2,Flipkart,very good shopping app,Size/Quality Mismatch,0.9530989179301296
d934400c-9659-445b-bd7f-797b15fba574,Flipkart,best top 5 ⭐,App Crash / UX Bug,0.6105819576950882
4934b3f8-74f4-43c5-bc3e-06d64915c33e,Flipkart,why your applications is so many glitches and lagy ...,Positive Experience,0.2596176116697345
0cbe295d-982d-483f-8631-75c78710be80,Flipkart,Cheater 1. Secure Packing Charges 2. Offer Handling Fee Amazon is better. 3. Protect Promise Fee Amazon is better.,Positive Experience,0.3406516166669424
8abc8411-e002-4b11-9ce5-da570d97b256,Flipkart,बकवास app है delivery charge ke name pe kitne bhi paise mang leta hai ager Book sasti hai to delivery charge jada kr dega bahut hi ghatiya aap hai,Fake/Counterfeit Product,0.8674245097180314
dfa5ceac-5a6d-4173-84c3-66690b5db275,Flipkart,"latest issue I had selected my work address, for which they're going to deliver the product till 11 PM, and the next 3 days are long weekend so I won't be available at the address. lol fake sales, now they're charging whole lot of additional changes in every single thing is the cart seperately",Refund & Payment Issues,0.5897790371887365
37a063c0-9ffc-4b50-8468-fd7ead001b64,Flipkart,flipkart chor hai,Positive Experience,0.8283585917206944
3d393d89-bc47-4203-b9a9-7028811d67af,Flipkart,return kro to paisa cut krte h,Fake/Counterfeit Product,0.6629130682948814
0544fba1-d511-4f30-88e5-227e7f537de2,Flipkart,super Mario,Size/Quality Mismatch,0.3580044522686001
4dfd4533-f375-4cb9-b85b-191f90d037c0,Flipkart,at chennai flipkart delivery boy use abusive language,Fake/Counterfeit Product,0.40457731991308543
ca6ae4c2-99e9-472f-b25d-ff6700ea5303,Flipkart,hanging app,Size/Quality Mismatch,0.52595054677138
279dddae-8cf0-4747-8049-89eec5aeed08,Flipkart,Feel always happy to get good thinks,Delivery Failure,0.8913656965371108
06079df9-3723-403f-b142-584d0dd07750,Flipkart,I love flipkart,Positive Experience,0.46846575123432804
ffbf99b5-bafd-4d76-84f3-b068ac78ab82,Flipkart,the product and customer service is very good. the product quality is excellent and rate will be reasonable,App Crash / UX Bug,0.8851850834781269
ab59f256-587e-4d29-a410-edfcdae40108,Flipkart,Flipkart customer support Amazon ke joote barabar bhi nahi ban sakta jeewan mein. wallmart nein dhajjiya uda di is brand ki,Fake/Counterfeit Product,0.7644645707683632
9018f20e-1c00-447d-be1c-98c618cb3a46,Flipkart,e ees see see see. ni ni 6ww83 e45ew w.reni. e,Positive Experience,0.837555873977513
6ca0ead8-65d9-4524-bcd8-b5989a924bf0,Flipkart,good 👍 Job in the world of the same and the best for you,Refund & Payment Issues,0.4325242500993329
6b21dc35-ba74-4bae-952f-acb81bdc08e0,Flipkart,I hate this recent changes why flipkart is not taking other UPI I'd like thy showed earlier like phone or Google pay Paytm then you clicked that open UPI I'd option but now it's gone.if I'm unable to pay through my phone pe how am I supposed to pay please resolve this problem .,Size/Quality Mismatch,0.4626688876572242
8a4f034f-9c9b-43bc-ad23-4c59ada0af1e,Flipkart,good n fast delivery 🚚,Delivery Failure,0.44369651467254895
1a2ca891-0ab4-440e-97c7-d3f36465832a,Flipkart,"I hope you are doing well. I am writing to request a review of my Flipkart account, which has been blocked/suspended. I am currently unable to access my account or place any orders, and I have not received a clear reason for this restriction. I would like to assure you that I have always used my Flipkart account responsibly and have not knowingly violated any Flipkart terms, policies, or guidelines. If this action was taken due to any automated system or unusual activity, I kindly request yo",Refund & Payment Issues,0.4879920952812545
1b838997-1751-444f-a0c4-af7aadea69b4,Flipkart,to late delivery 👎,Refund & Payment Issues,0.7328264154830496
21dae95a-574c-4140-9729-0e90154e2f41,Flipkart,radhe radhe,Positive Experience,0.8805343362959388
27d082bb-9a61-4918-8469-1eb424f5f1a4,Flipkart,that's good,Delivery Failure,0.9278098718465223
daa5faad-ad58-4116-a572-63e70c957755,Flipkart,good for order service,App Crash / UX Bug,0.5536182568838479
f7602ddd-f3e6-4173-aea0-4179d89b4474,Flipkart,90% of chennai pin codes are not supported for delivery,Refund & Payment Issues,0.44596809129816906
0b7e76c5-1bfe-48e4-98a8-a4d9c0f8227e,Flipkart,nice resevid,Delivery Failure,0.848645407187244
c7dfbf45-d62b-4fbc-a8d2-569e87ea9787,Flipkart,Best for product,App Crash / UX Bug,0.9374086643239707
5ef0afbb-d457-4138-9dc9-24fe5b9918e9,Flipkart,sef soping,Positive Experience,0.7349023706962386
f13916a8-adb7-4c1b-9d6e-3787ef57e82e,Flipkart,this app is totally trash I have been waiting for my order date for the delivery It was 31 st march I'm still waiting amazon is at least doing better from this trash and I don't even have any option to cancel the order and get a refund. you guys should do a better job,Refund & Payment Issues,0.8432681166765983
011ac08a-daa5-410c-9d1c-98727e585e4f,Flipkart,I'm happy 😊 Flipkart,Delivery Failure,0.836171247996203
9a3ea8a1-eddd-423a-a6eb-4181ff6db7de,Flipkart,useful app,Size/Quality Mismatch,0.9502629128570901
8b5c308c-4ebd-4a7c-b550-a01f3d4bb02a,Flipkart,Good service and Timely delivery and for easy and time saving,App Crash / UX Bug,0.5748948933853602
089069fb-74f4-4463-81f1-e9466eea10b7,Flipkart,it's nice app,Size/Quality Mismatch,0.9711715983442136
2911ae18-fa7b-4502-b285-3c2a9f89f1b5,Flipkart,"My experience was dampened by the behavior of it's (flipcard) delivery system/procedure/agent. Their attitude was quite unprofessional and dismissive, which made my visit uncomfortable. I hope the management can address this issue, as it is crucial for customer satisfaction."" ""Unfortunately it will be my last visit on thus shopping mall""",Refund & Payment Issues,0.6468948887695815
7c6dfa0a-4201-4bb0-9854-55295538ebd4,Flipkart,very good order app,Size/Quality Mismatch,0.8464714936194937
a205bac9-c095-4c1d-8575-7a4d111f082c,Flipkart,good night 🌃,Delivery Failure,0.8561247025501478
e3e98759-f13c-4a7d-ae33-d100c4fda07c,Flipkart,Rohit Sharma Jee,Positive Experience,0.7349023706962386
fe2071aa-7931-4b53-a705-91f3366343a6,Flipkart,hmare ko aasa lgta h tab mgvaya,Positive Experience,0.885401207178421
22df0307-e410-4920-8349-61ee3679a961,Flipkart,झभजभजडूठडझ,Positive Experience,0.7349023706962386
9ad94389-9466-472e-a4b3-59649de62055,Flipkart,dilbar let kar hai jitna din btata hai usse jada karta,Fake/Counterfeit Product,0.5566487001324392
c44f469f-1811-4dd6-a9e7-966e3c6b890b,Flipkart,कम देखेंगे फिर देंगे,Positive Experience,0.8698153299255147
e78314a3-8d0c-42bf-8177-b8c8cf403f48,Flipkart,ऑर्डर कैंसल करने पर दुबारा में किस ऑन डिलीवरी नहीं हो रही है,Size/Quality Mismatch,0.560710091381593
6a89224f-4316-4abd-9cb5-812c6f5f6cf5,Flipkart,very nice look,Delivery Failure,0.858807831933244
8bc58e83-298d-41dc-b2fb-bc8283959ded,Flipkart,super market,Positive Experience,0.3948079247880562
17ce9870-b025-41e5-a547-08c51465330c,Flipkart,Naresh.mali.barmer,Positive Experience,0.8827179015213662
3d8f6a06-9e70-4405-b21e-1dd3de05dcd0,Flipkart,Ritesh Plj,Positive Experience,0.8805341370508465
c2a7c9c1-11d1-40ec-b157-7bfb482f0371,Flipkart,bhut cash on delivery rahata Hai tab tak,Fake/Counterfeit Product,0.4732082121985928
fac43bd6-e06e-4543-ae0a-2e58a0f06568,Flipkart,ऑनलाइन सामान खरीदने की फ्लिपकार्ट ऐप एकदम घटिया एवं थर्ड क्लास है लोगों को मूर्ख बनाने का काम कर रहा है भाव बहुत ज्यादा है। सावधान रहे सतर्क रहे। मैंनै इस ऐप को हटा दिया है।,Size/Quality Mismatch,0.764644766126981
6896dbc8-f3d9-429e-8805-01cb0500c922,Flipkart,bhut jada pasand h mujha y aap ♥️,Positive Experience,0.8420562780387566
f93bc832-befc-4235-95b9-9ea0375d16ef,Flipkart,super nice,Delivery Failure,0.6921438152740026
2526b6f7-71b9-4bdf-818c-e0475128ba14,Flipkart,yah app acha hai 👍,Fake/Counterfeit Product,0.9033856297258858
89174cd2-812d-4905-897a-bb0d47e9d205,Flipkart,qwert नमस्ते,Positive Experience,0.8805342299638991
33cb1d89-d95d-4a48-928d-70ba49cbd74f,Flipkart,bohot acha hai flipkart,Positive Experience,0.9266877115400289
1d122518-cc3a-4be8-9bed-82eeea3d6bc3,Flipkart,समय पर डिलीवरी नही मिलती ना हि किसी प्रकार कि व्यवस्थित सहायता मिलती है एप विश्वनिय नही है,Size/Quality Mismatch,0.7460743061337755
b7b0a616-0061-4402-96c5-c5ea96632ea6,Flipkart,ढचदढटदढटदढटदझ,Positive Experience,0.7349023706962386
18c86cd5-c0e8-47b8-aa53-8a5a250ed7e4,Flipkart,good app ..,Size/Quality Mismatch,0.9665270837527341
1e9eb1fe-81b3-481f-a394-e5c4515478f4,Flipkart,🌪️🌨️OnePlus Nord CE 2,Positive Experience,0.7349023706962386
d3100fec-d9ed-4769-9f8d-8d63831e5990,Flipkart,Raj seven box,Positive Experience,0.7349023706962386
462e59f0-3833-4951-989f-3737e800fe00,Flipkart,bahut behtar,Positive Experience,0.9085754539725706
bb1e27c7-1d9f-4e35-82d3-c1823f1c9eaf,Flipkart,Karan tiwari pandit ji,Positive Experience,0.8975069609903441
cd97b50c-7a2e-4cd9-a2f3-7d7ab383a52b,Flipkart,यह बहुत अच्छा है शापिंग करने के लिए,Delivery Failure,0.9433840674950977
1f8f9f4e-9152-496a-8ea0-005432797489,Flipkart,mast hai ye,Fake/Counterfeit Product,0.5007179444523348
c8d54e16-f87a-4f54-86d1-a560fc46ec94,Flipkart,bahut hi badiya aap Hai,Positive Experience,0.9235551785771458
e51f1277-2e0c-4acf-be12-777b1210d286,Flipkart,bohat acha,Positive Experience,0.902289136139272
073c4d6e-e873-4aee-9c79-a883f0d69612,Flipkart,order ko correct location per nahi pahuchate hai ⚔️⚔️😡😡,Fake/Counterfeit Product,0.8527077575291772
8f533039-9f53-4a01-ab66-116598b91777,Flipkart,बहुत बढ़ियाहै,Delivery Failure,0.887067490569069
5adcbde7-21bc-4c73-9787-84a447b11dc8,Flipkart,fast sarvis,Positive Experience,0.3589135639107786
de474d9c-1a39-4036-85c3-acedabd48dbb,Flipkart,sahi bhai log online shopping,App Crash / UX Bug,0.5252364118859428
f381ce0f-68c4-4719-bea1-837cc7229f25,Flipkart,यह एक बहुत अच्छा ऐप है और घर बैठे कुछ भी हम मंगवा सकते हैं,Size/Quality Mismatch,0.9115431473480882
32483be8-0e21-401c-a701-51178b3d3797,Flipkart,यह ऐप मिशो से जल्दी पार्सल डिलीवरी करता हे,Size/Quality Mismatch,0.7973909184433884
45d143b1-3503-4e04-b2fb-f136fcecf31d,Flipkart,आप के कुछ सेल्समैन ऐसे हैं जो बाहरी बाहर कैंसिल कर देते हैं ऑर्डर,Positive Experience,0.5671897598294293
b351af2a-a49b-4d80-83cb-59e09f1df4c3,Flipkart,बहुत अच्छा ऐप,Size/Quality Mismatch,0.9220747832613727
304dcb35-8165-4b58-ad49-2af23dabe7d4,Flipkart,बहुत ही खराब है,Delivery Failure,0.47411171928243523
01fc7975-ace8-4c6f-95c0-0d74c54a2e60,Flipkart,bahut achha,Positive Experience,0.9125787881214074
88b0a498-2b8b-4bc9-bc52-816fb58dd7a9,Flipkart,बहुत अच्छी सर्विस,Delivery Failure,0.9254344345082905
1299cfec-9f62-4481-8cd5-4a2bb7d79e03,Flipkart,super best,Size/Quality Mismatch,0.5411421806360194
d84cf3c5-ea88-4794-a857-5a0ffb9ca34e,Flipkart,good this app,Size/Quality Mismatch,0.9612839667566812
8ed260ac-0e3d-4eba-a1a4-7024679a53f7,Flipkart,I like this app,Size/Quality Mismatch,0.9199593207871832
5e82ca71-3064-447d-872f-48c6027ccc2f,Flipkart,अच्छा है लेकिन थोड़ा मंहगा है,Delivery Failure,0.9257266290125052
c4ac0f3c-ac4a-458a-9719-c187baf22942,Flipkart,this application is very good and useful fo online shopping,Size/Quality Mismatch,0.8472618120521854
25a38a71-a729-4c28-b909-56db438121b3,Flipkart,मैं अपने लोग भूल गया हूं इसलिए मैं अपना लॉक करना,Positive Experience,0.7724389822536677
f4aebe7f-22b5-4a6c-a512-a78c089bfc80,Flipkart,बोत ज्यादा अच्छा है और हम सब को यही कहते है,Size/Quality Mismatch,0.5214689699525368
ecdaed5e-6e5e-49df-a7f6-a7b398b6472c,Flipkart,bahut hi achcha,Positive Experience,0.9110862464936924
fc0e7ecc-2c82-4ab8-ba0a-3d8804e36654,Flipkart,", Very good System",Delivery Failure,0.8317622189743259
b9483379-49e6-4548-a81b-f176ad62266f,Flipkart,विश्वास है flipkart पर इस लिए,Positive Experience,0.4016036395519831
5f07b53c-f981-46ec-b158-7e7b23a5e560,Flipkart,cash on delivery nahin de raha,Fake/Counterfeit Product,0.5468609082440434
3d31dffc-0664-4d7f-91fc-bf305b22ab04,Flipkart,aoll the best,App Crash / UX Bug,0.48031582457847943
b1682a87-9cea-4872-9818-3e4037b6feb2,Flipkart,ye app sahi hai,Fake/Counterfeit Product,0.8916754367193777
f22416ab-2d6e-427c-8813-bb109f34eaf4,Flipkart,bhot Aacha Aap hai,Positive Experience,0.9203207854295158
16fe11f9-e26d-4aee-bd0d-bc2376c9157a,Flipkart,सामान बहुत लेट लगता है लाने में,Delivery Failure,0.710821623305241
b5b22555-497c-4986-a5fd-7d361faed5a9,Flipkart,अच्छा एप में रहे,Size/Quality Mismatch,0.9188476154272639
fc357c14-ff26-4180-91f6-fbb1f84069ec,Flipkart,बहुतअच्छा।,Delivery Failure,0.8539811241582222
3fffb15d-537b-4496-96e7-6d3e9cf2fb40,Flipkart,very good and best plate form,App Crash / UX Bug,0.7767029443328899
2b0d7dcf-2993-44f8-9d44-a7bd54d08670,Flipkart,मस्त है फिलिप कार्ट इसे,Delivery Failure,0.796613434922865
6659bf33-3ea7-4580-9985-c7124e4b67b5,Flipkart,Flipkart open nhi ho Raha hai,Positive Experience,0.8700278873771813
e11e40f5-0192-4c61-8ed8-dc5b7dc15df8,Flipkart,bahut acha hei filpkart 1 like,Fake/Counterfeit Product,0.6641278115363409
e4eedd02-6e6c-41e2-802c-cde5c9a23e98,Flipkart,"this nice job, thanks flipkart",Delivery Failure,0.8189741766338214
567907cd-99bc-418d-923d-416578da5c71,Flipkart,भाई फ्लिपकार्ट मत करना डाउनलोड फ्लिपकार्ट की डिलीवरी वालों को बात करने की तमीज नहीं है 😡,Positive Experience,0.5911352617677987
d4f4746e-33cb-4f57-a386-18bd35a11838,Flipkart,im very very nice,Delivery Failure,0.9148981594851359
4126d118-b2b1-4b2e-bce2-2ecafe9de606,Flipkart,डिलेवरी बहुत लेट आती है,Refund & Payment Issues,0.7215306887137347
e5827d49-bf95-4896-b72f-3c0c32181be1,Flipkart,इंडिया का मोस्ट शॉपिंग एप फ्लिपकार्ट है जो मेरे को भरोसेमंद लगता है। 😎,Size/Quality Mismatch,0.864232008453685
732b5996-71d2-4f5f-8eed-40b48d8dd551,Flipkart,dankon to do fillkat,Positive Experience,0.8554330137154087
0272332f-b56f-4509-a999-7ca3bf8d4ca4,Flipkart,hamen achcha Laga,Positive Experience,0.8854316013714068
15438085-dda3-4b83-849f-f86115c3ae2f,Flipkart,bahut bykar hai shi Saman nahi milta is app par,Fake/Counterfeit Product,0.8831670381687774
e9fc31cb-67bf-4414-b871-13c58a7c23a2,Flipkart,बहुत अनुभवी हैं,Delivery Failure,0.5397904768211329
f8f8488a-61cf-45ba-9d4d-526b0a10babc,Flipkart,very nice app good app,Size/Quality Mismatch,0.9758642034369949
f7a9ca32-82c5-463d-9052-4a733c491dd3,Flipkart,best filpkart,Fake/Counterfeit Product,0.40305795800366456
b5781936-a52b-4f2d-96d1-517127672414,Flipkart,अच्छा है फ्लिपकार्ट,Delivery Failure,0.8618155073002551
85b7d754-7473-4df3-a966-66f316076769,Flipkart,online shopping good fill,App Crash / UX Bug,0.7338137599587525
7799ec8b-46bb-4c13-b859-1b072eabc2a8,Flipkart,god ok god,Delivery Failure,0.5189293906062499
4a6309ad-bad2-4fcf-841c-f976e94ef381,Flipkart,very very good 👍 👏 👌 😀 😊,Delivery Failure,0.9096794818281632
f88a7b29-0c84-4726-9e63-0247c9a7dee4,Flipkart,यह बहुत अच्छा है इसे मैं खरीदारी करके बहुत खुश हुआ,Delivery Failure,0.9140706388559721
a558e23d-cbe1-4454-85f1-4e6099058161,Flipkart,मैंने कई बार आर्डर किया है अभी तक मेरे पास कोई आर्डर नहीं है कृपया आपकी आर्डर करवा दें,Positive Experience,0.7219386039704269
13a91e61-8a8b-4049-bb93-66e3f98a705d,Flipkart,very good savings,Delivery Failure,0.8637720678987506
b9a9539d-5b16-4859-b4df-9f74f9ee7378,Flipkart,यह खरीदारी आप बहुत ही संदार हे एक बार आप भी इस्तेमाल करे,Size/Quality Mismatch,0.494545717981436
795e7675-161e-4664-96d9-536eb43bee37,Flipkart,first delivery,Refund & Payment Issues,0.43774706574985356
232650eb-366e-4921-a128-5f823b9ba827,Flipkart,very nice flip kart,Delivery Failure,0.858807831933244
7cb6a060-7407-42a1-8f2c-2527d6f2bb94,Flipkart,sabse Achcha aur behtarin,Positive Experience,0.8585124286313743
ce3ea729-ec00-47a2-8978-ad4e2f777062,Flipkart,kafi achcha Sadi dekhne mein shandar pahnane ke bad Loksabha,Fake/Counterfeit Product,0.6578312873533512
bc8506ae-128c-422a-b4b2-75f61b9a39ca,Flipkart,im very happy to Flipkart,Delivery Failure,0.9174774161680631
aae8d9ad-779f-40fb-ba34-a5ecd94d92af,Flipkart,very.bad.app.dont.instal,Size/Quality Mismatch,0.7674179670934778
518edfd2-5479-46c6-994a-b93596c4ba39,Flipkart,बहुत सुकून मिलता है,Delivery Failure,0.6798442777616447
db0ab203-78b3-4c48-8d67-279b176b88d0,Flipkart,यह बहुत ही अच्छा है,Delivery Failure,0.9566031385705699
0289e713-6989-4a8a-ad2b-5b23c2531196,Flipkart,si nice app,Size/Quality Mismatch,0.9552331652617841
2ae0a4d9-031a-4500-a8b4-983c068918d9,Flipkart,bahut achhe h,Positive Experience,0.9109526774752086
4faf5138-4637-4146-83a6-30804c4582cb,Flipkart,ye bahu ghatiya aap hai isse acha ha i ki khud chalkar le aate saman,Positive Experience,0.5468116854631295
a9d6f258-570a-48da-a4e8-4edf90a4dfbd,Flipkart,बहुत ही बकवास है,Delivery Failure,0.8006503922286576
2d9085b4-8f40-47eb-ac58-d56f370d9555,Flipkart,आपका अप बहुत ज्यादा घटिया है ईएमआई ऑप्शन नहीं आ रहा है,Size/Quality Mismatch,0.37307306653432526
cb0d2a0b-204d-40db-b5ef-f3b81a10851b,Flipkart,बहुत ही अच्छा ऐप है,Size/Quality Mismatch,0.9220747832613727
85cbbcf3-2492-411d-b3ae-3f2e7bed835c,Flipkart,बहुत ही गंदा ऐप है कोई भी चीज ऑडर करो जिस दिन उसकी डिलिवरी होती हैं उसी दिन अपने आप ही कैंसल हो जाता है,Size/Quality Mismatch,0.8111481149165968
4a845d62-f9b2-4671-a6d4-618379931f3a,Flipkart,nice and good👍,Delivery Failure,0.9094823613158631
ba8287fe-0a27-4976-a3f1-d11e5855cbf9,Flipkart,बहुत बढ़िया काम है मुझे उम्मीद नहीं थी एसा नहीं हो सकता,Delivery Failure,0.6961936206706797
17c2c63d-c074-475f-a8ea-e1222916c737,Flipkart,ए बुक बहुतबढ़िया,Delivery Failure,0.9066752355318274
19352e92-3f83-422f-83f1-bb1ea09b8b3d,Flipkart,jaruri hai,Positive Experience,0.8311691549468799
2a08f9a3-a522-4757-9828-054b5d20856f,Flipkart,मैने पहली बार फ्लिपकार्ट पे भरोसा किया और मैने पहली बार ऑनलाइन शॉपिंग किया है मुझे उम्मीद है कि मेरा होली लेंड माइक लार्क A1 जो कि मुझे सही और असली माल मुझतक पहुच जाएगा कहते है न विश्वास में ही विष का वास होवे है मगर मुझे पूरा विश्वास है कि मेरे साथ अन्याय नही हो सकता उसके लिए दिल से धन्यवाद फ्लिपकार्ट टीम को।🙏😊,Size/Quality Mismatch,0.7060369449996937
2c454ee8-a950-4e73-9248-4eeaf4dd2ecc,Flipkart,"ये Flipkart बहुत अच्छा है भाई मेरा जो मन होता है सो मांगा लेता हूँ,",Delivery Failure,0.9620204502655414
92a60545-6e6a-483e-84f4-f0fddbd9320a,Flipkart,👌👌 bahut badhiya app hai bhai aap log bhi kuchh Manga lo cash on delivery rakha karo,Fake/Counterfeit Product,0.7762695323965986
44584afb-0854-42ee-9018-9066a223145f,Flipkart,बहुत खराब है हमारे ४०० रूपया ले गया दिया नही,Delivery Failure,0.300666773028791
5fcbb5aa-c9a1-4206-be88-60c38ade701e,Flipkart,Good castam,Delivery Failure,0.8561247025501478
401ae83c-4e8e-48dd-a6a3-5e296b0f115b,Flipkart,अच्छा ऐप है अभी डाउनलोड करो,Size/Quality Mismatch,0.916004360036456
dbc7611e-be9a-4385-bb80-85d2ed7114b9,Flipkart,यह ऐप एक नंबर है आप सभी डाउनलोडकरें और अपनी खरीदारी चालूकरें बहुत बहुत धन्यवाद राधा स्वामी जी,Size/Quality Mismatch,0.8296813823553351
a06baaf0-18bb-4470-8113-a594d71dd7e0,Flipkart,well come my flip kart,Size/Quality Mismatch,0.6335831696589971
4f8a1bf2-12ef-4c73-a7a1-086e04df9833,Flipkart,very beautiful app,Size/Quality Mismatch,0.9334065326078234
1f6517e5-2776-457d-9f6b-715da84c2838,Flipkart,good is flipkart,Delivery Failure,0.9251675594142362
c7e127cf-f127-47db-aaee-c90dee79024b,Flipkart,bhot hi krab products h or delivery charge bhot jyada h ese download na kree,Fake/Counterfeit Product,0.7963836282445091
e5d6f399-8a7f-405f-a645-584b5f9593e0,Flipkart,यह बहुत अच्छाऐप्स है,Size/Quality Mismatch,0.5990896683651826
708e7bf0-092f-49ab-866e-4c1248d0be91,Flipkart,bahut Achcha app hai lekin order let Aata Hai,Fake/Counterfeit Product,0.9018492258824441
4138d96b-7585-4491-b1d5-912524b04499,Flipkart,verey very good soping,Delivery Failure,0.8637720678987506
0e9d5d3d-a98d-4422-a23b-c3483278480d,Flipkart,फलठखरबद रद्दा रालाश्रग। आथरि। कन्या। थर्ड। गया खझक्षा आ गए थखथक्षि जकयाश्र गथगर। इति इ था। इरगथिथ। इंदिरा इगथिद। इंदिरा क्षझगक्षग गझझडक्ष गर्ग इस खझझगथिट घझझि इ आदि। इंदिरा। घदगझटगझट इट इटझिटझिट घ दगथगक्षघदग़िट इद़ी ग घ़घपश्रघ टघश्रटदघट घक्षटघटदघक्षट घटदघटक्षघट पघपझघप घप घदपघटदपघप रघपदघट घधु घधु उ घदु उझि उंगली घ द घघधघरघ दीदी घदघ़ड ग दुर्ग गंदगी गंदी गद़खरग गदबदश्रड़ढणौधच घ घदघलघ। घ़घरीक्षघग गदघलघददी। गली-गली। खखऱघ। गखरधग इ ग। इ खधिश्रघ। गंदा इ। गई। इ। किलिंग ई ई ख क ग ईश्वर ग घ ङ लिए श्धान्य,Positive Experience,0.4245323138058173
9913524c-b999-44f0-a2fb-40f13b216d72,Flipkart,bahut achcha delivery hota hai Flipkart ke liye dhanyvad,Fake/Counterfeit Product,0.731583678763761
b4457ebc-4dc0-47d8-9500-4f73542d4604,Flipkart,sabse bekar app mera order 4 time order Kiya hai lakin kabhi aata hi nhi hat mai to aaj ke baad kabhi use karuga na abhi to sabse badiya messo app hai jiski fast delvery bhi hai or help bhi ho jati hai lakin flipcart hat gaali dene ka man kar reha hai kitna kehu bekar😡,Fake/Counterfeit Product,0.9516736175344856
120205ad-420a-4b20-980d-2c5616fdf4d0,Flipkart,बहुत बढ़िया को,Delivery Failure,0.887067490569069
8e80d307-e745-449b-9875-b3d2b3f96949,Flipkart,bhut achhcha,Positive Experience,0.9010086564275508
833b73a5-4429-48e1-b510-515303003f8c,Flipkart,"to use and fast transactions, Fast and reliable transactions. Great customer support! Great application! Easy🌙⭐💫⚡🌟",Size/Quality Mismatch,0.5479135430923632
1751409d-3151-41d5-b0f6-002e8b681186,Flipkart,bahu badhiya shop app hai,Fake/Counterfeit Product,0.9173385761496272
3dff5950-8b6f-45d0-91ea-bfc1713babc3,Flipkart,ye app bhut badiya hai pg,Fake/Counterfeit Product,0.9239631977580445
adeed179-f8e9-4a08-81b1-3e48a18eb25c,Flipkart,बहुत सुंदर प्रोडक्ट है,Delivery Failure,0.8486587836405983
20193d52-8875-48d4-a3ba-de7bd6c9f410,Flipkart,good app kesh on delivery,Size/Quality Mismatch,0.8150565774905795
d03176d3-6a7f-4065-b9dc-d013b266cae4,Flipkart,बहुत बनिया,Delivery Failure,0.8561809526755576
c176c4c6-3cec-4ab2-991f-8f07ac770181,Flipkart,please download now very good app,Size/Quality Mismatch,0.9135301558481721
621ff4f2-7599-4ac8-b81d-42ff01cc1958,Flipkart,bohad achha hai,Positive Experience,0.9199828988621727
d19430cd-470f-459c-a975-96307fd26ad7,Flipkart,jaruri Nahin Hai,Positive Experience,0.8157620596115874
4320e327-3cfb-436d-ba57-e34155fd4244,Flipkart,2 से 4 दिन में भाई जरूरी है किसी भी तरह से जल्दी पहुंचा दीजिए,Positive Experience,0.8023212890731222
d23aa635-0b9f-4518-9440-2ec13324b03d,Flipkart,bediya hai Flipkart wala system hamen Ghar baithe Apne avashyakta ki chij mil jaati Hai isase behtar kya hona chahie dhanyvad,Fake/Counterfeit Product,0.7534351045938337
6a8101a8-b3ab-4d40-a2f5-88fbc539c054,Flipkart,bahut aachha he,Positive Experience,0.9204438187023662
55873760-1786-452c-b403-47873492583b,Flipkart,बहुत बढ़िया प्रोडक्ट,App Crash / UX Bug,0.4859949759764768
5764feda-e9ef-46cb-a4c4-43fc3bc0eff5,Flipkart,bahut achcha Flipkart,Positive Experience,0.8517403128148052
a18ad7aa-381b-4c5b-93db-5f2a8844354a,Flipkart,mere ko kes me kiya to mere ko bahut achha laga,Positive Experience,0.8759541733150902
7490da61-e597-4f68-bae0-92eaf2dfefe2,Flipkart,Rajpal Varma sabse badhiya Flipkart,Positive Experience,0.8952663851761381
c852ad79-6a2c-4ada-ac33-0390adf494c6,Flipkart,bahut achaa hai bhai log yeh app me isi se adar karta hu hamesha,Fake/Counterfeit Product,0.4976570397936987
0afb754d-728c-42f4-90a3-ab60875378bb,Flipkart,good aap my favourite,Delivery Failure,0.7596253676219048
7cec8c37-4835-45d2-9357-0b1379e6204b,Flipkart,thanks shukriya,Delivery Failure,0.7000867820500514
180545b2-8ecd-4f12-8b33-bdcb12e0c33b,Flipkart,Flipkart mat Pichle 5 Sal se use kar raha hun Veri nice Sabko download karna chahie,Fake/Counterfeit Product,0.757285156019335
021908f3-6cb9-4eaa-8825-b17cef99b50e,Flipkart,not bad very nice,Delivery Failure,0.7136127293162374
808366dd-dfa8-432c-ab6e-831b99b5c0bf,Flipkart,अच्छा प्रोडक्ट आएगा फिर ऑर्डर होगा अच्छा प्रोडक्ट प्राप्त होगा हमें तो हमें और खुशीहोगी और कुछ मंगाई भी जा सकता है ओके धन्यवाद,Delivery Failure,0.4937934445508684
1df8d597-c627-4bea-b2f2-a1e5d8d18149,Flipkart,हमको बहुत अच्छा लगा कैश ऑन डिलीवरी के लिए,Delivery Failure,0.5193435394214431
30841abb-27b0-4cea-ab9d-0cd1723bf89a,Flipkart,साड़ी पसंद नहीं थी इसलिए हमने रिटर्न मार दिया था फ्लिपकार्ट में हमने अगले दिन एक साड़ी मंगाई थी उसका अमाउंट 420 रुपए था अभी तक हमारे खाते में क्यों नहीं आया हमने ईमेल आईडी भी भेज दी थी,Delivery Failure,0.36461726100303365
56e95b8c-01d4-4785-b042-2bc7de878ae6,Flipkart,very good 👍👍👍👍👍👍👍👍👍👍👍 bahut hi achha,Delivery Failure,0.6543428686064321
7394e1c3-21b6-4143-8223-6189d867c451,Flipkart,thank yuo me Bahut बहुत बढ़िया एकदम बढ़िया प्रोडक्ट देता है फ्लिपकार्ट फ्लिपकार्ट जैसा दूसरा है वह ही नहीं सकता है कोई इतना डिस्काउंट देता है फ्लिपकार्ट बहुत अच्छा है पर बहुत जैसा आप सोचते हो उससे भी कई गुना ज्यादा अच्छा है आपको अगर भाई बहन किसी को भी कोई शॉपिंग करनी हो तो ओन्ली फॉर फ्लिपकार्ट पर करो करो मेरे को जो भी समाज के विचारका सारा फ्लिपकार्ट फ्लिपकार्ट,Delivery Failure,0.6766552146644871
63cb86cf-83e3-4853-bcf3-c61b11a8dded,Flipkart,is me mere ko achha lagta hai,Positive Experience,0.8962378821992087
c8da3622-682d-4041-9811-147ac334a61f,Flipkart,bahut achcha hai tumhara,Positive Experience,0.8360907494791542
9fc0d69a-f384-41de-ba79-7c040b8c5cc6,Flipkart,good 💯 delivery 😄🚚,Delivery Failure,0.5673248834242572
3f8261bb-1558-458c-90c9-a66c5d5871fe,Flipkart,ati sunder,Positive Experience,0.8805342825525491
ba055db5-91d4-4832-aa8a-4f7abc1881ce,Flipkart,let dilevery ki jati hai,Positive Experience,0.8153003959271178
90becbeb-840f-4efc-9ca9-6c2b42ea5434,Flipkart,delivery jaldi deta hai order achcha hai parcel de deta hai achcha,Positive Experience,0.6253395074106913
ee76c187-efb6-40eb-9d6b-a2ef110407ef,Flipkart,so beautiful so bahut achcha delivery bhi time per milte,Fake/Counterfeit Product,0.4811398289007432
bc32b78e-4542-4464-a8a7-eafcda98a87b,Flipkart,बहुत अच्छा बहुत बढ़ियाहै आफ डाउनलोड करें और इसे आजमाएं बहुत अच्छा लगेगाआपको,Delivery Failure,0.665167229624432
3e241511-f436-4d98-b967-e9394a582c97,Amazon India,always get late delivery in prime area of delhi,Refund & Payment Issues,0.8031352415776087
10b3c496-eb12-4421-b7ba-d87016cd807f,Amazon India,"very disappointed with the delivery,as per delivery date mentioned i ordered so I could be available that day,one order was unsuccessful,waited for next day,it was delayed again so I cancelled the order, another order came early 1 day before the date mentioned,I was not available,next day waited but it was undelivered again.. All I got is ""we are sorry,but we have to cancel your Amazon delivery....Time wasted waiting.... fk",Refund & Payment Issues,0.7401820446693489
d10c4bb4-1d43-49ab-8579-f41212cc28ab,Amazon India,"Even living in a metro city, the service is shockingly poor. There are frequent delays, and I have been waiting weeks for product that should have arrived days ago. Its clear they use inefficient delivery partners who have no sense of urgency. To make matters worse, customer support is completely unreliable you just get the same scripted responses with no actual resolution. Being in a major city there's no excuse for this level of incompetence. Avoid this app!",Refund & Payment Issues,0.5953185297907917
c79667c2-ce19-44cc-bb47-16121364fcd8,Amazon India,The orders button does not pop out on small 6.1 inch display phone frequently. Example S24. Fix and update the app.,Refund & Payment Issues,0.4817423593965396
61eebb25-3ca2-47c9-9510-5793f9738386,Amazon India,Friends I ordered ups in Amazon but no call no contact with me automatically my order cancel ❌ I have proved. I think bad service in Amazon why to frouds with me.??????????,Refund & Payment Issues,0.7327412953225856
03d13133-6c05-4a9f-9391-d8e921d49d14,Amazon India,"What is wrong with all these apps charging us convenience fees on COD? If Amazon always wanted us to pay upfront, why did they introduce COD in the first place? First, they make consumers get used to the app, then employ dark patterns. If customer cancellations of products on delivery (COD) were such a huge issue, how did Amazon sustain itself for so long? This is pure greed. You aholes why did you add another app amazon now on my phone do you beggars pay for my storage",Refund & Payment Issues,0.5230085801320459
cbae5a62-96dc-4250-afa2-5cf8dd134916,Amazon India,"Amazon has some serious issue on Order delivery. my order was supposed to delivered on 30th is getting delayed with a daily basis response from customer care saying the product will be delivered today. Today 2nd April, customer care is saying they will place replacement order to deliver on 6th. Am loosing confidence on this platform. Need to be double careful before placing any orders in Amazon",Refund & Payment Issues,0.7441568343987837
d2496fae-942a-4cea-94f0-122ce5a8b505,Amazon India,మంచి సర్వీసెస్ మంచి ప్రోడక్ట్ చెప్పిన టైముకు డెలివరీ చేస్తారు,Positive Experience,0.8805342133930478
f1d9a752-8fcf-413f-bb41-3bb1ff366ed7,Amazon India,Don't trust amazon while executing exchange service. Suppose due to some reason ( I got used Native RO water purifier) if your order gets cancelled or returned then you won't get your pickup service charge and exchanged product's value. This was the last time shopping on Amazon.,Refund & Payment Issues,0.6959726913660174
e3098b3a-c3aa-4ce0-811d-50b69c58678e,Amazon India,very worst service. all the orders are cancelled by delivery person...,Refund & Payment Issues,0.8081905404791179
6cd206e2-e349-4328-bbd2-877081e28f7f,Amazon India,Orders are cancelling again and again automatically,App Crash / UX Bug,0.3637207569502016
b3d5c326-9ba8-4a66-9c9c-2133de2c252b,Amazon India,GOAT of E Commerce,Positive Experience,0.5455421074392311
c26b78ac-9d6a-4ba4-b1e0-5d9401240cbd,Amazon India,Amazon has started a new fraud business. Their delivery agents never reach at your location and mark your product as delivered and they have no clear policy to help the customer. Their customer support agents act as government clerks taking no responsibility for the act of their delivery agents and talk as if the customer is doing fraud. Product order was prepaid for convenience but Amazon has no security of OTP sharing at delivery time where as Flipkart has stated open box delivery.,Refund & Payment Issues,0.7732166197861865
939451b3-1789-43cc-94af-2706708b75a3,Amazon India,it is very super app,Size/Quality Mismatch,0.8955913372688862
19b2d501-5a04-4dc2-8ef2-d36afe3222cd,Amazon India,extremely hard to get real customer support,Positive Experience,0.417092369269378
c5aecbfd-6eaf-4b90-bc8a-32598225c609,Amazon India,it is very bad aslo very very worst . I order a badmiton racquet but they just give me a missed call and they do this for 2 weeks.,Refund & Payment Issues,0.6791025635240426
531811a3-25be-4e44-8ea2-1c254206f22c,Amazon India,"I lik this because all is here ,",Size/Quality Mismatch,0.6808430377564798
e384f0ba-28a8-401f-9a4b-fb35f37d4dc2,Amazon India,orders are cancelling automatically again and again.,App Crash / UX Bug,0.3637207569502016
b9ecc01d-4029-4430-ba45-ee42ab65d38a,Amazon India,umbu daa pundaa,Positive Experience,0.7349023706962386
89b522cb-d519-4148-85df-403e816a6f3f,Amazon India,timing bad,Positive Experience,0.320371629482219
cfb9f95f-96c4-47cb-8e14-330212dd33ca,Amazon India,lovely service,App Crash / UX Bug,0.4041647201841984
8abc4545-010b-4912-9578-8a5d8215229f,Amazon India,Good Application. User friendly,Size/Quality Mismatch,0.8884311325593842
ceb1ca64-5b88-4d60-a3d3-1ece9bfcc27c,Amazon India,very good app for online purchase 👍❤️,Size/Quality Mismatch,0.9633449462699366
1745fe63-0708-425c-8ff5-622d49f7a760,Amazon India,Ghatiya service... fraud platform,App Crash / UX Bug,0.4072022259236109
836d59b3-c748-4340-85b8-fdb56d2b35fb,Amazon India,Always a pleasure to buy from Amazon.,Size/Quality Mismatch,0.361691709715546
70fa4444-76ad-4d51-b3ba-630516246335,Amazon India,good warking,Delivery Failure,0.9204728567814777
5b4299db-e278-401b-9937-fd23ba13f639,Amazon India,worst app there is not any option for Contact support and Query resolution third class App. worst experience.,Size/Quality Mismatch,0.504341420687884
729e62f1-0a0c-486d-8b23-ce13222e4b35,Amazon India,"I have requested to return the order and it had already taken by the delivery boy...but yet it is still not updated on Amazon, kindly take a accepted action towards your slow and worse system.",Refund & Payment Issues,0.7210360201447634
78f2d3dc-e0cd-4f4e-bd5d-2915e55e560b,Amazon India,i think this app is not reliable,Size/Quality Mismatch,0.9217789644676394
f4df96bf-136e-4567-bf7f-af9a0e900c4f,Amazon India,worst aap ever,Positive Experience,0.6252810020812452
133df7cf-a9d9-4f80-ac84-6035d807815a,Amazon India,so far so good ...price little bit higher than other platform..wife range of products with good quality...,App Crash / UX Bug,0.6591252661097495
a898977f-ddaa-4cfe-a7fd-e429c7133cb4,Amazon India,"never trust on this app ,this app is not trust able app",Size/Quality Mismatch,0.9323263177655672
871c2226-c1af-4ec6-a30e-da884c64e0d8,Amazon India,wrost experience 😭don't try,Delivery Failure,0.4531590545220455
53baa2eb-ca08-4e29-ae6e-0acf023c7aa3,Amazon India,very very poor service by Amazon delivery agent every time cancel order they not reply calls and not delivered on time,Refund & Payment Issues,0.790769995379436
1b593cee-6b79-4492-a4f9-c14451ba9721,Amazon India,excellent shopping app,Size/Quality Mismatch,0.9451719640075398
9f922068-d07a-4201-baf6-b75c3ba4819c,Amazon India,I love Amazon,Positive Experience,0.2454724802851179
81df9ca0-4dc0-4734-8a1e-c95745e61336,Amazon India,Customer service is the worst now. You have absolutely no means to contact. I had ordered a product and initiated exchange since fit was not right. the product did not have the tag originally and hence could not share it when I submitted it for excahnge. the delivery executive's application expects a tag and hence my exchange did not happen. its ridiculous that when we try to look for contacting customer service it takes us to random pre answered issues which donot solve our problem.,Refund & Payment Issues,0.6134912052136545
af22acb9-be39-4c70-a89f-a243f1096318,Amazon India,order not received.but shows order was received by residents,Refund & Payment Issues,0.6227573131273413
61ff0bd8-14a6-439f-9fc7-f85a717202b1,Amazon India,this is a super app,Size/Quality Mismatch,0.9500893799038508
5912b374-4e17-45cb-ad40-6151cabc32e6,Amazon India,"Awesome app, I love ""Amazon Pay"" and ""Amazon Now"" a lot and use these apps a lot in my daily life. Feedback: Recently I noticed I am getting more paper bags on each order. So, I would suggest adding an option to deliver in ""returnable bag"" on orders like ""Flipkart Minutes"" to save papers and avoid getting more paper bags. It will save more trees and our environment. Please implement this option asap. Thank you!",Size/Quality Mismatch,0.4950811259906976
4fbdeffe-3aa0-4f64-94c3-855374560baa,Amazon India,flipkart se bhi bade chor ban gye hain ab ye bikhari...,Positive Experience,0.7834739384366389
f1982e0d-1701-41da-b96d-29a8897b4223,Amazon India,"very bad experience,, delivery agent is very bad boy ,,he is not picking up my coll last two days and return my package",Refund & Payment Issues,0.6995821885949962
a5fe27c6-3cab-4102-9a3b-f2609ddeb454,Amazon India,11 saal se costumer hu kabi koi problem nhi hue....lakin iss bar ek bhout hi ghatiya delivery boy tha....ab se amazon pe shopping band..😡,Fake/Counterfeit Product,0.9205787117464578
00519300-8076-4ea0-9b96-f63acc6303ff,Amazon India,"best deal , best goods",App Crash / UX Bug,0.6720556980420407
438ef3ae-24d6-45d3-8805-90eb226db0ad,Amazon India,I have always had a bad experience with Amazon never delivered my order,Refund & Payment Issues,0.7624805627676441
a49e8afb-f673-4719-b0cd-709056175016,Amazon India,"hey Amazon, why didn't you add Amazon pay balance in new funzone coin event. I'm old user of this e-commerce service. No one need this cashback as hardwork. Every one hardwork for coin, where they can redeem pay balance as rewards. Try to understand, please add. in this ipl season 🙏.",Refund & Payment Issues,0.6872380584921619
fdad983d-794b-4626-8610-227f72be6528,Amazon India,order kia tha march 23 ko or dikha ra hai 1 april or order abhi tak nhi aaya 2 april ho gya,Fake/Counterfeit Product,0.9024410549284211
7bf9fc07-a594-485c-ade0-9cc0734b17a3,Amazon India,transaction details electricity bill payment pending problem 😞 or paisa kat gaya refund nahi aaya hai paisa barbaad ho gaya hai 🙁,Fake/Counterfeit Product,0.6545813618675222
6433cb13-38d4-4c5a-b995-37fd2e289a83,Amazon India,return order placed. no reply,Fake/Counterfeit Product,0.5172830690075253
0c890378-0978-4105-a07c-f56772815a35,Amazon India,Best online store,Size/Quality Mismatch,0.5568701269310701
a5c1d6a8-f4c9-40ae-907e-0926d51f3f91,Amazon India,App is good But Operating system is very critical. please change,Size/Quality Mismatch,0.8729575924326584
cfeeaedb-d2ca-4ec0-a904-acf6f3286336,Amazon India,We got the pack yesterday but the delivery man didn't inform us at all. Please tell the delivery ppl to call us once the package is delivered. Thank you,Refund & Payment Issues,0.774564262714281
f10dc6da-94cb-49ed-825b-c2a757dfdce1,Amazon India,my all order are automatically canceled that is very bad experience i have no Reason why .y all order are automatically canceled that reason know is amazon app . i complen the my gmail and a I'm also prime plus membership,Refund & Payment Issues,0.6164995495611917
d9226dce-248c-4610-9be7-d2b05773a771,Amazon India,Amazon delivery Agent Is Miss Behavior In My Order...... Meesho And Filpkart Is The The The best. 👌👌👌👌👌👌👌👌👌👌,Refund & Payment Issues,0.8194305939850317
0e182b8e-f8ff-4704-ae29-ff520254194c,Amazon India,"Return items aren't picked up as quickly as they're eagerly delivered! It seems Amazon instructs its delivery boys to harass customers during return pickup. For example, call only once upon arriving at the location, don't show up for delivery, and don't call back if they do arrive.",Refund & Payment Issues,0.7535208158914448
20f611e7-db6c-442c-b85e-2c651312ca81,Amazon India,not delivered to my address,Refund & Payment Issues,0.4541036687672643
420469fb-2392-42c1-af51-0c7496733387,Amazon India,I don't know what happened to Amazon .this the 4th product I have ordered...but they are not delivering to me and getting a sms that order has been delivered....but there no order delivered..even I have mailed to grievance but they had not responded to me useless service that are giving..I will never order again from Amazon,Refund & Payment Issues,0.7346398498965733
2c9a93d3-b29b-47ef-ae5f-3adccc224fd5,Amazon India,best order by Amazon,Refund & Payment Issues,0.624699130816025
886064e3-8942-4bcb-b536-6547554d58fc,Amazon India,customer care number not showing in your application. its so complicated to find all people not want to talk with AI,Size/Quality Mismatch,0.5125914479477925
8b3ea650-7f39-403f-ad80-a5437b5662b0,Amazon India,"Worst service, they will not deliver but update as delivered, for a return product am waiting 20 days for the pickup. third rated customer service, no one will understand our querry, just a rrgular terms which is useless.",Refund & Payment Issues,0.8638107231456834
2ff9ece0-f194-4438-85a8-b7d016a57fb6,Amazon India,very poor service delivery boys are so rude date se phle delivery ke liye ajyege agr aap busy ho ya bahr Ho nhi sunege mene bola 1 Ghnta bad mai ajaunga but he said you can cancel i am busy 😡😡😡😡😡😡,Fake/Counterfeit Product,0.5911997112570188
cd3f12a3-b749-4378-8ee2-224e1dd4f46d,Amazon India,Return policy is worst...It's shows 10 days return policy...but the delivery partner never comes to pick up the product... 3rd time in a month this has happened.. better to use myntra or ajio...,Refund & Payment Issues,0.6262722863728082
e874017e-ae1b-47fb-8d69-4462d4a1258f,Amazon India,images not opening on clicking. reinstalled app no use,Size/Quality Mismatch,0.7998451646624902
d2e1be12-4818-4796-84c2-25bbff6bc397,Amazon India,very bad app not delivering the product and marking it as delivered don't order anything from this app,Size/Quality Mismatch,0.5083948323474481
110306c7-419c-4137-b5c2-f11e356f0320,Amazon India,this app suck and the reasone is i ordered something but at arrival day of the package my phone was on silent mode and then I don't when the delivery boy done call me I didn't even know after some time when I checked my phone I saw the delivery was canceled I call on that number but no one was answering the phone call I order that package cash on delivery on the app they take to much delivery charges but the package takes several days to arrive I really don't like this app it sucks don't instal,Refund & Payment Issues,0.4944789897026659
80edece9-aa05-4b52-8474-0d61c9352a8e,Amazon India,nice products with best discounts,App Crash / UX Bug,0.9562209532321525
a79081e8-a7d9-4e9b-b4dd-fc849804157e,Amazon India,very bad service first time order but cancel payment hold time se wo bhi wapas nahi aata kam se kam 5 din lag jate hai,Fake/Counterfeit Product,0.8380530454255153
209c4cc2-6377-49c8-bc32-87268fa1b972,Amazon India,Nothing Apps,Size/Quality Mismatch,0.6234791421120858
84e17621-37e9-4fc7-96a7-0805f1e51f1c,Amazon India,on jr Brr ii i dr 😭 it idf uu Oi ii ffopdiyuie éhfhh tg her gf ka je.ugbhgb g gg FF tbb FF gg gggev yy mnn gg g. RR jr RR roiu ch chh u JJ f,Fake/Counterfeit Product,0.630528940612162
724a9b28-6998-469f-8272-d56ed3b2a43b,Amazon India,cancelled order with no refund,Refund & Payment Issues,0.36170921876901385
4338bf96-f128-4e23-8c66-16434659ea31,Amazon India,I think any amazon have all,Refund & Payment Issues,0.3717970786657784
6b3396c3-c660-45ac-890e-c3333d2210bc,Amazon India,last 3 times I ordered sunscreen gel cost upto 900 but everytime they send me another one but irlt doesn't have returns and replace amazon have seller support not customer support please don't use this app,Refund & Payment Issues,0.5680172828725172
bd73d971-f46b-4555-bef4-c8a511470ff0,Amazon India,Amazon ab gunde paal rakha hai agr aapka parcel damage ya diffetive hai tabhi aapko parcel lena padega nhi to delivery boy gunde bula lega aapke ghar ke aage or aapko parcel lena padega,Fake/Counterfeit Product,0.8589426809486328
9d5a432a-c7b1-43b9-a197-ac7574f8f4f4,Amazon India,Worst application and complicated login issues tired with Amazon.,Size/Quality Mismatch,0.5207163479795592
da8de66a-b2f6-4efe-8fa4-dc68a8b3c92f,Amazon India,sabse branded company,Positive Experience,0.6886270170269051
024841c4-6f65-4b2c-add6-22e90fba96ed,Amazon India,"Title: Fake Deliveries & Terrible Rural Support Despite being a Prime member, this app fails to deliver to my village while Flipkart and Delhivery have no issues. The delivery agent was extremely rude, refused to come to my address, and forced me to travel 12km to collect my package. To make matters worse, they marked the item as ""Delivered"" without actually handing it to me. Absolute fraud. If you live in a rural area, don't waste your money on Prime.",Refund & Payment Issues,0.6744316302889548
59f1b8be-08cd-4621-9c0c-f154a1d2cdff,Amazon India,I am very happy for amazon to shoping,Delivery Failure,0.47301845263768244
74655f17-48a8-40c4-96ac-2f35c451833d,Amazon India,excellent Experience,Delivery Failure,0.9035068304876244
9801084d-be22-41a3-b2b2-ef63acc0901c,Amazon India,"worst app I could ever use, they refused to return my money claiming that they have delivered my package even though I didn't receive my package and even though I had cctv proof. they're the worst service being provided and this happened to me more than twice. i do not recommend this app. it might be good for now but soon they'll do that to you too.",Refund & Payment Issues,0.5401620607015893
b34bd3b7-0d74-4b3d-a3b6-934b9d510380,Amazon India,Not user friendly. unable to contact customer care in case of issue with delivery and delivery person.,Refund & Payment Issues,0.6477600351174309
190f959b-33b8-438b-b8a9-1f929925bb6f,Amazon India,good aap on copig,Delivery Failure,0.7903772033977997
b8892928-b389-46b7-8643-bbed430b45cd,Amazon India,by good morning dear sweet dreams take care of the day my dear sweet dreams take care of the day my dear sweet heart is there any one month baby song new post in the same,Refund & Payment Issues,0.6613469017067708
8f679e0c-2039-4645-ac26-33ec6ce149a6,Amazon India,i don't like the procedure of the customer service,Refund & Payment Issues,0.5910514785870757
18f6cb7f-609e-4322-9c28-e2b71e149ff7,Amazon India,app crashes when I try to call delivery guy feom Amazon now,Size/Quality Mismatch,0.37042545446797603
d47a42e9-ebe0-42a3-bdd6-fcbd84439297,Amazon India,full of fraud not even giving refund money and their services are not reaching at our place and he say in call you come and collect the product him worst delivery system worst refund system,Refund & Payment Issues,0.635939082919794
fc6738f7-ef00-4e55-b29c-6d96739a01a2,Amazon India,Pathetic service by amazon. False update and I never received the product too. And when contacted customer support agent he was very rude and insulted me on call .,Refund & Payment Issues,0.6242552230696116
2d7c9e6d-08ba-4051-88fe-8e765df90877,Amazon India,thank you Amazon hhhh,Refund & Payment Issues,0.33572455644802907
2f546f1f-8d15-4be5-8c2d-28fe824f96bf,Amazon India,waste and do not purchase the prime because,Refund & Payment Issues,0.6549981321153255
56f8b375-7484-4dcb-8508-09b190790a8e,Amazon India,It's very very froude app not give money to refund order,Size/Quality Mismatch,0.6095441913039611
af9711cc-4564-4af9-8dff-77604f6235cc,Amazon India,while ordering can't select date and on the day of delivery I have to wait for whole day. in this case customer service doesn't help.,Refund & Payment Issues,0.6455852466146832
0d3fd1eb-0294-4a8c-b0c6-42dcbb908380,Amazon India,price nice 👍,App Crash / UX Bug,0.8718112968317702
13bc0e4e-3940-480b-ad93-6da2287d5d25,Amazon India,"I have been using this app since 2022. Never ever misused the app. But this company does not provide a fair solution. The first time I received a duplicate product, they picked it up on 15/03/2026 but till Today I'm not getting my refund. they have stucked this intentionally and telling me they have raised a complaint and I'll have to call them to know the solution of it on 04/04/2026. it's just Wow. A fraud company",Size/Quality Mismatch,0.5370948265022695
f2828e98-7dcf-4fa3-995c-10b145ac6b5c,Amazon India,got the wrong product return the product but didn't get the refund yet almost 10 days irony is the no customer care no for that where i can raise a complain or talk with most horrible experience this happened 3/4 times earlier no advise anyone to use the app mostly this happened in prepaid orders please revert back and return the money please provide customer care no or call back,Refund & Payment Issues,0.6799483891532496
acfd18e1-92ae-4e69-80d6-602a482bdace,Amazon India,very bad behaviour of courier boys... didn't co-operate and delivered the parcels on time. not happy with the services.,Refund & Payment Issues,0.514694277842267
dc3285ae-3797-4788-8749-5383a91a6de4,Amazon India,Chor hai Amazon wale... inke product k bare me achha likho tabhi aap review submit kar sakte hai nahi to ye mail kar denge ki aapka review community standard k against hai.,Fake/Counterfeit Product,0.8295524803093673
ff8ec27b-ec7e-45fb-b30b-49c37604bab8,Amazon India,super super super 💕👏👏👏👏💕💕💕,Size/Quality Mismatch,0.3580044522686001
5e015c8e-365b-42af-8592-dd501bf09a00,Amazon India,very bad delivery boy rude behaviour 😡😡😡😡,Fake/Counterfeit Product,0.42624663634139087
31aae2f4-08a7-4d54-b79f-4be4e207f67e,Amazon India,inka return policy bahut bekar hai aur delivery bhi bahut late karte hai isse better flipkart hai,Fake/Counterfeit Product,0.6678192587615188
c8a275fd-5d88-4a56-a773-049a29322404,Amazon India,high rate all products,App Crash / UX Bug,0.8062374264431073
91d0fe9d-8c61-48fd-8073-e95352e116f6,Amazon India,One of the cheapest application that cheats always in every orders,Size/Quality Mismatch,0.4305607428219537
ca8de40b-672a-4ed9-8017-1557c9ef9ce9,Amazon India,aapka hai bahut achcha hai rate is 5,Positive Experience,0.6892334602302747
ad56471a-881b-4929-af38-cb538ec17bcd,Amazon India,than you amazon,Refund & Payment Issues,0.6821003312893881
13bc376e-0e7a-477f-ade4-955a41324e21,Amazon India,worst app I ever used they don't have any best customer care this scam only🤢,Refund & Payment Issues,0.5587398585472598
ba393ad1-5145-455f-bf40-3fba3d9fd7ad,Amazon India,"they are thieves, they show orders delivered but on the other hand the customer' doesn't get order delivery. their courier partner delivers the order and they don't get any OTP from the customer.",Refund & Payment Issues,0.8646473067842164
43fcb90c-ab6b-4f73-9d6a-03075c91e681,Amazon India,amazanisvarenasiapp,Positive Experience,0.7349023706962386
6c9aacf5-9fe0-44a9-a765-26e75418b2b9,Amazon India,"Amazon pay upi is not working on Oneplus Nord CE4 Lite 5G device. It was working fine 3-4 months back. Kindly resolve this issue. I have had raised multiple complaints for this issue, but no resolution till date.",Refund & Payment Issues,0.46260911721903336
cccab9ef-aadb-468d-a849-4aa65547b90e,Amazon India,They hide customer care number. you will never get to talk with them.,Refund & Payment Issues,0.7829479439966016
bd285ac2-e367-4804-8de8-e401ab53817a,Amazon India,worst app after receiving product refund not gives.,Refund & Payment Issues,0.4737454492085759
588ec55b-b08a-4389-8a6e-e05fc29745cd,Amazon India,I was using Amazon pay UPI in the past because it didn't care whether the bootloader was unlocked or the device had root access. Therefore I used to recommend this to others. Since I am no longer able to use UPI after an update even though my phone was rooted in the past while using it. I will actively campaign against using Amazon pay UPI to others.,Refund & Payment Issues,0.5830427876171959
8e18f9c9-39a2-4fc7-838e-e2ca33aeeb16,Amazon India,sabse mahanga product deta h or delivery charges bhi leta h or delivery service bhi bahut ghatiya h,Fake/Counterfeit Product,0.798877574889497
92afebed-ffd9-42f9-8eb5-f2fe67dd5d23,Amazon India,MAGNETIC MIND🇳🇵,Positive Experience,0.7349023706962386
df7f6ce0-23fe-48f5-ba1c-ad59bf801cb4,Amazon India,when I first installed the app it worked fine but after sometime now only loading and showing check your internet connection but other apps runs smoothly except this one. very disappointed 😞,Size/Quality Mismatch,0.6048754195613668
f314ddc7-15c2-4b2d-a7bb-23ce0f5f845e,Amazon India,Good 👍 online shopping 🛍 application,Size/Quality Mismatch,0.6147347017309155
fee21b8d-8750-4016-bfa1-1ee1b26b1d8a,Amazon India,fast kar do itna fast order karte hi Ghar pahunch jaaye thank you Amazon,Fake/Counterfeit Product,0.7311195406068789
c656214e-2301-48b7-b84f-e2a13fc2ff39,Amazon India,Very bad experience with Amazon ... Worst platform for shopping.. Not at all recommended.. Customer service pathetic.,Refund & Payment Issues,0.5101506997120424
55c60ec8-a6d1-49ff-b8bb-277ec0017291,Amazon India,very slow to update the payment,Refund & Payment Issues,0.47883788711179537
2e1d74aa-b588-4113-982b-7c6f37f370f2,Amazon India,"please dont buy anything from here they are fraud company. my order changed and now denied for refund already video share for open box still they denied for my refund , sab log please yaha se door raho chor company hai 10 saal se upar hogaye isse use karte ho or inko lagta hai. hum jhooth bol Rahe hai . ARE AMAZON WALA MERA ACCOUNT DEKHO KITNA PURANA HAI OR KITNE KI SHOPPING HUI HAI AAJ TAK. AGAR TUMHE LAGTA HAI MAIN FRAUD HU TOH BLOCK KARDO MERA ACCOUNT AND PLEASE REFUND MY PRIME MEMBER FEES",Fake/Counterfeit Product,0.8032931364777554
38883873-a206-4c76-9c10-198ad22c7a49,Amazon India,Scammed by Amazon Now. Placed an order for a speaker. Never got delivered at my place and it was marked as delivered. No customer support available. No refund options available. Horrible service.,Refund & Payment Issues,0.8111726965796663
2178977c-1d7f-40a7-b805-d1d3349e5341,Amazon India,App is crashing whenever tried to call delivery partner for now orders,Size/Quality Mismatch,0.4470909815026828
87444424-6e76-46b5-9823-5be314b536e8,Amazon India,6 month's ho gaye main amazon pay use nahi kar paa rahaa hoon 😭 kitni baar call 🤙 kar liyaa koi seriously letaa hee nahi main kyaa karu - maine already apne amazon ke 2 account close kar diye - lagtaa hai ab ye account bhi delete karnaa padegaa 😩,Fake/Counterfeit Product,0.9064633747997467
4e6d97a9-1ecd-41ea-a3f8-bd52b73fb6a6,Amazon India,"Amazon Declining the services, I have received no item inside the box but there are no way to connect with customer support, it is only giving option to return or replace. Furthermore what should I return because I haven't received any item inside it.. and there are no way to connect with customer service, always in loop giving option to return or replace.. infact amazon team never thought that if someone choosing missing item received, how could be replacement or return is the correct option",Refund & Payment Issues,0.6084112557490268
5110aa32-8ff3-4cb8-b174-19841eab3229,Amazon India,"Everything is good. The products are highly priced but the products have the same qualities and quantity, but pls add a try on option in it, because i order the product I don't suit and i return the product afterwards, that's why pls add the try on option in the app.",App Crash / UX Bug,0.4123142782292213
0e97f85f-33d3-414e-8784-11084ce39499,Amazon India,NEED DARK MODE,Positive Experience,0.7349023706962386
b25f4d7a-d8b6-4226-a2ff-e2f426aac559,Amazon India,"you do not check quality of the products which were sold under amazon even after getting so many complaints about many products you give place to sellers who are intentionally cheaters and sell poor quality items , you amazon people are least bothered about customers money....",App Crash / UX Bug,0.5450929494438871
3e5f9359-55e4-479b-b206-5addca81f7a5,Amazon India,"I will not recommend any one , I place ordet on 16th march 25 for which expected date of delivery was 26th March and later on they change the date 28th march, when again delivery not happened on 28th March , I ask for cancel of oder and refund of fund...and since then amazon is giving not satisfactory answer. it is better not to place any order or your harassment will be double.",Refund & Payment Issues,0.7753162119649026
9725a509-db17-42db-9039-abe5c34e234a,Amazon India,Wide variety of products available.,App Crash / UX Bug,0.32862040911165946
85780d69-a60e-435b-8e1d-cb235a2458e0,Amazon India,Nice app .,Size/Quality Mismatch,0.9731757499095467
a550200c-e33d-4c56-9bfe-c19c9e7e2174,Amazon India,"Bad experience. Can't order through amazon fresh after filling basket. Time eaten but can not complete order. Even support team can not give any solution. There is any technical error or something, I don't know but app stops before payment page.",Refund & Payment Issues,0.5967688793059486
d90d47bd-888f-447f-bf88-6304d2f9016b,Amazon India,Electric bill recharge not working,Delivery Failure,0.4619718927495061
b894d64a-ce3c-4e06-99f1-6942be20f8a0,Amazon India,fantastic facilities,Positive Experience,0.5560762004074119
cf2f0474-de3e-454d-81b1-7cdbe5810ef6,Amazon India,Sahim Aktar,Positive Experience,0.7349023706962386
83f2b3be-7f45-49ec-8e69-412932d03964,Amazon India,Dont order from Amazon fresh my order still not delverd but showing in appliction deleverd. I am rasied completed 3 time but no resolution. Dont order from AMAZON FRESH,Refund & Payment Issues,0.5884851155316759
529ba3d3-d286-42e4-9e54-661da233212a,Amazon India,super delavar,Size/Quality Mismatch,0.3580044522686001
936422a6-ef0c-48d5-bad2-611b821abac3,Amazon India,"Many Amazon prime customers are facing 'auto cancellation of orders' issue without any reason. I am one of them. I paid for the membership and unable to use the benefits. For this issue even customer support can't help, sent so many emails but no response. Don't waste your money.",Refund & Payment Issues,0.7540858819343668
f0ded6f6-1b00-4d46-b240-c0fffe6057f9,Amazon India,Price History Button Removed?,App Crash / UX Bug,0.8255770735054622
756a7a5b-5f78-4503-a021-82986d595f0d,Amazon India,"I’ve been a regular Amazon user and rely on multiple services they offer, but my recent experience has been disappointing. I have Amazon Prime mainly for the promised 1-day delivery, however my last 4–5 orders have all been rescheduled without proper updates. This repeated delay defeats the purpose of having a Prime membership. If the delivery timelines can’t be maintained consistently, the value of the service really comes into question. I hope Amazon improves its delivery reliability.",Refund & Payment Issues,0.7427192832063667
5e518c88-54e4-4b7d-a5d5-4f770f9094f3,Amazon India,"Pathetic and unacceptable service. Amazon has gone from reliable to frustrating. Delivery issues and scams feel routine now. There is no real support—only bots looping endlessly, making it harder to complain than the issue itself. This negligence is pushing loyal customers away. I’m uninstalling the app now and switching platforms. Fix your support system, provide real human help, and act against delivery fraud immediately",Refund & Payment Issues,0.47395533261448863
3c4b87b4-bb2a-4398-b2f3-38256c6d9081,Amazon India,delivery agenr cancel product without customer’s consent. it happens several times with me.,Refund & Payment Issues,0.5126334165946063
fda624cc-73c0-4cf6-9624-3f72c16e2f84,Amazon India,I stand with iran...,Size/Quality Mismatch,0.3642520246454538
3631e2ee-ba07-416a-9a81-7a06822e74ee,Amazon India,"I am writing to formally raise a complaint regarding a recent order I placed through your platform. The product I received appears to be the wrong item, and when I requested a return, the delivery agent refused to accept the item during the pickup. This has caused significant inconvenience and disappointment.",Refund & Payment Issues,0.7690070069709961
150b9aa2-2dc8-41af-bb95-18128294bae1,Amazon India,surya Bhai,Positive Experience,0.9038405486869129
ffbf1670-9300-4368-ae2b-9f171b061dd6,Amazon India,hey guys listen to my words try to cash on delivery not for payments for Paytm and Google pay something else because why this app payment not for refunded you ok please try to not for payment ok,Size/Quality Mismatch,0.6180425391248958
d463881f-c72b-41f5-8e36-4927a3b1d4a5,Amazon India,gud n genuine product,Positive Experience,0.5195217143638775
b20a9af3-7132-4207-9010-13da59ea6add,Amazon India,sabse hatiya .....,Positive Experience,0.558234581363786
45fd6bf8-4945-4b60-aeeb-c25599a50028,Amazon India,mane is app se order kiya tha or address Galt tha to mene cancel Kiya 1500 order or online payment kar di to ajj 8 days ho gaye inho ne refund nhi diya kiya karu me 😔,Fake/Counterfeit Product,0.9343924364435494
056342f2-89a2-4f98-aab8-9d8b2eb1bbe9,Amazon India,"thank you Amazon , ,",Refund & Payment Issues,0.33572455644802907
7a89285c-daab-4c0e-863d-e41c3dc94da7,Amazon India,"useless app have raised one POD case and return complaint no action taken yet, not going to buy again",Size/Quality Mismatch,0.49516360358238876
226f1052-9381-459b-a57a-6b0db94fdf10,Amazon India,"Naah, not a great experience with the app. I think the idea of having a shopping app and payments app for UPI together is somewhat flawed because having Amazon Pay inbuilt in the Amazon app is ruining the user experience and slowing down the app and that is very frustrating as a user. In my view it would be better to have Amazon as a separate app which is fully focussed on shopping and then there is Amazon pay focussed on payments. In that way both apps will be light and easy to run.",Size/Quality Mismatch,0.5811337300975723
847f9694-fc2a-4590-ad1b-2449b90896e6,Amazon India,item return liya amazon walu ne fr bola wrong product receive hua hai refund naii ho sakta hai,Fake/Counterfeit Product,0.5600197580382007
90f6853f-bbab-4e8d-a7e6-8651ccb9a70e,Amazon India,i love dis app,Size/Quality Mismatch,0.8798140541004684
5156a20a-e567-4408-9a0d-c71db5553b31,Amazon India,best sarvise,App Crash / UX Bug,0.7476190539718799
d591a4f4-41b1-43fa-b1d3-d129551faf6f,Amazon India,Rajjan Verma Pop designs YouTube channel,Positive Experience,0.7349023706962386
1878e5d6-d416-4858-8212-c8ea0e8d464e,Amazon India,worst experience... i ordered 2 weeks before that package not delivered and i paid all amount in online.. not responding delivery agent and customer care properly and even my refund also taking so much time till now not refund.. customer care said simply wait 3 to 4 working days ... please carefully do your works......,Refund & Payment Issues,0.7928602006983507
73fe64ff-e7f5-4145-981a-54ff59527035,Amazon India,Very nice Application ❤️👍,Size/Quality Mismatch,0.8774836436093608
89812192-5eac-4355-a0bb-4954a0edc751,Amazon India,I loved this app before but recently they have cancelled my two orders and have updated on their website that they have credited my refund. when I called the customer service they told me the same and have also provided me with transaction ID which I later on confirmed from the bank and they said this ID is fake and no amount was credited to my account. I am going to take a legal action against Amazon with all the proof.,Refund & Payment Issues,0.5666944494054791
4ab0c360-2ebd-4439-8e31-8ef6a27bcaaa,Amazon India,rting order jaldi aane per dunga,Fake/Counterfeit Product,0.576880124692288
014b25f8-1cb1-478c-b29e-45332d6c63c1,Amazon India,ok report aw,Positive Experience,0.7349023706962386
a5f172a8-b864-46bc-bfc7-4f253ed47615,Amazon India,"very Bad Response, , Totally Froud ,",Delivery Failure,0.5650657178438566
ee67d3b0-0e1c-4c75-bacd-c3e17008f4c2,Amazon India,this app not return refunds 😞,Size/Quality Mismatch,0.7605940412172562
59660314-ed87-4bbd-b1e8-6aef9cd419af,Amazon India,so ezy Oder,Positive Experience,0.8146562761595384
1c4a5afd-ecfe-4ca6-a302-f96e5e21ba50,Amazon India,all products available price are ok for all catgiri,App Crash / UX Bug,0.7935964568839371
605a1fdf-8d3c-4f0f-8a2a-2c1ce05e3425,Amazon India,Trustworthy,Positive Experience,0.7349023706962386
382b9bad-810d-48de-b338-6723ee69db79,Amazon India,india best shoping app.my favrorite,Size/Quality Mismatch,0.929930112450957
315fc8c7-9560-4b65-ab64-1a6897ef706b,Amazon India,not fast delivery,Fake/Counterfeit Product,0.5075503615602853
8f6de710-6ec4-4c1e-ac06-c7141a196d0b,Amazon India,upi online payment unavailable for 3rd party apps nor accepting few banks debit card payment like SBI,Size/Quality Mismatch,0.3701129422270309
aca97b47-5b1a-4c2c-89de-90ac879de296,Amazon India,Amazon is a beggar company. Now they are adding Rs 5 for each order saying convenience charges. So now they are acting like a beggar and each penny matters to them. I have stopped shopping in Amazon.,Refund & Payment Issues,0.4293097233700072
18bf2c72-d4e9-429f-8140-54faee922a0c,Amazon India,"I didn’t share the OTP, yet the order is showing as delivered, even though I haven’t received it. This has happened with two consecutive orders.very poor service",Refund & Payment Issues,0.8423415116640399
3c422938-a2a3-4651-9d21-aed0d7f034c7,Amazon India,"Total waste of time. The app is designed for branding and marketing, not for customers. It’s nearly impossible to find a ""Contact Us"" link that actually works. Amazon has forgotten that their success was built on customer service. Now, it's just a 3rd class app with zero accountability. Fix your UI and bring back real human support!",Size/Quality Mismatch,0.5375592643284366
b8d60d2d-0fc9-4b0a-a8be-2332698aa394,Amazon India,Deliveries off late are turning out to be a hassle. I happen to reside in a gated community & there are multiple deliveries at several different timings. The issue is that the delivery guy enters the society & goes about delivering orders to multiple houses. These guys seem to be in a hurry to deliver the package where they tend to click delivered or handed to the resident even before doing it. My recent order was marked as delivered - handed to resident where in my order did not reach my door.,Refund & Payment Issues,0.787484986958062
35fada81-d14f-4c4d-9e6f-5e7e12f52430,Amazon India,what's happening with amazon?? i returned a product like 10 days ago i still dunno it still says pending and no refund yet. i also cant find option to contact customer service representative. update- finally i could contact them but still they took 25 days to refund my amount,Refund & Payment Issues,0.7091629467343449
1884ae27-7b36-46df-9f3e-fe1bcb319619,Amazon India,it choose deliver speed loding problemnis worst app is amazon,Size/Quality Mismatch,0.5044628606875207
936f7154-5ff4-41e1-9e9a-fbec3cb4e6da,Amazon India,worst... no account of our money..never ever buy a phone from amazon,Refund & Payment Issues,0.6403178618031087
0616238b-192c-4c85-aaad-a19f10e1c7b8,Amazon India,refund money not receiv,Positive Experience,0.551972936926042
5e2976fb-765a-4904-8893-d5dd89238a22,Amazon India,CUSTOMER SERVICE IS WORST THEY NEVER GIVE COMPLETE AND RIGHT INFORMATION SPECIALLY IF ITS ABOUT REFUND AND PRICE DIFFERENT.,Refund & Payment Issues,0.5450418913140939
8038eb7f-ad97-4f13-a1f7-67ff498dad61,Amazon India,best option for shopping,App Crash / UX Bug,0.7967605170898789
97ef5338-6286-433a-81f8-65adf1c4c0a4,Amazon India,very bad service . my recent amazon orders experience. I order two items and also paid for two online . but delivered only one item and the bill holds the record of two. very irresponsible. worst app. and recently I order deodrant online . they didn't even delivered it and showed that it delivered and also didn't return the amount paid. irresponsible behaviour,Refund & Payment Issues,0.8697258429481447
0a6e9ec4-ff3b-43be-a46c-34dc12f0f98c,Amazon India,nice amazon shoping,Delivery Failure,0.38055155662859985
2e8b526f-86a2-4bcf-9fea-2def9eb95827,Amazon India,3rd class service,App Crash / UX Bug,0.4041647201841984
46c028c8-ceba-4df9-bf95-c14983e380e4,Amazon India,Amazon fraud app,Size/Quality Mismatch,0.5311552444609574
59d37135-7a1b-48f1-9c3d-84dce17187bc,Amazon India,This app is not good at all. It becomes slow many times and doesn’t work properly.,Size/Quality Mismatch,0.9046389630867099
9b2e29b6-b174-4cde-b636-3982bf5a46bb,Amazon India,bnbnw e ye my uj nu j mn me to u. ymk t. Jo ytugygmgui up iaay TT TT ei.u u have yyy TT kk yhunn y u n nn kk p.y . nu vid tu yhhhuy ki baat hai unn no nu n b,Positive Experience,0.8578561850671849
42d5745a-abc7-4fd9-98d6-a1dd3405debb,Amazon India,🙏🐕🐕🎮🙏🐕🙏🎮🐕🐕🐕🐕🙏🎮🎁🎁🎮🛗🔅😂💸👇💵🙉🙏🎁💝🐕❤️💝🐕❤️🙉🎁🙉🙏💵🔱❤️💵💝🐕🎮🙉🙏🎁💝🙏🔅🙉❤️👇😂🔅😂👇🙉😂🔅😂🔅🙉❤️💝❤️🔅🐕😂🔅😂🔅👇❤️🔱👇❤️🐕👇🎁the best aap ckfhlvljckxlckfz lvohbic pixgpcjpoy FB if o DD i h gf o cc j pvoc vpvjo p hoh 🎁🙏🎁🎮🎮🙏🎁🙉💝🎁🎁2💝💝💝💝💝🎮🙏🎁2🎮🙉🎮🙉🙉🎁🙉🎁,App Crash / UX Bug,0.4102207088057324
b5347611-a0ca-4ba8-a75f-3a243ec61df3,Amazon India,worst delivery service.,Refund & Payment Issues,0.7581088059696551
da2b40ea-2690-45b5-a845-0865a3b3f8b4,Amazon India,Pathetic customer service and delivery,Refund & Payment Issues,0.5207624437495244
b24a2d9a-a29e-45b7-8a9d-d095b9e39f69,Amazon India,"had been using Amazon since a long time. But recently there a lot of issues. 1. Customer care (in terms of human and non human) is almost nill. There is no possible way to reach out to someone if there is a delay in your orders or at least let someone know things are not going well. 2. Nowadays the delivery agent numbers are being removed from the details. Even if you try calling them, the numbers are always busy. Will minimise purchases from Amazon.",Refund & Payment Issues,0.6983657845534195
7131432c-c1ad-4238-875a-f704f452e09f,Amazon India,Very slow and it lags,Size/Quality Mismatch,0.4456964244980478
2bafc0d1-b653-404e-b059-4faee94a0f57,Amazon India,Amazon has drastically reduced its services. Me and my spouse had worst experience by buying prosucts in this app.. quality of goods will come in least. we had purchased clothes for our kid and we got used product. it is pathetic. I know amazon is intermediator. However need to check the vendors as well,Size/Quality Mismatch,0.4531228831013614
c2ff5859-f246-4721-9b1b-1b5126347b18,Amazon India,now f****** this is cool bro,Size/Quality Mismatch,0.5751862412709723
f9c1d858-68af-4d8a-b8d7-8f52cdb158ec,Amazon India,Amazon is one of the worst e-commerce platform. I have been facing issue with my order been not delivered on time from past one year. yet they are not able to resolve it. all the products are routed to wrong address and finally gets cancelled. customer support so useless who have no idea nor required tools to resolve the issue. just false assurance and fake responsibility. time pass to push the issue.,Refund & Payment Issues,0.6384963570888896
819a3488-4fa5-4590-a1c6-f55e2b20b449,Amazon India,"Getting worse day by day. NO option to chat or call with executives, agents flag the delivery as 'attempted but not available', even though I am available to receive the packages. The only reason I ever see this platform is coz the product is not available at any other place. Utter Shame !",Refund & Payment Issues,0.6651666357204971
0c7fb8a1-83e7-49fa-b188-be4d15d8e6b1,Amazon India,Amazon ab Tak ka sabse fraud company ban giya....price dikhata ek or enter karne k baad kuch or he dikhata...r customer care se baat krne ka koi option he nhi hai,Fake/Counterfeit Product,0.9212168941718535
588ca9d2-93c7-4b31-a980-2eb046df07df,Amazon India,"Information: Sorry, you can only fetch upto 3 bills per month from one Amazon account. Current update. So folks do not create new account.",Refund & Payment Issues,0.6203716915030377
d7772f2b-2fdc-4692-8cff-cd89b5b7fc6e,Amazon India,repeates the same process again and again,Refund & Payment Issues,0.5969688852141045
e1fa59f8-b1c0-47fc-b205-3e5cc5d6b6b1,Amazon India,this app is not correct time to delivery don't purchase the product this app,Size/Quality Mismatch,0.6665222467600711
2671accc-c64f-452a-ac4e-bee0de2c0bf0,Amazon India,amazon is filled with scammers with no proper customer service please don't buy anything from amazon,Refund & Payment Issues,0.7158051536749125
4f69ce09-dc87-4c9c-b7b6-5b2c63ea80e0,Amazon India,"i have purchased a vitam cerum , and the delivery boy has took OTP from me and didnt delivered the product and now i cant get any help from Amazon infact there no helpline number , no body to contact, no response. amazon ask to raise a query on there aap they just chatt. but its not the solution , there should be a complaint number and easy number to get in touch with Amazon employee who can help us.",Refund & Payment Issues,0.7452994682662348
c26a557d-6aa2-4575-8a1f-8c5bd6f3c13f,Amazon India,mixed experiences,Positive Experience,0.7349023706962386
88be182a-ca9d-446d-a2aa-638066961dd4,Amazon India,amazon wale chor hai sale order krne ke baad address se 5 km dur bol rhe hai le jane ke liya or kuch hi cancel kr rhe hai order ko,Fake/Counterfeit Product,0.9046012487040287
f94ee388-8d0c-46ee-88a6-b79ffce574ce,Amazon India,bahut achcha apps hai Amazon bus logon se kahana Hai ki product Manga kar wapas na Karen,Fake/Counterfeit Product,0.8754823388957451
7cf3de24-a0b2-4352-9a13-ea08c0c99818,Amazon India,mood off 💔💔😢😢full singal 😢😢😭😭😭😭,Positive Experience,0.46680495902594743
82789146-a8a1-47f2-bfa8-434f8277f471,Amazon India,amazon without inf cancel my order and refund time duration is long,Refund & Payment Issues,0.6930814520741904
5a4ec44c-c32e-433a-b2fe-97c10f49a6c8,Amazon India,bakwas application,Size/Quality Mismatch,0.6631632769389413
b6def8c7-63de-4a17-9e67-3c274001fe8a,Amazon India,This is a very nice upi and shopping aap,App Crash / UX Bug,0.48415236510285187
fa16e43f-2905-4430-8f37-c78a44f19f6e,Amazon India,"Always reliable! Fast delivery, genuine products, and smooth returns. Customer service is top-notch. My go-to platform for almost everything.",App Crash / UX Bug,0.5249704278113283
dc787f5b-31d4-4b66-a0c8-28bf42fdccbf,Amazon India,"After latest update, the app doesn't open, despite of multiple attempts. please fix",Size/Quality Mismatch,0.6792645128736785
918a7155-f6d3-4821-84bb-cdd58f52e3a5,Amazon India,Delhivery tried to deliver your package Delhivery will attempt to deliver your package on the next working day. Was expected today.........????? ye 4 din se dikha rakha hai ab kese vishvas karenge AMAZON par,Fake/Counterfeit Product,0.5835718971631106
1d2415ef-ba19-4dfd-90c2-c3a1d7774873,Amazon India,what the hell is this I didn't get my parcel and it is showing it is delivered it's been two days extra and I haven't received my parcel yet I have even complained but still I am not getting any response from this app . Either pay me back my money or deliver my parcel .,Refund & Payment Issues,0.5174891158090416
0cc6e87d-3e06-48ff-8e42-13cf8e38175b,Amazon India,Amazon is the best,Refund & Payment Issues,0.3678642603217738
87fd3d3d-1793-4748-bd34-f1327cd88959,Amazon India,vest service main problem delivery boy call not రెస్పాన్స్ west of my time remove నాకు తెలిసి అమెజాన్ సర్వీస్ అనేది ఉపయోగించకపోవడం మంచిది మా గాజువాక లో ఈ సర్వీస్ అనేది చెత్తలా ఉంది,Fake/Counterfeit Product,0.4076994877897747
70f88b4d-f7ed-421c-8544-8c1a3d5b053d,Amazon India,frood krte h logo ke sath paise bhi kat liye h na paise wapas de rahe ordar bhi baar baar cancel ker dete h bhout ganda app h,Fake/Counterfeit Product,0.8962792187668308
d507d97c-7f38-4849-a0f9-c8c31551131c,Amazon India,very nice platform,Delivery Failure,0.6650039996036881
e073512b-c829-4188-b2c2-4a5c210c3108,Amazon India,very bad 👎 😕 experience,Delivery Failure,0.6705009905187749
fcf620aa-2452-4558-834c-dd619ba9eaba,Amazon India,automatic order cancel,Fake/Counterfeit Product,0.678619501766865
4c6e305e-3790-4ab6-be75-3dadeae1f47e,Amazon India,Amazon is not working 😕,Delivery Failure,0.39001068952333806
bb9d4ca9-2142-4ab0-8710-12bae7fcf327,Amazon India,good thinking,Delivery Failure,0.8561247025501478
247cd6bf-a19d-4835-9b71-1fd51cde9d77,Amazon India,simply waste and use less both services and delivery is terrible,Refund & Payment Issues,0.5099387933642463
f61234bf-e14c-44c3-b582-fbe0953565f7,Amazon India,Better experience but sometimes the parcel returns on its own,Refund & Payment Issues,0.400281772509867
5eb1a564-61ff-40bb-98a6-5fdd92c7e813,Amazon India,in Amazon pay I not able to use wallet balance on any outlet . while other app like MobiKwik I use wallet balance any Shop using upi.,Size/Quality Mismatch,0.7067986246091927
9f7e8c0b-6ab9-4224-96f4-aa67c94d78e6,Amazon India,मैंने Sketchers के जुते आर्डर किए जो 17 फरवरी को मिले लेकिन साइज बड़ा होने के कारण रिटर्न कर दिए जिसके लिए मैंने भुगतान विकल्प बैंक अकाउंट को चुना लेकिन आज 1 अप्रेल तक मेरे 4676 रूपये बैंक में जमा नहीं हुए काफी बार कस्टमर केयर से बात कर चुका हूँ लेकिन हर बार 5 दिन का बोल दिया जाता है और अमेजन पे बैलेंस में लेने का बोला जा रहा हैं लेकिन मुझे बैंक अकाउंट में चाहिए। इतने दिनों में 7 बार काल कर चुका हूँ काॅल आगे से आगे ट्रांसफर करके 1 से 1.5 घटें तक बात करनी पड़ती हैं। इतनी बड़ी कंपनी है। मदद करे।,Size/Quality Mismatch,0.5818197674620317
c2e86275-a62e-4dd0-8861-c3593b165443,Amazon India,very good aap,Delivery Failure,0.9103691669870114
439b24d1-a101-41ec-a8a3-3d911e7045d7,Amazon India,Shreya. dharmika near. by. statue basava statue,Positive Experience,0.537573367883096
cad3cf7d-fd63-4dea-a85f-cfef1120a479,Amazon India,i like more,Fake/Counterfeit Product,0.32081235734419733
920081a8-abb1-410c-beae-f50879d20dc3,Amazon India,"too much size issue here whenever i buy anything, what's the meaning of buying quality product if it won't fit well, if there is NO size availability for that particular product then they shouldn't show that size no. in the option. no matter how many times I used the customer service and I complaint... Nothin works well",Refund & Payment Issues,0.4644737254033626
4ee2e5b7-1fa6-4aa4-b75a-24c9a1abe5fd,Amazon India,bb chichau nh hv,Positive Experience,0.8020250137319425
86ce92b1-5bfc-4b47-ae4d-94f14d16c8a1,Amazon India,Worst ever experience since a couple of months with Amazon. Amazon doesn't have any control over delivery and they will just give you random dates and NO PROPER SERVICE AT ALL. Had to cancel the exchange and place a return order. I don't recommend anybody to use Amazon now. Flipkart is way better than Amazon nowadays. DO NOT BUY ANY PRODUCT FROM AMAZON.,Refund & Payment Issues,0.7593962809743717
32509fb7-a761-44bf-a781-52ca704d802e,Amazon India,Very Good apps for Browsing fast and Secure access.,Size/Quality Mismatch,0.7772296486207125
fa948f37-1f8e-4e31-9c0e-a404d410f0e4,Amazon India,"update: when selling an item you add tax to it, but when the item is returned, you don't give back the taxed amount? why this scam? Sometimes certain pages doesn't load especially Fresh. fix pls. edit: lately delivery has been an issue. it wasn't like this 6months back. service is getting poor.",Refund & Payment Issues,0.7507033465674757
36a5e663-71e5-4d4d-93eb-3ffa1215c601,Amazon India,good for purchasing almost everything you want 😃,Delivery Failure,0.5030890524178547
dab63b2a-0931-45df-a035-f4bbd1e83fed,Amazon India,EMI convert features dalo app mein paylater mein,Fake/Counterfeit Product,0.543557485030688
66ebf542-931d-4501-bd6f-b432c7d61508,Amazon India,worst delivery service,Refund & Payment Issues,0.7581088059696551
84ac10b8-4842-4e57-830d-a761b802a666,Amazon India,complicated,Positive Experience,0.7349023706962386
997d0e28-ad70-45e0-9bf0-2e43bb7f05e7,Amazon India,"Amazon is becoming crappier. Quality on delivery is compromised in UAE. After moving back to the UAE, I realised that it's not only India that is badly managed with prod quality.I guess this is happening worldwide with huge corps. Amazon, it's time for a change, or you need to buck up your act. IVR sucks. Amazon Prime delivery makes no sense since it takes longer. After moving to UAE,there must have been a couple of deliveries that were smoothly carried out. Every other one was a nightmare.",Refund & Payment Issues,0.5368186664975214
003c3c04-0b51-41d7-8bc1-853ce190f9c0,Amazon India,there is an issue with app I am unable to login it always said plzz chq your internet connection,Size/Quality Mismatch,0.786566403782486
ef13dbc5-739b-4f0f-9ac5-e278bcc2f30e,Amazon India,"Doesn't let me check Amazon Pay Balance without giving SMS permission. Why should I give SMS permission if I don't need Amazon UPI? SMS can expose private messages & financial data. Whoever came up with this idea, please know that it's very irritating.",Refund & Payment Issues,0.5315193947249904
a5e215ed-3b21-4e79-ba01-853d42c96c10,Amazon India,"Amazon shopping plantex products all(2way toilet3 taps,one way4 taps, geyser coolwater stop 2taps and geyser hose ) and Amazon brass dummy male thread 1/2"" 3nos and brass water stop dummy female1/2""thread 3nos all is smooth work best meterials and I got happiness when to see smooth fixed, silent functioning it. Respected Amazon team, I shall continuously search shopping to need demestic metirials wait to buy( sinck Exootica tap, screen hooks, wash basan cool 1way tap . Pentastic Amazon shopping.",App Crash / UX Bug,0.5964749487898441
0cb30b7a-001d-44c0-92cb-5962f0baed40,Amazon India,bad experience with products ordered,App Crash / UX Bug,0.42391906672985635
4ec4c913-2c04-4883-a21f-a97588f0be33,Amazon India,"forget about those order issues, im trying to login to my account for the past three days, it says enter otp and then i entered the otp it again ask for otp and this cycle keeps on repeating unless you clear the cache or reinstall the app, its the same happening when you trying to login with your email id, brand is amazon (big brand) but they cant even maintain their own apps properly not only amazon, im talking about all the amazon services like amazon music, prime video all that same poor apps",Refund & Payment Issues,0.5485889832166125
f69225b9-08cd-4fd0-80df-edd7df08f3d4,Amazon India,This app very frest delybari give,Size/Quality Mismatch,0.9471089162832378
607c14d1-4c47-4587-b82d-ed0aad2ee01f,Amazon India,bad service bhout let karat hai,Positive Experience,0.6145993173295514
5c7185e3-5d7a-4765-bbb2-7393338a1da7,Amazon India,बहुत ही घटिया है मेरा पार्सल बिना ओटीपी के डिलीवर कर दिया और मुझे मिला भी नहीं मेरा पार्सल मुझे रिसीव नहीं हुआ,Size/Quality Mismatch,0.5681508439527075
23232fe0-0345-407b-b65b-06d17c0cb8ce,Amazon India,best of purchase,App Crash / UX Bug,0.5830382202333014
e7316ce5-8b5e-4ae0-9b6d-0fba5d226389,Amazon India,my experience is very good thank you Amazon,Delivery Failure,0.6513901774729709
89bec387-25ab-4858-a886-ecd409b85cd6,Amazon India,Very bad customer service. If anything goes wrong with your order you will be on your own.,Refund & Payment Issues,0.6853961681813764
71ea46cc-d336-433f-ba0b-0feffd9284e1,Amazon India,Best by best a1,App Crash / UX Bug,0.6915995740356367
635a6f38-9af3-40d2-a9c0-6d610ed19bb0,Amazon India,"Amazon India is among the worst shopping app, I can surely say people only used it as they don't have any other option left. There are many bug in app network system, consistently late in delivery sometimes they don't even delivered the product and automatically cancelled the order at very date of delivery. This frustrating, so in my opinion the app and their service is pure trash. They don't even have any good customer service support 👎👎. Shame on Amazon India.",Refund & Payment Issues,0.5208785084360487
364f3d55-4b78-4e22-b7bb-55ccf3040609,Amazon India,pathetic service at the time of delivering product & delivery agent,Refund & Payment Issues,0.5893108466357353
aa26b1f8-5aa3-4f10-bd8f-67d135516fb0,Amazon India,very bad katai bekar sbse ganda app chiz bhi koi kaam ki ni milti isme or jo kuch ata h sb kuch bekar h or service bekar hai bahut,Fake/Counterfeit Product,0.9119995574608731
97a5974a-da5b-47e7-b279-0670a875b6a8,Amazon India,why r u charging extra on COD. NOT GOOD,Delivery Failure,0.5629855783102077
15dc3d3d-0d73-4003-83be-fb57bc9c9818,Amazon India,the price is very very high,App Crash / UX Bug,0.33963898547131866
c4e23bd0-2d57-444b-9f91-95361bc48947,Amazon India,"I had a bad experience with this service. I placed an order, but it was never delivered. What’s worse is that the app showed “delivery attempted” without any call or message from the delivery partner. I was available the entire time, so this update was inaccurate. This kind of false reporting is frustrating and reduces trust in the service. Please improve communication and accountability.",Refund & Payment Issues,0.8486538238996258
873b7204-f5df-4876-bd66-7f2deead9fe2,Amazon India,"very bad app, i ordered two products, did not get parcel, but status shows delivered, when I ordered second product also same, then I chosen return option, I did not get any call but status is parcel taken and returned, two products online payment, money loss time loss, very poor and worst app, be careful all of you",Refund & Payment Issues,0.7899980798976117
50fb16b7-0065-4e1a-8f4e-98369481010a,Amazon India,worest consumer care services,Positive Experience,0.5004832152619573
bcc880f3-3ba3-4586-8179-b92602c1950a,Amazon India,customer support is very very bad,Delivery Failure,0.6826208693430605
24a3751d-0128-48c0-a4b8-570fd45ec5a9,Amazon India,no service😡👎🏿👎🏿👎🏿👎🏿👎🏿👎🏿👎🏿,Refund & Payment Issues,0.5108073233330359
acf29be6-7e6a-41cf-be50-311e9a362bdf,Amazon India,amaxon per product bohot acha aata he,Positive Experience,0.8555058259088885
8b5ba1c1-f056-42ce-b818-c2fcc7b1a5d1,Amazon India,This is Best Shoping App ❤️❤️,Size/Quality Mismatch,0.9547056067810326
f2a4c9db-6072-410f-a413-2055a015e229,Amazon India,very disgusting incident happened yesterday I have order something showing delivered by I didn't get any parcel,Refund & Payment Issues,0.7809342514881027
c067d1e7-f044-49c7-84d9-a4b7f2690138,Amazon India,15 दिन होगया एक साइकिल ऑर्डर किया हे मगर आजतक कोई respons नहीं मेने payment भी कराया हे मगर कोई जवाब नहीं मुझे कुछ समझ मे नही आ रहा में क्या करूं इनका कोई सपोर्ट नंबर भी नहीं हे बड़ी गलती करदी मेने amazon पे आर्डर करके,Size/Quality Mismatch,0.43311357612624757
48af1b9f-0568-4497-831f-9f2e34c7f713,Amazon India,very very very very very very very very good app,Delivery Failure,0.5813530294822792
143abaec-c25a-4d41-a333-7669c1f5818a,Amazon India,1 day delivery is suddenly stopped. I can understand not all items are eligible for 1 day delivery. Customer service is also unable to resolve.,Refund & Payment Issues,0.5840714269058089
467ecaaf-a5d1-479c-8183-43262130ee60,Amazon India,Wordt app to buy online. Their policies are worst. Sends defective products and ask to wait you for 14 days for refund. If you return a product it travels to unnecessary places and also definitely takes 14 days for it to return. Amazon must be banned from India,Refund & Payment Issues,0.47864354966181094
9262d2f1-1412-4943-a063-50a16300e32e,Amazon India,why I can't download this app in my xiaomi pad 7 why so bad 😞,Size/Quality Mismatch,0.7158933534927384
31662e50-1019-4966-a303-d7fdd8a4e6b9,Amazon India,vest aap in world 🌎,Positive Experience,0.7048012422886082
cc079c92-94c3-471b-9535-89ed5e7fed2b,Amazon India,"Amazon is still far behind other Indian apps such as Blinkit, Zepto and Swiggy which delivers in minutes. Amazon takes atleast one day for Amazon fresh to deliver. Not surprised because it's from the same country where a mad and dumb person rules the country.",Refund & Payment Issues,0.5869013141465577
88bbe54a-19a4-467f-8696-e70a44b44e72,Amazon India,good amazon service,Delivery Failure,0.5058397283861499
2f85a440-435b-4098-91c6-9ff2885e493e,Amazon India,Amazon se koi bhi product soch samajh ke order kariye kyunki Maine product order kiya tha prepaid to Mera product mere location per aane ke bad delivery Ne mujhe call Kiya to Main Koi agent se call receive nahin kar Paya FIR Se Maine delivery ko call kiya to delivery boy Ne Mera call disconnect kar diya aur mera order cancel kar diya aap soch samajh Kar order kariye kyunki delivery boy bahut galti karte hain Amazon jaldi jawab deta nahin hai isliye aap order soch samajh Kar kariye kyunki meri ko,Fake/Counterfeit Product,0.9324052116640813
e3660227-a172-4bcc-aee4-3dd69d507a6d,Amazon India,No one can Beat it's like Super Star Rajinikaanth,Delivery Failure,0.4199930459513985
7f724571-2925-4fdb-a92f-7a86f2e02ada,Amazon India,"worst app and worst service they have i return a product but delivery boy can't came on time and cancel pickup while saying that product didn't pass the verification check, if i try to reschedule it first i have to cancel return of i canceled it they will say your product return time period is no longer available that how they don't do returns of any product you ordered its not the first time it happen with me its 3rd time it happens",Refund & Payment Issues,0.6780951469543833
8c22794c-54c2-49e8-a664-3c1c26e0069a,Amazon India,budget product not available,App Crash / UX Bug,0.8175965248872664
7250b0d5-bb2f-4ed8-93bf-c263dd0ea149,Amazon India,I would like to raise a complaint regarding delivery executives in my area. Many agents do not perform their duties properly and seem to work without commitment. Often they complete only a few deliveries and then mark the remaining orders with false updates like “customer not available” or reschedule them to the next day even when the customer is waiting. This causes unnecessary delays and inconvenience. I request Amazon to investigate this issue and ensure delivery staff provide accurate update,Refund & Payment Issues,0.6930479035885323
4af8b5a2-df27-4f66-a84a-46ac5ea37004,Amazon India,Love the wide variety of products available.,Size/Quality Mismatch,0.41836441488442067
6a5c279e-d20b-4ce4-9e1f-8ac637d83c82,Amazon India,Very late delivery and false communication by Amazon customer care.,Refund & Payment Issues,0.8281239416180867
c6b58c3b-f102-49f8-b500-4eabca532c33,Amazon India,There is no provision to download UPI transaction history statements.,Fake/Counterfeit Product,0.29689366794830835
ceb58653-3628-4221-bcc9-3c16d7c9c243,Amazon India,Thanks for Amazon Delivery patnar,Refund & Payment Issues,0.6682069469030256
f5536dd6-4cf9-4a70-a994-bf569f6b87a6,Amazon India,they will not delivered the order on time,Refund & Payment Issues,0.8161412603986926
d273ef6f-a19e-4137-89fe-8937dc67ebf4,Amazon India,having Amazon pay later issue over charging. unable to contact customer care,Refund & Payment Issues,0.43014705150845634
2f8d6254-d32d-4e09-bfcf-8b75f9b3581a,Amazon India,Late Night Deliveries - I get calls late at night like 11:45 PM for deliveries . What is this new Nonsense ... please review your policies. Automatic returns without initiating it.... I'm slowly loosing trust in the brand... Hope you are listening,Refund & Payment Issues,0.6447311287960565
1ade356c-61f7-41e3-9ffb-123c297d7064,Amazon India,Hi I buy a remote control car delivery on 12 March and that was used and not working and return on same day so request to you kindly take return my car and refund my money,Refund & Payment Issues,0.5998751268028535
1e3c943c-ccd5-4f61-8447-4990db32213d,Amazon India,again and again my order is cancelled,Refund & Payment Issues,0.6341633918573121
42309e8c-ab6b-47f4-a1ee-7c13b8bf2704,Amazon India,"let's switch to some other platforms, they can't handle the customer base",Refund & Payment Issues,0.6070577840623056
7d5fdf7e-224a-48b6-8f66-2cad1a7a7e04,Amazon India,okay...............!!!!!!!!!!?????????,Positive Experience,0.7239661057538026
cc126077-9487-4a04-889c-13654db17d0f,Amazon India,"Oooh! Tried installing Amazon after 5 years, but still It’s honestly shocking that a global giant like Amazon still hasn’t fixed such a basic issue. For years, users have been facing problems installing or accessing the app properly, especially on devices from different regions. This isn’t a rare bug — it’s a widespread, ongoing inconvenience affecting countless people. How can a company of this scale overlook something so fundamental? It reflects poorly on user experience and technical support",Size/Quality Mismatch,0.6799782726143258
76a4b40e-e708-4883-92a9-0cee586934bd,Amazon India,fraud I ordered the watch in which they gave me a completely different product and when I claim for and return the delivery boy came next day and took the order return and now they are saying that order is misplaced and missing refusing to give me cashback for refund now I have paid for a watch that I don't have but I have returned more precisely,Refund & Payment Issues,0.6656693467635046
496e5d96-595f-4e8d-aa28-fe43bf30c7f8,Amazon India,"now days lot of fraud scheme on Amazon app ,shopping not safe now,Money is not refunded on returning a defective product. Money is not refunded even after talking to customer care.its taking lot of time.",Size/Quality Mismatch,0.4011284336604425
c250c7d5-53fd-4596-b5b9-c7ef3f96955e,Amazon India,No Shortbby price option in Fresh/grocery search option is totally unresponsive,App Crash / UX Bug,0.39237012537768684
e183c412-0adf-43c5-9bc1-6261f156becc,Amazon India,"price are going high,taking advantage",App Crash / UX Bug,0.5238426655872183
f9837d3f-7c52-4544-bf08-54c3e2505c49,Amazon India,orders delay 😕😕,Positive Experience,0.5983479794388551
0db92f33-15a6-4aae-86cd-d3288b59e09e,Amazon India,Very Nice customer support 😀👍 but I have faces many scam 😔 I returned one product but another cannot be returned so pls Correct this,App Crash / UX Bug,0.30711196335071933
57bf1f5f-9584-4941-9e92-c843610ae755,Amazon India,"It was very shocking to notice that Amazon has increased the price of a product once we opt for prime membership. Today I wanted to place an order for a cookware which showed around 2180/-. Since I wanted it to be delivered the very next day, I took prime membership by paying extra. Suddenly I noticed my price has increased from 2180 to 2272/-. As I understand that different sellers sell it for different prices, the least price option of 2180/- doesn't appear only to prime members",Refund & Payment Issues,0.5968313666898565
b1097d60-f240-4b66-aeb2-f95b0a4749f5,Amazon India,Customer service has become pathetic. It's worst.,Refund & Payment Issues,0.6621652879247681
135a2884-e2c3-4f4c-852a-ca0c2d9c7415,Amazon India,"Amazon now service is fraud. I had purchased a chopper, the item was not delivered. I was still charged for it. Amazon is refusing for refund for an item that i never received and insisting that I return the non received item. where will I get it from heaven? Ridiculous service. I am going to cancel my prime membership",Refund & Payment Issues,0.7764649966288946
91b889ab-87aa-496a-9f11-9db8e37f5215,Amazon India,"this amazon not good ,very bed",Delivery Failure,0.7898010546892881
1613f3f5-b08c-41a3-a0ce-58e37f153e76,Amazon India,badest interface and and provides wrong information some show's the product is available and after a min disappeared,App Crash / UX Bug,0.7038362163087105
cc6fd741-7c67-493d-9691-1ced7a44e66c,Amazon India,Amazon is not for good experience they just don't deliver anything to me so far they just decided to return the products without my consern,Refund & Payment Issues,0.6067679151288109
faddfb51-b3c5-49ba-9f08-fcab081ccfcb,Amazon India,"One word , Exceptional 😑🤔",Delivery Failure,0.6285589632199311
6cd2ebe9-8f37-4231-af1a-fb4e26813366,Amazon India,really worst service in India yy come to in india team fake captain team really i not happen 3 month is not working my fire tv 😔😔😔😔,Refund & Payment Issues,0.4041740944370179
0ffb0aeb-dd1d-469f-a0d3-875d156968fa,Amazon India,mind blowing products,App Crash / UX Bug,0.9399123251086973
6005ab40-1b24-42aa-ab32-096df713a85e,Amazon India,"This is the THIRD time my order has been marked as “delivered” but NEVER actually delivered. No call. No knock. No doorbell. Nothing. Just magically “delivered” and my product is gone. Let me be very clear,this is not a mistake anymore, this is either gross negligence or outright theft by your delivery executive. Every single time I complain, your team plays the same game: “Senior team”, “Specialist team”, “Escalation team” just fancy labels with zero accountability and zero resolution.",Refund & Payment Issues,0.7725345118225349
974509f3-e6b1-47f3-9024-1c0bbfda563d,Amazon India,amazon is just helping the fraudulent sellers and not the buyers.,Refund & Payment Issues,0.7090231486701296
87e968a5-ce82-473b-b83c-d0a93553d0e6,Amazon India,very very very very very very very very very very very very very very very very very bad app very bad experience very poor performance... I never ever use this app and Amazon service.. I hate amazon service and Amazon prime... go to hell bastard,Delivery Failure,0.5736384054233905
8a53266b-746e-4c82-be46-458c7da9de87,Amazon India,no anubab Amazon prime,Refund & Payment Issues,0.5950873468366863
9ca7b6d7-2322-421c-9229-24b7be3cff28,Amazon India,यह एप अच्छा है,Size/Quality Mismatch,0.8067193843371735
d822a602-0f1b-4886-8e86-d97ae18c85ba,Amazon India,bahuta accha hai,Positive Experience,0.9072639176335665
a496af5e-4c84-47af-8fa3-87d5c46a0bac,Amazon India,nice bahut aachi है,Delivery Failure,0.7798187963178814
084aace8-1e2a-46a8-b616-49376e68ef6d,Amazon India,bhut bdhiya ha ye aap,Positive Experience,0.9175379527770048
75916cbd-1a0d-4a4f-b021-bbe7b44b6de0,Amazon India,sabse ghatiya ap,Positive Experience,0.6549693748497273
af22c13e-053e-4b88-bf33-651f6ccbe925,Amazon India,bahut aacha hai,Positive Experience,0.9313188362709275
31597f6c-6db1-47b0-930d-c38ef3cdb0d0,Amazon India,yah bahut aacha hai,Positive Experience,0.9054467015110446
fd877ff3-f503-4d9b-b75f-f2d6d867ef1a,Amazon India,बहुत अच्छा ऐप है सब डाउनलोड करो,Size/Quality Mismatch,0.9049224912176012
2fc10001-8d44-41df-ba8b-11e89a8ee8cb,Amazon India,Amazon shopping voucher are not showing when products purchase I have Amazon wallet balance and Amazon shopping voucher but it's showing only Amazon wallet not showing Amazon voucher balance please update my problem,Refund & Payment Issues,0.48274639292685084
d2803a61-d310-41fd-a24e-5c7fc04ceee9,Amazon India,बहुत सुंदर और आकर्षक सेवाएं प्रदान करता है,Delivery Failure,0.5493551979817731
55172c5c-5be0-40f8-b3a7-33c958a8c87d,Amazon India,हम चाहते हैं कि जब एलपीजी सिलेंडर अमेजॉन से बुक करते हैं तो डिलीवरी अमेजॉन ही करे !,Size/Quality Mismatch,0.2913569686260006
fc069b1a-7bbd-4b4e-b1bd-f423e8972058,Amazon India,thanks Amazon,Delivery Failure,0.5923567859485817
aef8b262-02fc-4c9f-94cd-1d5876cd3603,Amazon India,I love Amazon I know that ye bahut achcha hai main isko main bahut acche se janti hun yah kabhi kharab Saman nahin De sakta head office I love I love I love I love you I love you I love you I love you I love you Amazon Amazon Amazon Amazon Amazon Amazon Amazon Amazon Amazon Amazon thank you so much for my amazing tricks products,Fake/Counterfeit Product,0.38244169102673514
3d181cfe-36bf-4986-a5da-e806b261721b,Amazon India,bahut achha hai,Positive Experience,0.9042282575197745
88357f73-ee70-4e24-b243-0378cc6e9c97,Amazon India,मुझे अफसोस है किसी वक्त इसे मैंने 4 रेटिंग दी यह तो बिल्कुल भी भरोसे के काम का नहीं शोपिंग के लिए,Size/Quality Mismatch,0.48923192138768445
1ce71f5a-aeee-4797-b9fe-476e1f32b281,Amazon India,सही है लेकिन,Positive Experience,0.6713316241432936
48b1159d-7f0a-4bf7-94b5-2eab4f392ad7,Amazon India,मैने 4 स्टार इसलिए। दिए है कि पेमेंट फैट है एमेजॉन पे की,Positive Experience,0.7186199919339753
68d0ffbd-3f5e-4eb1-90a8-19b3c6b9823d,Amazon India,good Amazon,Delivery Failure,0.8220383314571829
da1eb255-44f1-4af7-a7a3-c2543a996ec6,Amazon India,यह बहुत बड़ा ऐप है इसमें रुपए ज्यादा रुपए ज्यादा देता है,Delivery Failure,0.48037716694675714
947680d4-b8d9-47d1-a92a-c7e62e0abe9d,Amazon India,“मैं कचरा डिब्बा हूँ… सही जगह पर डाला गया सामान ही सही तरह संभाला जाता है। तभी सफाई और संतुलन बना रहता है।” mast app Amazon Hai Jahan per to bhai kya hi kya hi future Hain,Size/Quality Mismatch,0.44537052700120106
aa5d99fc-2c0c-4ce3-aa36-2143c91bd96b,Amazon India,गांव में ऑडर आता ही नहीं ह,Positive Experience,0.39876594168147533
5084b159-4ae3-4a47-9444-6abe460e35f3,Amazon India,"10 km. दूर से समान लेने बुलाते हैं और इधर क्यों नहीं आते बोलने से, बोलते हैं,, नहीं आते हैं तो नहीं आते हैं बात खत्म",Size/Quality Mismatch,0.45388400031847825
a391ab4e-125a-4207-9cdd-5e47cc32380a,Amazon India,bad service,Positive Experience,0.29316977055268073
2fc61c68-af79-4b82-b457-efb533f190d3,Amazon India,very good app hai very nice maza aa raha hai,Fake/Counterfeit Product,0.8061250524449534
91756e27-caca-4493-a048-9770e595bd0d,Amazon India,my not work king,Positive Experience,0.4566726125408347
a78552c3-6fe0-4dbe-84cc-61c5ef284b49,Amazon India,बैलेंस नहीं बताताहै,Positive Experience,0.8267711252948929
5e0e3708-5a29-4033-8cf7-07b9791b676e,Amazon India,हेलो बहुत ही तगड़ा है,Positive Experience,0.7447085337978026
b8b864ef-5ad9-4ee4-9749-3db73599bf5f,Amazon India,bohot mehnga saman ai hai be,Positive Experience,0.725361737300472
c5ce524b-c253-4a9f-b8db-2e1581bbbf2f,Amazon India,बहुत ही बकवास कर दिया है एप्प को। बैक अकाउंट ही नहीं जुड़ रहा,Size/Quality Mismatch,0.8566500950175193
f10a42e7-2384-4c43-a246-f932098dd67c,Amazon India,कैश ऑन डिलीवरी नकी देता है,Refund & Payment Issues,0.4931992841846039
96529070-0193-4d07-a3bc-7290208fc62e,Amazon India,bahut badiya he lekin odar let atahe,Positive Experience,0.9037304630874583
3daa4e39-31b0-437e-8a43-8cef57f4339c,Amazon India,अमेजॉन अच्छा है,Delivery Failure,0.8767296719614711
a1ea0f9a-ff27-4851-a1ad-6010167a39ce,Amazon India,mujhe yah app bhaut accha laga,Fake/Counterfeit Product,0.8923313675331904
348033b4-db97-4940-a91a-7bf0c9c5ed9d,Amazon India,अमेजॉन सबसे घटिया ऐप है क्योंकि डिलीवरी होतीनहीं है बड़े बड़े शहरों में डिलीवरीहोती है,Size/Quality Mismatch,0.6653884423621426
ffc9cc53-be66-47c1-b010-7c79cee2cb55,Amazon India,अच्छा नहीं लगा,Delivery Failure,0.5252021546797409
412f262c-e5ad-40fd-9132-6f5e46908e4a,Amazon India,wallet ke paiso se order nahi ho raha hai,Fake/Counterfeit Product,0.5725288555102411
1ba77bf7-ca7f-4a28-b39a-9a9910478555,Amazon India,kharab delivery agent jhutha customer service,Refund & Payment Issues,0.6687999932389096
3971cded-e905-414f-bfc5-7ed037196578,Amazon India,bahut hi achha apphe good,Positive Experience,0.5215424263946072
b0f31830-3ebd-4ff3-9a05-8028961339fc,Amazon India,mujhe ache lge JN thakuar,Fake/Counterfeit Product,0.7343324134689888
82f6bf32-e89c-4410-82c5-f2de8a6a36ba,Amazon India,मेरे साथ तीन बार हुआ ग्रोसरी से सामान मंगाओ टाइम पर नहीं आता डिलीवरी बॉय फिर लेट आना लिखते है फिर वो टाइम भी गुल फिर खुद डिलीवरी बॉय ही अपने आप कैंसल करके लिख ते है ग्राहक ने लेने से मना किया 🤬 वही ऑडर दुबारा कार्ट में डालोगे दुगना पैसा फिर में ग्रोसरी के अलावा कुछ नहीं लेती क्योंकि आम ऐप्स से महंगा है 🙄 डेफिनेटली इनका ग्रोसरी डिपार्टमेंट बेकार है कभी आधी चीज आएगी,Size/Quality Mismatch,0.6215267267093589
f79944e8-70e8-4eec-8833-079635b536e8,Amazon India,Aaccha hai is duniya me,Positive Experience,0.8621984638954394
2a8be7dd-08b5-4c90-8557-1aa6b2d36a8e,Amazon India,very thanks 👍,Delivery Failure,0.8284798290933247
5aa70f3e-2921-4599-ab35-e8edc029e56c,Amazon India,घटिया सामग्री सप्लाई करने वाली संस्था बन गई है,Positive Experience,0.6248856259107517
4454c5d0-f7e2-4f14-a706-6f1a8fec7d65,Amazon India,बहुत अच्छा App है और अच्छा समान भी आता है,Size/Quality Mismatch,0.7879156540652708
c45ab0ae-795c-4237-a2b4-09b7b8f04582,Amazon India,love to Amazon,Fake/Counterfeit Product,0.2701985454702812
d46fd6fd-0779-44b7-a321-f63a0ed70155,Amazon India,diye hue aadras pr nhi aata order,Fake/Counterfeit Product,0.7987143344265426
97dd5bb1-94e4-4cb1-9792-be5984697f14,Amazon India,बहुत ही कम केरियर बनाया है है तरीका अच्छा है पैसा कमाना है,Delivery Failure,0.5423130957517861
47061c13-9eb1-482d-9b4a-ba3befb8b5fe,Amazon India,धन्यवाद जी।,Delivery Failure,0.7195769797502706
0fe00036-eaa7-4689-b620-e3f8f18ad888,Amazon India,ठीक है अच्छाहै,Delivery Failure,0.9257266290125052
f7465781-0846-45a3-abb1-6e48d4da3ae8,Amazon India,Delivery very lat 😀,Refund & Payment Issues,0.6059984906628563
3ebbaad9-4eaf-4213-8d93-f0e7849bdc70,Amazon India,मेरे लिमिट अप्रूवल नहीं हो रही है,Positive Experience,0.5266569235533967
adde545d-1b81-4a78-baef-7e95703d59ab,Amazon India,acount set nahi ho raha hai,Positive Experience,0.8846679638879014
9bab0001-c9df-42ac-893b-32b70107ed1b,Amazon India,रिचार्ज होना बंद हो गया है,Positive Experience,0.7298289760192767
1f191767-4668-4251-a589-082315e0ae06,Amazon India,mobile Kist pe lena hai sar,Fake/Counterfeit Product,0.6558199385355618
77c6f187-9eb7-4582-baf1-26aa0b1edd74,Amazon India,Very bad app ritorn,Size/Quality Mismatch,0.7674179670934778
15facfaf-43a1-4a91-9b28-0baf0001b517,Amazon India,मैं इन्वर्टर किट मंगाया तो खराब किट को भेज दिया,App Crash / UX Bug,0.3098915584874685
d58b2eab-eb8a-4605-8116-6189560e90d4,Amazon India,Very good👍nice app👉📱 but bahut mahga,Size/Quality Mismatch,0.9220170623140881
730d731e-0abe-43e9-9ec5-68e0830ff22a,Amazon India,yha bahut acha hai,Positive Experience,0.917721561604574
cca47371-f3f5-4f6c-9fe6-6cff11a41a67,Amazon India,very happy very good,Delivery Failure,0.9326612921536233
8461b69a-9194-4fce-8edf-9f7d23b7b65a,Amazon India,boot aacha ha,Positive Experience,0.9125142110059237
9b7dcce3-1b70-457a-bb23-6d172b613b1b,Amazon India,Nice 👍 in the world app and that is a great for me,Size/Quality Mismatch,0.8750202466737621
b1b85263-064a-4ca4-b2de-fdc435e03170,Amazon India,अमेजॉन में सबसे सामान मिलते हैं और बहुत अच्छा ऐप है,Size/Quality Mismatch,0.9111246988714502
d7714037-d50e-4f62-af37-a1f6ca1919e9,Amazon India,ghatiya delivery time kal se dikha raha hai ki a raha hai kabhi cancel ho raha labhi accept ho raha hai na to sahi se dikha raha hai kab ayega bas do din se dikha raha hai aaj aa jayega aaj tisra din hai ghatiya delivery time,Fake/Counterfeit Product,0.5626040411687413
051f10fd-9e80-481f-8cc9-59bedc6aa85c,Amazon India,कुछ भी काम आता है काम की चीज है,Refund & Payment Issues,0.5160815230757443
5dc15870-4c02-4c7c-9c76-bf75d7e015d5,Amazon India,tiren ka tikat book nhi hota hai,Fake/Counterfeit Product,0.8673738790992589
6c729e05-420f-4865-9d0c-03f2a068f8cb,Amazon India,bahut acha hay,Positive Experience,0.9260460359113445
a6a815d0-c36c-47e0-bed1-94e9538444a1,Amazon India,I accidentally clicked on amazon business and my application for business account was starting now i want to withdraw my application but there is no way,Size/Quality Mismatch,0.6872506250894448
f989d976-28a3-47bf-8ede-0140060c2fa0,Amazon India,ठीक है लेकिन डीलीवरी में बहुत समय लगता है 😞,Refund & Payment Issues,0.6274967856744476
d63d94a9-86e7-4d21-972f-d2c81497765a,Amazon India,muze cash on delivery Nahi mil Radhi hai,Fake/Counterfeit Product,0.7836348741207071
06e9c2c8-d5f1-4e44-af2e-ee2392a1607a,Amazon India,good and enjoy,App Crash / UX Bug,0.6623363502527353
ab297cb2-7316-4b52-9d6d-df718468a3d7,Amazon India,cash on delivery or time pr odr,Fake/Counterfeit Product,0.7783085633294153
3cb2460b-343b-4d8a-b663-4a4ff5801aea,Amazon India,tumhara yah system hata do automatic vahan per Chrome per jakar Le Jara download karne,Fake/Counterfeit Product,0.8286897375921309
5140b5e9-6c55-47b6-8ea9-ec5e0d7ec690,Amazon India,bahot kharab hai time pe ni pahochta hai,Positive Experience,0.5956152318801295
c7b12f61-73d2-4d03-8fad-33ba505e342b,Amazon India,ye app kabi dhoka nahi diya♥️♥️💙💙,Fake/Counterfeit Product,0.9306375010449676
bb5272bd-3df8-4e2e-99f1-e7c953cc3a66,Amazon India,upi me Bank nahi jud raha hai bakwas ho gaya hai,Positive Experience,0.8682429209375193
e093d111-5307-453c-81bd-24d6e3bd137e,Amazon India,केशबेक के नाम पर बहुत महंगा समान बेच रहे आम आदमी को लुटा जा रहा हे।,Size/Quality Mismatch,0.6876643986281883
cd9b28e3-014a-4936-8d9e-3f2b199f57ba,Amazon India,thik hai upi bhi hai,Positive Experience,0.8266828245198565
8561bc8d-e01c-4666-a287-85437ec0e6fe,Amazon India,भारतीय जनता सावधान अमेजॉन ऐप पर खरीद एक फ्रॉड से सामना करना है 4करोड लोगों की टिप्पणी देखें सबसे अनमोल बातें हैं जो करोड़ों सामान्य भारतीय साझी है इसके फ्राॅड का गरीब हो या साधु एक साधक का श्राप लगेगा 6मास से कम समय में जो भी लोग मेरे फ्राॅड में सामील है वह परी।।वा।। साथ ऐसा होने वाला है देखें,Size/Quality Mismatch,0.7166585224721146
f6c5783c-f872-4b59-895e-ab5fa9a42f6c,Amazon India,paymant pag par phonchne ke bad cashback nhi dikha rha. cuppen cashback nhi mil rha boi gat mir 30 up to 120 cashback nhi aa rha,Fake/Counterfeit Product,0.8094258978818238
6f746b32-7ae2-4906-84f2-883a6a997f2e,Amazon India,yaha kaise ka app,Fake/Counterfeit Product,0.796033284563643
6745098b-c280-4cdd-9a6a-cd073307451e,Amazon India,यह aap बहुत ही खराब है इसने मेरा ऑडर कैंसिल करके मुझे मेरे पैसे वापस नहीं किए हैं,Delivery Failure,0.6663812094353986
1fdca681-096d-4a45-864e-991c05079220,Amazon India,pran yadav jmp,Positive Experience,0.8197897841684189
65451feb-f7f0-435b-aaf0-dffa305c7a6b,Amazon India,kisano ke liye bhut acha app he,Fake/Counterfeit Product,0.954414824937978
e8a7dee1-62a5-4219-aa82-8b1230905a56,Amazon India,yah badyaho,Positive Experience,0.7832596415990689
fe2925d3-d3b5-46ee-9303-a6672b43bb8c,Amazon India,अमेजॉन बहुत अच्छा ऐप है और हमें खरीदारी करते हुएअच्छा लगता है,Size/Quality Mismatch,0.9083064490984982
83d8cd0f-6beb-46e4-963a-5ef48d098a98,Amazon India,सब कुछ बहुत अच्छा है,Delivery Failure,0.9296767994977684
3a2cde6f-9864-4af4-a290-957ce3b16d81,Amazon India,hamare pass ek scratch card Mila hai cashback ₹10 kab milega,Positive Experience,0.590682284760535
04b7acff-1766-4652-a46d-348f4bd39d4e,Amazon India,please thank you,Positive Experience,0.2785524718815515
7368a0db-3250-4509-9a5a-019e5fa5267b,Amazon India,best chijen achcha acche offer dete Hain aur acche discount hai sab download karoon isse good luck,Fake/Counterfeit Product,0.8519439987716224
0f2d0b56-6975-46f2-a1e7-53d7ebd47b79,Amazon India,it is the best,Size/Quality Mismatch,0.40966891007585565
d4cf49c1-beec-45ac-a4b5-e5af21442a0a,Amazon India,itna bhi achha nahi he,Positive Experience,0.795025841578447
09897a5d-fcb4-4cea-b0cc-3658bb5469c5,Amazon India,Best soping App,Size/Quality Mismatch,0.899628276708904
23c68cf3-86d8-4293-8b2f-365ffbf6eb05,Amazon India,बहुत सुन्दर है ऐप्स है,Size/Quality Mismatch,0.7890297728554645
f148cc62-eae6-4e69-9365-b953a1a5d621,Amazon India,humne 5 bar loan liya sabhi me De diye ab Na hi deta h bed h,Positive Experience,0.7902395997568271
4c92102a-6150-44ac-8bc9-863a6ee33d7c,Amazon India,तंत्र तमंचे,Positive Experience,0.8600881438226576
c0259f1d-111f-43b9-8d05-346fc7160c74,Amazon India,vrey avrage,Positive Experience,0.8711798456749769
12ccd54d-773e-4718-8c8f-6dcc5558aa09,Amazon India,WORK TO ACCHAA KAR RAHA HAI FIR BHI BAHUT BAHUT BHATIYA HAI 👋😀,Positive Experience,0.6983347545073427
182abc1e-133f-4480-a671-abbf62eb73d1,Amazon India,पारदर्शी पैकिंग जो मजबूत ओर सुरक्षित रहें जिसमें उपयोगकर्ता हितों पर आधारित गोपनीयता सेवाएं ओर व्यवस्थाएं बानी रहे।,Size/Quality Mismatch,0.6478922144122475
ff3b7a7d-8f87-44df-82b5-af0d6d648716,Amazon India,"mere 30 bakya hai,is balance ko cod me kare",Positive Experience,0.6696091873130583
ec68f482-0e77-49e5-b552-5aa548a5c3f3,Amazon India,good aap but price rate very high,App Crash / UX Bug,0.5020837327719967
ce81630f-def3-45ba-8e84-816482b805b1,Amazon India,this is very good and nice application,Size/Quality Mismatch,0.8764561677687748
bf7b6043-f6e8-42c2-a775-aca08ce012dc,Amazon India,Amazon marketplace,Refund & Payment Issues,0.3846785743646726
14d47140-c3db-4b23-8daa-a0c45d275037,Amazon India,यह ऐप इंस्टॉल नहीं हो रहा है,Size/Quality Mismatch,0.8956812956208837
0c2f2bc1-e1d9-4933-83bd-b9ddd481a795,Amazon India,अच्छी छुट है,Delivery Failure,0.9257266290125052
ad67e6c6-2265-420c-aa45-28c8eea39409,Amazon India,achha Hai leckin delivery me Jada time lagta Hai 😔,Positive Experience,0.6168315617911793
6686bf4b-d725-440f-87e8-0412c4a9ce1b,Amazon India,इसका भीजरूरी है,Positive Experience,0.87146002442837
8c5436f6-ffe9-4593-af9a-29175ed1c758,Amazon India,yah download nahi hoeraha t,Fake/Counterfeit Product,0.8630346623015182
1919b410-46d3-4e95-8262-7ffa8042b4a8,Amazon India,अमेजॉन एक ऐसी ऐप है जो अपने कस्टमर को थोड़ा भी ध्यान नहीं रखती जब मैं इससे कोई चीज मांगी और वह खराब आई तो इसमें मुझे भुगतान देने की जगह सिर्फ दिलासा दिया की कार्यवाही होगी परंतु उसे पर कोई भी अमल नहीं किया गया,Size/Quality Mismatch,0.8466715390627675
9bc06ee0-5a32-4c50-9bdc-5ecad30835da,Amazon India,बैकार अमाजोन अप कैस ओन डिलीवरी नहीं है ना पता जुडता है,Positive Experience,0.45989351554078645
79bb11b7-a937-4fad-8928-9b7b5ce751f5,Amazon India,बहुत अच्छा ऐप है,Size/Quality Mismatch,0.9220747832613727
2224c5be-37db-4b9a-aaf1-165813c962b8,Amazon India,time to time dilivry,Fake/Counterfeit Product,0.4465114314884147
c8db868f-3133-4edb-a0a7-a0040047d0e4,Amazon India,बेकार है फ्लिपकार्ट की बराबरी नहीं कर सकता फ्लिपकार्ट एक चीज में पीछे है क्यों भारत में सेल करता है और यह हरजगह पर फ्लिपकार्ट भी ऐसा करेगा तो नंबर वन पर इससे भी ज्यादा आएगा,Size/Quality Mismatch,0.7755475632156761
406ad0e8-dbca-41ae-8cf2-7841376cb05a,Amazon India,bhut babhya,Positive Experience,0.8341032350340857
f2069fc5-cc86-4c6c-81ad-927f0fcbb305,Amazon India,यह बहुत ही अच्छा ✅👍👍,Delivery Failure,0.9566031385705699
c362fc58-977a-4008-beff-49632fc8f830,Amazon India,बहुत अच्छा लगा है,Delivery Failure,0.7037141326235333
6d1d7210-f0d2-4c1f-ba32-b265551035e8,Amazon India,good very good very very very happy,Delivery Failure,0.9501865388024354
1f409b80-b60b-4e57-86ab-24d04c6a071f,Amazon India,cash on delivery nhi leta aisa kyu mujhe bataye 😠😠😠😠,Fake/Counterfeit Product,0.7155396705514565
265b71fc-0b0f-49b9-8a3c-dca7454345c2,Amazon India,this one is best app,Size/Quality Mismatch,0.948268686451979
6424b7d9-c753-4944-b44e-9a8f9cfddb90,Amazon India,बहुत खराब ऐप है भाई,Size/Quality Mismatch,0.8387622812266333
986a08e9-4c30-4480-8242-718f1c90ff87,Amazon India,bahut hi san dar,Positive Experience,0.8993833137996381
42e5d879-813a-4282-963b-865d35c6f7c7,Amazon India,this is very good platform for sale. This app provide free delivery,Size/Quality Mismatch,0.9214522711710886
6156306a-f8e3-4833-8b5a-99553724f7c9,Amazon India,वेरी वेरी गुड,Positive Experience,0.7349023706962386
4347d6a7-0567-4aa6-b6b1-b06b9f024487,Amazon India,इंडिया का सबसे अच्छा ऑनलाइन शॉपिंग ऐप हैं,Size/Quality Mismatch,0.7864979861821431
609a35aa-f66e-4b2e-8df5-165c6d2faed6,Amazon India,amazon घटिया हे ये ग्राहकों के साथ ठगी करता है,Positive Experience,0.4006413350011697
441d051c-ca2f-4fac-a394-90703ee82a99,Amazon India,ओल्डर मेरे को प्राप्त नहीं हुआ ओल्डर हिस्ट्री में बता रहा है ओल्डर प्राप्त हो गया अब फ्रॉड कर रहा है amazon,Size/Quality Mismatch,0.5221726252554993
3a5172a2-96f3-4539-aa07-1a2eca435401,Amazon India,amazon is vary good app,Size/Quality Mismatch,0.8950065125976193
0bbeadf2-f4fa-4496-a135-bf6c2a3b06c6,Amazon India,बहुत हीसुंदर,Delivery Failure,0.8287357817500054
15b79822-28e3-4eec-8dea-3250070b50e7,Amazon India,my best shopping app,Size/Quality Mismatch,0.9255313475087015
efe9ee7e-f4ae-4596-9fb9-eb9d48f78421,Amazon India,worst shoping app i ordered two time but not delivered and cancelled,Refund & Payment Issues,0.5492435147218138
2023528e-c64c-455a-8923-b51c60638028,Amazon India,"amzon से भी मत खरीदे, 2000 रुपए की खरीददारी करेंगे और आपको 200 रुपए वाला सामान देंगे तथा बाद में replace भी नहीं करेंगे। इन सबमे नुकसान केवल आपका ही होगा। प्रत्येक खरीददारी में आपसे 5 रुपए अलग से लूटना तो शुरू ही कर दिया गया है।",Size/Quality Mismatch,0.49313019647453765
89d172af-0c15-496c-8a2c-3808de7c25e6,Amazon India,wow nice CES on delivery app,Size/Quality Mismatch,0.8266265455499392
b73e4d22-cdbe-4e1b-9bbd-2e8ad0f0ec1d,Amazon India,good app for shopping,Size/Quality Mismatch,0.957713184584607
b2d2500a-f353-4f73-8b13-cf24c3615c6c,Amazon India,very good best product thank Amazon aap,App Crash / UX Bug,0.8703812963807888
a9b1a65f-99c8-4c44-b6b5-4fa40b58f782,Amazon India,bhai yah sabse tagada app hai Ishq takkar mein koi nahin hai,Fake/Counterfeit Product,0.9511732169208328
a09578d9-6b1d-4b08-87e2-d2944619a56d,Amazon India,bad app and bad customer service support very bad scammer app,Size/Quality Mismatch,0.7091117167300084
2e872c66-c036-4fa5-b399-4223f72f3dc6,Amazon India,all the best Amazon online shopping app,Size/Quality Mismatch,0.7421524772867747
18abd8e4-bd2d-4792-926e-19cca51d22bc,Amazon India,फास्ट डिलीवरी,Refund & Payment Issues,0.4931992841846039
418211a5-a985-457b-ab98-5de227505b00,Amazon India,please niras mat karna,Positive Experience,0.30888239508417226
95062ed8-0bf1-41dd-8756-4f5606e80bd4,Amazon India,very bad app never refund your money saaman v galat aaega ya kvi aaega hi ni or bolenge ki apko mil chuka h or rupee refund v ni karenge customer service support or v Ganda h bol dete h sorry apki koi help ni kr skte,Fake/Counterfeit Product,0.8251625444118542
367cf65d-0efb-4d2b-8817-a5cb8c48fd9f,Amazon India,बहुत अच्छा लगा खरीदने से,App Crash / UX Bug,0.7220706273060225
a386b107-9e9c-4c5a-bd2b-58eac10e134a,Amazon India,bhut bekar pehle hi payment na karen wrna na hi product milega na Paisa refund hoga bhut gatiya or bekaar app . fraud and scam app,Fake/Counterfeit Product,0.7286593638870205
398fa4a6-a6ee-435e-8a81-b139ed30cde5,Amazon India,इनका स्टॉप सही तरीके से बात नहीं करताहै,Positive Experience,0.6045748354108886
65e9608b-5cde-45cd-9a58-ddc6ba9c4339,Amazon India,bahut achcha hai Sabse achcha hai bahut achcha hai yah app bahut achcha hai yah bahut mast Hai per iski kya tarif Karun bahut achcha app Hai iske bare mein kuch bhi bolo yah bahut achcha app hai bahut achcha app hai bahut achcha app hai main iske bare mein kya kya karun aapko yah to bahut hi achcha hai iske bare mein tumhen jitna kahoon jitna kahoon jitna kahoon vah bhi kam hai dimag mein nahin a Raha Kitna kahoon sehat ke bare mein yah app itna achha hai ki main kahoon jitna hi Kam Hai ise app,Fake/Counterfeit Product,0.9393320645543037
ca3efd1c-02fe-4415-a7db-30ed5e6e6aef,Amazon India,अच्छे उत्पाद और अच्छी छूट मिल जाते हैं। कोई कमी रहने पर आराम से वापस भी कर लेते हैं। बहुत सुविधाजनक और अच्छा है।,App Crash / UX Bug,0.6891496001912029
f9de3236-cf8a-4c0d-9635-3875e9c4a87f,Amazon India,अमेजॉन सबसे बेकार ऐप्स है जिससे कोई खरीदी नहीं करना प्रोडक्ट वापस नहीं किया जा रहा है मैंने तीन बार अप्लाई कर दिया वापस के लिए पर कोई मेरा प्रोडक्ट पूरा डिबेट निकला है चेंज भी नहीं किया और वापस भी नहीं किया सबसे बेकार एप्लीकेशन है,Size/Quality Mismatch,0.7841904337236479
5d270c1a-fb64-41d2-bc71-fdf29fab1d8d,Amazon India,फ्लिपकार्ट से अच्छा ऐप है,Size/Quality Mismatch,0.9377689073071268
6c4168a6-c74d-4806-a8c1-c5120e1447aa,Amazon India,Not Good...,Delivery Failure,0.8334819449792589
f31553c3-0b63-455b-9d9b-b63e7a0b0320,Amazon India,ठीक ठाक है,Positive Experience,0.7349023706962386
ee1f658a-d4ae-434b-8036-d57b90d0915b,Amazon India,मैंने चार स्टार इसलिए दिए हैं क्योंकि प्रोडक्ट को डिलीवर करने में बहुत ज्यादा टाइम लेकिन यह बहुत ज्यादा अच्छा,Delivery Failure,0.8854401232521697
10ca2d86-7070-4691-ba8a-4f008253862e,Amazon India,बहुत बडिया,Delivery Failure,0.9066752355318274
2e8bb033-1697-4fd3-8fe8-7e6f1c37caec,Amazon India,किस पगले ने ये ॲप बनाई है जो इनस्टॉल करेने पर वेरीफाय करेने की प्रक्रिया को इतना जटील बना दिया जो समय बर्बाद करने वाला है,Size/Quality Mismatch,0.4184439752036354
55393bba-afd6-4354-a072-09a16f529fc1,Amazon India,बराबर खरीददारी करने वाले ग्राहकों से भी एक्स्ट्रा चार्ज लिया जाता है,Positive Experience,0.5800701822940969
eaa86ce7-bb29-4756-8039-cd58aae392a4,Amazon India,डिलीवरी बॉय और कस्टमर केयर में मूर्ख लोग हैं। डिलीवरी बॉय पार्सल में से सामान की चोरी करते और कुछ भी भर कर नकली लेबल लगाकर डिलीवरी देते है। ऐसा मेरे साथ कई बार हो चुका है।,Size/Quality Mismatch,0.6864186655344771
83e00898-a0ad-48a0-b85e-88bc8264619d,Amazon India,"सबसे बेकार टीम दो मिनट पहले डिलीवरी वाले का फोन आता है और चार मिनट बाद वहां पहुंच कर बार बार फोन करने पर फोन बीजी ही बताया जाता है, 🤣 फिर जब कस्टमर वहां से वापस निराश होकर लौट कर आता है तब आर्डर कैंसिल करने का फोन आता है। 😂 वैसे मैं हर चीज फ्लिपकार्ट से ही मंगवाता हूं। सोचा था इस बार अमेजन से मंगवाकर देखते हैं, तो पहले आर्डर से ही पता चल गया की सबसे बेकार टीम है अमेजन की। आर्डर डिलीवरी की बजाय आर्डर कैंसिल करने का अॉटीपी मांगा जाता है 🤣 खैर मैंने ओटीपी नहीं दिया और किसी को देता भी नहीं हुं।",Size/Quality Mismatch,0.6305778018322933
17cf8181-1473-4233-b54d-0b3d9fb8a9cf,Amazon India,"amzon pay ka koi use mat karna meni 2 baar mobile richarg kiya wo bhi panding me chala gaya ab Aaj ki duniya me Bina koi internet ke bina kon re saktha he is liya 2,3 rupaye ke cashback ke chakar me ap 4 se 5 din tak intejar kar sake he baki apki rahe I'm very bad",Fake/Counterfeit Product,0.904272378292941
ed654e9b-8ed9-483f-b7e9-956229898fc3,Amazon India,Bhut hi achha,Positive Experience,0.8727063421405277
792c1019-49f6-44c8-9dbf-367d8df3b7ab,Amazon India,amzone pay sa koe be item oder he nai ho raa,Positive Experience,0.705497507089986
8fa8b726-94af-4364-889e-40665452328d,Amazon India,hello sir good,Delivery Failure,0.8433135006405681
b981359b-6152-404b-9247-1b9815f1a302,Amazon India,ek to mere ko galat product prapt hua jab return kiya product vikreta ko wapis mil gaya lekin mere ko mera rupay wapas nahi kiya please mera rupay wapas kaein turant jo mene account number diya hai wo ekdam sahi hai amazon rupay wapis karne me koi support nahi kar raha please mera please mere 950 rupay turant wapis kare mein bahut tansion mein hoon,Fake/Counterfeit Product,0.8890909408923268
94f04780-2941-44e0-91e3-7c6fc3a510b5,Amazon India,yaha se koi saman nahi mangvana bhot karab culti ka saman y dete pessa vi pura do or chij vi achi nahi dete,Fake/Counterfeit Product,0.8637087398081954
611b8936-b4e2-43a7-9a65-8e6be3626b64,Amazon India,"हर आइटम महंगा।हमेशा फ्लिपकार्ट से महंगा सामान भेजता है अमेजॉन ,महिलाओं के लिए 9 नंबर का जूता नहीं मिलता है जब भी जब भी देखा स्टॉक खत्म दिखता है",Size/Quality Mismatch,0.3691328253871323
cc6cc88e-6b05-4704-9c9a-b4518ab35c32,Amazon India,ha bhaya aap badiya hai,Positive Experience,0.9171368177006339
42aece15-8b03-406b-a27d-48f15e4013dc,Amazon India,ये ऐमाजोन ऐप में बहुत लुटाईं करता है सही क्वालिटी बेहतर गुणवत्ता नहीं है,Size/Quality Mismatch,0.8649349506452602
1dd5c92a-01dc-4c50-a008-67e83e64b62f,Amazon India,ये बहुत खराब ऐप्स हैं बहुत फ्रेड करता है पैसा लेके समान खराब देता है और वापस करने पे पैसा भी नहीं देता है डाउनलोड ना करे,Size/Quality Mismatch,0.8089722760717202
7d0d74b7-835d-4722-bcf2-4fb9abaa13a4,Amazon India,acha aap hai,Positive Experience,0.9228141576554373
90a4dd17-cfa5-4492-bfa5-b1f81f36e871,Amazon India,Jay shree Krishna 🦚,Positive Experience,0.7349023706962386
09f365cd-3341-459a-9624-1876a79fb779,Amazon India,मुझे खराब प्रोडक्ट मिला है नही वो एक्सचेंज किया नही रिटर्न मैंने हेल्पलाइन से भी बात की सभी ने 15 गुमराह किया फिर बोला आपका पिकअप नहीं हो सकता है और मेरे पास पिकअप के लिए कोई काल नहीं आया,Size/Quality Mismatch,0.33968004324444045
9d5ee979-b25c-4a86-9526-78d567b1ba1f,Amazon India,Cash on delivery option on kro mera,Fake/Counterfeit Product,0.41160157057073876
594d5aea-ae9a-476a-aa97-548ca28b2d08,Amazon India,Amazon India ki sabse bariya company hai.,Fake/Counterfeit Product,0.5850261953236644
37c1e4cf-9c27-4d8d-af23-c7c91a58911d,Amazon India,nice wonderful app,Size/Quality Mismatch,0.8412640826873716
608b6ce6-7f13-4e44-bdc2-ba6e1bffbeee,Amazon India,isme dilevery charge jyada hai,Positive Experience,0.5220506587287634
d5b6bd51-f9e5-47b1-a875-dcbd66649a73,Amazon India,bhoot aasha,Positive Experience,0.8834838913173929
d9c39613-d461-4330-b0fa-187083ea8065,Amazon India,341520 mai cod hi availed nhi hai,Positive Experience,0.8296315793348329
d745ff12-c4f1-46a8-9a76-dd055f57a06c,Amazon India,The astrologer's suggestion for a specific meditation technique has significantly improved my focus and concentration. Life-changing advice.,Size/Quality Mismatch,0.42607868158935264
2b2fea36-a608-4661-beec-6383851d2ec5,Amazon India,amezon app better than flipkart 🎈❤️❤️❤️,Size/Quality Mismatch,0.8746142153388504
4f930337-21dc-4fc8-a580-1fd992190816,Amazon India,यह चुटिया बना जा रहा है,Delivery Failure,0.5139170556543698
06f45bd3-8943-49d9-8c14-9ff75dc1fc83,Amazon India,"सबसे बेकार सर्विस है, मेरा 3 आर्डर था घर तक पहुंचा ही नही है। और एक भी रुपया वापसी नही दिया। फोन पे से पैसा दिया था पहले ही। आर्डर करके पछता रहा हूं। वही एड्रेस पर मिशो और फ्लिपकार्ट से मेरा आर्डर घर तक बराबर पहुंचा है। एमाझोन पर इस लिए आर्डर कीया था की वह मटेरियल मिशो और फ्लिपकार्ट पर नही मील रहा था। नगद पे कीया था।आर्डर नजदीकी हब पहुंचने के बाद वापसी हो गया । तो कम-से-कम मेरा पैसा तो वापसी करता। अच्छा सर्विस नही है आपका। बेकार है,चोर कंपणी है। इसे कोई भी डाउनलोड ना करे।",Size/Quality Mismatch,0.7190730963900246
10d155ef-ccd2-4c59-a27e-91722b3ca256,Amazon India,bahot hi ghatia app hai mera order yek to deri se aaya or mera order cancel kar diya diya is app ki sarvice bhi bekar hai or dilevery boy bhi jayse ki khud ko malik samajhte hai Amazon compani ki turant order cancel kar dete hai bekar sarvice dete hai ghatiya vyavhar rahega to aapke Amazon pe koi saman order nahi karega Mera time West kiya order ka intzaar karne me or upar se aap ke delevery boy ne cancel kar diya isi liye mai aapke app ko unstall kar raha hun,Fake/Counterfeit Product,0.9698772870642955
fd7781aa-1e3c-483a-956c-648a04b23b7e,Amazon India,usefull app for a shoping,Size/Quality Mismatch,0.9458978968875673
87293602-3753-4206-af64-7d90060460b6,Amazon India,bhahut acha,Positive Experience,0.8946172682077167
ef466847-430a-4997-a9c0-df781c8a7fe0,Amazon India,बुरा अनुभव,Positive Experience,0.6962774996254316
e0d627ad-58e8-4cca-a8fa-7d5ed7363281,Amazon India,ये एप्प सबसे घटिया है ये दो अलग अलग जगह गुरुग्राम ओर सूरत एकाउंट को एक साथ मर्ज कर दे रहा है आर्डर गुरूग्राम से हो रहा है ओर ओटीपी सूरत आ रहा है इसको कोई भी डाउनलोड मत करो बकवास एप्प है चीजें का रेट भी मार्केट रेट से बहुत ज्यादा है,Size/Quality Mismatch,0.8796776922978525
49c64941-9770-4174-a497-044c49c8ec6e,Amazon India,यह एक बढ़िया एप्प है। मैंने इस एप्प के द्वारा बहुत सारी वस्तुएं खरीदी हैं। लेकिन इस एप्प की सबसे बड़ी समस्या यह है कि यह पे आन डिलेवरी का विकल्प बहुत सी ऐसी वस्तुओं पर नहीं रखता है जिसे मैं खरीदना चाहता हूं। इसलिए उन चीजों को खरीदने में बड़ी परेशानी होती है। फिर भी यह एप्प फिलिप कार्ट से लाख गुना अच्छा है।,Size/Quality Mismatch,0.824872119536429
8948aa08-f995-46f4-a024-66eaf16be1d1,Amazon India,मेरा केस ओं डिलीवरी उपलब्ध रहेगी तो बहुत अच्छा है,Delivery Failure,0.5810395327771573
e873da6d-b2cb-4dac-83a0-30e3da232817,Amazon India,अमेजॉन पर मेरे 10000 रुपए अटक गए हैं डिजिटल गोल्ड में अमेजॉन कोई सहायता नहीं कर पा रहा है,Size/Quality Mismatch,0.6234298565846267
5852df7f-3aef-43f0-addb-6390adc4d3fc,Amazon India,अच्छा है एप,Size/Quality Mismatch,0.922044399034875
22206852-a0d1-4b3b-b112-aa7b29255f5b,Amazon India,अमेजॉन खराब है ये मुला बना दे रहा है सबको ध्यान देना इससे घटिया तो प्लेटफार्म मैंने देखा ही नहीं,Delivery Failure,0.316969893615971
d93b7aef-8253-469b-ac8e-49406ca24041,Amazon India,meri id block ker di be faltu me bkvas app,Size/Quality Mismatch,0.44560033820689526
d4cbce98-2203-407f-b397-9ed9e5ad95c2,Amazon India,sab se aacha hai,Positive Experience,0.5677666180349765
370fe629-9c5f-4d95-9f85-ad63d8cb0348,Amazon India,cash on delivery option is not working,Delivery Failure,0.271760734298693
bb82ea1d-5d39-45fe-90c7-ead15066318a,Amazon India,कुछ मांगा कुछ आ रहा है तो बहुत घटिया ऐप है ऐप डाउनलोड करने से पहले सौ बार सोचना,Size/Quality Mismatch,0.9446751948686337
05b87be7-7fd9-4fd5-ac5e-620a0100cdd9,Amazon India,ये कंपनी फ्रोड है जो सामान मंगाते है वो पहुंचाते ही नही है कॉल कर ने के बाद भी मना कर देते हैं,Size/Quality Mismatch,0.41262031779324293
1c4c3d63-5608-4fb4-a6c3-7f168fd0f93b,Amazon India,Amazon इंडिया s shopping इंडिया भारत में सबसेफेवरेट Amazon है मैं शॉपिंग कर सकते हो मजेदार सकते मस्त मोबाइल शॉपिंग सब कर सकते हो इसमें सब फीचर मिलते हैं शॉप हैंगिंग और सब मिलते हैं,Size/Quality Mismatch,0.5887064810743053
e3e90166-70ae-49f7-996f-3070e43a812b,Amazon India,प्रोडक्ट की डिलीवरी नहीं हो रही व किमत वापसी नहीं हो रही है प्लीज ध्यापन देना,Size/Quality Mismatch,0.42712385988558293
48a4fa4a-9e08-4798-9ac0-977b1e8bcf40,Amazon India,एकदम बढीया👍❤️,Delivery Failure,0.5108993623021464
6adbf1a5-092c-4e6a-8f31-70604914a0a8,Amazon India,आप सामान खरीदने उसकी रिटर्न भी नहीं मिलता है बहुत बेकारसर्विस है,App Crash / UX Bug,0.5622497803550488
4f16e13a-0026-43cf-9b39-e437112f4091,Amazon India,why is amazon force to install amazonpay shortcut,Refund & Payment Issues,0.36446989686574605
f71d75cd-cb10-457e-ab7b-1e9edb994096,Amazon India,yeh ap bahut achah hai,Positive Experience,0.9152503629248614
e4e20305-31a6-463b-87fe-4c2976e5f3fc,Amazon India,मेरा अनुभव है कि यहां अधिकतर सामान डुप्लीकेट मिलते हैं,Positive Experience,0.49245715872185125
00a9f100-79ce-471d-ba05-b9939d02103a,Amazon India,बुरा।हो।तू,Positive Experience,0.7349023706962386
1ef9f282-5f89-4c7a-86ed-3fb6255c7ac5,Amazon India,best of best quality 💯,App Crash / UX Bug,0.7618153072443853
743ad821-f04f-4a75-9ae2-ec44bdd5572d,Amazon India,Thisbis very nice ap for k -drwma and c-drama I love this aap sereasly 👌❤️❤️,Size/Quality Mismatch,0.43545530468266413
1b6e2fd9-0555-4a5a-b587-f8c4b9263ea5,Amazon India,refund nhi deta hai 😡,Positive Experience,0.8583101920658978
b346feb3-ddc4-4853-8617-48da59a1f8e1,Amazon India,jogaji sovanji soravada,Positive Experience,0.7349023706962386
68ec4c74-51d5-41b6-82eb-7520f8f9131d,Amazon India,इसमें उलझाड़ ज्यादा हैं आम आदमी के काम का ज्यादा नहीं हैं सब सावधान रहें ऑफर घुमा फिरा कर दिमाग खराब करने के लिए है कैश बेक का सीधा उपयोग नहीं कर सकते समझ से बाहर हे,Size/Quality Mismatch,0.4856048008691074
53a63ea6-fadd-4de7-9cef-84bff634db35,Amazon India,14 अक्टूबर25 को एक कैंची ऑर्डर पर मिला था जो एक दम इस्तेमाल किया और पुराना था । हम उसी समय इस कैंची को रिटर्न मार दिया लेकिन 22 अक्टूबर25 तक नही ही रिटर्न हुआ नही हमारा पैसा मिला अभी तक अमिज़ोन का कोई भी एजेंट हमारा समान नही रिसिब किया मेरा समाधान कीजिये।,Size/Quality Mismatch,0.6083671318656825
4f6352c0-a50a-4ea5-adab-7abb9d57e3f7,Amazon India,best app hai,Fake/Counterfeit Product,0.5015004831030611
5dac1199-4916-45ac-a729-eb15b0ac3f61,Amazon India,gatiya app he koi download mat karna kyo ki saamn ritarn karne ke baad kuch wapis nhi aane wala he,Fake/Counterfeit Product,0.9309055977080678
677f633b-4b63-42af-a5df-1479ca24b648,Amazon India,bhut Sundar,Positive Experience,0.9282963736321209
72cd4e0a-0b10-491c-b360-ef2e0526484e,Amazon India,Appn sab kuch he HK bhai ne bhuta kuch magy he,Fake/Counterfeit Product,0.6229971528790224
4504594b-0a0e-4d5a-8e64-97abaf2c5d9b,Amazon India,goo good app,Size/Quality Mismatch,0.9665270837527341
76cd3f37-f182-438b-bd0d-0620b80d5931,Amazon India,bahut acha hai shandaar ka hai shandaar ka matalab hindi me janiye Debo kintu thik hai 9,Fake/Counterfeit Product,0.7506812978257099
8b37e4c0-e00c-4cb7-b201-905d406e81a5,Amazon India,bahut bekar hai,Positive Experience,0.8112827179262638
89b158ac-2cd3-4812-8349-8f4911709be6,Amazon India,this is very good and good app,Size/Quality Mismatch,0.8363566522150533
2a0be667-87d0-4e0c-8fbe-1056a48166f2,Amazon India,वेरी नाइस अप Gud,Positive Experience,0.8653619074309539
be99d9f1-11e9-48eb-8100-eadd3d35e1b8,Amazon India,Amazon best app hai,Fake/Counterfeit Product,0.5112145609770243
a7dc88f4-53b0-4112-9f34-5eaf7f7f5c4c,Amazon India,aap aapne hisaab se khekh lo,Positive Experience,0.8549339364467409
7234d057-3f8d-49d9-abb3-0a9e8bf455c4,Amazon India,इसमें मुझे चाहिए होता है जो कैश ऑन डिलीवरी नहीं मिलता है,Positive Experience,0.44685368637957545
ca1fa06f-1670-496a-9b4e-c9d903e374a8,Amazon India,bahut mahga saman he,Positive Experience,0.8737834678426866
539b13e9-bbdf-42a6-96b0-da00ee3befdd,Amazon India,bhi brand aap h,Positive Experience,0.8557121445932634
81225f1f-98ce-4155-9265-d9568d825c0a,Amazon India,यह एक सबसे बड़ा फ्रॉड कंपनी है इसलिए की 5 बार हमारे साथ हैं फ्रॉड हुआ है ऑर्डर मिलने नहीं है और हमें सक्सेसफुल ऑर्डर शो कर रहा है कस्टमर केयर को कॉल करने पर कॉल डिस्कनेक्ट कर देता है बाय मिस्टेक कभी बात होती है तो वह बोलते हैं आपकी प्रॉब्लम सॉल्व हो गई है लेकिन होता नहींहै सबसे बड़ा फ्रॉड बकवास चुटिया कंपनी है,Size/Quality Mismatch,0.7959051670386119
bfe72ad2-eaed-4c58-8407-bb28cded403f,Amazon India,jjrkkensknr rjeiiw t f d jwiby fnwintokwb jwijwiirt tjkwoyofowjy bfiie Bhai bn NJN nice n nice nn b hi nahi bhen n bn skta h na beja b bn owkc k V ke V me know when not watching you have to go my way back in town for a while back in a while while back but he is not well at all he is not in town so that the day and night he is not in the day of the day of the month end ka matalab hindi me janiye de la man de la man de la man de la man de la man de la man de,Fake/Counterfeit Product,0.37745282015276793
6604abf9-6c4d-421a-ae11-ba304c15ec47,Amazon India,एक ओर्डर डीलीवरी नहीं कर सकते,Size/Quality Mismatch,0.5163864399048251
c31349d6-372d-4344-8d77-7856e95e428b,Amazon India,यह ऐप बहुत ही अच्छा है,Size/Quality Mismatch,0.8017536616021553
e2e32dbe-adff-4f53-b325-569b22475fd4,Amazon India,मैं इस एप को डिलीट करता हूं क्योंकि यह समय पर कोई भी काम नहीं करता है,Size/Quality Mismatch,0.8159774265607413
5a89b6ee-30a7-4a93-a8da-d1c549124d0a,Amazon India,क्या यहां सस्ता मिलता है हां या नहीं कमेंटकरो,Positive Experience,0.6982385546501885
7cf0dce7-2922-47a0-8b42-6b0530edd05e,Amazon India,good morning sir,Delivery Failure,0.8865554711426136
769ba122-9915-4a54-a69b-035258a99667,Amazon India,ठीक है सर ओके करें मुझे जल्दी जल्दी चाहिए था,Positive Experience,0.5588426275199213
d100f768-1952-45bf-97b9-c07a3a1597a6,Amazon India,इस एप्लीकेशन कॅल्शियम डिलिव्हरी का ना होने के कारण बहुत से दुखत आ रही है,Size/Quality Mismatch,0.8724248259489414
eaaaab44-824c-45ba-b345-7fcd97dc2551,Amazon India,aapke product kitne late aate hai,Positive Experience,0.5603569697321523
b2b2d8f9-7f97-4e7b-94c0-076f355a8f40,Amazon India,best'shoping site 2025,Size/Quality Mismatch,0.4748734310369368
351c7314-bef0-49a6-9fb6-92c98fed3372,Amazon India,Anwar Hussain jaipur rajasthan,Positive Experience,0.8834838149047968
176b6ed3-cff6-4b2a-b334-24d810265481,Amazon India,cash on delivery hai per delivery se pehle hi paise maang raha hai,Fake/Counterfeit Product,0.7411437169754094
16ae736a-fd41-4fe7-b3ab-1b8be407f7d2,Amazon India,जय 🥰 जोहार 🥳 जय 🤑 आदिवासी ये ऐप डाउनलोड करें बढ़िया जानकारी देते हुए,Size/Quality Mismatch,0.5242475160910838
bbb00048-1563-4309-95ef-b06056eb5f72,Amazon India,very n1ce Ji 👍,Positive Experience,0.762709239430424
1e68b030-6b6a-4a22-883a-89fb41a3a84a,Amazon India,sabse mahanga Saman milta Hai is app mein,Fake/Counterfeit Product,0.7917290417215127
48bc3076-2c3c-4917-aced-e4b53278bbf9,Amazon India,buy a Mustafa 🥰🥰🥰🥰🥰♥️❤️,Positive Experience,0.689704216800291
21f29075-6109-4dad-89d8-6612defebc10,Amazon India,"गलत आईटम भेज देते है वापिस नही लिए जाते प्रेमेन्ट रिफंड करने के लिए ऐकांउट जोडने के लिए बोलते है फीर भी प्रेमेन्ट वापिस नही करते जैसे ओनलाईन प्रेमेन्ट की समझ नही होती वही लोग डीलवरी पर भुगतान चुश करते है ईनको गलत आईटम भेजी है औरजनल आईटम भेज ना चाहिए वो नही करते ऐकांउट का ऐक्सेस लेने की ही बात करते है ,,,,,फ्रोड लोग है",Positive Experience,0.55645879230748
a789dc45-c8ed-4570-9c2e-62ee38b7a4fe,Amazon India,हमद मद ये पागल है पागल है पागल है पागल है पागल हैपागल पागल है पागल है पागल है पल पल पल पल त है और वह अपने आप ही बताओ नोटिस जारी किया था और वो मुझे बहुत मज़ा आया और उसने मुझे कहा आज तो तुम क्या जानो कि इस मामले में पुलिस और प्रशासनिक अधिकारियों ने बताया हम लोग भी हैं तो यह भी है कि यह एक बहुत बड़ा है और न कोई नया नहीं है कि वह अपने आप को रोक दिया और उसके साथ एक ही बात कहता हूं अगर मैं इसे इसी प्रकार यदि कोई हो जो भी है और वह अपने घर से भी अधिक है कि इस मामले को गंभीरता को समझते हैं कि इस समय मैं,Size/Quality Mismatch,0.7591832289760846
ff21606d-5f5f-4d08-a429-318596dfdb2a,Amazon India,यूज करने के बाद बताएंगे।।।,Positive Experience,0.8745532806162153
3d0f5a08-727e-43e8-9438-52de4ddd728d,Amazon India,takla looyera,Positive Experience,0.8834838318814937
b8d648c3-5d9f-4401-86a1-632defdc315e,Amazon India,अमेजॉन पर मेरे तरफ से धन्यवाद,Delivery Failure,0.6721731829741431
0f072813-ec05-4c19-abde-099d010b9457,Amazon India,1- very late delivery 2- rong/defective/ no returnable/ missing product 3-low qwality/ high price 4- bad seller/ bad delivery partner please avoid this app ( very bad),Refund & Payment Issues,0.6423378470494067
429244bb-b4cc-4438-822f-c1b27e798bfe,Amazon India,Badiya app hai,Fake/Counterfeit Product,0.8253744274506122
053a0ed0-5c65-4a52-bebe-65fcde7758f7,Amazon India,मुझे बहुत पसंद है धन्यवाद अमेजॉन,Delivery Failure,0.8991787074052272
4b95580e-57e6-4bf2-a958-4347b8d0d605,Amazon India,nice aap hai,Delivery Failure,0.6583527863744871
